company,companyLabel,companyId,exchangeLabel,ticker,industries,marketCap,marketCapDate,revenue,revenueDate
http://www.wikidata.org/entity/Q117359471,Q117359471,Q117359471,Nasdaq,SPCB,,,,,
http://www.wikidata.org/entity/Q130318284,Q130318284,Q130318284,Nasdaq,SLM,,,,,
http://www.wikidata.org/entity/Q132852489,Q132852489,Q132852489,Nasdaq,WYHG,,,,,
http://www.wikidata.org/entity/Q137754661,Q137754661,Q137754661,Nasdaq,GSIT,,,,,
http://www.wikidata.org/entity/Q138611424,Q138611424,Q138611424,Nasdaq,VWAV,,,,,
http://www.wikidata.org/entity/Q4545752,1-800-Flowers,Q4545752,Nasdaq,FLWS,retail,,,,
http://www.wikidata.org/entity/Q56585268,10X Genomics,Q56585268,Nasdaq,TXG,biotechnology industry,,,,
http://www.wikidata.org/entity/Q5664727,180 Degree Capital,Q5664727,Nasdaq,TINY,,,,,
http://www.wikidata.org/entity/Q4596288,1st Constitution Bancorp,Q4596288,Nasdaq,FCCY,bank,,,,
http://www.wikidata.org/entity/Q4596612,1st Source,Q4596612,Nasdaq,,financial sector,,,,
http://www.wikidata.org/entity/Q25230554,21Vianet,Q25230554,Nasdaq,VNET,,,,,
http://www.wikidata.org/entity/Q5476713,21st Century Fox,Q5476713,Nasdaq,FOXA,journalism; news media; media industry,27000000000,2016-08-01T00:00:00Z,,
http://www.wikidata.org/entity/Q4633233,2U,Q4633233,Nasdaq,TWOU,,,,,
http://www.wikidata.org/entity/Q10846071,36Kr,Q10846071,Nasdaq,KRKR,,,,,
http://www.wikidata.org/entity/Q4636301,3D Systems,Q4636301,New York Stock Exchange,DDD,computer-aided design; 3D printing,1036000000,2019-01-01T00:00:00Z,629000000,2019-01-01T00:00:00Z
http://www.wikidata.org/entity/Q159433,3M,Q159433,New York Stock Exchange,MMM,mining industry; occupational safety; consumer goods industry,50101328208,2024-04-05T00:00:00Z,34229000000,2022-01-01T00:00:00Z
http://www.wikidata.org/entity/Q124433826,"4D Molecular Therapeutics, Inc.",Q124433826,Nasdaq,FDMT,,,,,
http://www.wikidata.org/entity/Q604775,4Kids Entertainment,Q604775,New York Stock Exchange,KDE,,,,3.31,2012-01-01T00:00:00Z
http://www.wikidata.org/entity/Q85876205,51job.com,Q85876205,Nasdaq,JOBS,,,,,
http://www.wikidata.org/entity/Q17499083,58.com,Q17499083,New York Stock Exchange,WUBA,,,,,
http://www.wikidata.org/entity/Q4643844,7 Days Inn,Q4643844,New York Stock Exchange,,hotel,,,,
http://www.wikidata.org/entity/Q4645515,8x8,Q4645515,New York Stock Exchange,EGHT,,,,,
http://www.wikidata.org/entity/Q4645515,8x8,Q4645515,Nasdaq,EGHT,,,,,
http://www.wikidata.org/entity/Q120997607,908 Devices Inc.,Q120997607,Nasdaq,MASS,,,,,
http://www.wikidata.org/entity/Q4646294,99 Cents Only Stores,Q4646294,New York Stock Exchange,NDN,discount store,,,,
http://www.wikidata.org/entity/Q4648219,A. O. Smith,Q4648219,New York Stock Exchange,AOS,"water collection, treatment and supply",,,,
http://www.wikidata.org/entity/Q4119347,A. T. Cross Company,Q4119347,Nasdaq,ATX,,,,,
http://www.wikidata.org/entity/Q16157155,A10 Networks,Q16157155,New York Stock Exchange,ATEN,computer network,,,,
http://www.wikidata.org/entity/Q286214,AAON,Q286214,Nasdaq,AAON,central heating,,,,
http://www.wikidata.org/entity/Q4649932,AAR Corp,Q4649932,New York Stock Exchange,AIR,aerospace industry,,,830000000,2013-01-01T00:00:00Z
http://www.wikidata.org/entity/Q52825,ABB Group,Q52825,New York Stock Exchange,ABB,electrical engineering; robotics,51603000000,2022-07-15T00:00:00Z,28945000000,2021-12-31T00:00:00Z
http://www.wikidata.org/entity/Q4650338,ABM Industries,Q4650338,New York Stock Exchange,ABM,facility management,,,,
http://www.wikidata.org/entity/Q30268745,AC Immune,Q30268745,Nasdaq,,,,,,
http://www.wikidata.org/entity/Q288129,ACCO Brands,Q288129,New York Stock Exchange,ACCO,industrial manufacturing,,,,
http://www.wikidata.org/entity/Q4650685,ACI Worldwide,Q4650685,Nasdaq,ACIW,,,,,
http://www.wikidata.org/entity/Q290680,ADT Inc.,Q290680,New York Stock Exchange,ADT,,,,,
http://www.wikidata.org/entity/Q2825507,AECOM,Q2825507,New York Stock Exchange,ACM,construction,,,2770000000,2018-01-01T00:00:00Z
http://www.wikidata.org/entity/Q291508,AES Corporation,Q291508,New York Stock Exchange,AES,electricity generation,,,,
http://www.wikidata.org/entity/Q795300,AFC Enterprises,Q795300,Nasdaq,PLKI,,,,,
http://www.wikidata.org/entity/Q292292,AGCO,Q292292,New York Stock Exchange,AGCO,industrial manufacturing,,,11138000000,2021-01-01T00:00:00Z
http://www.wikidata.org/entity/Q25796,AGL Resources,Q25796,New York Stock Exchange,GAS,natural gas,,,,
http://www.wikidata.org/entity/Q4652302,ALCO Stores,Q4652302,Nasdaq,,retail,,,,
http://www.wikidata.org/entity/Q16974741,AMAG Pharmaceuticals,Q16974741,Nasdaq,AMAG,pharmaceutical industry,,,,
http://www.wikidata.org/entity/Q4652575,AMC Global Media,Q4652575,Nasdaq,AMCX,independent film; specialty channel,,,,
http://www.wikidata.org/entity/Q294721,AMC Theatres,Q294721,New York Stock Exchange,AMC,entertainment,,,,
http://www.wikidata.org/entity/Q128896,AMD,Q128896,Nasdaq,AMD,computer industry; electrical industry; semiconductor industry,185240000000,2022-02-18T00:00:00Z,34639000000,2025-01-01T00:00:00Z
http://www.wikidata.org/entity/Q128896,AMD,Q128896,New York Stock Exchange,AMD,computer industry; electrical industry; semiconductor industry,185240000000,2022-02-18T00:00:00Z,34639000000,2025-01-01T00:00:00Z
http://www.wikidata.org/entity/Q113459125,AMTD Digital,Q113459125,New York Stock Exchange,HKD,fintech,,,,
http://www.wikidata.org/entity/Q4652899,ANADIGICS,Q4652899,Nasdaq,ANAD,,,,,
http://www.wikidata.org/entity/Q119991,APA Corporation,Q119991,New York Stock Exchange,APA,petroleum industry; gas industry,,,11938000000,2022-01-01T00:00:00Z
http://www.wikidata.org/entity/Q4653724,ARIAD Pharmaceuticals,Q4653724,Nasdaq,ARIA,pharmaceutical industry,,,,
http://www.wikidata.org/entity/Q297879,ASML Holding,Q297879,Nasdaq,ASML,semiconductor industry,,,28262900000,2024-01-01T00:00:00Z
http://www.wikidata.org/entity/Q112659289,AST SpaceMobile,Q112659289,Nasdaq,ASTS,space industry,,,,
http://www.wikidata.org/entity/Q35476,AT&T,Q35476,New York Stock Exchange,T,telecommunications; postal and telecommunications services,180020000000,2022-01-31T00:00:00Z,122336000000,2024-01-01T00:00:00Z
http://www.wikidata.org/entity/Q213849,ATI Technologies,Q213849,Nasdaq,ATYT,semiconductor industry; computer hardware industry,,,1996700000,2004-01-01T00:00:00Z
http://www.wikidata.org/entity/Q4654872,ATP Oil and Gas,Q4654872,Nasdaq,,petroleum industry,,,,
http://www.wikidata.org/entity/Q4654921,ATS Medical,Q4654921,Nasdaq,,health technology,,,,
http://www.wikidata.org/entity/Q300120,AUO Corporation,Q300120,New York Stock Exchange,AUO,electronics,,,,
http://www.wikidata.org/entity/Q2266483,AVG Technologies,Q2266483,New York Stock Exchange,AVG,software industry; computer security,,,,
http://www.wikidata.org/entity/Q4655072,AVX Corporation,Q4655072,New York Stock Exchange,,electronics,,,,
http://www.wikidata.org/entity/Q16836218,AXIS Capital,Q16836218,New York Stock Exchange,AXS,reinsurance; general insurance,,,,
http://www.wikidata.org/entity/Q10397787,"Aaron's, Inc.",Q10397787,New York Stock Exchange,AAN,furniture,,,,
http://www.wikidata.org/entity/Q125447264,Abacus Life,Q125447264,Nasdaq,ABL,,,,,
http://www.wikidata.org/entity/Q14662364,AbbVie,Q14662364,New York Stock Exchange,ABBV,biotechnology; pharmaceutical industry,,,58054000000,2022-01-01T00:00:00Z
http://www.wikidata.org/entity/Q306764,Abbott Laboratories,Q306764,New York Stock Exchange,ABT,medical technology industry,57000000000,2016-03-02T00:00:00Z,41950000000,2024-01-01T00:00:00Z
http://www.wikidata.org/entity/Q319344,Abercrombie & Fitch,Q319344,New York Stock Exchange,ANF,retail,,,,
http://www.wikidata.org/entity/Q96575161,Ability Inc,Q96575161,Nasdaq,ABILF,technology industry,5134000,2022-11-15T00:00:00Z,,
http://www.wikidata.org/entity/Q4667884,AbioMed,Q4667884,Nasdaq,ABMD,,,,,
http://www.wikidata.org/entity/Q4670840,Acacia Research,Q4670840,Nasdaq,ACTG,,,,,
http://www.wikidata.org/entity/Q28407181,Acadia Healthcare,Q28407181,Nasdaq,ACHC,health care,,,,
http://www.wikidata.org/entity/Q4671580,Acadia Pharmaceuticals,Q4671580,Nasdaq,ACAD,pharmaceutical industry,,,,
http://www.wikidata.org/entity/Q4671583,Acadia Realty Trust,Q4671583,New York Stock Exchange,AKR,,,,,
http://www.wikidata.org/entity/Q17513511,Accelera,Q17513511,Nasdaq,HYGS,,,,,
http://www.wikidata.org/entity/Q91490380,Accelerate Diagnostics,Q91490380,Nasdaq,AXDX,,,,,
http://www.wikidata.org/entity/Q16824238,Acceleron Pharma,Q16824238,Nasdaq,XLRN,pharmaceutical industry,,,,
http://www.wikidata.org/entity/Q338825,Accenture,Q338825,New York Stock Exchange,ACN,information technology; management consulting industry; professional services industry,151580000000,2025-10-01T00:00:00Z,69672977000,2025-01-01T00:00:00Z
http://www.wikidata.org/entity/Q96791280,Accolade,Q96791280,New York Stock Exchange,ACCD,health technology,,,,
http://www.wikidata.org/entity/Q96791280,Accolade,Q96791280,Nasdaq,ACCD,health technology,,,,
http://www.wikidata.org/entity/Q4672920,Accuride Corporation,Q4672920,New York Stock Exchange,,,,,,
http://www.wikidata.org/entity/Q4674531,Acorda Therapeutics,Q4674531,Nasdaq,ACOR,pharmaceutical industry,,,,
http://www.wikidata.org/entity/Q4674547,Acorn Energy,Q4674547,Nasdaq,ACFN,energy industry,,,,
http://www.wikidata.org/entity/Q4674790,Acquity Group,Q4674790,New York Stock Exchange,,digital marketing,,,,
http://www.wikidata.org/entity/Q343204,Actavis,Q343204,New York Stock Exchange,ACT,pharmaceutical industry,,,,
http://www.wikidata.org/entity/Q240333,Actel,Q240333,Nasdaq,,integrated circuit,,,,
http://www.wikidata.org/entity/Q4676831,Actimize,Q4676831,Nasdaq,,,,,,
http://www.wikidata.org/entity/Q4677436,Actions Technology,Q4677436,Nasdaq,ACTS,electronic component,,,,
http://www.wikidata.org/entity/Q344341,Activision Blizzard,Q344341,Nasdaq,ATVI,video game industry,16400000000,2015-01-01T00:00:00Z,7528000000,2022-01-01T00:00:00Z
http://www.wikidata.org/entity/Q4677840,Actuant,Q4677840,New York Stock Exchange,EPAC,conglomerate,,,,
http://www.wikidata.org/entity/Q4677870,Acuity Brands,Q4677870,New York Stock Exchange,AYI,,,,,
http://www.wikidata.org/entity/Q344839,Acushnet Company,Q344839,New York Stock Exchange,GOLF,,,,,
http://www.wikidata.org/entity/Q124352446,Acutus Medical,Q124352446,Nasdaq,AFIB,health technology,,,,
http://www.wikidata.org/entity/Q30284075,Adamis Pharmaceuticals Corporation,Q30284075,Nasdaq,ADMP,,,,,
http://www.wikidata.org/entity/Q4680345,Adams Express Company,Q4680345,New York Stock Exchange,ADX,investment,,,,
http://www.wikidata.org/entity/Q105580834,Adams Funds,Q105580834,New York Stock Exchange,ADX,investment,,,,
http://www.wikidata.org/entity/Q4680354,Adams Golf,Q4680354,Nasdaq,,,,,,
http://www.wikidata.org/entity/Q19604285,Adams Resources & Energy Inc.,Q19604285,New York Stock Exchange,AE,petroleum industry,,,,
http://www.wikidata.org/entity/Q30283420,Adaptive Biotechnologies,Q30283420,Nasdaq,ADPT,biotechnology industry,,,,
http://www.wikidata.org/entity/Q101429880,Adecoagro,Q101429880,New York Stock Exchange,AGRO,agribusiness; dairy industry,,,,
http://www.wikidata.org/entity/Q4682079,Adelphia Communications Corporation,Q4682079,Nasdaq,ADELQ,telecommunications,,,,
http://www.wikidata.org/entity/Q356349,Adept Technology,Q356349,Nasdaq,ADEP,robotics,,,,
http://www.wikidata.org/entity/Q26832896,Adient,Q26832896,New York Stock Exchange,ADNT,,,,,
http://www.wikidata.org/entity/Q11463,Adobe,Q11463,Nasdaq,ADBE,artificial intelligence; information technology; software development; software industry,252820000000,2022-02-02T00:00:00Z,17606000000,2022-01-01T00:00:00Z
http://www.wikidata.org/entity/Q4651203,Adtran,Q4651203,Nasdaq,ADTN,telecommunications,,,,
http://www.wikidata.org/entity/Q4686044,Advance America,Q4686044,New York Stock Exchange,,,,,,
http://www.wikidata.org/entity/Q4686051,Advance Auto Parts,Q4686051,New York Stock Exchange,AAP,,,,,
http://www.wikidata.org/entity/Q16824303,Advanced Accelerator Applications,Q16824303,Nasdaq,AAAP,,,,,
http://www.wikidata.org/entity/Q17985413,Advanced Computer Techniques,Q17985413,Nasdaq,ACTP,,,,,
http://www.wikidata.org/entity/Q60745531,Advanced Drainage Systems,Q60745531,New York Stock Exchange,WMS,,,,,
http://www.wikidata.org/entity/Q4686194,Advanced Energy,Q4686194,Nasdaq,AEIS,,,,,
http://www.wikidata.org/entity/Q4686414,Advantage Oil & Gas,Q4686414,New York Stock Exchange,AAV,petroleum industry,,,,
http://www.wikidata.org/entity/Q2722179,Advantest,Q2722179,New York Stock Exchange,ATE,,,,,
http://www.wikidata.org/entity/Q4686419,Advaxis,Q4686419,Nasdaq,ADXS,biotechnology,,,,
http://www.wikidata.org/entity/Q22060267,Aegion,Q22060267,Nasdaq,AEGN,,,,,
http://www.wikidata.org/entity/Q291171,Aegon,Q291171,New York Stock Exchange,AEG,insurance; insurance industry,,,,
http://www.wikidata.org/entity/Q124224170,Aehr Test Systems,Q124224170,Nasdaq,AEHR,,,,,
http://www.wikidata.org/entity/Q4687934,AerCap,Q4687934,New York Stock Exchange,AER,financial services; aerospace industry,,,4937340000,2019-01-01T00:00:00Z
http://www.wikidata.org/entity/Q25245434,Aerie Pharmaceuticals,Q25245434,Nasdaq,AERI,pharmaceutical industry,,,,
http://www.wikidata.org/entity/Q919300,AeroVironment,Q919300,Nasdaq,AVAV,aerospace industry,,,,
http://www.wikidata.org/entity/Q4688254,Aeroflex,Q4688254,New York Stock Exchange,ARX,,,,,
http://www.wikidata.org/entity/Q4688284,Aerohive Networks,Q4688284,New York Stock Exchange,HIVE,information technology,,,,
http://www.wikidata.org/entity/Q392445,Aerojet Rocketdyne Holdings,Q392445,New York Stock Exchange,,,,,1220000000,2018-01-01T00:00:00Z
http://www.wikidata.org/entity/Q4688714,Aethlon Medical,Q4688714,Nasdaq,AEMD,,,,,
http://www.wikidata.org/entity/Q26049,Aetna,Q26049,New York Stock Exchange,AET,insurance; managed care,,,,
http://www.wikidata.org/entity/Q128050179,"Aeva, Inc",Q128050179,New York Stock Exchange,AEVA,,,,,
http://www.wikidata.org/entity/Q25775,Affiliated Managers Group,Q25775,New York Stock Exchange,AMG,financial services,,,,
http://www.wikidata.org/entity/Q65085822,Affirm,Q65085822,Nasdaq,AFRM,fintech,,,,
http://www.wikidata.org/entity/Q2826104,Affymetrix,Q2826104,Nasdaq,AFFX,biotechnology,,,,
http://www.wikidata.org/entity/Q26311,Aflac,Q26311,New York Stock Exchange,AFL,,37700000000,2021-11-14T00:00:00Z,19502000000,2022-01-01T00:00:00Z
http://www.wikidata.org/entity/Q4692116,Agenus,Q4692116,Nasdaq,AGEN,biotechnology,,,,
http://www.wikidata.org/entity/Q393762,Agilent Technologies,Q393762,New York Stock Exchange,A,high-performance liquid chromatography; electronics industry; measurement tool,,,6848000000,2022-01-01T00:00:00Z
http://www.wikidata.org/entity/Q17510106,Agilysys,Q17510106,Nasdaq,AGYS,,,,,
http://www.wikidata.org/entity/Q16824426,Agios Pharmaceuticals,Q16824426,Nasdaq,AGIO,pharmaceutical industry,,,,
http://www.wikidata.org/entity/Q38676,Agnico Eagle Mines,Q38676,New York Stock Exchange,AEM,mining industry,,,,
http://www.wikidata.org/entity/Q106309492,"Agora, Inc.",Q106309492,Nasdaq,API,,,,,
http://www.wikidata.org/entity/Q397223,Agrium,Q397223,New York Stock Exchange,AGU,,,,,
http://www.wikidata.org/entity/Q293796,Aimco,Q293796,New York Stock Exchange,AIV,real estate investment trust,,,,
http://www.wikidata.org/entity/Q407237,Air France-KLM,Q407237,Nasdaq,AFRAF,holding company activities,,,33007000000,2025-01-01T00:00:00Z
http://www.wikidata.org/entity/Q4698062,Air Lease,Q4698062,New York Stock Exchange,AL,financial services,,,,
http://www.wikidata.org/entity/Q4698090,Air Methods,Q4698090,Nasdaq,AIRM,,,,,
http://www.wikidata.org/entity/Q407744,Air Products & Chemicals,Q407744,New York Stock Exchange,APD,,,,12698600000,2022-01-01T00:00:00Z
http://www.wikidata.org/entity/Q407859,Air Transport International,Q407859,Nasdaq,ATSG,,,,,
http://www.wikidata.org/entity/Q4698227,Air Transport Services Group,Q4698227,Nasdaq,ATSG,airline,,,,
http://www.wikidata.org/entity/Q63327,Airbnb,Q63327,Nasdaq,ABNB,tourism industry,76532000000,2023-02-14T00:00:00Z,11102000000,2024-01-01T00:00:00Z
http://www.wikidata.org/entity/Q16002190,Airborne Maintenance & Engineering Services,Q16002190,Nasdaq,ATSG,aerospace industry,,,,
http://www.wikidata.org/entity/Q13583352,Aircastle,Q13583352,New York Stock Exchange,AYR,aircraft lease,,,,
http://www.wikidata.org/entity/Q80635,Airgas,Q80635,New York Stock Exchange,ARG,industrial gas,,,5314000000,2016-01-01T00:00:00Z
http://www.wikidata.org/entity/Q415598,Akamai Technologies,Q415598,Nasdaq,AKAM,web hosting service; Internet industry,18640000000,2021-08-23T00:00:00Z,3198149000,2020-01-01T00:00:00Z
http://www.wikidata.org/entity/Q4705296,Alabama Power,Q4705296,New York Stock Exchange,ALP-Q,electric power industry,,,,
http://www.wikidata.org/entity/Q2916067,Aladdin Knowledge Systems,Q2916067,Nasdaq,ALDN,computer security,,,,
http://www.wikidata.org/entity/Q21198484,Alamo Group,Q21198484,New York Stock Exchange,ALG,,,,,
http://www.wikidata.org/entity/Q105760370,Alamos Gold,Q105760370,New York Stock Exchange,AGI,,,,,
http://www.wikidata.org/entity/Q4708382,"Alarm.com, Inc.",Q4708382,Nasdaq,ALRM,retail,,,,
http://www.wikidata.org/entity/Q4033665,Alaska Air Group,Q4033665,New York Stock Exchange,ALK,transport,,,,
http://www.wikidata.org/entity/Q822614,Alaska Airlines,Q822614,New York Stock Exchange,ALK,,,,,
http://www.wikidata.org/entity/Q4708516,Alaska Communications,Q4708516,Nasdaq,ALSK,mobile phone industry; telecommunications,,,,
http://www.wikidata.org/entity/Q23018189,Albany International,Q23018189,New York Stock Exchange,AIN,,,,,
http://www.wikidata.org/entity/Q127074,Albemarle Corporation,Q127074,New York Stock Exchange,ALB,chemical industry,,,7320104000,2022-01-01T00:00:00Z
http://www.wikidata.org/entity/Q2831861,Albertsons,Q2831861,New York Stock Exchange,ACI,retail,,,77649700000,2022-01-01T00:00:00Z
http://www.wikidata.org/entity/Q135325,Alcoa,Q135325,New York Stock Exchange,AA,Aluminium production; aluminium industry,,,,
http://www.wikidata.org/entity/Q684825,Alcon,Q684825,New York Stock Exchange,ALC,pharmaceutical industry,,,,
http://www.wikidata.org/entity/Q4713807,Aldila,Q4713807,Nasdaq,,,,,,
http://www.wikidata.org/entity/Q135281,Alexander & Baldwin,Q135281,New York Stock Exchange,ALEX,conglomerate,,,,
http://www.wikidata.org/entity/Q4718099,Alexander's,Q4718099,New York Stock Exchange,ALX,real estate investment trust,,,,
http://www.wikidata.org/entity/Q48739877,Alexandria Real Estate Equities,Q48739877,New York Stock Exchange,ARE,real estate investment trust,,,,
http://www.wikidata.org/entity/Q204727,Alexion Pharmaceuticals,Q204727,Nasdaq,ALXN,pharmaceutical industry,,,6100000000,2021-01-01T00:00:00Z
http://www.wikidata.org/entity/Q1359568,Alibaba Group,Q1359568,New York Stock Exchange,BABA,e-commerce,657500000000,2022-02-01T00:00:00Z,137300000000,2024-01-01T00:00:00Z
http://www.wikidata.org/entity/Q20709176,Alico,Q20709176,Nasdaq,ALCO,,,,,
http://www.wikidata.org/entity/Q65091232,Alight Solutions,Q65091232,New York Stock Exchange,ALIT,professional service,,,,
http://www.wikidata.org/entity/Q30272258,Align Technology,Q30272258,Nasdaq,ALGN,,,,,
http://www.wikidata.org/entity/Q4726659,Alimera Sciences,Q4726659,Nasdaq,ALIM,pharmaceutical industry,,,,
http://www.wikidata.org/entity/Q4727688,Alkermes,Q4727688,Nasdaq,ALKS,pharmaceutical industry,,,,
http://www.wikidata.org/entity/Q151670,Alleghany Corporation,Q151670,New York Stock Exchange,Y,insurance,,,,
http://www.wikidata.org/entity/Q1361648,Allegheny Technologies,Q1361648,New York Stock Exchange,ATI,,,,,
http://www.wikidata.org/entity/Q1319601,Allegiant Air,Q1319601,Nasdaq,ALGT,civil aviation,,,,
http://www.wikidata.org/entity/Q16738121,Allegion,Q16738121,New York Stock Exchange,ALLE,,,,,
http://www.wikidata.org/entity/Q2648305,Allen-Bradley,Q2648305,New York Stock Exchange,,,,,,
http://www.wikidata.org/entity/Q906187,Allergan plc,Q906187,New York Stock Exchange,AGN,pharmaceutical industry,,,,
http://www.wikidata.org/entity/Q2837996,Alliance Data,Q2837996,New York Stock Exchange,ADS,financial services,,,,
http://www.wikidata.org/entity/Q16824882,Alliance One International,Q16824882,New York Stock Exchange,,,,,,
http://www.wikidata.org/entity/Q4732268,AllianceBernstein,Q4732268,New York Stock Exchange,AB,asset management,,,,
http://www.wikidata.org/entity/Q4732492,Alliant Energy,Q4732492,Nasdaq,LNT,public utility,,,,
http://www.wikidata.org/entity/Q238765,Alliant Techsystems,Q238765,New York Stock Exchange,ATK,aerospace industry,,,2340000000,2014-01-01T00:00:00Z
http://www.wikidata.org/entity/Q4732707,Allis-Chalmers Energy,Q4732707,New York Stock Exchange,,,,,,
http://www.wikidata.org/entity/Q2036530,Allison Transmission,Q2036530,New York Stock Exchange,ALSN,,,,,
http://www.wikidata.org/entity/Q4733161,Allot Ltd,Q4733161,Nasdaq,ALLT,media industry,538598000,2022-11-15T00:00:00Z,,
http://www.wikidata.org/entity/Q4733274,Allscripts,Q4733274,Nasdaq,MDRX,information technology; health informatics,,,,
http://www.wikidata.org/entity/Q2645636,Allstate,Q2645636,New York Stock Exchange,ALL,insurance,,,51412000000,2022-01-01T00:00:00Z
http://www.wikidata.org/entity/Q2032800,Ally Financial,Q2032800,New York Stock Exchange,ALLY,financial services; Consumer Lending,,,8428000000,2022-01-01T00:00:00Z
http://www.wikidata.org/entity/Q16974682,Alnylam Pharmaceuticals,Q16974682,Nasdaq,ALNY,pharmaceutical industry,,,,
http://www.wikidata.org/entity/Q20502124,Alon Blue Square Israel Ltd,Q20502124,New York Stock Exchange,BSI,food retail sector,,,,
http://www.wikidata.org/entity/Q2839213,Alon USA,Q2839213,New York Stock Exchange,,energy supply,,,,
http://www.wikidata.org/entity/Q30273331,Alpha & Omega Semiconductor,Q30273331,Nasdaq,AOSL,,,,,
http://www.wikidata.org/entity/Q2839509,Alpha Natural Resources,Q2839509,New York Stock Exchange,AMR,mining,,,,
http://www.wikidata.org/entity/Q1472539,Alpha Tomo Global Resoures Sdn Bhd,Q1472539,New York Stock Exchange,MAN,staffing industry,,,,
http://www.wikidata.org/entity/Q20800404,Alphabet Inc.,Q20800404,Nasdaq,GOOG,information technology,1961000000000,2025-05-01T00:00:00Z,402836000000,2025-01-01T00:00:00Z
http://www.wikidata.org/entity/Q104481262,Alpine Immune Sciences,Q104481262,Nasdaq,ALPN,pharmaceutical industry,,,,
http://www.wikidata.org/entity/Q30321616,Altaba,Q30321616,Nasdaq,AABA,investment management,,,,
http://www.wikidata.org/entity/Q5120216,Altafiber,Q5120216,New York Stock Exchange,,telecommunications; mobile phone industry,,,,
http://www.wikidata.org/entity/Q434017,Altair Engineering,Q434017,Nasdaq,ALTR,simulation; Internet of Things; analytics; artificial intelligence; software industry; high-performance computing; product design; computer-aided engineering; Product Development Technologies,,,,
http://www.wikidata.org/entity/Q433896,Altairnano,Q433896,Nasdaq,ALTI,electronics,,,,
http://www.wikidata.org/entity/Q4736257,Alteon WebSystems,Q4736257,Nasdaq,ATON,computer network,,,,
http://www.wikidata.org/entity/Q73883753,Alteryx,Q73883753,New York Stock Exchange,AYX,software industry; data analytics software industry,,,,
http://www.wikidata.org/entity/Q2105426,Altice Portugal,Q2105426,New York Stock Exchange,,telecommunications,,,,
http://www.wikidata.org/entity/Q644289,Altice USA,Q644289,New York Stock Exchange,ATUS,telecommunications,,,,
http://www.wikidata.org/entity/Q30283539,"Altimmune, Inc.",Q30283539,Nasdaq,ALT,,,,,
http://www.wikidata.org/entity/Q4736965,Altos Computer Systems,Q4736965,Nasdaq,ALTO,computer hardware industry,,,,
http://www.wikidata.org/entity/Q445007,Altria,Q445007,New York Stock Exchange,MO,tobacco industry; food industry,,,24018000000,2024-01-01T00:00:00Z
http://www.wikidata.org/entity/Q447403,Alumina Limited,Q447403,New York Stock Exchange,AWC,aluminium industry,5353602214,2021-11-18T00:00:00Z,,
http://www.wikidata.org/entity/Q447855,Aluminum Corporation of China,Q447855,New York Stock Exchange,ACH,aluminium industry,,,,
http://www.wikidata.org/entity/Q1444583,Alvarion,Q1444583,Nasdaq,,electronics,,,,
http://www.wikidata.org/entity/Q2142669,AmBev,Q2142669,New York Stock Exchange,ABEV,beverage industry,,,,
http://www.wikidata.org/entity/Q4738904,"AmTrust Financial Services, Inc.",Q4738904,Nasdaq,AFSI,reinsurance; insurance industry,,,,
http://www.wikidata.org/entity/Q4740289,Amarin Corporation,Q4740289,Nasdaq,AMRN,pharmaceutical industry,,,,
http://www.wikidata.org/entity/Q3884,Amazon,Q3884,Nasdaq,AMZN,retail; e-commerce; web service; web hosting service,2018000000000,2025-05-01T00:00:00Z,716924000000,2025-01-01T00:00:00Z
http://www.wikidata.org/entity/Q456563,Ambac,Q456563,New York Stock Exchange,AMBC,financial services,,,,
http://www.wikidata.org/entity/Q456563,Ambac,Q456563,Nasdaq,AMBC,financial services,,,,
http://www.wikidata.org/entity/Q4741030,Ambarella Inc.,Q4741030,Nasdaq,AMBA,,,,,
http://www.wikidata.org/entity/Q4741141,Ambassadors Group,Q4741141,Nasdaq,EPAX,education,,,,
http://www.wikidata.org/entity/Q16827821,Ambit Biosciences,Q16827821,Nasdaq,AMBI,pharmaceutical industry,,,,
http://www.wikidata.org/entity/Q4742045,Amcol International Corporation,Q4742045,New York Stock Exchange,ACO,,,,,
http://www.wikidata.org/entity/Q460307,Amcor,Q460307,New York Stock Exchange,AMCR,product packaging industry,25711242419,2021-11-18T00:00:00Z,,
http://www.wikidata.org/entity/Q460446,Amdocs,Q460446,New York Stock Exchange,DOX,communication,,,,
http://www.wikidata.org/entity/Q460446,Amdocs,Q460446,Nasdaq,DOX,communication,,,,
http://www.wikidata.org/entity/Q4742102,Amedisys Home Health and Hospice Care,Q4742102,Nasdaq,AMED,health care industry,,,,
http://www.wikidata.org/entity/Q152695,Amer Sports,Q152695,New York Stock Exchange,AS,sporting goods industry,,,,
http://www.wikidata.org/entity/Q462984,Ameren,Q462984,New York Stock Exchange,AEE,public utility; energy industry; electric power industry,,,,
http://www.wikidata.org/entity/Q124723674,Ameresco,Q124723674,New York Stock Exchange,AMRC,energy industry,,,,
http://www.wikidata.org/entity/Q4742486,AmeriServ Financial,Q4742486,Nasdaq,ASRV,bank,,,,
http://www.wikidata.org/entity/Q32396,American Airlines,Q32396,Nasdaq,AAL,,,,,
http://www.wikidata.org/entity/Q4742937,American Airlines Group,Q4742937,Nasdaq,AAL,aviation; air transport,,,52800000000,2023-01-01T00:00:00Z
http://www.wikidata.org/entity/Q4743120,American Axle,Q4743120,New York Stock Exchange,AXL,automotive industry,,,,
http://www.wikidata.org/entity/Q4743275,American Campus Communities,Q4743275,New York Stock Exchange,ACC,student housing,,,,
http://www.wikidata.org/entity/Q4743289,American Capital,Q4743289,Nasdaq,,,,,,
http://www.wikidata.org/entity/Q2842931,American Eagle Outfitters,Q2842931,New York Stock Exchange,AEO,retail; clothing industry,,,,
http://www.wikidata.org/entity/Q464092,American Electric Power,Q464092,New York Stock Exchange,AEP,"electricity generation; electric power generation, transmission and distribution; public utility",,,,
http://www.wikidata.org/entity/Q194360,American Express,Q194360,New York Stock Exchange,AXP,"financial services; financial service activities, except insurance and pension funding; payment card industry",118000000000,2022-08-05T00:00:00Z,38825000000,2024-01-01T00:00:00Z
http://www.wikidata.org/entity/Q4743779,American Financial Group,Q4743779,New York Stock Exchange,AFG,financial services,,,,
http://www.wikidata.org/entity/Q464767,American Greetings,Q464767,New York Stock Exchange,AM,greeting card,,,,
http://www.wikidata.org/entity/Q20979194,American Homes 4 Rent,Q20979194,New York Stock Exchange,AMH,real estate investment trust,,,,
http://www.wikidata.org/entity/Q212235,American International Group,Q212235,New York Stock Exchange,AIG,financial services,,,56437000000,2022-01-01T00:00:00Z
http://www.wikidata.org/entity/Q124723353,American National Bankshares,Q124723353,Nasdaq,AMNB,,,,,
http://www.wikidata.org/entity/Q4744566,American National Insurance Company,Q4744566,Nasdaq,ANAT,insurance industry,,,,
http://www.wikidata.org/entity/Q4744658,American Pathology Partners,Q4744658,Nasdaq,LPNT,health care industry,,,,
http://www.wikidata.org/entity/Q21992261,"American Public Education, Inc.",Q21992261,Nasdaq,APEI,,,,,
http://www.wikidata.org/entity/Q4744822,American Reprographics Company,Q4744822,New York Stock Exchange,ARC,tertiary sector of the economy,,,,
http://www.wikidata.org/entity/Q2662418,American Research and Development Corporation,Q2662418,New York Stock Exchange,ARD,,,,,
http://www.wikidata.org/entity/Q4744841,American River Bank,Q4744841,Nasdaq,AMRB,bank,,,,
http://www.wikidata.org/entity/Q4744953,American Science and Engineering,Q4744953,Nasdaq,ASEI,,,,,
http://www.wikidata.org/entity/Q16974884,American States Water,Q16974884,New York Stock Exchange,AWR,"water collection, treatment and supply",,,,
http://www.wikidata.org/entity/Q2843029,American Superconductor,Q2843029,Nasdaq,AMSC,,,,,
http://www.wikidata.org/entity/Q4745263,American Tower Corporation,Q4745263,New York Stock Exchange,AMT,real estate investment trust,,,10711100000,2022-01-01T00:00:00Z
http://www.wikidata.org/entity/Q467238,American Water Works,Q467238,New York Stock Exchange,AWK,public utility,,,,
http://www.wikidata.org/entity/Q4745391,American Woodmark,Q4745391,Nasdaq,AMWD,,,,,
http://www.wikidata.org/entity/Q24197334,Americold,Q24197334,New York Stock Exchange,COLD,,,,,
http://www.wikidata.org/entity/Q4745709,Amerigroup,Q4745709,New York Stock Exchange,,health insurance,,,,
http://www.wikidata.org/entity/Q2843129,Ameriprise Financial,Q2843129,New York Stock Exchange,AMP,financial services,,,14347000000,2022-01-01T00:00:00Z
http://www.wikidata.org/entity/Q27150140,Ameris Bancorp,Q27150140,Nasdaq,ABCB,bank,,,,
http://www.wikidata.org/entity/Q470317,Ametek,Q470317,New York Stock Exchange,AME,industrial manufacturing,,,6150530000,2022-01-01T00:00:00Z
http://www.wikidata.org/entity/Q470517,Amgen,Q470517,Nasdaq,AMGN,pharmaceutical industry,,,26323000000,2022-01-01T00:00:00Z
http://www.wikidata.org/entity/Q18636342,Amicus Therapeutics,Q18636342,Nasdaq,FOLD,pharmaceutical industry,,,,
http://www.wikidata.org/entity/Q472536,Amkor Technology,Q472536,Nasdaq,AMKR,,,,,
http://www.wikidata.org/entity/Q16996714,"Amneal Pharmaceuticals, Inc.",Q16996714,Nasdaq,IPXL,pharmaceutical industry,,,,
http://www.wikidata.org/entity/Q16996714,"Amneal Pharmaceuticals, Inc.",Q16996714,New York Stock Exchange,AMRX,pharmaceutical industry,,,,
http://www.wikidata.org/entity/Q4748076,Ampco Pittsburgh,Q4748076,New York Stock Exchange,AP,steel,,,,
http://www.wikidata.org/entity/Q474621,Amphenol,Q474621,New York Stock Exchange,APH,electronics,,,12623000000,2022-01-01T00:00:00Z
http://www.wikidata.org/entity/Q96371983,Amplify Energy,Q96371983,New York Stock Exchange,AMPY,,,,,
http://www.wikidata.org/entity/Q4748631,Amreit,Q4748631,New York Stock Exchange,AMRE,real estate investment trust,,,,
http://www.wikidata.org/entity/Q4748634,Amrep Corporation,Q4748634,New York Stock Exchange,AXR,,,,,
http://www.wikidata.org/entity/Q16983204,Amwell,Q16983204,New York Stock Exchange,AMWL,health care,,,,
http://www.wikidata.org/entity/Q482044,Amylin Pharmaceuticals,Q482044,Nasdaq,,pharmaceutical industry,,,,
http://www.wikidata.org/entity/Q115225388,Amylyx Pharmaceuticals,Q115225388,Nasdaq,AMLX,,,,,
http://www.wikidata.org/entity/Q4749580,Amyris,Q4749580,Nasdaq,AMRS,,,,,
http://www.wikidata.org/entity/Q482267,América Móvil,Q482267,New York Stock Exchange,AMX,telecommunications; mobile phone industry,,,816012844000,2023-12-31T00:00:00Z
http://www.wikidata.org/entity/Q482267,América Móvil,Q482267,Nasdaq,AMOV,telecommunications; mobile phone industry,,,816012844000,2023-12-31T00:00:00Z
http://www.wikidata.org/entity/Q483637,Anadarko Petroleum,Q483637,New York Stock Exchange,APC,petroleum industry,,,,
http://www.wikidata.org/entity/Q484930,Analog Devices,Q484930,Nasdaq,ADI,semiconductor industry,,,12013953000,2022-01-01T00:00:00Z
http://www.wikidata.org/entity/Q4751068,Analogic Corporation,Q4751068,Nasdaq,ALOG,health care,,,,
http://www.wikidata.org/entity/Q4751571,Anaplan,Q4751571,New York Stock Exchange,PLAN,business software industry,,,,
http://www.wikidata.org/entity/Q4751693,Anaren,Q4751693,Nasdaq,,wireless communication,,,,
http://www.wikidata.org/entity/Q16825098,Andatee China Marine Fuel,Q16825098,Nasdaq,AMCF,,,,,
http://www.wikidata.org/entity/Q16526979,Anghami,Q16526979,Nasdaq,ANGH,,,,,
http://www.wikidata.org/entity/Q4763176,Angie's List,Q4763176,Nasdaq,ANGI,,,,,
http://www.wikidata.org/entity/Q541076,AngloGold Ashanti,Q541076,New York Stock Exchange,AU,mining,10951299302,2021-11-18T00:00:00Z,,
http://www.wikidata.org/entity/Q128738,Anheuser-Busch InBev,Q128738,New York Stock Exchange,BUD,brewing industry,,,57786000000,2022-01-01T00:00:00Z
http://www.wikidata.org/entity/Q4765682,Anixter,Q4765682,New York Stock Exchange,,product distribution,,,,
http://www.wikidata.org/entity/Q4766699,Ann Taylor,Q4766699,New York Stock Exchange,,retail; clothing industry,,,,
http://www.wikidata.org/entity/Q16828730,Annaly Capital Management,Q16828730,New York Stock Exchange,NLY,real estate investment trust,,,,
http://www.wikidata.org/entity/Q4769205,Annie's Homegrown,Q4769205,New York Stock Exchange,,,,,,
http://www.wikidata.org/entity/Q39046155,Antero Resources,Q39046155,New York Stock Exchange,AR,petroleum industry,,,,
http://www.wikidata.org/entity/Q4771754,Anthera Pharmaceuticals,Q4771754,Nasdaq,ANTH,pharmaceutical industry,,,,
http://www.wikidata.org/entity/Q4778095,Anworth Mortgage Asset Corporation,Q4778095,New York Stock Exchange,,real estate investment trust,,,,
http://www.wikidata.org/entity/Q7301358,Anywhere Real Estate,Q7301358,New York Stock Exchange,HOUS,real estate industry,,,,
http://www.wikidata.org/entity/Q913851,Aon Hewitt,Q913851,New York Stock Exchange,HEW,human resource consulting,,,,
http://www.wikidata.org/entity/Q739518,Aon plc,Q739518,New York Stock Exchange,AON,professional service,,,12479000000,2022-01-01T00:00:00Z
http://www.wikidata.org/entity/Q48814381,Aphria,Q48814381,New York Stock Exchange,APHA,cannabis industry,,,36920000,2018-01-01T00:00:00Z
http://www.wikidata.org/entity/Q619121,Apollo Global Management,Q619121,New York Stock Exchange,APO,asset management,,,,
http://www.wikidata.org/entity/Q619121,Apollo Global Management,Q619121,Nasdaq,AINV,asset management,,,,
http://www.wikidata.org/entity/Q619111,Apollo Group,Q619111,Nasdaq,APOL,for-profit education,,,,
http://www.wikidata.org/entity/Q25831370,AppFolio,Q25831370,Nasdaq,APPF,software industry,,,,
http://www.wikidata.org/entity/Q106768814,AppHarvest,Q106768814,Nasdaq,APPH,agriculture,,,,
http://www.wikidata.org/entity/Q56273983,Appian Corporation,Q56273983,Nasdaq,APPN,cloud computing; software industry; enterprise software; low-code development platform; low code development; low code/no code development,,,,
http://www.wikidata.org/entity/Q312,Apple Inc.,Q312,Nasdaq,AAPL,software development; digital distribution; software industry; electronics industry; mobile phone industry; consumer electronics industry; information technology industry,3205000000000,2025-05-01T00:00:00Z,416161000000,2025-01-01T00:00:00Z
http://www.wikidata.org/entity/Q621532,Applebee's,Q621532,Nasdaq,APPB,system catering,,,1200000000,2006-01-01T00:00:00Z
http://www.wikidata.org/entity/Q22121862,Applied Genetic Technologies Corporation,Q22121862,Nasdaq,AGTC,biotechnology,,,,
http://www.wikidata.org/entity/Q4781544,Applied Industrial Technologies,Q4781544,New York Stock Exchange,AIT,,,,,
http://www.wikidata.org/entity/Q621610,Applied Materials,Q621610,Nasdaq,AMAT,,,,27176000000,2024-01-01T00:00:00Z
http://www.wikidata.org/entity/Q4781558,Applied Micro Circuits Corporation,Q4781558,Nasdaq,AMCC,,,,,
http://www.wikidata.org/entity/Q30297735,Applied Optoelectronics,Q30297735,Nasdaq,AAOI,semiconductor industry,,,,
http://www.wikidata.org/entity/Q4781583,Applied Signal Technology,Q4781583,Nasdaq,APSG,,,,,
http://www.wikidata.org/entity/Q4781837,Apricus Biosciences,Q4781837,Nasdaq,APRI,pharmaceutical industry,,,,
http://www.wikidata.org/entity/Q30273389,Aptar,Q30273389,New York Stock Exchange,ATR,,,,,
http://www.wikidata.org/entity/Q643626,Aptiv,Q643626,New York Stock Exchange,DLPH,automotive industry,,,17489000000,2022-01-01T00:00:00Z
http://www.wikidata.org/entity/Q625708,Aramark,Q625708,New York Stock Exchange,ARMK,food service,,,,
http://www.wikidata.org/entity/Q17747021,Arbutus Biopharma,Q17747021,Nasdaq,ABUS,pharmaceutical industry,,,,
http://www.wikidata.org/entity/Q109291018,ArcBest,Q109291018,Nasdaq,ARCB,freight transport industry,,,,
http://www.wikidata.org/entity/Q30285756,Arcadia Biosciences (United States),Q30285756,Nasdaq,RKDA,,,,,
http://www.wikidata.org/entity/Q131308915,Arcadium Lithium,Q131308915,New York Stock Exchange,ALTM,chemical industry,,,,
http://www.wikidata.org/entity/Q27893,ArcelorMittal,Q27893,New York Stock Exchange,MT,iron and steel industry; mining industry,21950000000,2022-12-29T00:00:00Z,61352000000,2025-01-01T00:00:00Z
http://www.wikidata.org/entity/Q28155430,Arch Capital Group,Q28155430,Nasdaq,ACGL,insurance,,,9614808000,2022-01-01T00:00:00Z
http://www.wikidata.org/entity/Q2062132,Arch Resources,Q2062132,New York Stock Exchange,ARCH,mining of coal,,,,
http://www.wikidata.org/entity/Q109369035,Archer Aviation,Q109369035,New York Stock Exchange,ACHR,aviation,,,,
http://www.wikidata.org/entity/Q632694,Archer Daniels Midland,Q632694,New York Stock Exchange,ADM,food processing,,,101556000000,2022-01-01T00:00:00Z
http://www.wikidata.org/entity/Q4786920,Archipelago Learning,Q4786920,Nasdaq,ARCL,educational software,,,,
http://www.wikidata.org/entity/Q4787395,Arcimoto,Q4787395,Nasdaq,FUV,automotive industry,,,,
http://www.wikidata.org/entity/Q92639564,Arconic,Q92639564,New York Stock Exchange,ARNC,industrial manufacturing,,,840000000,2018-01-01T00:00:00Z
http://www.wikidata.org/entity/Q15727302,Arcos Dorados Holdings,Q15727302,New York Stock Exchange,ARCO,food industry; beverage industry,,,,
http://www.wikidata.org/entity/Q638036,Arctic Cat,Q638036,Nasdaq,ACAT,,,,,
http://www.wikidata.org/entity/Q98713358,Arcturus Therapeutics,Q98713358,Nasdaq,ARCT,pharmaceutical industry,,,,
http://www.wikidata.org/entity/Q113503877,Arcus Biosciences,Q113503877,New York Stock Exchange,RCUS,pharmaceutical industry,,,,
http://www.wikidata.org/entity/Q4788901,Arena Pharmaceuticals,Q4788901,Nasdaq,ARNA,pharmaceutical industry,,,,
http://www.wikidata.org/entity/Q4789079,Ares Management,Q4789079,New York Stock Exchange,ARES,financial services,,,,
http://www.wikidata.org/entity/Q4789079,Ares Management,Q4789079,Nasdaq,ARCC,financial services,,,,
http://www.wikidata.org/entity/Q111384689,"Argan, Inc.",Q111384689,New York Stock Exchange,AGX,,,,,
http://www.wikidata.org/entity/Q111821048,Argo Blockchain,Q111821048,Nasdaq,ARBK,cryptocurrency mining; blockchain,,,,
http://www.wikidata.org/entity/Q17049669,Argo Group,Q17049669,Nasdaq,AGII,insurance,,,,
http://www.wikidata.org/entity/Q2861324,Arista Networks,Q2861324,New York Stock Exchange,ANET,computer network,,,,
http://www.wikidata.org/entity/Q4792281,Arlington Asset Investment,Q4792281,New York Stock Exchange,AAIC,real estate investment trust,,,,
http://www.wikidata.org/entity/Q60740820,"Arlo Technologies, Inc.",Q60740820,New York Stock Exchange,ARLO,home automation,,,,
http://www.wikidata.org/entity/Q296782,Arm Holdings,Q296782,Nasdaq,ARMH,,,,,
http://www.wikidata.org/entity/Q689446,Armstrong World Industries,Q689446,New York Stock Exchange,AWI,building material,,,,
http://www.wikidata.org/entity/Q4795598,Arotech Corporation,Q4795598,Nasdaq,ARTX,weapons industry,,,,
http://www.wikidata.org/entity/Q4033073,Arris Group,Q4033073,Nasdaq,ARRS,communication,,,,
http://www.wikidata.org/entity/Q28405615,Arrival,Q28405615,Nasdaq,ARVL,automotive industry,,,,
http://www.wikidata.org/entity/Q2059537,Arrow Electronics,Q2059537,New York Stock Exchange,ARW,product distribution,,,,
http://www.wikidata.org/entity/Q58606588,Arrow Financial Corporation,Q58606588,Nasdaq,AROW,,,,,
http://www.wikidata.org/entity/Q113530745,Arrowhead Pharmaceuticals,Q113530745,Nasdaq,ARWR,pharmaceutical industry,,,,
http://www.wikidata.org/entity/Q22121863,Arrowhead Research,Q22121863,Nasdaq,ARWR,biotechnology,,,,
http://www.wikidata.org/entity/Q705757,Art Technology Group,Q705757,Nasdaq,,e-commerce,,,,
http://www.wikidata.org/entity/Q4799191,Arthur J. Gallagher & Co.,Q4799191,New York Stock Exchange,AJG,,,,,
http://www.wikidata.org/entity/Q41590812,Artisan Partners,Q41590812,New York Stock Exchange,APAM,,,,,
http://www.wikidata.org/entity/Q2866017,Aruba Networks,Q2866017,Nasdaq,,computer network,,,,
http://www.wikidata.org/entity/Q111411592,Asana Inc.,Q111411592,New York Stock Exchange,ASAN,software industry,,,,
http://www.wikidata.org/entity/Q4803735,Asbury Automotive Group,Q4803735,New York Stock Exchange,ABG,car dealership,,,,
http://www.wikidata.org/entity/Q5307031,Ascena Retail Group,Q5307031,Nasdaq,ASNA,retail; clothing industry,,,,
http://www.wikidata.org/entity/Q4803855,Ascent Media,Q4803855,Nasdaq,,,,,,
http://www.wikidata.org/entity/Q4803857,Ascent Solar,Q4803857,Nasdaq,ASTI,photovoltaics,,,,
http://www.wikidata.org/entity/Q725634,Ashland Inc.,Q725634,New York Stock Exchange,ASH,industrial manufacturing,,,,
http://www.wikidata.org/entity/Q736091,AspenTech Corp.,Q736091,Nasdaq,AZPN,software development,,,,
http://www.wikidata.org/entity/Q16991690,Assertio Therapeutics,Q16991690,Nasdaq,ASRT,pharmaceutical industry,,,,
http://www.wikidata.org/entity/Q4808787,Asset Acceptance,Q4808787,Nasdaq,AACC,,,,,
http://www.wikidata.org/entity/Q4809155,Associated Banc-Corp,Q4809155,New York Stock Exchange,ASB,financial services,,,,
http://www.wikidata.org/entity/Q4810399,Assurant,Q4810399,New York Stock Exchange,AIZ,insurance,,,,
http://www.wikidata.org/entity/Q125028873,Astera Labs,Q125028873,Nasdaq,ALAB,semiconductor industry,,,,
http://www.wikidata.org/entity/Q4811104,Astoria Bank,Q4811104,New York Stock Exchange,,financial services,,,,
http://www.wikidata.org/entity/Q18156798,Astra,Q18156798,Nasdaq,ASTR,space industry,,,,
http://www.wikidata.org/entity/Q731938,AstraZeneca,Q731938,New York Stock Exchange,AZN,pharmaceutical industry,,,24384000000,2019-01-01T00:00:00Z
http://www.wikidata.org/entity/Q59507,Astrotech Corporation,Q59507,Nasdaq,ASTC,aerospace industry,,,,
http://www.wikidata.org/entity/Q4811929,Asure Software,Q4811929,Nasdaq,ASUR,software as a service,,,,
http://www.wikidata.org/entity/Q21874220,"Atara Biotherapeutics, Inc.",Q21874220,Nasdaq,ATRA,biotechnology; multiple sclerosis; oncology; autoimmune disease; Cellular therapy and transplantation,,,,
http://www.wikidata.org/entity/Q8208082,Atento,Q8208082,New York Stock Exchange,ATTO,telecommunications,,,,
http://www.wikidata.org/entity/Q106238577,Athene Holding,Q106238577,New York Stock Exchange,ATH-A,,,,,
http://www.wikidata.org/entity/Q30284052,Athersys,Q30284052,Nasdaq,ATHX,,,,5633000,2019-01-01T00:00:00Z
http://www.wikidata.org/entity/Q18636688,Atlantic Coast Financial,Q18636688,Nasdaq,ACFC,bank,,,,
http://www.wikidata.org/entity/Q4816513,Atlantic Power Corporation,Q4816513,New York Stock Exchange,AT,electricity supply company,,,,
http://www.wikidata.org/entity/Q4816569,Atlantic Tele-Network,Q4816569,Nasdaq,ATNI,telecommunications; mobile phone industry,,,,
http://www.wikidata.org/entity/Q5453249,Atlantic Union Bank,Q5453249,New York Stock Exchange,AUB,economics of banking,,,,
http://www.wikidata.org/entity/Q4816705,Atlantis Casino Resort Spa,Q4816705,Nasdaq,MCRI,,,,,
http://www.wikidata.org/entity/Q757135,Atlas Air,Q757135,Nasdaq,,,,,,
http://www.wikidata.org/entity/Q4816783,Atlas America,Q4816783,New York Stock Exchange,ATLS,,,,,
http://www.wikidata.org/entity/Q757307,Atlassian,Q757307,Nasdaq,TEAM,software industry,,,,
http://www.wikidata.org/entity/Q757489,Atmel,Q757489,Nasdaq,ATML,semiconductor industry,,,,
http://www.wikidata.org/entity/Q4817084,Atmos Energy,Q4817084,New York Stock Exchange,ATO,,,,,
http://www.wikidata.org/entity/Q13715273,Atotech,Q13715273,New York Stock Exchange,ATC,,,,,
http://www.wikidata.org/entity/Q4818872,Atwood Oceanics,Q4818872,New York Stock Exchange,ATW,petroleum industry,,,,
http://www.wikidata.org/entity/Q4818932,AuRico Gold,Q4818932,New York Stock Exchange,AUQ,mining,,,,
http://www.wikidata.org/entity/Q16162525,Auburn National Bancorporation,Q16162525,Nasdaq,AUBN,finance,,,,
http://www.wikidata.org/entity/Q5380195,"Audacy, Inc.",Q5380195,New York Stock Exchange,AUD,broadcasting,,,,
http://www.wikidata.org/entity/Q2895117,Audiocodes Ltd.,Q2895117,Nasdaq,AUDC,telecommunications; technology; communication; Voice over IP; information security; communications media,2195729000,2022-11-15T00:00:00Z,200287000,2019-12-31T00:00:00Z
http://www.wikidata.org/entity/Q47500199,Aurora Cannabis,Q47500199,New York Stock Exchange,ACB,cannabis industry,,,,
http://www.wikidata.org/entity/Q101606525,Aurora Innovation,Q101606525,Nasdaq,AUR,autonomous car,,,,
http://www.wikidata.org/entity/Q16835875,AuthenTec,Q16835875,Nasdaq,AUTH,semiconductor industry,,,,
http://www.wikidata.org/entity/Q784804,AutoNation,Q784804,New York Stock Exchange,AN,retail,,,,
http://www.wikidata.org/entity/Q51744,AutoNavi Holdings Limited,Q51744,Nasdaq,AMAP,,,,80000000,2010-01-01T00:00:00Z
http://www.wikidata.org/entity/Q4826083,AutoTester,Q4826083,Nasdaq,,,,,,
http://www.wikidata.org/entity/Q16240807,AutoWeb,Q16240807,Nasdaq,ABTL,,,,,
http://www.wikidata.org/entity/Q4826087,AutoZone,Q4826087,New York Stock Exchange,AZO,automotive industry,,,16252230000,2022-01-01T00:00:00Z
http://www.wikidata.org/entity/Q628051,Autodesk,Q628051,Nasdaq,ADSK,software development,,,1710000000,2010-01-01T00:00:00Z
http://www.wikidata.org/entity/Q47016300,Autohome,Q47016300,New York Stock Exchange,ATHM,,,,,
http://www.wikidata.org/entity/Q787044,Autoliv,Q787044,New York Stock Exchange,ALV,automotive supplier,,,,
http://www.wikidata.org/entity/Q56583577,Autolus Therapeutics,Q56583577,Nasdaq,AUTL,,,,,
http://www.wikidata.org/entity/Q489080,Automatic Data Processing,Q489080,Nasdaq,ADP,software industry; human resource management; data processing; accounting services,,,16498300000,2022-01-01T00:00:00Z
http://www.wikidata.org/entity/Q16993447,Avadel Pharmaceuticals,Q16993447,Nasdaq,AVDL,,,,,
http://www.wikidata.org/entity/Q23679974,Avalanche Biotechnologies,Q23679974,Nasdaq,ADVM,biotechnology,,,,
http://www.wikidata.org/entity/Q4827537,AvalonBay,Q4827537,New York Stock Exchange,AVB,real estate investment trust,,,2593446000,2022-01-01T00:00:00Z
http://www.wikidata.org/entity/Q5983823,Avangrid,Q5983823,New York Stock Exchange,AGR,energy industry,,,,
http://www.wikidata.org/entity/Q56276948,Avanos Medical,Q56276948,New York Stock Exchange,AVNS,health care,,,,
http://www.wikidata.org/entity/Q104842834,Avantor,Q104842834,New York Stock Exchange,AVTR,,,,,
http://www.wikidata.org/entity/Q212433,Avaya,Q212433,New York Stock Exchange,AVYA,mechanical engineering; telecommunications,,,2970000000,2021-01-01T00:00:00Z
http://www.wikidata.org/entity/Q790650,Avery Dennison,Q790650,New York Stock Exchange,AVY,product packaging industry,,,,
http://www.wikidata.org/entity/Q4828605,Aviat Networks,Q4828605,Nasdaq,AVNW,telecommunications,,,,
http://www.wikidata.org/entity/Q385452,Avid Technology,Q385452,Nasdaq,AVID,computer hardware industry,,,,
http://www.wikidata.org/entity/Q137920048,Avidity Biosciences,Q137920048,Nasdaq,RNA,,,,,
http://www.wikidata.org/entity/Q7226106,Avient Corporation,Q7226106,New York Stock Exchange,AVNT,,,,,
http://www.wikidata.org/entity/Q2874395,Avis Budget Group,Q2874395,Nasdaq,CAR,car rental company,7018650000,2023-04-14T00:00:00Z,11994000000,2022-01-01T00:00:00Z
http://www.wikidata.org/entity/Q4828988,Avista,Q4828988,New York Stock Exchange,AVA,energy industry,,,,
http://www.wikidata.org/entity/Q4829076,Avnet,Q4829076,New York Stock Exchange,AVT,electronics,,,,
http://www.wikidata.org/entity/Q4829076,Avnet,Q4829076,Nasdaq,AVT,electronics,,,,
http://www.wikidata.org/entity/Q791285,Avon Products Inc.,Q791285,New York Stock Exchange,AVP,cosmetics industry,1850000000,2017-03-13T00:00:00Z,5718000000,2016-01-01T00:00:00Z
http://www.wikidata.org/entity/Q29641502,"Aware, Inc.",Q29641502,Nasdaq,AWRE,,,,,
http://www.wikidata.org/entity/Q26215536,Axalta Coating Systems,Q26215536,New York Stock Exchange,AXTA,,,,,
http://www.wikidata.org/entity/Q4830196,Axcelis Technologies,Q4830196,Nasdaq,ACLS,,,,,
http://www.wikidata.org/entity/Q1328252,Axia Energia,Q1328252,New York Stock Exchange,,,,,,
http://www.wikidata.org/entity/Q5547514,Axiall Corporation,Q5547514,New York Stock Exchange,AXLL,chemical industry,,,,
http://www.wikidata.org/entity/Q690604,Axon Enterprise,Q690604,Nasdaq,TASR,weapons industry,,,,
http://www.wikidata.org/entity/Q4937270,Axos Financial,Q4937270,New York Stock Exchange,AX,bank,,,,
http://www.wikidata.org/entity/Q4937270,Axos Financial,Q4937270,Nasdaq,BOFI,bank,,,,
http://www.wikidata.org/entity/Q20311716,Axovant Sciences,Q20311716,Nasdaq,AXGT,pharmaceutical industry,,,,
http://www.wikidata.org/entity/Q104480012,Axsome Therapeutics,Q104480012,Nasdaq,AXSM,,,,,
http://www.wikidata.org/entity/Q117169721,Azenta Life Sciences,Q117169721,Nasdaq,AZTA,biotechnology,,,555498000,2022-01-01T00:00:00Z
http://www.wikidata.org/entity/Q27704930,Azure Power,Q27704930,New York Stock Exchange,,,,,,
http://www.wikidata.org/entity/Q4833115,Azurix,Q4833115,New York Stock Exchange,AZX,"water collection, treatment and supply",,,,
http://www.wikidata.org/entity/Q794565,Aéropostale,Q794565,New York Stock Exchange,ARO,retail,,,,
http://www.wikidata.org/entity/Q54953653,B&G Foods,Q54953653,New York Stock Exchange,BGS,food industry,,,,
http://www.wikidata.org/entity/Q4833850,B.O.S. Better Online Solutions,Q4833850,Nasdaq,BOSC,technology,,,,
http://www.wikidata.org/entity/Q22671405,B2Gold,Q22671405,New York Stock Exchange,BTG,mining,,,,
http://www.wikidata.org/entity/Q125886451,BBB Foods,Q125886451,New York Stock Exchange,TBBB,retail,,,,
http://www.wikidata.org/entity/Q16826875,BBCN,Q16826875,Nasdaq,BBCN,economics of banking,,,,
http://www.wikidata.org/entity/Q2876788,BBVA Argentina,Q2876788,New York Stock Exchange,BFR,financial services,,,,
http://www.wikidata.org/entity/Q24525746,BCE Inc.,Q24525746,New York Stock Exchange,BCE,telecommunications,,,,
http://www.wikidata.org/entity/Q4835506,BE Aerospace,Q4835506,Nasdaq,BEAV,aerospace industry,,,,
http://www.wikidata.org/entity/Q787324,BEA Systems,Q787324,Nasdaq,BEAS,software development,,,1535000000,2008-01-01T00:00:00Z
http://www.wikidata.org/entity/Q4835545,BGC Partners,Q4835545,Nasdaq,BGCP,,,,,
http://www.wikidata.org/entity/Q625713,BHP Group,Q625713,New York Stock Exchange,BHP,mining; metal industry; mining industry,106091040200,2021-11-18T00:00:00Z,43638000000,2018-01-01T00:00:00Z
http://www.wikidata.org/entity/Q4672315,BIOVIA,Q4672315,Nasdaq,ACCL,industrial manufacturing; aerospace industry,,,,
http://www.wikidata.org/entity/Q4835755,BJ's Restaurant & Brewery,Q4835755,Nasdaq,BJRI,,,,,
http://www.wikidata.org/entity/Q4835754,BJ's Wholesale Club,Q4835754,New York Stock Exchange,BJ,retail,,,,
http://www.wikidata.org/entity/Q26678,BMW,Q26678,Nasdaq,BMWYY,automotive industry; aeronautical engineering; manufacture of motor vehicles; activities of holding companies,59907000000,2019-01-01T00:00:00Z,142380000000,2024-01-01T00:00:00Z
http://www.wikidata.org/entity/Q138932758,BNB Plus Corp,Q138932758,Nasdaq,,financial services; cryptocurrency,,,,
http://www.wikidata.org/entity/Q4856167,BNC Bank,Q4856167,Nasdaq,BNCN,bank,,,,
http://www.wikidata.org/entity/Q2162158,BOK Financial Corporation,Q2162158,Nasdaq,BOKF,bank,,,,
http://www.wikidata.org/entity/Q152057,BP,Q152057,New York Stock Exchange,BP,petroleum industry,,,194630000000,2024-01-01T00:00:00Z
http://www.wikidata.org/entity/Q4836297,BP Prudhoe Bay Royalty Trust,Q4836297,New York Stock Exchange,BPT,petroleum industry,,,,
http://www.wikidata.org/entity/Q108670343,"BRC Group Holdings, Inc",Q108670343,Nasdaq,RILY,,,,,
http://www.wikidata.org/entity/Q899097,BRF,Q899097,New York Stock Exchange,BRFS,food industry,,,,
http://www.wikidata.org/entity/Q4836852,BWX Technologies,Q4836852,New York Stock Exchange,BWXT,,,,2496000000,2023-01-01T00:00:00Z
http://www.wikidata.org/entity/Q797609,Babcock & Wilcox,Q797609,New York Stock Exchange,BW,industrial manufacturing,,,,
http://www.wikidata.org/entity/Q24083464,Babylon Health,Q24083464,New York Stock Exchange,BBLN,health care,,,,
http://www.wikidata.org/entity/Q4838903,Bachoco,Q4838903,New York Stock Exchange,IBA,food industry,,,,
http://www.wikidata.org/entity/Q4839566,Backblaze,Q4839566,Nasdaq,BLZE,cloud storage,,,,
http://www.wikidata.org/entity/Q14772,Baidu,Q14772,Nasdaq,BIDU,Internet,,,18238000000,2024-01-01T00:00:00Z
http://www.wikidata.org/entity/Q804353,Baker Hughes,Q804353,New York Stock Exchange,BHGE,petroleum industry,,,24600000000,2013-01-01T00:00:00Z
http://www.wikidata.org/entity/Q83768717,Bakkt,Q83768717,New York Stock Exchange,BKKT,financial services; fintech,,,,
http://www.wikidata.org/entity/Q118663,Baldwin Piano Company,Q118663,Nasdaq,,,,,,
http://www.wikidata.org/entity/Q123982663,Baldwin-United,Q123982663,New York Stock Exchange,,,,,,
http://www.wikidata.org/entity/Q4034815,Ball Corporation,Q4034815,New York Stock Exchange,BLL,mechanical engineering,,,930000000,2018-01-01T00:00:00Z
http://www.wikidata.org/entity/Q474383,Ballard Power Systems,Q474383,Nasdaq,BLDP,,,,,
http://www.wikidata.org/entity/Q805383,Bally Technologies,Q805383,New York Stock Exchange,BYI,gambling industry,,,,
http://www.wikidata.org/entity/Q65062134,Bally's Corporation,Q65062134,New York Stock Exchange,BALY,gambling industry,,,,
http://www.wikidata.org/entity/Q4854030,BancFirst,Q4854030,Nasdaq,BANF,financial services,,,,
http://www.wikidata.org/entity/Q806189,Banco Bilbao Vizcaya Argentaria,Q806189,New York Stock Exchange,BBVA,financial services; financial sector,35200000000,2021-07-08T00:00:00Z,,
http://www.wikidata.org/entity/Q2423252,Banco Itaú Corpbanca,Q2423252,New York Stock Exchange,ITCL,bank,,,,
http://www.wikidata.org/entity/Q25104482,Banco Latinoamericano de Comercio Exterior,Q25104482,New York Stock Exchange,BLX,,,,,
http://www.wikidata.org/entity/Q123481906,Banco Popular de Puerto Rico,Q123481906,Nasdaq,BPOP,financial services,,,,
http://www.wikidata.org/entity/Q6496310,Banco Santander,Q6496310,New York Stock Exchange,SAN,economics of banking; financial services; financial sector,,,,
http://www.wikidata.org/entity/Q2882087,Banco Santander (Brasil),Q2882087,New York Stock Exchange,BSBR,economics of banking; financial services; financial sector,,,,
http://www.wikidata.org/entity/Q8965165,"Banco Santander México, S.A.",Q8965165,New York Stock Exchange,BSMX,financial services,,,,
http://www.wikidata.org/entity/Q1094313,Banco Santander-Chile,Q1094313,New York Stock Exchange,BSAC,financial services,,,,
http://www.wikidata.org/entity/Q2882085,Banco de Chile,Q2882085,New York Stock Exchange,BCH,economics of banking; financial services,,,2100000000,2010-01-01T00:00:00Z
http://www.wikidata.org/entity/Q806206,Bancolombia,Q806206,New York Stock Exchange,CIB,economics of banking; financial services; financial sector,,,,
http://www.wikidata.org/entity/Q114821698,"BancorpSouth, Inc.",Q114821698,New York Stock Exchange,BXS,,,,,
http://www.wikidata.org/entity/Q4854759,Bandwidth.com,Q4854759,Nasdaq,BAND,,,,,
http://www.wikidata.org/entity/Q111384715,Bank First Corporation,Q111384715,Nasdaq,BFC,,,,,
http://www.wikidata.org/entity/Q20708654,Bank OZK,Q20708654,Nasdaq,OZK,financial services,,,,
http://www.wikidata.org/entity/Q487907,Bank of America,Q487907,New York Stock Exchange,BAC,financial services; International Standard Industrial Classification; financial sector,265840000000,2023-01-01T00:00:00Z,101887000000,2024-01-01T00:00:00Z
http://www.wikidata.org/entity/Q4856116,Bank of Florida,Q4856116,Nasdaq,BOFL,bank,,,,
http://www.wikidata.org/entity/Q4856124,Bank of Hawaii,Q4856124,New York Stock Exchange,BOH,finance,,,,
http://www.wikidata.org/entity/Q806689,Bank of Ireland,Q806689,New York Stock Exchange,BIRG,"economics of banking; financial services; financial sector; financial service activities, except insurance and pension funding",,,,
http://www.wikidata.org/entity/Q806693,Bank of Montreal,Q806693,New York Stock Exchange,BMO,economics of banking; financial services; financial sector,,,,
http://www.wikidata.org/entity/Q4856160,Bank of New Orleans,Q4856160,Nasdaq,LABC,bank,,,,
http://www.wikidata.org/entity/Q117187407,Bank of the Sierra,Q117187407,Nasdaq,BSRR,,,,,
http://www.wikidata.org/entity/Q4855875,BankAtlantic,Q4855875,New York Stock Exchange,,financial services,,,,
http://www.wikidata.org/entity/Q4855887,BankUnited,Q4855887,New York Stock Exchange,BKU,financial services,,,,
http://www.wikidata.org/entity/Q4856439,Bankrate,Q4856439,New York Stock Exchange,,Internet,,,,
http://www.wikidata.org/entity/Q4856910,Banner Bank,Q4856910,Nasdaq,,economics of banking; financial services,,,,
http://www.wikidata.org/entity/Q245343,Barclays,Q245343,New York Stock Exchange,BCS,"economics of banking; financial services; financial service activities, except insurance and pension funding; financial sector",,,,
http://www.wikidata.org/entity/Q5006774,Bard,Q5006774,New York Stock Exchange,BCR,,,,,
http://www.wikidata.org/entity/Q795454,Barnes & Noble,Q795454,New York Stock Exchange,BKS,bookselling,,,,
http://www.wikidata.org/entity/Q4861508,Barnes & Noble College Booksellers,Q4861508,New York Stock Exchange,BNED,retail,,,,
http://www.wikidata.org/entity/Q4861529,Barnes Group,Q4861529,New York Stock Exchange,B,aerospace industry,,,,
http://www.wikidata.org/entity/Q4863194,Barracuda Networks,Q4863194,New York Stock Exchange,CUDA,computer security,,,,
http://www.wikidata.org/entity/Q808908,Barrick Mining Corporation,Q808908,New York Stock Exchange,GOLD,mining,,,,
http://www.wikidata.org/entity/Q4868109,Bassett Furniture,Q4868109,Nasdaq,BSET,industrial manufacturing,,,,
http://www.wikidata.org/entity/Q810773,Bath & Body Works,Q810773,New York Stock Exchange,BBWI,final good; cosmetics industry,,,2300000000,2006-01-01T00:00:00Z
http://www.wikidata.org/entity/Q931354,"Bath & Body Works, Inc.",Q931354,New York Stock Exchange,LB,retail,,,,
http://www.wikidata.org/entity/Q811857,Bausch & Lomb,Q811857,New York Stock Exchange,BLCO,pharmaceutical industry,,,1510000000,2007-01-01T00:00:00Z
http://www.wikidata.org/entity/Q1700871,Bausch Health,Q1700871,New York Stock Exchange,BHC,pharmaceutical industry,,,,
http://www.wikidata.org/entity/Q761965,Baxter International,Q761965,New York Stock Exchange,BAX,medical equipment,,,15113000000,2022-01-01T00:00:00Z
http://www.wikidata.org/entity/Q4874958,Baytex Energy,Q4874958,New York Stock Exchange,BTE,petroleum industry,,,,
http://www.wikidata.org/entity/Q4875977,Beacon Power,Q4875977,Nasdaq,,,,,,
http://www.wikidata.org/entity/Q16950815,Beacon Roofing Supply,Q16950815,Nasdaq,BECN,,,,,
http://www.wikidata.org/entity/Q107457363,Beam Therapeutics,Q107457363,Nasdaq,BEAM,biotechnology,,,,
http://www.wikidata.org/entity/Q4876829,Beasley Broadcast Group,Q4876829,Nasdaq,BBGI,radio,,,,
http://www.wikidata.org/entity/Q4878288,Beazer Homes USA,Q4878288,New York Stock Exchange,BZH,,,,,
http://www.wikidata.org/entity/Q4878313,Bebe Stores,Q4878313,Nasdaq,BEBE,retail,,,,
http://www.wikidata.org/entity/Q813780,Becton Dickinson,Q813780,New York Stock Exchange,BDX,biotechnology,,,18870000000,2022-01-01T00:00:00Z
http://www.wikidata.org/entity/Q813782,Bed Bath & Beyond Inc.,Q813782,Nasdaq,BBBY,retail,,,,
http://www.wikidata.org/entity/Q105886736,Beike,Q105886736,New York Stock Exchange,BEKE,,,,,
http://www.wikidata.org/entity/Q815327,Belden Incorporated,Q815327,New York Stock Exchange,BDC,electronics,,,,
http://www.wikidata.org/entity/Q4045977,Belmond,Q4045977,New York Stock Exchange,BEL,hospitality industry,,,,
http://www.wikidata.org/entity/Q729754,Belo,Q729754,New York Stock Exchange,BLC,broadcasting,,,,
http://www.wikidata.org/entity/Q816379,Bemis Company,Q816379,New York Stock Exchange,BMS,product packaging industry,,,,
http://www.wikidata.org/entity/Q4886950,Benchmark Electronics,Q4886950,New York Stock Exchange,BHE,,,,,
http://www.wikidata.org/entity/Q4887418,Beneficial Bank,Q4887418,Nasdaq,BNCL,finance,,,,
http://www.wikidata.org/entity/Q17001319,Benitec Biopharma Ltd,Q17001319,Nasdaq,BNTC,,,,,
http://www.wikidata.org/entity/Q818314,Bentley Systems,Q818314,Nasdaq,BSY,software industry,,,,
http://www.wikidata.org/entity/Q48976878,Berkshire Bank,Q48976878,New York Stock Exchange,BHLB,bank,,,,
http://www.wikidata.org/entity/Q217583,Berkshire Hathaway,Q217583,New York Stock Exchange,BRK.A,insurance; conglomerate; aircraft industry,65050000000,2021-08-26T00:00:00Z,371433000000,2024-01-01T00:00:00Z
http://www.wikidata.org/entity/Q16245358,Berry Petroleum Company,Q16245358,Nasdaq,BRY,petroleum industry,,,,
http://www.wikidata.org/entity/Q4894819,Berry Plastics,Q4894819,New York Stock Exchange,BERY,,,,,
http://www.wikidata.org/entity/Q533415,Best Buy,Q533415,New York Stock Exchange,BBY,retail,,,46298000000,2022-01-01T00:00:00Z
http://www.wikidata.org/entity/Q18205509,Beyond Meat,Q18205509,Nasdaq,BYND,food industry,,,,
http://www.wikidata.org/entity/Q4904902,Big 5 Sporting Goods,Q4904902,Nasdaq,BGFV,sports equipment,,,,
http://www.wikidata.org/entity/Q4905973,Big Lots,Q4905973,New York Stock Exchange,BIG,retail,,,,
http://www.wikidata.org/entity/Q124545138,BigBear.ai,Q124545138,New York Stock Exchange,BBAI,software industry,,,,
http://www.wikidata.org/entity/Q4906978,Biglari Holdings Inc.,Q4906978,New York Stock Exchange,BH,,,,,
http://www.wikidata.org/entity/Q3077586,Bilibili,Q3077586,Nasdaq,BILI,Internet; video game industry,,,,
http://www.wikidata.org/entity/Q4908047,Bill Barrett Corporation,Q4908047,New York Stock Exchange,BBG,petroleum industry,,,,
http://www.wikidata.org/entity/Q18205529,"Bill.com, LLC",Q18205529,New York Stock Exchange,BILL,,,,,
http://www.wikidata.org/entity/Q7922702,Billerud,Q7922702,New York Stock Exchange,,pulp and paper industry,,,,
http://www.wikidata.org/entity/Q133812186,BillionToOne (United States),Q133812186,Nasdaq,BLLN,,,,,
http://www.wikidata.org/entity/Q17622888,Bio Pappel,Q17622888,Nasdaq,CDURQ,,,,,
http://www.wikidata.org/entity/Q2904022,Bio-Rad Laboratories,Q2904022,New York Stock Exchange,BIO,biotechnology,,,,
http://www.wikidata.org/entity/Q19873469,Bio-Techne,Q19873469,Nasdaq,TECH,biotechnology,,,,
http://www.wikidata.org/entity/Q104480051,BioAtla,Q104480051,Nasdaq,BCAB,,,,,
http://www.wikidata.org/entity/Q4914611,BioCryst Pharmaceuticals,Q4914611,Nasdaq,BCRX,pharmaceutical industry,,,,
http://www.wikidata.org/entity/Q4914632,BioMarin Pharmaceutical,Q4914632,Nasdaq,BMRN,biotechnology,,,,
http://www.wikidata.org/entity/Q30256699,BioNTech,Q30256699,Nasdaq,BNTX,pharmaceutical industry,,,108589000,2019-01-01T00:00:00Z
http://www.wikidata.org/entity/Q30265338,BioNano Genomics,Q30265338,Nasdaq,BNGO,biotechnology industry,,,,
http://www.wikidata.org/entity/Q864338,Biogen,Q864338,Nasdaq,BIIB,pharmaceutical industry,,,10173400000,2022-01-01T00:00:00Z
http://www.wikidata.org/entity/Q92546757,Biohaven Pharmaceuticals,Q92546757,New York Stock Exchange,BHVN,,,,,
http://www.wikidata.org/entity/Q4914627,Bioline Rx Ltd.,Q4914627,Nasdaq,BLRX,biotechnology,149505000,2022-11-15T00:00:00Z,,
http://www.wikidata.org/entity/Q96482167,Biomx,Q96482167,New York Stock Exchange,PHGE,pharmaceutical industry,447162000,2020-06-21T00:00:00Z,,
http://www.wikidata.org/entity/Q54621346,BiondVax,Q54621346,Nasdaq,BVXV,,,,,
http://www.wikidata.org/entity/Q4915361,Biotie Therapies,Q4915361,Nasdaq,BITI,biotechnology,,,,
http://www.wikidata.org/entity/Q55639320,Bird,Q55639320,New York Stock Exchange,BRDS,e-scooter-sharing system,,,,
http://www.wikidata.org/entity/Q648458,Birkenstock,Q648458,New York Stock Exchange,BIRK,footwear industry,,,750000000,2022-01-01T00:00:00Z
http://www.wikidata.org/entity/Q137983503,BitMine Immersion,Q137983503,New York Stock Exchange,BMNR,,,,,
http://www.wikidata.org/entity/Q45600,Bitstream Inc.,Q45600,Nasdaq,BITS,type foundry,,,,
http://www.wikidata.org/entity/Q373740,Black Box Corporation,Q373740,Nasdaq,BBOX,technology,,,,
http://www.wikidata.org/entity/Q2905359,Black Diamond Equipment,Q2905359,Nasdaq,BDE,climbing,,,,
http://www.wikidata.org/entity/Q880296,Black Hills Corporation,Q880296,New York Stock Exchange,BKH,energy industry,,,,
http://www.wikidata.org/entity/Q6522334,"Black Knight, Inc.",Q6522334,New York Stock Exchange,BKI,financial services,,,,
http://www.wikidata.org/entity/Q64005031,Black Rifle Coffee Company,Q64005031,New York Stock Exchange,BRCC,retail,,,,
http://www.wikidata.org/entity/Q21196367,Black Stone Minerals,Q21196367,New York Stock Exchange,BSM,petroleum industry,,,,
http://www.wikidata.org/entity/Q502121,BlackBerry,Q502121,New York Stock Exchange,BB,information technology; Internet of Things,6882000000,2021-06-26T00:00:00Z,1040000000,2020-01-01T00:00:00Z
http://www.wikidata.org/entity/Q502121,BlackBerry,Q502121,Nasdaq,BBRY,information technology; Internet of Things,6882000000,2021-06-26T00:00:00Z,1040000000,2020-01-01T00:00:00Z
http://www.wikidata.org/entity/Q28222794,BlackLine,Q28222794,Nasdaq,BL,,,,,
http://www.wikidata.org/entity/Q219635,BlackRock,Q219635,New York Stock Exchange,BLK,asset management,120500000000,2018-09-14T00:00:00Z,17860000000,2023-01-01T00:00:00Z
http://www.wikidata.org/entity/Q56314218,BlackSky,Q56314218,New York Stock Exchange,BKSY,software industry,,,,
http://www.wikidata.org/entity/Q4922539,Blackbaud,Q4922539,Nasdaq,BLKB,software industry,,,,
http://www.wikidata.org/entity/Q2905535,Blackboard,Q2905535,Nasdaq,,educational technology,,,,
http://www.wikidata.org/entity/Q880942,Blackstone Inc.,Q880942,New York Stock Exchange,BX,financial services,,,8517673000,2022-01-01T00:00:00Z
http://www.wikidata.org/entity/Q62065645,Blink,Q62065645,Nasdaq,BLNK,,,,,
http://www.wikidata.org/entity/Q110778747,"Block, Inc.",Q110778747,New York Stock Exchange,SQ,financial services; mobile payment industry,33136000000,2026-02-26T00:00:00Z,24193683000,2025-01-01T00:00:00Z
http://www.wikidata.org/entity/Q29526078,Bloom Energy,Q29526078,New York Stock Exchange,BE,electronics industry; alternative energy industry,,,,
http://www.wikidata.org/entity/Q4928282,Bloomin' Brands,Q4928282,Nasdaq,BLMN,horeca,,,,
http://www.wikidata.org/entity/Q4928676,Blucora,Q4928676,Nasdaq,BCOR,,,,,
http://www.wikidata.org/entity/Q26913624,Blue Apron,Q26913624,New York Stock Exchange,APRN,online food ordering; food delivery service,,,,
http://www.wikidata.org/entity/Q4928875,Blue Bird Corporation,Q4928875,Nasdaq,,bus manufacturing,,,,
http://www.wikidata.org/entity/Q4929570,Blue Nile Inc.,Q4929570,Nasdaq,NILE,retail,,,,
http://www.wikidata.org/entity/Q114795591,Blue Owl Capital,Q114795591,New York Stock Exchange,OWL,financial services,,,,
http://www.wikidata.org/entity/Q4928758,BlueLinx,Q4928758,New York Stock Exchange,BXC,wholesale,,,,
http://www.wikidata.org/entity/Q4928769,BluePhoenix Solutions,Q4928769,Nasdaq,BPHX,technology,,,,
http://www.wikidata.org/entity/Q4930359,Bluegreen Corporation,Q4930359,New York Stock Exchange,BXG,,,,,
http://www.wikidata.org/entity/Q56582970,Blueprint Medicines (United States),Q56582970,Nasdaq,BPMC,,,,,
http://www.wikidata.org/entity/Q3367020,"Blyth, Inc.",Q3367020,New York Stock Exchange,BTH,,,,,
http://www.wikidata.org/entity/Q4931457,Boardwalk Pipeline Partners,Q4931457,New York Stock Exchange,,,,,,
http://www.wikidata.org/entity/Q4932386,Bob Evans Restaurants,Q4932386,Nasdaq,BOBE,restaurant,,,,
http://www.wikidata.org/entity/Q66,Boeing,Q66,New York Stock Exchange,BA,weapons industry; aircraft construction; aircraft industry; aerospace industry; space industry; space-based economy,180913000000,2026-02-26T00:00:00Z,66517000000,2024-01-01T00:00:00Z
http://www.wikidata.org/entity/Q4937267,BofI Federal Bank,Q4937267,Nasdaq,BOFI,,,,,
http://www.wikidata.org/entity/Q4938392,Boingo Wireless,Q4938392,Nasdaq,WIFI,telecommunications,,,,
http://www.wikidata.org/entity/Q2909088,Boise Cascade,Q2909088,New York Stock Exchange,BCC,,,,,
http://www.wikidata.org/entity/Q891163,Bojangles' Famous Chicken 'n Biscuits,Q891163,Nasdaq,BOJA,fast food,,,,
http://www.wikidata.org/entity/Q18674747,Booking Holdings,Q18674747,Nasdaq,BKNG,travel industry,,,,
http://www.wikidata.org/entity/Q4943266,Books-A-Million,Q4943266,Nasdaq,BAMM,retail,,,,
http://www.wikidata.org/entity/Q893221,Booz Allen Hamilton,Q893221,New York Stock Exchange,BAH,consulting company,,,5140000000,2019-01-01T00:00:00Z
http://www.wikidata.org/entity/Q825943,BorgWarner,Q825943,New York Stock Exchange,BWA,automotive industry,,,14800000000,2021-01-01T00:00:00Z
http://www.wikidata.org/entity/Q894558,Boston Beer Company,Q894558,New York Stock Exchange,SAM,,,,,
http://www.wikidata.org/entity/Q117061817,Boston Private Financial Holdings,Q117061817,Nasdaq,BPFH,,,,,
http://www.wikidata.org/entity/Q4844439,Boston Properties,Q4844439,New York Stock Exchange,BXP,real estate industry,,,,
http://www.wikidata.org/entity/Q894585,Boston Scientific,Q894585,New York Stock Exchange,BSX,,,,,
http://www.wikidata.org/entity/Q4951483,Box,Q4951483,New York Stock Exchange,BOX,cloud storage; file-hosting service,,,,
http://www.wikidata.org/entity/Q30591074,Boxed.com,Q30591074,New York Stock Exchange,BOXD,retail,,,,
http://www.wikidata.org/entity/Q2923022,Boyd Gaming,Q2923022,New York Stock Exchange,BYD,,,,,
http://www.wikidata.org/entity/Q806181,Bradesco,Q806181,New York Stock Exchange,BBD,economics of banking; financial services; financial sector,,,,
http://www.wikidata.org/entity/Q897097,Brady Corporation,Q897097,New York Stock Exchange,BRC,industrial manufacturing,,,1340000000,2023-10-31T00:00:00Z
http://www.wikidata.org/entity/Q63862184,Braemar Hotels & Resorts,Q63862184,New York Stock Exchange,BHR,,,,,
http://www.wikidata.org/entity/Q2913953,Brainsway Ltd.,Q2913953,Nasdaq,BWAY,health technology,131459000,2022-11-15T00:00:00Z,,
http://www.wikidata.org/entity/Q138588656,"Brand Engagement Network, Inc",Q138588656,Nasdaq,,,,,,
http://www.wikidata.org/entity/Q4957288,Brandywine Realty Trust,Q4957288,New York Stock Exchange,BDN,,,,,
http://www.wikidata.org/entity/Q899130,Brasil Telecom,Q899130,New York Stock Exchange,BTM,telecommunications,,,,
http://www.wikidata.org/entity/Q899395,Braskem,Q899395,New York Stock Exchange,BAK,petroleum industry,,,,
http://www.wikidata.org/entity/Q118327775,Bridge Investment Group,Q118327775,New York Stock Exchange,BRDG,investment management,,,,
http://www.wikidata.org/entity/Q106238343,BridgeBio,Q106238343,Nasdaq,BBIO,pharmaceutical industry,,,,
http://www.wikidata.org/entity/Q915543,Briggs & Stratton,Q915543,New York Stock Exchange,BGG,mechanical engineering,,,,
http://www.wikidata.org/entity/Q48797772,Bright Health,Q48797772,New York Stock Exchange,BHG,,,,,
http://www.wikidata.org/entity/Q4967421,Bright Horizons,Q4967421,New York Stock Exchange,BFAM,child care,,,,
http://www.wikidata.org/entity/Q4967514,Brightcove,Q4967514,Nasdaq,BCOV,,,,,
http://www.wikidata.org/entity/Q39052929,Brighthouse Financial,Q39052929,Nasdaq,BHF,insurance,,,,
http://www.wikidata.org/entity/Q97961992,Brilliance China Automotive Holdings,Q97961992,New York Stock Exchange,CBA,,,,,
http://www.wikidata.org/entity/Q2902305,Brink's,Q2902305,New York Stock Exchange,BCO,logistics,4340000000,0017-10-10T00:00:00Z,3942000000,2013-01-01T00:00:00Z
http://www.wikidata.org/entity/Q917487,Brinker International,Q917487,New York Stock Exchange,EAT,music; gastronomy,,,,
http://www.wikidata.org/entity/Q266423,Bristol-Myers Squibb,Q266423,New York Stock Exchange,BMY,pharmaceutical industry,,,46159000000,2022-01-01T00:00:00Z
http://www.wikidata.org/entity/Q4969137,Bristow Helicopters,Q4969137,New York Stock Exchange,VTOL,,,,,
http://www.wikidata.org/entity/Q856411,British American Tobacco,Q856411,New York Stock Exchange,BTI,tobacco industry; food and tobacco industry,,,25776000000,2020-01-01T00:00:00Z
http://www.wikidata.org/entity/Q17512182,Brixmor Property Group,Q17512182,New York Stock Exchange,BRX,real estate investment trust,,,,
http://www.wikidata.org/entity/Q790060,Broadcom,Q790060,Nasdaq,AVGO,semiconductor industry,,,35819000000,2023-10-29T00:00:00Z
http://www.wikidata.org/entity/Q555925,Broadcom,Q555925,Nasdaq,BRCM,semiconductor industry,927836000000,2025-05-01T00:00:00Z,,
http://www.wikidata.org/entity/Q4972280,Broadridge Financial Solutions,Q4972280,New York Stock Exchange,BR,financial services,,,,
http://www.wikidata.org/entity/Q2925856,Broadvision,Q2925856,Nasdaq,BVSN,,,,,
http://www.wikidata.org/entity/Q4972437,Broadway Federal Bank,Q4972437,Nasdaq,BYFC,bank,,,,
http://www.wikidata.org/entity/Q2424396,Brocade Communications Systems,Q2424396,Nasdaq,BRCD,,,,,
http://www.wikidata.org/entity/Q995863,Broderbund,Q995863,Nasdaq,BROD,video game industry,,,172000000,1995-08-31T00:00:00Z
http://www.wikidata.org/entity/Q4974387,Brookdale Senior Living,Q4974387,New York Stock Exchange,BKD,retirement home,,,,
http://www.wikidata.org/entity/Q24705550,Brookfield Business Partners,Q24705550,New York Stock Exchange,BBU,,,,,
http://www.wikidata.org/entity/Q908324,Brookfield Corporation,Q908324,New York Stock Exchange,BAM,financial services; investment management,,,,
http://www.wikidata.org/entity/Q13529408,Brookfield Infrastructure Partners,Q13529408,New York Stock Exchange,BIP,Infrastructure asset management,,,,
http://www.wikidata.org/entity/Q4974584,Brookfield Properties,Q4974584,New York Stock Exchange,,property management; real estate industry,,,,
http://www.wikidata.org/entity/Q24110304,Brookfield Property Partners,Q24110304,Nasdaq,BPYPP,real estate industry,,,,
http://www.wikidata.org/entity/Q24110304,Brookfield Property Partners,Q24110304,New York Stock Exchange,BPY,real estate industry,,,,
http://www.wikidata.org/entity/Q4974587,Brookfield Renewable,Q4974587,New York Stock Exchange,BEPC,,,,,
http://www.wikidata.org/entity/Q4974589,Brookfield Residential,Q4974589,New York Stock Exchange,,real estate development,,,,
http://www.wikidata.org/entity/Q2926166,Brooklyn Rapid Transit Company,Q2926166,New York Stock Exchange,B,,,,,
http://www.wikidata.org/entity/Q16985452,Brooks Automation,Q16985452,Nasdaq,BRKS,,,,,
http://www.wikidata.org/entity/Q15109850,Brooktree,Q15109850,Nasdaq,CNXT,,,,,
http://www.wikidata.org/entity/Q4976010,Brown & Brown,Q4976010,New York Stock Exchange,BRO,general insurance,,,,
http://www.wikidata.org/entity/Q392221,Brown-Forman,Q392221,New York Stock Exchange,BF.B,beverage industry,,,3975000000,2024-01-01T00:00:00Z
http://www.wikidata.org/entity/Q431454,Bruker,Q431454,Nasdaq,BRKR,,,,,
http://www.wikidata.org/entity/Q994153,Brunswick Corporation,Q994153,New York Stock Exchange,BC,,,,,
http://www.wikidata.org/entity/Q18156655,Bryn Mawr Trust,Q18156655,Nasdaq,BMTC,financial services,,,,
http://www.wikidata.org/entity/Q4982028,Bsquare corporation,Q4982028,Nasdaq,BSQR,technology,,,,
http://www.wikidata.org/entity/Q4983090,Buckeye Partners,Q4983090,New York Stock Exchange,BPL,petroleum,,,,
http://www.wikidata.org/entity/Q4983306,Buckle,Q4983306,New York Stock Exchange,BKE,retail; clothing industry,,,,
http://www.wikidata.org/entity/Q766417,Bucyrus International,Q766417,Nasdaq,BUCY,mining,,,,
http://www.wikidata.org/entity/Q1001788,Buenaventura,Q1001788,New York Stock Exchange,BVN,mining,,,,
http://www.wikidata.org/entity/Q509255,Buffalo Wild Wings,Q509255,Nasdaq,BWLD,fast food,,,,
http://www.wikidata.org/entity/Q1002992,Build-A-Bear Workshop,Q1002992,New York Stock Exchange,BBW,retail,,,,
http://www.wikidata.org/entity/Q27686100,Builders FirstSource,Q27686100,New York Stock Exchange,BLDR,building materials trade,,,22726418000,2022-01-01T00:00:00Z
http://www.wikidata.org/entity/Q21233433,Bumble,Q21233433,Nasdaq,BMBL,Internet dating industry,,,,
http://www.wikidata.org/entity/Q1009458,Bunge Limited,Q1009458,New York Stock Exchange,BG,food industry,,,67232000000,2022-01-01T00:00:00Z
http://www.wikidata.org/entity/Q24204272,Burford Capital,Q24204272,New York Stock Exchange,BUR,financial services,,,,
http://www.wikidata.org/entity/Q39045496,BurgerFi,Q39045496,Nasdaq,BFI,restaurant,,,,
http://www.wikidata.org/entity/Q3127944,Burgundy Diamond Mines,Q3127944,New York Stock Exchange,,,,,,
http://www.wikidata.org/entity/Q119072338,Burke & Herbert Bank,Q119072338,Nasdaq,BHRB,,,,,
http://www.wikidata.org/entity/Q4999220,Burlington,Q4999220,New York Stock Exchange,BURL,retail,,,,
http://www.wikidata.org/entity/Q5001347,Busey Bank,Q5001347,Nasdaq,BUSE,financial services,,,,
http://www.wikidata.org/entity/Q5002877,Butterfield Bank,Q5002877,New York Stock Exchange,,,,,,
http://www.wikidata.org/entity/Q6824994,Byline Bank,Q6824994,New York Stock Exchange,BY,economics of banking,,,,
http://www.wikidata.org/entity/Q48647846,C&J Energy Services,Q48647846,New York Stock Exchange,CJ,,,,,
http://www.wikidata.org/entity/Q931200,C. H. Robinson Worldwide,Q931200,Nasdaq,CHRW,logistics,,,,
http://www.wikidata.org/entity/Q104081972,C3.ai,Q104081972,Nasdaq,AI,software industry,,,,
http://www.wikidata.org/entity/Q600624,CA Technologies,Q600624,Nasdaq,CA,enterprise software,,,,
http://www.wikidata.org/entity/Q1022711,CACI,Q1022711,New York Stock Exchange,CACI,information technology industry; professional services industry,,,3490000000,2018-01-01T00:00:00Z
http://www.wikidata.org/entity/Q180922,CAE Inc.,Q180922,New York Stock Exchange,CAE,aerospace engineering,,,1010000000,2018-01-01T00:00:00Z
http://www.wikidata.org/entity/Q16955055,CAMCO FINANCIAL,Q16955055,Nasdaq,CAFI,financial services,,,,
http://www.wikidata.org/entity/Q121032877,CBAK Energy Technology Inc.,Q121032877,Nasdaq,CBAT,battery industry,,,,
http://www.wikidata.org/entity/Q5009135,CBL Properties,Q5009135,New York Stock Exchange,CBL,real estate investment trust,,,,
http://www.wikidata.org/entity/Q1023013,CBRE Group,Q1023013,New York Stock Exchange,CBRE,real estate industry,,,30828246000,2022-01-01T00:00:00Z
http://www.wikidata.org/entity/Q950380,CBS Corporation,Q950380,New York Stock Exchange,CBSA,television; radio broadcasting; publishing; media industry,,,,
http://www.wikidata.org/entity/Q2990393,CCU,Q2990393,New York Stock Exchange,ccu,brewing industry,,,,
http://www.wikidata.org/entity/Q5009947,CDI Corporation,Q5009947,New York Stock Exchange,CDI,,,,,
http://www.wikidata.org/entity/Q1023155,CDW,Q1023155,Nasdaq,CDW,business-to-business,,,,
http://www.wikidata.org/entity/Q905806,CF Industries,Q905806,New York Stock Exchange,CF,chemical industry,,,,
http://www.wikidata.org/entity/Q1798370,CGI Group,Q1798370,New York Stock Exchange,GIB,information technology consulting; IT service management,,,,
http://www.wikidata.org/entity/Q2071877,CHC Helicopter,Q2071877,New York Stock Exchange,HELI,transport,,,,
http://www.wikidata.org/entity/Q5011381,CHS Inc.,Q5011381,Nasdaq,CHSCP,food industry,,,38448033000,2021-01-01T00:00:00Z
http://www.wikidata.org/entity/Q5119048,CI&T,Q5119048,New York Stock Exchange,CINT,,,,,
http://www.wikidata.org/entity/Q96574679,CIM Commercial Trust Corporation,Q96574679,Nasdaq,CMCT,real property,691072000,2020-06-22T00:00:00Z,,
http://www.wikidata.org/entity/Q1023765,CIT Group,Q1023765,New York Stock Exchange,,financial services,,,,
http://www.wikidata.org/entity/Q5012733,CLECO,Q5012733,New York Stock Exchange,CNL,electric power industry,,,,
http://www.wikidata.org/entity/Q2188613,CMB.TECH,Q2188613,New York Stock Exchange,CMBT,water transport; petroleum transport,,,,
http://www.wikidata.org/entity/Q5012867,CMC Electronics Inc.,Q5012867,New York Stock Exchange,,,,,,
http://www.wikidata.org/entity/Q1023876,CME Group,Q1023876,Nasdaq,CME,finance,,,5019400000,2022-01-01T00:00:00Z
http://www.wikidata.org/entity/Q5013012,CMS Energy,Q5013012,New York Stock Exchange,CMS,,,,,
http://www.wikidata.org/entity/Q5013072,CNA Financial,Q5013072,New York Stock Exchange,CNA,insurance,,,,
http://www.wikidata.org/entity/Q15238661,CNH Industrial,Q15238661,New York Stock Exchange,CNHI,automotive industry,,,23551000000,2022-01-01T00:00:00Z
http://www.wikidata.org/entity/Q795221,CNOOC Limited,Q795221,New York Stock Exchange,CEO,,,,49800000000,2024-01-01T00:00:00Z
http://www.wikidata.org/entity/Q65066950,CNX Resources,Q65066950,New York Stock Exchange,CNX,petroleum industry,,,,
http://www.wikidata.org/entity/Q118905009,CONMED Corporation,Q118905009,Nasdaq,CNMD,,,,,
http://www.wikidata.org/entity/Q1121216,CPFL Energia,Q1121216,New York Stock Exchange,CPL,,,,,
http://www.wikidata.org/entity/Q5013834,CRA International,Q5013834,Nasdaq,CRAI,,,,,
http://www.wikidata.org/entity/Q1053299,CRH,Q1053299,New York Stock Exchange,CRH,building material,,,,
http://www.wikidata.org/entity/Q104480207,CRISPR Therapeutics,Q104480207,Nasdaq,CRSP,biotechnology industry,,,,
http://www.wikidata.org/entity/Q5014304,CSS Industries,Q5014304,New York Stock Exchange,CSS,,,,,
http://www.wikidata.org/entity/Q16959310,CST Brands,Q16959310,New York Stock Exchange,CST,convenience store,,,,
http://www.wikidata.org/entity/Q1024454,CSX Corporation,Q1024454,Nasdaq,CSX,rail transport,58799000000,2025-05-15T00:00:00Z,14853000000,2022-01-01T00:00:00Z
http://www.wikidata.org/entity/Q1024454,CSX Corporation,Q1024454,New York Stock Exchange,CSX,rail transport,58799000000,2025-05-15T00:00:00Z,14853000000,2022-01-01T00:00:00Z
http://www.wikidata.org/entity/Q4403264,CTC Media,Q4403264,Nasdaq,CTCM,communication,,,27566612000,2017-01-01T00:00:00Z
http://www.wikidata.org/entity/Q16834334,CVR Partners,Q16834334,New York Stock Exchange,,,,,,
http://www.wikidata.org/entity/Q624375,CVS Health,Q624375,New York Stock Exchange,CVS,retail,123000000000,2021-11-22T00:00:00Z,372809000000,2024-01-01T00:00:00Z
http://www.wikidata.org/entity/Q21177770,CYNGN Inc.,Q21177770,Nasdaq,CYN,software development,,,,
http://www.wikidata.org/entity/Q750124,Cabot Corporation,Q750124,New York Stock Exchange,CBT,,,,,
http://www.wikidata.org/entity/Q111384774,Cactus Inc.,Q111384774,New York Stock Exchange,WHD,,,,,
http://www.wikidata.org/entity/Q114820617,Cadence Bancorporation,Q114820617,New York Stock Exchange,CADE,,,,,
http://www.wikidata.org/entity/Q4854138,Cadence Bank,Q4854138,New York Stock Exchange,CADE,financial services,,,,
http://www.wikidata.org/entity/Q608776,Cadence Design Systems,Q608776,Nasdaq,CDNS,software industry,,,,
http://www.wikidata.org/entity/Q18636524,Caesars Entertainment,Q18636524,Nasdaq,CZR,gambling,,,,
http://www.wikidata.org/entity/Q1287771,Caesarstone Sdot-Yam,Q1287771,Nasdaq,CSTE,industrial manufacturing,,,,
http://www.wikidata.org/entity/Q5017084,CafePress,Q5017084,Nasdaq,PRSS,e-commerce,,,,
http://www.wikidata.org/entity/Q5018092,Cal-Maine,Q5018092,Nasdaq,CALM,,,,,
http://www.wikidata.org/entity/Q60742568,CalAmp,Q60742568,Nasdaq,CAMP,telematics; Internet of Things; software as a service,,,,
http://www.wikidata.org/entity/Q6994181,Caladrius Biosciences,Q6994181,Nasdaq,NBS,,,,,
http://www.wikidata.org/entity/Q5018456,Calamos,Q5018456,Nasdaq,CLMS,,,,,
http://www.wikidata.org/entity/Q16850385,Calavo Growers,Q16850385,Nasdaq,CVGW,,,,,
http://www.wikidata.org/entity/Q4112833,Caleres,Q4112833,New York Stock Exchange,CAL,retail,,,,
http://www.wikidata.org/entity/Q5019738,Calgon Carbon,Q5019738,New York Stock Exchange,CCC,,,,,
http://www.wikidata.org/entity/Q7339697,Caliber System,Q7339697,Nasdaq,ROAD,trucking industry,,,,
http://www.wikidata.org/entity/Q7339697,Caliber System,Q7339697,New York Stock Exchange,CBB,trucking industry,,,,
http://www.wikidata.org/entity/Q16985911,California First National Bancorp,Q16985911,Nasdaq,CFNB,,,,,
http://www.wikidata.org/entity/Q15109854,California Pizza Kitchen,Q15109854,Nasdaq,,hospitality industry,,,,
http://www.wikidata.org/entity/Q47394052,California Resources,Q47394052,New York Stock Exchange,CRC,petroleum industry,,,,
http://www.wikidata.org/entity/Q60742531,California Resources Corporation,Q60742531,New York Stock Exchange,CRC,petroleum industry,,,,
http://www.wikidata.org/entity/Q104845916,California Water Service Group,Q104845916,New York Stock Exchange,CWT,water supply,,,846431000,2022-01-01T00:00:00Z
http://www.wikidata.org/entity/Q5021439,Calix,Q5021439,New York Stock Exchange,CALX,telecommunications,,,,
http://www.wikidata.org/entity/Q1027181,Callaway Golf Company,Q1027181,New York Stock Exchange,MODG,,,,,
http://www.wikidata.org/entity/Q15211487,CallidusCloud,Q15211487,Nasdaq,CALD,enterprise software,,,,
http://www.wikidata.org/entity/Q5023914,Calpine,Q5023914,New York Stock Exchange,CPN,,,,,
http://www.wikidata.org/entity/Q5024089,Calumet Lubricants,Q5024089,Nasdaq,CLMT,industrial manufacturing,,,,
http://www.wikidata.org/entity/Q5025090,Cambium Learning Group,Q5025090,Nasdaq,ABCD,,,,,
http://www.wikidata.org/entity/Q84564030,Cambium Networks,Q84564030,Nasdaq,CMBM,,,,,
http://www.wikidata.org/entity/Q5025239,Cambrex Corporation,Q5025239,New York Stock Exchange,,pharmaceutical industry,,,,
http://www.wikidata.org/entity/Q5025351,Cambridge Antibody Technology,Q5025351,Nasdaq,CATG,,,,,
http://www.wikidata.org/entity/Q123616697,Camden National Corporation,Q123616697,Nasdaq,CAC,,,,,
http://www.wikidata.org/entity/Q5025803,Camden Property Trust,Q5025803,New York Stock Exchange,CPT,real estate investment trust,,,,
http://www.wikidata.org/entity/Q1028449,Cameco,Q1028449,New York Stock Exchange,CCJ,mining,,,1475000000,2021-01-01T00:00:00Z
http://www.wikidata.org/entity/Q2934771,Cameron International,Q2934771,New York Stock Exchange,CAM,,,,,
http://www.wikidata.org/entity/Q1030544,Campbell's,Q1030544,New York Stock Exchange,CPB,food industry,,,,
http://www.wikidata.org/entity/Q5028383,Camping World,Q5028383,New York Stock Exchange,CWH,retail,,,,
http://www.wikidata.org/entity/Q96482303,Can Fite Biopharma,Q96482303,New York Stock Exchange,CANF,biopharmaceutical,79127000,2022-11-15T00:00:00Z,,
http://www.wikidata.org/entity/Q24909030,Canaan Creative,Q24909030,Nasdaq,CAN,consumer electronics industry; computer hardware industry,,,,
http://www.wikidata.org/entity/Q666694,Canadian Imperial Bank of Commerce,Q666694,New York Stock Exchange,CM,economics of banking; financial services; financial sector,,,,
http://www.wikidata.org/entity/Q624798,Canadian National Railway,Q624798,New York Stock Exchange,CNI,rail freight transport,,,,
http://www.wikidata.org/entity/Q1032229,Canadian Natural Resources,Q1032229,New York Stock Exchange,CNQ,,,,,
http://www.wikidata.org/entity/Q1032244,Canadian Oil Sands Limited,Q1032244,New York Stock Exchange,SU,,,,,
http://www.wikidata.org/entity/Q117706368,Canadian Pacific Kansas City,Q117706368,New York Stock Exchange,CP,logistics; transport industry,,,,
http://www.wikidata.org/entity/Q1032353,Canadian Solar,Q1032353,Nasdaq,CSIQ,,,,,
http://www.wikidata.org/entity/Q121323756,Canadian Solar Inc.,Q121323756,Nasdaq,CSIQ,,,,,
http://www.wikidata.org/entity/Q30283508,Candel Therapeutics,Q30283508,Nasdaq,CADL,pharmaceutical industry,,,,
http://www.wikidata.org/entity/Q62621,Canon Inc.,Q62621,New York Stock Exchange,CAJ,electronics; electrical industry,,,3401000000000,2016-01-01T00:00:00Z
http://www.wikidata.org/entity/Q99482082,Canoo,Q99482082,Nasdaq,GOEV,automotive industry,,,,
http://www.wikidata.org/entity/Q5033676,Canterbury Park,Q5033676,Nasdaq,CPHC,,,,,
http://www.wikidata.org/entity/Q5035257,Capella Education Company,Q5035257,Nasdaq,CPLA,,,,,
http://www.wikidata.org/entity/Q5035481,Capital Bank Financial,Q5035481,Nasdaq,CBF,bank holding company,,,,
http://www.wikidata.org/entity/Q5035503,Capital Cargo International Airlines,Q5035503,Nasdaq,ATSG,,,,,
http://www.wikidata.org/entity/Q1034654,Capital One,Q1034654,New York Stock Exchange,COF,financial services,,,34250000000,2022-01-01T00:00:00Z
http://www.wikidata.org/entity/Q5035425,CapitalSource,Q5035425,Nasdaq,PACW,bank,,,,
http://www.wikidata.org/entity/Q5035425,CapitalSource,Q5035425,New York Stock Exchange,,bank,,,,
http://www.wikidata.org/entity/Q5035870,Capitol Federal Savings Bank,Q5035870,Nasdaq,CFFN,financial services,,,,
http://www.wikidata.org/entity/Q19572998,Capri Holdings,Q19572998,New York Stock Exchange,CPRI,clothing industry,,,,
http://www.wikidata.org/entity/Q19572998,Capri Holdings,Q19572998,Nasdaq,KORS,clothing industry,,,,
http://www.wikidata.org/entity/Q5036376,Capstone Turbine,Q5036376,Nasdaq,CPST,,,,,
http://www.wikidata.org/entity/Q17050423,CarGurus,Q17050423,Nasdaq,CARG,,,,,
http://www.wikidata.org/entity/Q5037190,CarMax,Q5037190,New York Stock Exchange,KMX,,,,,
http://www.wikidata.org/entity/Q94777120,CarParts.com,Q94777120,Nasdaq,PRTS,automotive aftermarket,,,,
http://www.wikidata.org/entity/Q5038056,Carbonite,Q5038056,Nasdaq,CARB,,,,,
http://www.wikidata.org/entity/Q5038528,Cardinal Bank,Q5038528,Nasdaq,CFNL,financial services,,,,
http://www.wikidata.org/entity/Q902397,Cardinal Health,Q902397,New York Stock Exchange,CAH,health care,,,181364000000,2022-01-01T00:00:00Z
http://www.wikidata.org/entity/Q103793759,Cardlytics,Q103793759,Nasdaq,CDLX,loyalty marketing,,,,
http://www.wikidata.org/entity/Q50239180,Cardtronics,Q50239180,Nasdaq,CATM,ATM operator,,,,
http://www.wikidata.org/entity/Q17141146,CareCloud,Q17141146,Nasdaq,MTBC,health information technology,,,,
http://www.wikidata.org/entity/Q5038833,CareFusion,Q5038833,New York Stock Exchange,,health technology,,,,
http://www.wikidata.org/entity/Q5038907,Career Education Corporation,Q5038907,Nasdaq,CECO,,,,,
http://www.wikidata.org/entity/Q50039478,Caris Life Sciences (United States),Q50039478,Nasdaq,CAI,,,,,
http://www.wikidata.org/entity/Q5041354,Carlisle Companies,Q5041354,New York Stock Exchange,CSL,industrial manufacturing,,,,
http://www.wikidata.org/entity/Q926806,Carlyle Group,Q926806,Nasdaq,CG,financial services,,,,
http://www.wikidata.org/entity/Q2939652,Carmike Cinemas,Q2939652,Nasdaq,CKEC,entertainment industry,,,,
http://www.wikidata.org/entity/Q1044059,Carnival Corporation,Q1044059,New York Stock Exchange,CCL,,,,,
http://www.wikidata.org/entity/Q5045738,Carpenter Technology Corporation,Q5045738,New York Stock Exchange,CRS,iron and steel industry,,,,
http://www.wikidata.org/entity/Q731912,Carrier Corporation,Q731912,New York Stock Exchange,CARR,"heating, ventilation, and air conditioning; construction industry",,,,
http://www.wikidata.org/entity/Q17078981,Carrols Restaurant Group,Q17078981,Nasdaq,TAST,,,,,
http://www.wikidata.org/entity/Q5047083,Carter's,Q5047083,New York Stock Exchange,CRI,,,,,
http://www.wikidata.org/entity/Q16247191,Carvana,Q16247191,New York Stock Exchange,CVNA,e-commerce,,,,
http://www.wikidata.org/entity/Q5047528,Carver Bancorp,Q5047528,Nasdaq,CARV,finance,,,,
http://www.wikidata.org/entity/Q17986287,"Carver Bancorp, Inc.",Q17986287,Nasdaq,CARV,,,,,
http://www.wikidata.org/entity/Q5048150,Cascade Microtech,Q5048150,Nasdaq,CSCD,,,,,
http://www.wikidata.org/entity/Q5048400,Casella Waste Systems,Q5048400,Nasdaq,CWST,waste management,,,,
http://www.wikidata.org/entity/Q2940968,Casey's General Stores,Q2940968,Nasdaq,CASY,retail,,,,
http://www.wikidata.org/entity/Q20539294,Casper,Q20539294,New York Stock Exchange,CSPR,bedding,,,,
http://www.wikidata.org/entity/Q111982872,Cassava Sciences,Q111982872,Nasdaq,SAVA,pharmaceutical industry,,,,
http://www.wikidata.org/entity/Q16967103,Castlight Health,Q16967103,New York Stock Exchange,CSLT,,,,,
http://www.wikidata.org/entity/Q124040368,Castor Maritime,Q124040368,New York Stock Exchange,CTRM,,,,,
http://www.wikidata.org/entity/Q17143508,Catabasis Pharmaceuticals,Q17143508,Nasdaq,CATB,,,,,
http://www.wikidata.org/entity/Q19866242,Catalent Pharma Solutions,Q19866242,New York Stock Exchange,CTLT,pharmaceutical industry,,,,
http://www.wikidata.org/entity/Q18149200,Catalyst Pharmaceuticals,Q18149200,Nasdaq,CPRX,biotechnology,,,,
http://www.wikidata.org/entity/Q5051394,Catamaran Corporation,Q5051394,Nasdaq,,pharmacy benefits manager,,,,
http://www.wikidata.org/entity/Q459965,Caterpillar Inc.,Q459965,New York Stock Exchange,CAT,mechanical engineering,75000000000,2018-04-13T00:00:00Z,59427000000,2022-01-01T00:00:00Z
http://www.wikidata.org/entity/Q4189507,Cathay Bank,Q4189507,Nasdaq,CATY,financial services; financial sector,,,,
http://www.wikidata.org/entity/Q16956136,Cato Corporation,Q16956136,New York Stock Exchange,CATO,retail; clothing industry,,,,
http://www.wikidata.org/entity/Q85751038,Cava Group,Q85751038,New York Stock Exchange,CAVA,restaurant,,,,
http://www.wikidata.org/entity/Q5055187,Cavium,Q5055187,Nasdaq,CAVM,,,,,
http://www.wikidata.org/entity/Q5055619,Cbeyond,Q5055619,Nasdaq,,,,,,
http://www.wikidata.org/entity/Q30635731,"Cboe Global Markets, Inc.",Q30635731,Nasdaq,CBOE,,,,,
http://www.wikidata.org/entity/Q657648,Cedar Fair,Q657648,New York Stock Exchange,FUN,leisure park industry,,,,
http://www.wikidata.org/entity/Q5056859,Cedar Realty Trust,Q5056859,New York Stock Exchange,,,,,,
http://www.wikidata.org/entity/Q5057419,Celadon Group,Q5057419,New York Stock Exchange,CGI,transport; logistics,,,,
http://www.wikidata.org/entity/Q547450,Celanese Corporation,Q547450,New York Stock Exchange,CE,chemical industry,,,9673000000,2022-01-01T00:00:00Z
http://www.wikidata.org/entity/Q225440,Celestica,Q225440,New York Stock Exchange,CLS,electronics,,,,
http://www.wikidata.org/entity/Q842947,Celgene,Q842947,Nasdaq,CELG,pharmaceutical industry,,,,
http://www.wikidata.org/entity/Q2450722,Cellcom Israel Ltd.,Q2450722,New York Stock Exchange,CEL,telecommunications; mobile phone industry,2931770000,2022-11-15T00:00:00Z,,
http://www.wikidata.org/entity/Q30281437,Celldex Therapeutics,Q30281437,Nasdaq,CLDX,,,,,
http://www.wikidata.org/entity/Q2943995,Cellectis,Q2943995,Nasdaq,CLLS,research and development in biotechnology,,,,
http://www.wikidata.org/entity/Q5058678,Cementos Pacasmayo,Q5058678,New York Stock Exchange,CPAC,,,,,
http://www.wikidata.org/entity/Q1053348,Cemex,Q1053348,New York Stock Exchange,LR,construction materials industry,,,,
http://www.wikidata.org/entity/Q470156,Cencora,Q470156,New York Stock Exchange,ABC,pharmaceutical industry,,,238587006000,2022-01-01T00:00:00Z
http://www.wikidata.org/entity/Q1053372,Cencosud,Q1053372,New York Stock Exchange,,retail,,,,
http://www.wikidata.org/entity/Q1053422,Cenovus Energy,Q1053422,New York Stock Exchange,CVE,petroleum industry,,,,
http://www.wikidata.org/entity/Q5059102,Centene Corporation,Q5059102,New York Stock Exchange,CNC,health care,,,144547000000,2022-01-01T00:00:00Z
http://www.wikidata.org/entity/Q1053560,CenterPoint Energy,Q1053560,New York Stock Exchange,CNP,electricity generation,,,9321000000,2022-01-01T00:00:00Z
http://www.wikidata.org/entity/Q3742240,Centerra Gold,Q3742240,New York Stock Exchange,CGAU,mining,,,,
http://www.wikidata.org/entity/Q1053787,Central European Media Enterprises,Q1053787,Nasdaq,CETV,mass media,,,,
http://www.wikidata.org/entity/Q5061578,Central Pacific Bank,Q5061578,New York Stock Exchange,CPF,,,,,
http://www.wikidata.org/entity/Q3893521,Centrus Energy,Q3893521,New York Stock Exchange,,,,,,
http://www.wikidata.org/entity/Q18619982,Century Aluminum,Q18619982,Nasdaq,CENX,,,,,
http://www.wikidata.org/entity/Q5063137,Century Casinos,Q5063137,Nasdaq,CNTY,gambling,,,,
http://www.wikidata.org/entity/Q16956471,Cenveo,Q16956471,New York Stock Exchange,,,,,,
http://www.wikidata.org/entity/Q15964713,Cepheid,Q15964713,Nasdaq,CPHD,,,,,
http://www.wikidata.org/entity/Q5063604,Ceradyne,Q5063604,Nasdaq,,,,,,
http://www.wikidata.org/entity/Q5063615,Ceragon,Q5063615,Nasdaq,CRNT,telecommunications,,,,
http://www.wikidata.org/entity/Q111387693,Cerence Inc.,Q111387693,Nasdaq,CRNC,artificial intelligence; automotive industry,,,,
http://www.wikidata.org/entity/Q16858748,"Ceres, Inc.",Q16858748,Nasdaq,CERE,biotechnology,,,,
http://www.wikidata.org/entity/Q1055390,Cerner,Q1055390,Nasdaq,CERN,health care,,,,
http://www.wikidata.org/entity/Q3648676,"Ceva, Inc.",Q3648676,Nasdaq,,,,,,
http://www.wikidata.org/entity/Q5072155,Changyou,Q5072155,Nasdaq,CYOU,video game industry,,,,
http://www.wikidata.org/entity/Q18205935,ChannelAdvisor,Q18205935,New York Stock Exchange,,e-commerce,,,,
http://www.wikidata.org/entity/Q5176149,ChargePoint,Q5176149,New York Stock Exchange,CHPT,charging station; electric vehicle charging network,,,,
http://www.wikidata.org/entity/Q5082076,Charles River Laboratories,Q5082076,New York Stock Exchange,CRL,,,,,
http://www.wikidata.org/entity/Q1066028,Charles Schwab Corporation,Q1066028,New York Stock Exchange,SCHW,financial services,,,20762000000,2022-01-01T00:00:00Z
http://www.wikidata.org/entity/Q16829282,Charm Communications,Q16829282,Nasdaq,CHRM,advertising,,,,
http://www.wikidata.org/entity/Q22661749,"Chart Industries, Inc",Q22661749,Nasdaq,GTLS,energy storage; medical device,,,,
http://www.wikidata.org/entity/Q2961234,Charter Communications,Q2961234,Nasdaq,CHTR,telecommunications,,,54022000000,2022-01-01T00:00:00Z
http://www.wikidata.org/entity/Q176587,Check Point,Q176587,Nasdaq,CHKP,computer security software,,,,
http://www.wikidata.org/entity/Q5089169,Checkpoint Systems,Q5089169,New York Stock Exchange,CKP,,,,,
http://www.wikidata.org/entity/Q18111091,Cheetah Mobile,Q18111091,New York Stock Exchange,CMCM,mobile app,,,,
http://www.wikidata.org/entity/Q5089544,Chegg,Q5089544,New York Stock Exchange,CHGG,educational technology,,,,
http://www.wikidata.org/entity/Q5090406,Chemical Financial Corporation,Q5090406,Nasdaq,CHFC,,,,,
http://www.wikidata.org/entity/Q20630716,Chemours,Q20630716,New York Stock Exchange,CC,chemical industry,,,,
http://www.wikidata.org/entity/Q5090664,Chemtura,Q5090664,New York Stock Exchange,CHMT,chemical industry,,,,
http://www.wikidata.org/entity/Q5092882,Chesapeake Utilities,Q5092882,New York Stock Exchange,CPK,,,,,
http://www.wikidata.org/entity/Q319642,Chevron Corporation,Q319642,New York Stock Exchange,CVX,petroleum industry,,,202792000000,2024-01-01T00:00:00Z
http://www.wikidata.org/entity/Q28130158,Chewy,Q28130158,New York Stock Exchange,CHWY,retail,,,,
http://www.wikidata.org/entity/Q5095516,Chicago Bridge & Iron Company,Q5095516,New York Stock Exchange,CBI,,,,,
http://www.wikidata.org/entity/Q130244078,Chicken Soup for the Soul Entertainment,Q130244078,Nasdaq,CSSE,,,,,
http://www.wikidata.org/entity/Q5096393,Chico's FAS,Q5096393,New York Stock Exchange,CHS,retail,,,,
http://www.wikidata.org/entity/Q5098617,Childs Restaurants,Q5098617,Nasdaq,SNSTA,restaurant,,,,
http://www.wikidata.org/entity/Q5099579,China Automotive Systems,Q5099579,Nasdaq,CAAS,,,,,
http://www.wikidata.org/entity/Q5099601,"China Biologic Products, Inc.",Q5099601,Nasdaq,CBPO,biotechnology,,,,
http://www.wikidata.org/entity/Q5099683,China Fire and Security Group,Q5099683,Nasdaq,CSFG,,,,,
http://www.wikidata.org/entity/Q5099702,China Green Agriculture,Q5099702,New York Stock Exchange,,,,,,
http://www.wikidata.org/entity/Q5099719,China Housing and Land Development,Q5099719,Nasdaq,CHLN,construction,,,,
http://www.wikidata.org/entity/Q1073306,China Life Insurance Company,Q1073306,New York Stock Exchange,LFC,insurance industry,,,768438310000,2018-01-01T00:00:00Z
http://www.wikidata.org/entity/Q137259905,China Mobile Games and Entertainment Group Limited,Q137259905,Nasdaq,CMGE,video game industry; game industry,,,,
http://www.wikidata.org/entity/Q5099817,China Nepstar,Q5099817,New York Stock Exchange,NPD,pharmaceutical industry,,,,
http://www.wikidata.org/entity/Q5099924,China Sunergy,Q5099924,Nasdaq,CSUN,,,,,
http://www.wikidata.org/entity/Q24834296,China Telecom,Q24834296,New York Stock Exchange,CHA,telecommunications,,,,
http://www.wikidata.org/entity/Q1073540,China Telecommunications Corporation,Q1073540,New York Stock Exchange,CHA,terrestrial television; telecommunications,,,454492060000,2018-01-01T00:00:00Z
http://www.wikidata.org/entity/Q1068485,China Unicom,Q1068485,New York Stock Exchange,CHU,telecommunications; mobile phone industry,,,292185290000,2018-01-01T00:00:00Z
http://www.wikidata.org/entity/Q16957733,China Yuchai International,Q16957733,New York Stock Exchange,CYD,automotive part,,,,
http://www.wikidata.org/entity/Q5099546,ChinaCache,Q5099546,Nasdaq,CCIH,,,,,
http://www.wikidata.org/entity/Q465751,Chipotle Mexican Grill,Q465751,New York Stock Exchange,CMG,fast food,,,4500000000,2015-01-01T00:00:00Z
http://www.wikidata.org/entity/Q1074666,Chiquita Brands International,Q1074666,New York Stock Exchange,CQB,agribusiness; crop production; agricultural and food trade,,,,
http://www.wikidata.org/entity/Q1075788,Choice Hotels,Q1075788,New York Stock Exchange,CHH,hospitality industry,,,,
http://www.wikidata.org/entity/Q20486949,Chord Energy Corporation,Q20486949,New York Stock Exchange,WLL,petroleum industry,,,3646794000,2022-01-01T00:00:00Z
http://www.wikidata.org/entity/Q20486933,Chord Energy Corporation,Q20486933,Nasdaq,CHRD,petroleum industry,,,,
http://www.wikidata.org/entity/Q5104985,Chordiant,Q5104985,Nasdaq,CHRD,software industry,,,,
http://www.wikidata.org/entity/Q5111816,Christopher & Banks,Q5111816,New York Stock Exchange,,retail,,,,
http://www.wikidata.org/entity/Q1089060,Chubb Corp.,Q1089060,New York Stock Exchange,CB,insurance,,,55753000000,2024-01-01T00:00:00Z
http://www.wikidata.org/entity/Q2438391,Chuck E. Cheese,Q2438391,New York Stock Exchange,CHKY,quick service restaurant sector,,,,
http://www.wikidata.org/entity/Q717531,Chunghwa Telecom,Q717531,New York Stock Exchange,CHT,telecommunications; mobile phone industry,,,,
http://www.wikidata.org/entity/Q5116536,Church & Dwight,Q5116536,New York Stock Exchange,CHD,,,,,
http://www.wikidata.org/entity/Q5118174,Churchill Downs Incorporated,Q5118174,Nasdaq,CHDN,gambling industry,,,,
http://www.wikidata.org/entity/Q5118415,Chuy's,Q5118415,Nasdaq,CHUY,restaurant,,,,
http://www.wikidata.org/entity/Q5118603,Chyron Corporation,Q5118603,Nasdaq,CHYR,,,,,
http://www.wikidata.org/entity/Q30268897,Cidara Therapeutics,Q30268897,Nasdaq,CDTX,pharmaceutical industry,,,,
http://www.wikidata.org/entity/Q1091783,Ciena,Q1091783,Nasdaq,,telecommunications,,,,
http://www.wikidata.org/entity/Q1091783,Ciena,Q1091783,New York Stock Exchange,CIEN,telecommunications,,,,
http://www.wikidata.org/entity/Q16829606,Cimarex Energy,Q16829606,New York Stock Exchange,XEC,petroleum industry,,,,
http://www.wikidata.org/entity/Q642372,Cimatron,Q642372,Nasdaq,CIMT,software industry,,,,
http://www.wikidata.org/entity/Q22121865,Cimpress,Q22121865,Nasdaq,CMPR,,,,,
http://www.wikidata.org/entity/Q5120253,Cincinnati Financial,Q5120253,Nasdaq,CINF,insurance,,,6557000000,2022-01-01T00:00:00Z
http://www.wikidata.org/entity/Q707530,Cinemark,Q707530,New York Stock Exchange,CNK,,,,,
http://www.wikidata.org/entity/Q16247698,Cineverse,Q16247698,Nasdaq,CIDM,outline of entertainment,,,,
http://www.wikidata.org/entity/Q1092571,Cintas,Q1092571,Nasdaq,CTAS,tertiary sector of the economy,,,8815769000,2022-01-01T00:00:00Z
http://www.wikidata.org/entity/Q1067998,Cirrus Logic,Q1067998,Nasdaq,CRUS,semiconductor industry,,,,
http://www.wikidata.org/entity/Q173395,Cisco,Q173395,Nasdaq,CSCO,networking hardware; telecommunications; Infrastructure Platform,393380000000,2026-05-05T00:00:00Z,56654000000,2025-01-01T00:00:00Z
http://www.wikidata.org/entity/Q931233,Cision,Q931233,New York Stock Exchange,CISN,public relations; software industry,,,,
http://www.wikidata.org/entity/Q5122438,Citi Trends,Q5122438,Nasdaq,CTRN,retail,,,,
http://www.wikidata.org/entity/Q219508,Citigroup,Q219508,New York Stock Exchange,C,"bank; financial services; International Standard Industrial Classification; financial service activities, except insurance and pension funding",141873000000,2025-05-16T00:00:00Z,81139000000,2024-01-01T00:00:00Z
http://www.wikidata.org/entity/Q119075727,Citizens & Farmers Bank,Q119075727,Nasdaq,CFFI,,,,,
http://www.wikidata.org/entity/Q5122694,Citizens Financial Group,Q5122694,New York Stock Exchange,CFG,economics of banking; financial services; financial sector,,,8021000000,2022-01-01T00:00:00Z
http://www.wikidata.org/entity/Q916196,Citrix Systems,Q916196,Nasdaq,CTXS,technology; software industry,,,3236700000,2020-01-01T00:00:00Z
http://www.wikidata.org/entity/Q5123314,City National Bank,Q5123314,New York Stock Exchange,CYN,,,,,
http://www.wikidata.org/entity/Q420597,City Telecom,Q420597,Nasdaq,CTEL,telecommunications,,,,
http://www.wikidata.org/entity/Q5124096,Citysearch,Q5124096,Nasdaq,IACI,,,,,
http://www.wikidata.org/entity/Q17153461,Civeo Corporation,Q17153461,New York Stock Exchange,CVEO,petroleum industry,,,,
http://www.wikidata.org/entity/Q16958713,Clarcor,Q16958713,New York Stock Exchange,CLC,membrane; gas turbine,,,,
http://www.wikidata.org/entity/Q132544684,Claritev,Q132544684,New York Stock Exchange,CTEV,,,,,
http://www.wikidata.org/entity/Q5127720,Claro Colombia,Q5127720,Nasdaq,AMOV,telecommunications; mobile phone industry,,,,
http://www.wikidata.org/entity/Q16988318,Clean Diesel Technologies,Q16988318,Nasdaq,CDTI,,,,,
http://www.wikidata.org/entity/Q5130494,Clean Harbors,Q5130494,New York Stock Exchange,CLH,waste management,,,,
http://www.wikidata.org/entity/Q124060486,CleanSpark,Q124060486,Nasdaq,CLSK,,,,,
http://www.wikidata.org/entity/Q5130656,Clear Channel Outdoor,Q5130656,New York Stock Exchange,CCO,mass media,,,,
http://www.wikidata.org/entity/Q25245477,Clear Secure,Q25245477,New York Stock Exchange,YOU,,,,,
http://www.wikidata.org/entity/Q19866632,ClearSign Combustion,Q19866632,Nasdaq,CLIR,,,,,
http://www.wikidata.org/entity/Q22022108,"Clearfield, Inc.",Q22022108,Nasdaq,CLFD,,,,,
http://www.wikidata.org/entity/Q22022108,"Clearfield, Inc.",Q22022108,New York Stock Exchange,,,,,,
http://www.wikidata.org/entity/Q17509919,Clearwater Analytics,Q17509919,New York Stock Exchange,CWAN,financial services,,,,
http://www.wikidata.org/entity/Q5130952,Clearwater Paper,Q5130952,New York Stock Exchange,CLW,pulp and paper industry,,,,
http://www.wikidata.org/entity/Q5130975,Clearwire,Q5130975,Nasdaq,,telecommunications,,,,
http://www.wikidata.org/entity/Q5132065,Cleveland BioLabs,Q5132065,Nasdaq,CBLI,,,,,
http://www.wikidata.org/entity/Q5133094,Cleveland-Cliffs,Q5133094,New York Stock Exchange,CLF,iron and steel industry,,,22989000000,2022-01-01T00:00:00Z
http://www.wikidata.org/entity/Q5132401,ClickSoftware Technologies,Q5132401,Nasdaq,CKSW,business software,,,,
http://www.wikidata.org/entity/Q910368,Clorox,Q910368,New York Stock Exchange,CLX,food industry,,,,
http://www.wikidata.org/entity/Q16988355,Cloud Peak Energy,Q16988355,New York Stock Exchange,CLD,,,,,
http://www.wikidata.org/entity/Q2979728,Cloudera,Q2979728,New York Stock Exchange,CLDR,data analytics software industry,,,,
http://www.wikidata.org/entity/Q4778915,Cloudflare,Q4778915,New York Stock Exchange,NET,information and communications technology; Software Publishers,,,656426000,2021-01-01T00:00:00Z
http://www.wikidata.org/entity/Q22079519,Clover Health,Q22079519,Nasdaq,CLOV,health care,,,,
http://www.wikidata.org/entity/Q23786068,Clovis Oncology,Q23786068,Nasdaq,CLVS,pharmaceutical industry,,,,
http://www.wikidata.org/entity/Q5136077,ClubCorp,Q5136077,Nasdaq,MYCC,,,,,
http://www.wikidata.org/entity/Q18324720,Cnova,Q18324720,Nasdaq,CNV,e-commerce,,,,
http://www.wikidata.org/entity/Q16988748,CoStar Group,Q16988748,Nasdaq,CSGP,information technology; residential property; commercial property; real estate industry,,,,
http://www.wikidata.org/entity/Q727697,Coach,Q727697,New York Stock Exchange,COH,,,,,
http://www.wikidata.org/entity/Q16829833,Cobalt International Energy,Q16829833,New York Stock Exchange,,petroleum industry,,,,
http://www.wikidata.org/entity/Q3052066,Coca-Cola Andina,Q3052066,New York Stock Exchange,ANDINA,beverage industry,,,,
http://www.wikidata.org/entity/Q5139058,"Coca-Cola Consolidated, Inc.",Q5139058,Nasdaq,COKE,food processing; beverage industry,,,,
http://www.wikidata.org/entity/Q2981188,Coca-Cola Enterprises,Q2981188,New York Stock Exchange,,beverage industry,,,,
http://www.wikidata.org/entity/Q20714863,Coca-Cola FEMSA,Q20714863,New York Stock Exchange,KOF,beverage industry,,,,
http://www.wikidata.org/entity/Q5140043,Code Rebel,Q5140043,Nasdaq,CDRB,software industry,,,,
http://www.wikidata.org/entity/Q5140275,Codexis,Q5140275,Nasdaq,CDXS,protein engineering,,,,
http://www.wikidata.org/entity/Q386193,Coeur Mining,Q386193,New York Stock Exchange,CDE,mining,,,,
http://www.wikidata.org/entity/Q1106938,Cogent Communications,Q1106938,Nasdaq,CCOI,telecommunications,,,,
http://www.wikidata.org/entity/Q2981857,Cognex Corporation,Q2981857,Nasdaq,CGNX,,,,,
http://www.wikidata.org/entity/Q1107035,Cognizant Technology Solutions,Q1107035,Nasdaq,CTSH,information technology industry; consulting industry,,,19428000000,2022-01-01T00:00:00Z
http://www.wikidata.org/entity/Q115056594,Cohen & Steers,Q115056594,New York Stock Exchange,CNS,,,,,
http://www.wikidata.org/entity/Q1107088,"Coherent, Inc.",Q1107088,Nasdaq,COHR,,,,,
http://www.wikidata.org/entity/Q16972754,Coinbase,Q16972754,Nasdaq,COIN,Bitcoin; fintech; cryptocurrency exchange; cryptocurrency industry,,,3194208000,2022-01-01T00:00:00Z
http://www.wikidata.org/entity/Q5141641,Coinstar,Q5141641,Nasdaq,OUTR,,,,,
http://www.wikidata.org/entity/Q2579502,Colfax Corporation,Q2579502,New York Stock Exchange,ENOV,health technology,,,,
http://www.wikidata.org/entity/Q609466,Colgate-Palmolive Company,Q609466,New York Stock Exchange,CL,personal care product,,,17967000000,2022-01-01T00:00:00Z
http://www.wikidata.org/entity/Q5145786,CollabRx,Q5145786,Nasdaq,CLRX,,,,,
http://www.wikidata.org/entity/Q5147194,Colliers International,Q5147194,Nasdaq,CIGI,,,,,
http://www.wikidata.org/entity/Q5148361,Colonial Properties,Q5148361,New York Stock Exchange,CLP,real estate investment trust,,,,
http://www.wikidata.org/entity/Q7881772,Columbia Bank,Q7881772,Nasdaq,UMPQ,economics of banking; financial services,,,,
http://www.wikidata.org/entity/Q1112588,Columbia Sportswear Company,Q1112588,Nasdaq,COLM,textile industry,,,,
http://www.wikidata.org/entity/Q2300605,Com21,Q2300605,Nasdaq,CMTO,computer network,,,,
http://www.wikidata.org/entity/Q5150796,CombiMatrix,Q5150796,Nasdaq,CBMX,,,,,
http://www.wikidata.org/entity/Q5150796,CombiMatrix,Q5150796,New York Stock Exchange,NVTA,,,,,
http://www.wikidata.org/entity/Q1113804,Comcast,Q1113804,Nasdaq,CMCSA,telecommunications,,,123731000000,2024-01-01T00:00:00Z
http://www.wikidata.org/entity/Q1114148,Comerica,Q1114148,New York Stock Exchange,CMA,economics of banking; financial services; financial sector,,,,
http://www.wikidata.org/entity/Q5151691,Comfort Systems USA,Q5151691,New York Stock Exchange,FIX,"heating, ventilation, and air conditioning",,,,
http://www.wikidata.org/entity/Q5152057,CommScope,Q5152057,Nasdaq,COMM,telecommunications,,,,
http://www.wikidata.org/entity/Q5152058,CommVault Systems,Q5152058,Nasdaq,CVLT,information technology,,,,
http://www.wikidata.org/entity/Q5152411,Commerce Bancshares,Q5152411,Nasdaq,CBSH,financial sector,,,,
http://www.wikidata.org/entity/Q5152510,Commercial Metals Company,Q5152510,New York Stock Exchange,CMC,iron and steel industry,,,,
http://www.wikidata.org/entity/Q5152539,Commercial Vehicle Group,Q5152539,Nasdaq,CVGI,,,,,
http://www.wikidata.org/entity/Q2895160,Commtouch,Q2895160,Nasdaq,CYRN,software industry,,,,
http://www.wikidata.org/entity/Q5154635,"Community Bank, N.A.",Q5154635,New York Stock Exchange,CBU,economics of banking; financial services; financial sector,,,,
http://www.wikidata.org/entity/Q5154770,Community Health Systems,Q5154770,New York Stock Exchange,CYH,health care industry,,,,
http://www.wikidata.org/entity/Q16950619,Community West Bancshares,Q16950619,Nasdaq,CWBC,financial services,,,,
http://www.wikidata.org/entity/Q5154604,CommunityOne Bank,Q5154604,Nasdaq,COB,bank,,,,
http://www.wikidata.org/entity/Q1121202,Companhia Energética de Minas Gerais,Q1121202,New York Stock Exchange,CIG,,,,,
http://www.wikidata.org/entity/Q1130970,Companhia Paranaense de Energia,Q1130970,New York Stock Exchange,ELP,,,,,
http://www.wikidata.org/entity/Q400384,Companhia Siderúrgica Nacional,Q400384,New York Stock Exchange,SID,metal industry; iron and steel industry,,,,
http://www.wikidata.org/entity/Q324603,Compaq,Q324603,Nasdaq,CPQ,computer industry; consumer electronics industry,,,,
http://www.wikidata.org/entity/Q22674043,Compass Diversified,Q22674043,New York Stock Exchange,CODI,,,,,
http://www.wikidata.org/entity/Q48740858,Compass Inc.,Q48740858,New York Stock Exchange,COMP,,,,,
http://www.wikidata.org/entity/Q5156101,Compass Minerals,Q5156101,New York Stock Exchange,CMP,mining industry,,,,
http://www.wikidata.org/entity/Q56481140,Compass Pathways,Q56481140,Nasdaq,CMPS,pharmaceutical industry,,,,
http://www.wikidata.org/entity/Q2069413,Complete Genomics,Q2069413,Nasdaq,GNOM,biotechnology,,,,
http://www.wikidata.org/entity/Q5157220,Compugen Ltd.,Q5157220,Nasdaq,CGEN,biotechnology,271222000,2022-11-15T00:00:00Z,,
http://www.wikidata.org/entity/Q1122329,Computer Sciences Corporation,Q1122329,New York Stock Exchange,CSC,IT service management; information technology consulting,,,,
http://www.wikidata.org/entity/Q1122299,"Computer Task Group, Incorporated",Q1122299,Nasdaq,CTG,,,,,
http://www.wikidata.org/entity/Q1122747,Compuware,Q1122747,Nasdaq,,information technology,,,,
http://www.wikidata.org/entity/Q734779,Comscore,Q734779,Nasdaq,SCOR,Internet; marketing,,,,
http://www.wikidata.org/entity/Q124407382,Comtech,Q124407382,Nasdaq,CMTL,,,,,
http://www.wikidata.org/entity/Q2388717,Comverse,Q2388717,Nasdaq,CMVT,software industry,,,,
http://www.wikidata.org/entity/Q17051348,Comverse,Q17051348,Nasdaq,MESG,,,,,
http://www.wikidata.org/entity/Q1123366,Con-way,Q1123366,New York Stock Exchange,CNW,transport,,,,
http://www.wikidata.org/entity/Q1123399,"Conagra Brands, Inc.",Q1123399,New York Stock Exchange,CAG,food industry,,,,
http://www.wikidata.org/entity/Q5158443,Conceptus Inc.,Q5158443,Nasdaq,CPTS,,,,,
http://www.wikidata.org/entity/Q1123957,Concha y Toro,Q1123957,New York Stock Exchange,vco,,,,,
http://www.wikidata.org/entity/Q5158765,Concord,Q5158765,Nasdaq,LENS,,,,,
http://www.wikidata.org/entity/Q28404490,Conduent,Q28404490,New York Stock Exchange,,,,,,
http://www.wikidata.org/entity/Q94758727,Confluent Inc.,Q94758727,Nasdaq,CFLT,,,,,
http://www.wikidata.org/entity/Q5161257,Conn's,Q5161257,Nasdaq,CONN,retail,,,,
http://www.wikidata.org/entity/Q60748073,"Connecticut Water Service, Inc.",Q60748073,New York Stock Exchange,CTWS,,,,,
http://www.wikidata.org/entity/Q214763,ConocoPhillips,Q214763,New York Stock Exchange,COP,petroleum industry,,,54745000000,2024-01-01T00:00:00Z
http://www.wikidata.org/entity/Q5162777,Conseco,Q5162777,New York Stock Exchange,CNO,financial services,,,,
http://www.wikidata.org/entity/Q945521,Consol Energy,Q945521,New York Stock Exchange,CEIX,mining of coal,,,,
http://www.wikidata.org/entity/Q1127536,Consolidated Edison,Q1127536,New York Stock Exchange,ED,energy industry,,,15670000000,2022-01-01T00:00:00Z
http://www.wikidata.org/entity/Q5163278,Consolidated Graphics,Q5163278,New York Stock Exchange,CGX,,,,,
http://www.wikidata.org/entity/Q5163620,Constant Contact,Q5163620,Nasdaq,CTCT,online advertising,,,,
http://www.wikidata.org/entity/Q1128160,Constellation Brands,Q1128160,New York Stock Exchange,STZ,alcohol industry,,,9452600000,2022-01-01T00:00:00Z
http://www.wikidata.org/entity/Q259195,Constellation Energy,Q259195,Nasdaq,CEG,,,,,
http://www.wikidata.org/entity/Q259195,Constellation Energy,Q259195,New York Stock Exchange,CEG,,,,,
http://www.wikidata.org/entity/Q2995071,Constellium,Q2995071,New York Stock Exchange,CSTM,aluminium industry; fund management,,,,
http://www.wikidata.org/entity/Q5165314,Continental Resources,Q5165314,New York Stock Exchange,CLR,petroleum industry; gas industry; extraction of crude petroleum and natural gas,,,9473708000,2022-01-01T00:00:00Z
http://www.wikidata.org/entity/Q5165812,Control4,Q5165812,Nasdaq,CTRL,home automation,,,,
http://www.wikidata.org/entity/Q96375437,Contura Energy,Q96375437,New York Stock Exchange,AMR,,,,,
http://www.wikidata.org/entity/Q1129426,Convergys,Q1129426,New York Stock Exchange,CVG,customer relationship management,,,,
http://www.wikidata.org/entity/Q1129847,Cooper Tire & Rubber Company,Q1129847,New York Stock Exchange,CTB,industrial manufacturing; manufacture of rubber tyres and tubes; retreading and rebuilding of rubber tyres,,,,
http://www.wikidata.org/entity/Q5167736,Cooper-Standard Automotive,Q5167736,New York Stock Exchange,CPS,,,,,
http://www.wikidata.org/entity/Q15030582,CooperVision,Q15030582,New York Stock Exchange,,,,,,
http://www.wikidata.org/entity/Q849404,Copa Airlines,Q849404,New York Stock Exchange,CPA,,,,,
http://www.wikidata.org/entity/Q5168189,Copa Holdings,Q5168189,New York Stock Exchange,CPA,,,,,
http://www.wikidata.org/entity/Q16988699,Copano Energy,Q16988699,Nasdaq,CPNO,natural gas,,,,
http://www.wikidata.org/entity/Q16951448,Copart,Q16951448,Nasdaq,CPRT,automotive industry,,,,
http://www.wikidata.org/entity/Q5169368,CorVel Corporation,Q5169368,Nasdaq,CRVL,,,,,
http://www.wikidata.org/entity/Q30287734,Corbus Pharmaceuticals,Q30287734,Nasdaq,CRBP,pharmaceutical industry,,,,
http://www.wikidata.org/entity/Q15734041,Corcept Therapeutics,Q15734041,Nasdaq,CORT,pharmaceutical industry,,,,
http://www.wikidata.org/entity/Q65066106,Core & Main,Q65066106,New York Stock Exchange,CNM,infrastructure industry,,,,
http://www.wikidata.org/entity/Q5170174,Core Laboratories,Q5170174,New York Stock Exchange,CLB,petroleum industry,,,,
http://www.wikidata.org/entity/Q5170128,Core-Mark,Q5170128,Nasdaq,CORE,,,,,
http://www.wikidata.org/entity/Q1135278,CoreCivic,Q1135278,New York Stock Exchange,CXW,industrial sector; private prison,,,,
http://www.wikidata.org/entity/Q5170137,CoreLogic,Q5170137,New York Stock Exchange,,financial services,,,,
http://www.wikidata.org/entity/Q5170140,CoreSite,Q5170140,New York Stock Exchange,,real estate investment trust,,,,
http://www.wikidata.org/entity/Q115803672,Corebridge Financial,Q115803672,New York Stock Exchange,CRBG,financial services,,,26679000000,2022-01-01T00:00:00Z
http://www.wikidata.org/entity/Q5170685,Corinthian Colleges,Q5170685,Nasdaq,,for-profit education,,,,
http://www.wikidata.org/entity/Q21410960,Cornerstone OnDemand Inc.,Q21410960,Nasdaq,CSOD,,,,,
http://www.wikidata.org/entity/Q5842736,Corning Inc.,Q5842736,New York Stock Exchange,GLW,biotechnology; industrial manufacturing,27000000000,2017-06-30T00:00:00Z,14189000000,2022-01-01T00:00:00Z
http://www.wikidata.org/entity/Q16838618,Corpay,Q16838618,New York Stock Exchange,FLT,,,,,
http://www.wikidata.org/entity/Q110360228,Corporacion America Airports,Q110360228,New York Stock Exchange,CAAP,,,,,
http://www.wikidata.org/entity/Q5172422,Corporate Office Properties Trust,Q5172422,New York Stock Exchange,CDP,real estate investment trust,,,,
http://www.wikidata.org/entity/Q63197674,Corteva,Q63197674,New York Stock Exchange,CTVA,"Pesticide and Other Agricultural Chemical Manufacturing; Soil Preparation, Planting, and Cultivating",,,17450000000,2022-12-01T00:00:00Z
http://www.wikidata.org/entity/Q5173417,Corus Bankshares,Q5173417,Nasdaq,CORSQ,,,,,
http://www.wikidata.org/entity/Q2998228,Cosan,Q2998228,New York Stock Exchange,CZZ,manufacture of sugar; energy industry,,,,
http://www.wikidata.org/entity/Q1136433,Costamare,Q1136433,New York Stock Exchange,CMRE,water transport,,,,
http://www.wikidata.org/entity/Q715583,Costco,Q715583,Nasdaq,COST,retail,225200000000,2023-02-21T00:00:00Z,275235000000,2025-01-01T00:00:00Z
http://www.wikidata.org/entity/Q5175243,Così,Q5175243,Nasdaq,COSI,hospitality industry,,,,
http://www.wikidata.org/entity/Q4035714,Coterra Energy,Q4035714,New York Stock Exchange,CTRA,petroleum industry,,,9051000000,2022-01-01T00:00:00Z
http://www.wikidata.org/entity/Q1104787,Coty,Q1104787,New York Stock Exchange,COTY,,,,,
http://www.wikidata.org/entity/Q5176904,CounterPath Corporation,Q5176904,Nasdaq,,,21500000,2022-03-05T00:00:00Z,12100000,2020-01-01T00:00:00Z
http://www.wikidata.org/entity/Q16510256,Country Style Cooking,Q16510256,New York Stock Exchange,CCSC,food industry,,,,
http://www.wikidata.org/entity/Q5177980,Coupa,Q5177980,Nasdaq,COUP,software industry,,,,
http://www.wikidata.org/entity/Q12620655,Coupang,Q12620655,New York Stock Exchange,CPNG,e-commerce,,,,
http://www.wikidata.org/entity/Q499962,Coursera,Q499962,New York Stock Exchange,COUR,educational technology,,,,
http://www.wikidata.org/entity/Q5178840,Cousins Properties,Q5178840,New York Stock Exchange,CUZ,,,,,
http://www.wikidata.org/entity/Q5178891,Covanta,Q5178891,New York Stock Exchange,CVA,waste management,,,,
http://www.wikidata.org/entity/Q5179012,Covenant Transport,Q5179012,Nasdaq,CVTI,transport,,,,
http://www.wikidata.org/entity/Q1138073,Coventry Health Care,Q1138073,New York Stock Exchange,CVH,health insurance,,,,
http://www.wikidata.org/entity/Q5179371,Covisint,Q5179371,Nasdaq,COVS,information technology,,,,
http://www.wikidata.org/entity/Q5244154,Covista,Q5244154,New York Stock Exchange,DV,education; health care,,,,
http://www.wikidata.org/entity/Q4492609,Cracker Barrel,Q4492609,Nasdaq,CBRL,gastronomy,,,,
http://www.wikidata.org/entity/Q15109862,Craft Brew Alliance,Q15109862,Nasdaq,BREW,brewing industry,,,,
http://www.wikidata.org/entity/Q5182000,Crane Co.,Q5182000,New York Stock Exchange,CR,mechanical engineering,,,,
http://www.wikidata.org/entity/Q5182813,Crawford & Company,Q5182813,New York Stock Exchange,,,,,,
http://www.wikidata.org/entity/Q144060,Cray,Q144060,Nasdaq,CRAY,information technology; supercomputer,,,,
http://www.wikidata.org/entity/Q126559,Credicorp,Q126559,New York Stock Exchange,bap,insurance,,,,
http://www.wikidata.org/entity/Q15845093,Credit Acceptance,Q15845093,Nasdaq,CACC,finance,,,,
http://www.wikidata.org/entity/Q372657,Credit Suisse,Q372657,New York Stock Exchange,CS,economics of banking; financial services; financial sector,,,,
http://www.wikidata.org/entity/Q5184408,Crescent Point Energy,Q5184408,New York Stock Exchange,CPG,petroleum industry,,,,
http://www.wikidata.org/entity/Q5185100,Cricut,Q5185100,Nasdaq,CRCT,consumer electronics industry,,,,
http://www.wikidata.org/entity/Q2814507,Criteo,Q2814507,Nasdaq,CRTO,IT systems and software consulting,,,,
http://www.wikidata.org/entity/Q926699,"Crocs, Inc.",Q926699,Nasdaq,CROX,,,,,
http://www.wikidata.org/entity/Q75256038,Cronos Group Inc,Q75256038,Nasdaq,CRON,health care,,,,
http://www.wikidata.org/entity/Q24890758,CrowdStrike,Q24890758,Nasdaq,CRWD,computer security,,,3060000000,2024-01-01T00:00:00Z
http://www.wikidata.org/entity/Q5189320,Crown Castle International Corp.,Q5189320,New York Stock Exchange,CCI,telecommunications,,,,
http://www.wikidata.org/entity/Q5189378,Crown Holdings,Q5189378,New York Stock Exchange,CCK,product packaging industry,,,,
http://www.wikidata.org/entity/Q5189420,Crown Pacific Partners,Q5189420,Nasdaq,CRPP,,,,,
http://www.wikidata.org/entity/Q5190041,Crumbs Bake Shop,Q5190041,Nasdaq,CRMB,bakery,,,,
http://www.wikidata.org/entity/Q5190505,CryoLife,Q5190505,New York Stock Exchange,AORT,,,,,
http://www.wikidata.org/entity/Q5192200,CubeSmart,Q5192200,New York Stock Exchange,CUBE,self storage; real estate investment trust,,,,
http://www.wikidata.org/entity/Q5192265,Cubist Pharmaceuticals,Q5192265,Nasdaq,CBST,,,,,
http://www.wikidata.org/entity/Q124031426,Cullinan Oncology,Q124031426,Nasdaq,CGEM,,,,,
http://www.wikidata.org/entity/Q173476,Cummins,Q173476,New York Stock Exchange,CMI,manufacture of machinery and equipment,,,,
http://www.wikidata.org/entity/Q5194189,Cumulus Media,Q5194189,Nasdaq,CMLS,news media,,,,
http://www.wikidata.org/entity/Q1144473,CureVac,Q1144473,Nasdaq,CVAC,biotechnology industry,,,,
http://www.wikidata.org/entity/Q1138291,Curtiss-Wright,Q1138291,New York Stock Exchange,CW,weapons industry; aerospace industry,,,970000000,2018-01-01T00:00:00Z
http://www.wikidata.org/entity/Q1146061,Cushman & Wakefield,Q1146061,New York Stock Exchange,CWK,real estate industry,3960000000,2018-11-15T00:00:00Z,6900000000,2017-01-01T00:00:00Z
http://www.wikidata.org/entity/Q5196929,Cutter & Buck,Q5196929,Nasdaq,CBUK,,,,,
http://www.wikidata.org/entity/Q5197142,Cvent,Q5197142,New York Stock Exchange,CVT,event management,,,,
http://www.wikidata.org/entity/Q5197666,CyberArk,Q5197666,Nasdaq,CYBR,information technology,,,,
http://www.wikidata.org/entity/Q5197796,Cyberian Outpost,Q5197796,Nasdaq,COOL,e-commerce,,,,
http://www.wikidata.org/entity/Q5198104,Cyclacel,Q5198104,Nasdaq,CYCC,pharmaceutical industry,,,,
http://www.wikidata.org/entity/Q674796,"Cymer, Inc.",Q674796,Nasdaq,,,,,,
http://www.wikidata.org/entity/Q747489,Cyrix,Q747489,Nasdaq,CYRX,electronics industry,,,,
http://www.wikidata.org/entity/Q16953751,CyrusOne,Q16953751,Nasdaq,CONE,real estate investment trust,,,,
http://www.wikidata.org/entity/Q5201295,CytRx,Q5201295,Nasdaq,CYTR,pharmaceutical industry,,,,
http://www.wikidata.org/entity/Q5201300,Cytec Industries,Q5201300,New York Stock Exchange,CYT,composite material; aerospace industry,,,,
http://www.wikidata.org/entity/Q30283314,Cytokinetics,Q30283314,New York Stock Exchange,,,,,,
http://www.wikidata.org/entity/Q30283314,Cytokinetics,Q30283314,Nasdaq,CYTK,,,,,
http://www.wikidata.org/entity/Q17182820,Cytosorbents,Q17182820,Nasdaq,CTSO,Critical care,,,,
http://www.wikidata.org/entity/Q111143924,Cyxtera,Q111143924,Nasdaq,CYXT,telecommunications,,,,
http://www.wikidata.org/entity/Q138161948,D-Wave Quantum,Q138161948,New York Stock Exchange,QBTS,,,,,
http://www.wikidata.org/entity/Q5203782,D. R. Horton,Q5203782,New York Stock Exchange,DHI,construction,,,33480000000,2022-01-01T00:00:00Z
http://www.wikidata.org/entity/Q16973267,DAQO,Q16973267,New York Stock Exchange,DQ,photovoltaics,,,,
http://www.wikidata.org/entity/Q5204430,DBV Technologies,Q5204430,Nasdaq,DBVT,biotechnology; research and development in other physical and natural sciences,,,,
http://www.wikidata.org/entity/Q28404585,DCP Midstream Partners,Q28404585,New York Stock Exchange,DCP,petroleum industry,,,,
http://www.wikidata.org/entity/Q1206686,DDR Corp.,Q1206686,New York Stock Exchange,DDR,real estate investment trust,,,,
http://www.wikidata.org/entity/Q5204836,DELiA*s,Q5204836,Nasdaq,,retail,,,,
http://www.wikidata.org/entity/Q5204878,DEX One,Q5204878,New York Stock Exchange,,,,,,
http://www.wikidata.org/entity/Q5204989,DG,Q5204989,Nasdaq,SZMK,digital media,,,,
http://www.wikidata.org/entity/Q12063032,DRDGOLD Limited,Q12063032,New York Stock Exchange,DRD,,,,,
http://www.wikidata.org/entity/Q5206170,DSP Group,Q5206170,Nasdaq,DSPG,Voice over IP,,,,
http://www.wikidata.org/entity/Q5206198,DST Systems,Q5206198,New York Stock Exchange,DST,corporate services,,,,
http://www.wikidata.org/entity/Q5206232,DTE Energy,Q5206232,New York Stock Exchange,DTE,energy industry,,,19228000000,2022-01-01T00:00:00Z
http://www.wikidata.org/entity/Q734061,"DTS, Inc.",Q734061,Nasdaq,DTSI,,,,,
http://www.wikidata.org/entity/Q5206304,DUSA Pharmaceuticals,Q5206304,Nasdaq,,,,,,
http://www.wikidata.org/entity/Q28782856,DXC Technology,Q28782856,New York Stock Exchange,DXC,quaternary sector of the economy,,,1000000000,2017-01-01T00:00:00Z
http://www.wikidata.org/entity/Q127708419,DZS,Q127708419,Nasdaq,DZSI,,,,,
http://www.wikidata.org/entity/Q5207184,DaVita,Q5207184,New York Stock Exchange,DVA,health care industry,,,,
http://www.wikidata.org/entity/Q48988040,DaVita Medical Group,Q48988040,New York Stock Exchange,DVA,managed care,,,,
http://www.wikidata.org/entity/Q106301656,Dada Nexus Limited,Q106301656,Nasdaq,DADA,,,,,
http://www.wikidata.org/entity/Q5209286,Daily Journal Corporation,Q5209286,Nasdaq,DJCO,publishing,,,,
http://www.wikidata.org/entity/Q1157767,Daktronics,Q1157767,Nasdaq,DAKT,electronics,,,,
http://www.wikidata.org/entity/Q2483225,DallasNews Corporation,Q2483225,Nasdaq,DALN,,,,,
http://www.wikidata.org/entity/Q2483225,DallasNews Corporation,Q2483225,New York Stock Exchange,AHC,,,,,
http://www.wikidata.org/entity/Q5214701,Dana Corporation,Q5214701,New York Stock Exchange,DAN,automotive industry,,,,
http://www.wikidata.org/entity/Q1159256,Danaher Corporation,Q1159256,New York Stock Exchange,DHR,conglomerate,,,31471000000,2022-01-01T00:00:00Z
http://www.wikidata.org/entity/Q15606898,Danaos Corporation,Q15606898,New York Stock Exchange,,,,,,
http://www.wikidata.org/entity/Q5215970,Dangdang,Q5215970,New York Stock Exchange,DANG,retail,,,,
http://www.wikidata.org/entity/Q742196,Darden Restaurants,Q742196,New York Stock Exchange,DRI,system catering,,,,
http://www.wikidata.org/entity/Q1172038,Dassault Systèmes,Q1172038,Nasdaq,DASTY,enterprise software; product; publishing of application software,,,6213700000,2024-01-01T00:00:00Z
http://www.wikidata.org/entity/Q5227174,Data I/O,Q5227174,Nasdaq,DAIO,electronics,,,,
http://www.wikidata.org/entity/Q16248637,Datadog,Q16248637,Nasdaq,DDOG,IT performance management,,,,
http://www.wikidata.org/entity/Q5227485,Dataram,Q5227485,Nasdaq,DRAM,technology,,,,
http://www.wikidata.org/entity/Q5228205,Dave & Buster's,Q5228205,Nasdaq,PLAY,gastronomy; entertainment industry,,,,
http://www.wikidata.org/entity/Q3019129,DavidsTea,Q3019129,Nasdaq,DTEA,,,,,
http://www.wikidata.org/entity/Q5064245,"Dayforce, Inc.",Q5064245,New York Stock Exchange,DAY,,,,,
http://www.wikidata.org/entity/Q645072,Dean Foods,Q645072,New York Stock Exchange,DF,food industry,,,,
http://www.wikidata.org/entity/Q1181953,Deckers Outdoor Corporation,Q1181953,Nasdaq,DECK,,,,,
http://www.wikidata.org/entity/Q1181953,Deckers Outdoor Corporation,Q1181953,New York Stock Exchange,DECK,,,,,
http://www.wikidata.org/entity/Q496302,Deere & Company,Q496302,New York Stock Exchange,DE,manufacture of machinery and equipment,,,51716000000,2024-01-01T00:00:00Z
http://www.wikidata.org/entity/Q21070725,Del Frisco's Restaurant Group,Q21070725,Nasdaq,DFRG,restaurant,,,,
http://www.wikidata.org/entity/Q1183818,Del Taco,Q1183818,Nasdaq,TACO,system catering,,,,
http://www.wikidata.org/entity/Q5253556,"Delcath Systems, Inc.",Q5253556,Nasdaq,,,,,,
http://www.wikidata.org/entity/Q104664954,Delek US,Q104664954,New York Stock Exchange,DK,petroleum industry,,,,
http://www.wikidata.org/entity/Q14903417,Delhaize Le Lion,Q14903417,New York Stock Exchange,DEG,food retail sector,,,,
http://www.wikidata.org/entity/Q5253739,Delhi Cloth Mills,Q5253739,New York Stock Exchange,,,,,,
http://www.wikidata.org/entity/Q30873,Dell,Q30873,New York Stock Exchange,DELL,software industry; computer hardware industry,57000000000,2021-01-01T00:00:00Z,102301000000,2022-01-01T00:00:00Z
http://www.wikidata.org/entity/Q877536,Dell EMC,Q877536,New York Stock Exchange,EMC,electronics; software industry,,,,
http://www.wikidata.org/entity/Q27500963,Dell Technologies,Q27500963,New York Stock Exchange,DELL,information technology,,,,
http://www.wikidata.org/entity/Q48971221,Delphi Technologies,Q48971221,New York Stock Exchange,DLPH,Computer Programming Services,,,,
http://www.wikidata.org/entity/Q188920,Delta Air Lines,Q188920,New York Stock Exchange,DAL,aviation; air transport,32580000000,2019-01-24T00:00:00Z,61643000000,2024-01-01T00:00:00Z
http://www.wikidata.org/entity/Q5254632,Delta Financial Corporation,Q5254632,Nasdaq,DFC,,,,,
http://www.wikidata.org/entity/Q5254919,Deluxe Corporation,Q5254919,New York Stock Exchange,DLX,corporate services,,,,
http://www.wikidata.org/entity/Q5255058,Demandware,Q5255058,New York Stock Exchange,,cloud computing; e-commerce; software industry; customer relationship management software,,,,
http://www.wikidata.org/entity/Q2119898,Denbury Resources,Q2119898,New York Stock Exchange,DNR,petroleum industry,,,,
http://www.wikidata.org/entity/Q5256667,Dendreon,Q5256667,Nasdaq,DNDN,,,,,
http://www.wikidata.org/entity/Q1189695,Denny's,Q1189695,Nasdaq,DENN,gastronomy,,,,
http://www.wikidata.org/entity/Q834888,Dentsply,Q834888,Nasdaq,XRAY,,,,,
http://www.wikidata.org/entity/Q23781052,Dentsply Sirona,Q23781052,Nasdaq,XRAY,dentistry,,,,
http://www.wikidata.org/entity/Q5206207,Designer Brands,Q5206207,New York Stock Exchange,DSW,retail,,,,
http://www.wikidata.org/entity/Q48800016,Desktop Metal,Q48800016,New York Stock Exchange,DM,industrial manufacturing,,,,
http://www.wikidata.org/entity/Q6216567,Despegar,Q6216567,New York Stock Exchange,DESP,tourism industry,602938304,2020-01-01T00:00:00Z,524876000,2019-01-01T00:00:00Z
http://www.wikidata.org/entity/Q5265143,Destination Maternity Corporation,Q5265143,Nasdaq,DEST,retail,,,,
http://www.wikidata.org/entity/Q5050852,Destination XL Group,Q5050852,Nasdaq,DXLG,retail,,,,
http://www.wikidata.org/entity/Q66048,Deutsche Bank,Q66048,New York Stock Exchange,DB,"financial services; financial service activities, except insurance and pension funding; other monetary intermediation; financial sector",18000000000,2016-08-08T00:00:00Z,30100000000,2024-12-31T00:00:00Z
http://www.wikidata.org/entity/Q9396,Deutsche Telekom,Q9396,New York Stock Exchange,,telecommunications; mobile phone industry,76500000000,2016-12-31T00:00:00Z,115769000000,2024-12-31T00:00:00Z
http://www.wikidata.org/entity/Q1206980,Devon Energy,Q1206980,New York Stock Exchange,DVN,petroleum industry,,,19169000000,2022-01-01T00:00:00Z
http://www.wikidata.org/entity/Q15109865,Dexcom,Q15109865,Nasdaq,DXCM,,,,,
http://www.wikidata.org/entity/Q113153195,DiDi Global,Q113153195,New York Stock Exchange,DIDI,transport industry; information technology industry,,,173827000000,2021-01-01T00:00:00Z
http://www.wikidata.org/entity/Q161140,Diageo,Q161140,New York Stock Exchange,DEO,beverage industry,,,27964000000,2025-01-01T00:00:00Z
http://www.wikidata.org/entity/Q5270794,Diamond Foods,Q5270794,Nasdaq,DMND,fast-moving consumer goods,,,,
http://www.wikidata.org/entity/Q5270883,Diamond Offshore Drilling,Q5270883,New York Stock Exchange,DO,petroleum industry,,,,
http://www.wikidata.org/entity/Q5270905,Diamond Resorts,Q5270905,New York Stock Exchange,,timeshare,,,,
http://www.wikidata.org/entity/Q65091423,Diamondback Energy,Q65091423,Nasdaq,FANG,petroleum industry,,,9643000000,2022-01-01T00:00:00Z
http://www.wikidata.org/entity/Q5272601,Dick's Sporting Goods,Q5272601,New York Stock Exchange,DKS,retail,,,,
http://www.wikidata.org/entity/Q1220078,Diebold Nixdorf,Q1220078,New York Stock Exchange,DBD,,,,,
http://www.wikidata.org/entity/Q5275716,Digi International,Q5275716,Nasdaq,DGII,computer hardware industry,,,,
http://www.wikidata.org/entity/Q5275736,Digimarc,Q5275736,Nasdaq,DMRC,,,,22987000,2019-01-01T00:00:00Z
http://www.wikidata.org/entity/Q5275969,Digital Realty Trust,Q5275969,New York Stock Exchange,DLR,real estate investment trust,,,,
http://www.wikidata.org/entity/Q5275978,Digital River,Q5275978,Nasdaq,,e-commerce,,,,
http://www.wikidata.org/entity/Q106295041,Digital Turbine,Q106295041,Nasdaq,APPS,,,,,
http://www.wikidata.org/entity/Q110670454,Digital World Acquisition Corp.,Q110670454,Nasdaq,DWACW,,,,,
http://www.wikidata.org/entity/Q1111020,DigitalBridge,Q1111020,New York Stock Exchange,DBRG,asset management,,,,
http://www.wikidata.org/entity/Q1224697,DigitalGlobe,Q1224697,New York Stock Exchange,DGI,geospatial industry,,,,
http://www.wikidata.org/entity/Q17052116,DigitalOcean,Q17052116,New York Stock Exchange,DOCN,cloud computing,,,,
http://www.wikidata.org/entity/Q844805,Dillard's,Q844805,New York Stock Exchange,DDS,retail,,,,
http://www.wikidata.org/entity/Q5277215,Dime Community Bank,Q5277215,Nasdaq,DCOM,financial sector,,,,
http://www.wikidata.org/entity/Q5278020,Dine Brands Global,Q5278020,New York Stock Exchange,DIN,restaurant industry,,,,
http://www.wikidata.org/entity/Q5279096,Diodes Incorporated,Q5279096,Nasdaq,DIOD,Semiconductor industry in the US,,,,
http://www.wikidata.org/entity/Q25004808,Diplomat Pharmacy,Q25004808,New York Stock Exchange,DPLO,pharmaceutical industry,,,,
http://www.wikidata.org/entity/Q1056839,DirecTV,Q1056839,Nasdaq,,telecommunications,,,,
http://www.wikidata.org/entity/Q5281775,Discover Financial,Q5281775,New York Stock Exchange,DFS,financial services,,,12864000000,2022-01-01T00:00:00Z
http://www.wikidata.org/entity/Q621592,"Discovery, Inc.",Q621592,Nasdaq,DISCK,mass media; broadcasting,,,,
http://www.wikidata.org/entity/Q1199757,Dish,Q1199757,Nasdaq,DISH,satellite television,,,,
http://www.wikidata.org/entity/Q5287613,Docusign,Q5287613,Nasdaq,DOCU,business software industry,,,,
http://www.wikidata.org/entity/Q261288,Dolby,Q261288,New York Stock Exchange,DLB,audio signal processing,,,,
http://www.wikidata.org/entity/Q492747,Dole plc,Q492747,New York Stock Exchange,DOLE,agribusiness,,,8475343000,2024-01-01T00:00:00Z
http://www.wikidata.org/entity/Q145168,Dollar General,Q145168,New York Stock Exchange,DG,retail,,,37844863000,2022-01-01T00:00:00Z
http://www.wikidata.org/entity/Q1235669,Dollar Thrifty Automotive Group,Q1235669,New York Stock Exchange,DTG,tourism industry,,,,
http://www.wikidata.org/entity/Q5289230,Dollar Tree,Q5289230,Nasdaq,DLTR,retail,,,28331700000,2022-01-01T00:00:00Z
http://www.wikidata.org/entity/Q5289622,Dolphin Entertainment,Q5289622,Nasdaq,DLPN,,,,,
http://www.wikidata.org/entity/Q677464,Dominion Energy,Q677464,New York Stock Exchange,D,energy industry,,,17174000000,2022-01-01T00:00:00Z
http://www.wikidata.org/entity/Q839466,Domino's Pizza,Q839466,New York Stock Exchange,DPZ,,,,4537158000,2022-01-01T00:00:00Z
http://www.wikidata.org/entity/Q5291323,Domo,Q5291323,Nasdaq,DOMO,business software industry,,,,
http://www.wikidata.org/entity/Q1238739,Domtar,Q1238739,New York Stock Exchange,UFS,pulp and paper industry,,,,
http://www.wikidata.org/entity/Q5295362,Donaldson Company,Q5295362,New York Stock Exchange,DCI,membrane; gas turbine,,,,
http://www.wikidata.org/entity/Q65086808,Donnelley Financial Solutions,Q65086808,New York Stock Exchange,DFIN,,,,,
http://www.wikidata.org/entity/Q20714323,DoorDash,Q20714323,Nasdaq,DASH,logistics; food delivery service,,,,
http://www.wikidata.org/entity/Q20714323,DoorDash,Q20714323,New York Stock Exchange,DASH,logistics; food delivery service,,,,
http://www.wikidata.org/entity/Q5297502,Doral Financial Corporation,Q5297502,New York Stock Exchange,,bank,,,,
http://www.wikidata.org/entity/Q16974527,Dover Corporation,Q16974527,New York Stock Exchange,DOV,mechanical engineering,,,,
http://www.wikidata.org/entity/Q5302482,Dover Downs,Q5302482,New York Stock Exchange,,,,,,
http://www.wikidata.org/entity/Q5302508,Dover Motorsports Incorporated,Q5302508,New York Stock Exchange,DVD,,,,,
http://www.wikidata.org/entity/Q855639,Dow Chemical Company,Q855639,New York Stock Exchange,DOW,chemical industry,,,54968000000,2021-01-01T00:00:00Z
http://www.wikidata.org/entity/Q62739842,Dow Inc.,Q62739842,New York Stock Exchange,DOW,chemical industry,,,56902000000,2022-01-01T00:00:00Z
http://www.wikidata.org/entity/Q696830,Dow Jones Composite Average,Q696830,New York Stock Exchange,,,,,,
http://www.wikidata.org/entity/Q180816,Dow Jones Industrial Average,Q180816,Nasdaq,DJI,,,,,
http://www.wikidata.org/entity/Q180816,Dow Jones Industrial Average,Q180816,New York Stock Exchange,DJI,,,,,
http://www.wikidata.org/entity/Q688712,Dow Jones Transportation Average,Q688712,New York Stock Exchange,,,,,,
http://www.wikidata.org/entity/Q688556,Dow Jones Utility Average,Q688556,New York Stock Exchange,,,,,,
http://www.wikidata.org/entity/Q38589917,DowDuPont,Q38589917,New York Stock Exchange,DWDP,chemical industry,,,,
http://www.wikidata.org/entity/Q5303699,Doximity,Q5303699,New York Stock Exchange,DOCS,online service provider,,,,
http://www.wikidata.org/entity/Q1254149,Dr Pepper Snapple Group,Q1254149,New York Stock Exchange,DPS,beverage industry,,,14057000000,2022-01-01T00:00:00Z
http://www.wikidata.org/entity/Q908961,Dr. Reddy's Laboratories,Q908961,New York Stock Exchange,RDY,pharmaceutical industry,,,,
http://www.wikidata.org/entity/Q21189310,DraftKings,Q21189310,Nasdaq,DKNG,sports betting; fantasy sports video game,,,,
http://www.wikidata.org/entity/Q16974144,DragonWave,Q16974144,Nasdaq,DRWI,,,,,
http://www.wikidata.org/entity/Q500088,DreamWorks Animation,Q500088,Nasdaq,DWA,film production; computer-generated imagery,,,,
http://www.wikidata.org/entity/Q5307081,Dresser-Rand Group,Q5307081,New York Stock Exchange,,industrial manufacturing,,,,
http://www.wikidata.org/entity/Q15589464,Dropbox Inc.,Q15589464,Nasdaq,DBX,,,,,
http://www.wikidata.org/entity/Q5309468,DryShips Inc,Q5309468,Nasdaq,DRYS,freight transport,,,,
http://www.wikidata.org/entity/Q221062,DuPont,Q221062,New York Stock Exchange,DD,chemical industry,,,13020000000,2022-12-01T00:00:00Z
http://www.wikidata.org/entity/Q23680028,DuPont Fabros Technology Inc.,Q23680028,New York Stock Exchange,,real estate investment trust,,,,
http://www.wikidata.org/entity/Q5311573,Ducommun,Q5311573,New York Stock Exchange,DCO,,,,,
http://www.wikidata.org/entity/Q5312314,Duff & Phelps,Q5312314,New York Stock Exchange,,financial services,,,,
http://www.wikidata.org/entity/Q1264404,Duke Energy,Q1264404,New York Stock Exchange,DUK,electricity generation; energy supply,,,28675000000,2022-01-01T00:00:00Z
http://www.wikidata.org/entity/Q48742298,Duke Realty,Q48742298,New York Stock Exchange,DRE,,,,,
http://www.wikidata.org/entity/Q1265181,Dun & Bradstreet,Q1265181,New York Stock Exchange,DNB,,,,,
http://www.wikidata.org/entity/Q847743,Dunkin',Q847743,Nasdaq,DNKN,fast food restaurant chain; fast food industry,,,,
http://www.wikidata.org/entity/Q4037686,Dunkin' Brands,Q4037686,Nasdaq,DNKN,gastronomy,,,,
http://www.wikidata.org/entity/Q124637557,Duolingo Inc,Q124637557,Nasdaq,DUOL,,,,,
http://www.wikidata.org/entity/Q5315909,Duoyuan Global Water,Q5315909,New York Stock Exchange,,,,,,
http://www.wikidata.org/entity/Q5317253,Dutch Bros. Coffee,Q5317253,New York Stock Exchange,BROS,retail,,,,
http://www.wikidata.org/entity/Q5318916,Dynamic Materials Corporation,Q5318916,Nasdaq,BOOM,,,,,
http://www.wikidata.org/entity/Q5319050,Dynamics Research Corporation,Q5319050,Nasdaq,DRCO,weapons industry,,,,
http://www.wikidata.org/entity/Q25048844,Dynatrace,Q25048844,New York Stock Exchange,DT,application performance management; software intelligence,,,,
http://www.wikidata.org/entity/Q1269170,Dynegy,Q1269170,New York Stock Exchange,DYN,energy industry,,,,
http://www.wikidata.org/entity/Q2607502,E-Trade,Q2607502,Nasdaq,ETFC,financial services,,,,
http://www.wikidata.org/entity/Q283457,E. W. Scripps Company,Q283457,New York Stock Exchange,SSP,broadcast television system; printed press,,,1.42,2019-01-01T00:00:00Z
http://www.wikidata.org/entity/Q5322725,ECOtality,Q5322725,Nasdaq,,hybrid vehicle,,,,
http://www.wikidata.org/entity/Q18124524,EHang,Q18124524,Nasdaq,EH,aerospace industry; aerospace engineering,660000000,2020-01-01T00:00:00Z,,
http://www.wikidata.org/entity/Q124813960,EHang,Q124813960,Nasdaq,EH,aerospace industry,,,,
http://www.wikidata.org/entity/Q108895028,ELMS,Q108895028,New York Stock Exchange,ELMS,,,,,
http://www.wikidata.org/entity/Q5370289,EMCOR,Q5370289,New York Stock Exchange,EME,engineering,,,,
http://www.wikidata.org/entity/Q1275577,EOG Resources,Q1275577,New York Stock Exchange,EOG,petroleum industry,,,25702000000,2022-01-01T00:00:00Z
http://www.wikidata.org/entity/Q1275613,EPAM Systems,Q1275613,New York Stock Exchange,EPAM,outsourcing; consultation; software industry,,,2290000000,2019-01-01T00:00:00Z
http://www.wikidata.org/entity/Q48977470,EPR Properties,Q48977470,New York Stock Exchange,EPR,,,,,
http://www.wikidata.org/entity/Q16992684,EPlus Inc,Q16992684,Nasdaq,PLUS,,,,,
http://www.wikidata.org/entity/Q5323987,EQT,Q5323987,New York Stock Exchange,EQT,petroleum industry,,,,
http://www.wikidata.org/entity/Q16974955,ERM Telematics,Q16974955,Nasdaq,ITRN,telematics,,,,
http://www.wikidata.org/entity/Q2494842,ESAB,Q2494842,New York Stock Exchange,ESAB,,,,,
http://www.wikidata.org/entity/Q5324689,EXL,Q5324689,Nasdaq,EXLS,,,,,
http://www.wikidata.org/entity/Q5324749,EZCorp,Q5324749,Nasdaq,EZPW,,,,,
http://www.wikidata.org/entity/Q5324767,EZchip Semiconductor,Q5324767,Nasdaq,EZCH,semiconductor industry,,,,
http://www.wikidata.org/entity/Q124724103,Eagle Bulk Shipping Inc.,Q124724103,New York Stock Exchange,EGLE,transport industry,,,,
http://www.wikidata.org/entity/Q16249409,Eagle Materials,Q16249409,New York Stock Exchange,EXP,,,,,
http://www.wikidata.org/entity/Q104480383,Eagle Pharmaceuticals,Q104480383,Nasdaq,EGRX,pharmaceutical industry,,,,
http://www.wikidata.org/entity/Q5324991,EagleBank,Q5324991,Nasdaq,EGBN,financial services,,,,
http://www.wikidata.org/entity/Q919511,EarthLink,Q919511,Nasdaq,ELNK,internet service provider,,,,
http://www.wikidata.org/entity/Q17068931,East Boston Savings Bank,Q17068931,Nasdaq,EBSB,financial services,,,,
http://www.wikidata.org/entity/Q5329659,East West Bancorp,Q5329659,Nasdaq,EWBC,,,,,
http://www.wikidata.org/entity/Q3046549,East West Bank,Q3046549,Nasdaq,EWBC,financial services,,,,
http://www.wikidata.org/entity/Q5330003,Eastern Bank,Q5330003,Nasdaq,EBC,bank,,,,
http://www.wikidata.org/entity/Q899022,Eastman Chemical Company,Q899022,New York Stock Exchange,EMN,industrial manufacturing,,,,
http://www.wikidata.org/entity/Q48872,Eaton Corporation,Q48872,New York Stock Exchange,ETN,industrial manufacturing,96159000000,2023-01-01T00:00:00Z,20752000000,2022-01-01T00:00:00Z
http://www.wikidata.org/entity/Q18150216,Eaton Partners,Q18150216,New York Stock Exchange,,,,,,
http://www.wikidata.org/entity/Q5331380,Eaton Vance,Q5331380,New York Stock Exchange,EV,financial services,,,,
http://www.wikidata.org/entity/Q1083470,Echelon Corporation,Q1083470,Nasdaq,ELON,building automation,,,,
http://www.wikidata.org/entity/Q5333046,Eclipsys,Q5333046,Nasdaq,ECLP,health information technology,,,,
http://www.wikidata.org/entity/Q1282031,Ecolab,Q1282031,New York Stock Exchange,ECL,conglomerate,,,,
http://www.wikidata.org/entity/Q1282130,Ecopetrol,Q1282130,New York Stock Exchange,EC,petroleum industry,,,32800000000,2024-01-01T00:00:00Z
http://www.wikidata.org/entity/Q2843192,Edenor S.A.,Q2843192,New York Stock Exchange,EDN,public utility,,,,
http://www.wikidata.org/entity/Q5337851,Edgewater Technology,Q5337851,Nasdaq,EDGW,,,,,
http://www.wikidata.org/entity/Q5337641,Edgewell Personal Care,Q5337641,New York Stock Exchange,EPC,hygiene; personal care product,,,,
http://www.wikidata.org/entity/Q6549207,Edgio,Q6549207,Nasdaq,LLNW,digital distribution,,,,
http://www.wikidata.org/entity/Q662095,Edison International,Q662095,New York Stock Exchange,EIX,electricity generation,,,12600000000,2013-01-01T00:00:00Z
http://www.wikidata.org/entity/Q23131313,Editas Medicine,Q23131313,Nasdaq,EDIT,pharmaceutical industry,,,,
http://www.wikidata.org/entity/Q5340903,Education Management Corporation,Q5340903,Nasdaq,EDMC,for-profit education,,,,
http://www.wikidata.org/entity/Q5340849,EducationCity,Q5340849,Nasdaq,ARCL,educational software,,,,
http://www.wikidata.org/entity/Q16966841,Edwards Lifesciences,Q16966841,New York Stock Exchange,EW,medical device,,,,
http://www.wikidata.org/entity/Q5349788,Einstein Bros. Bagels,Q5349788,Nasdaq,,restaurant industry,,,,
http://www.wikidata.org/entity/Q5351770,El Paso Electric,Q5351770,New York Stock Exchange,EE,electricity supply company,,,,
http://www.wikidata.org/entity/Q2353849,El Pollo Loco,Q2353849,Nasdaq,LOCO,fast food,,,,
http://www.wikidata.org/entity/Q65090628,El Pollo Loco,Q65090628,Nasdaq,LOCO,restaurant,,,,
http://www.wikidata.org/entity/Q30280160,Elanco,Q30280160,New York Stock Exchange,ELAN,pharmaceutical industry,,,,
http://www.wikidata.org/entity/Q22074922,Elastic,Q22074922,New York Stock Exchange,ESTC,software industry,,,,
http://www.wikidata.org/entity/Q5353752,Elbit Imaging Ltd.,Q5353752,Nasdaq,EMITF,medical imaging,43887000,2022-11-15T00:00:00Z,,
http://www.wikidata.org/entity/Q18191351,Elbit Limited,Q18191351,Nasdaq,ELBT,electronics,,,,
http://www.wikidata.org/entity/Q1325369,Elbit Systems Ltd.,Q1325369,Nasdaq,ESLT,weapons industry,29085365000,2022-11-15T00:00:00Z,3500000000,2018-01-01T00:00:00Z
http://www.wikidata.org/entity/Q1232862,Eldorado Gold,Q1232862,New York Stock Exchange,EGO,mining,,,,
http://www.wikidata.org/entity/Q28127133,ElectraMeccanica,Q28127133,Nasdaq,SOLO,automotive industry,,,,
http://www.wikidata.org/entity/Q16992353,Electro Rent,Q16992353,Nasdaq,ELRC,,,,,
http://www.wikidata.org/entity/Q5357940,Electro Scientific Industries,Q5357940,Nasdaq,ESIO,electronics; laser,,,,
http://www.wikidata.org/entity/Q173941,Electronic Arts,Q173941,Nasdaq,EA,video game industry,37816000000,2025-05-01T00:00:00Z,7426000000,2022-01-01T00:00:00Z
http://www.wikidata.org/entity/Q5358494,Electronics for Imaging,Q5358494,Nasdaq,EFII,,,,,
http://www.wikidata.org/entity/Q18228597,Element Solutions,Q18228597,New York Stock Exchange,ESI,chemical industry,,,,
http://www.wikidata.org/entity/Q677488,"Elevance Health, Inc.",Q677488,New York Stock Exchange,ELV,health insurance,,,156595000000,2022-01-01T00:00:00Z
http://www.wikidata.org/entity/Q632240,Eli Lilly and Company,Q632240,New York Stock Exchange,LLY,pharmaceutical industry,713093000000,2025-05-01T00:00:00Z,45042700000,2024-01-01T00:00:00Z
http://www.wikidata.org/entity/Q5362329,"Elizabeth Arden, Inc.",Q5362329,Nasdaq,RDEN,,,,,
http://www.wikidata.org/entity/Q16974631,Ellie Mae,Q16974631,New York Stock Exchange,,software industry,,,,
http://www.wikidata.org/entity/Q96481629,Ellomay Capital Ltd,Q96481629,New York Stock Exchange,ELLO,environmental technology,834067000,2022-11-15T00:00:00Z,,
http://www.wikidata.org/entity/Q5367351,Elron Ventures Ltd,Q5367351,Nasdaq,,health technology,489198000,2022-11-15T00:00:00Z,,
http://www.wikidata.org/entity/Q106615565,Elys Game Technology,Q106615565,Nasdaq,ELYS,Other Gambling Industries,,,,
http://www.wikidata.org/entity/Q110597561,Embark Technology,Q110597561,Nasdaq,EMBK,,,,,
http://www.wikidata.org/entity/Q105557,Embraer,Q105557,New York Stock Exchange,ERJ,weapons industry; aircraft construction; aerospace industry,,,5300000000,2023-01-01T00:00:00Z
http://www.wikidata.org/entity/Q5370757,Emergent BioSolutions,Q5370757,New York Stock Exchange,EBS,pharmaceutical industry,,,,
http://www.wikidata.org/entity/Q5370829,Emeritus Assisted Living,Q5370829,New York Stock Exchange,ESC,Senior living,,,,
http://www.wikidata.org/entity/Q1335585,Emerson Electric,Q1335585,New York Stock Exchange,EMR,electrical industry,,,19629000000,2022-01-01T00:00:00Z
http://www.wikidata.org/entity/Q5373589,Emmis Communications,Q5373589,Nasdaq,EMMS,broadcasting,,,114131000,2019-01-01T00:00:00Z
http://www.wikidata.org/entity/Q5374070,Empire District Electric Company,Q5374070,New York Stock Exchange,,,,,,
http://www.wikidata.org/entity/Q5374115,Empire Resorts,Q5374115,Nasdaq,NYNY,gambling,,,,
http://www.wikidata.org/entity/Q27146006,Empire State Realty Trust,Q27146006,New York Stock Exchange,ESRT,,,,657634000,2015-01-01T00:00:00Z
http://www.wikidata.org/entity/Q124724566,Employers Holdings Inc,Q124724566,New York Stock Exchange,EIG,,,,,
http://www.wikidata.org/entity/Q590897,Empresas ICA,Q590897,New York Stock Exchange,ICA,construction,,,,
http://www.wikidata.org/entity/Q5374879,Emulex,Q5374879,New York Stock Exchange,ELX,,,,,
http://www.wikidata.org/entity/Q1339966,Enbridge,Q1339966,New York Stock Exchange,ENB,petroleum industry,,,,
http://www.wikidata.org/entity/Q688687,Encana,Q688687,New York Stock Exchange,ECA,petroleum industry,,,,
http://www.wikidata.org/entity/Q5690400,Encompass Health,Q5690400,New York Stock Exchange,EHC,health care,,,,
http://www.wikidata.org/entity/Q5375543,Encore Capital Group,Q5375543,Nasdaq,ECPG,financial services,,,,
http://www.wikidata.org/entity/Q110186196,Encore Wire,Q110186196,Nasdaq,WIRE,industrial manufacturing,,,,
http://www.wikidata.org/entity/Q5376211,Endo International plc,Q5376211,Nasdaq,ENDP,pharmaceutical industry,,,,
http://www.wikidata.org/entity/Q5376661,Endurance International Group,Q5376661,Nasdaq,EIGI,internet hosting service,,,,
http://www.wikidata.org/entity/Q918206,Enel Américas,Q918206,New York Stock Exchange,ENI,utility,,,,
http://www.wikidata.org/entity/Q3053992,Enel Generación Chile,Q3053992,New York Stock Exchange,EOC,public utility,,,,
http://www.wikidata.org/entity/Q5376815,Enel X,Q5376815,Nasdaq,ENOC,Energy,,,,
http://www.wikidata.org/entity/Q1341588,EnerSys,Q1341588,New York Stock Exchange,ENS,,,,,
http://www.wikidata.org/entity/Q5376825,Energen,Q5376825,New York Stock Exchange,EGN,petroleum industry,,,,
http://www.wikidata.org/entity/Q1200840,"Energizer Holdings, Inc.",Q1200840,New York Stock Exchange,ENR,,,,,
http://www.wikidata.org/entity/Q5376911,Energy Conversion Devices,Q5376911,Nasdaq,ENER,,,,,
http://www.wikidata.org/entity/Q5376971,Energy Recovery Inc.,Q5376971,Nasdaq,ERII,,,,,
http://www.wikidata.org/entity/Q5377000,Energy Transfer,Q5377000,New York Stock Exchange,ETP,petroleum industry,,,82671000000,2024-01-01T00:00:00Z
http://www.wikidata.org/entity/Q5376999,Energy Transfer Equity,Q5376999,New York Stock Exchange,ET,energy industry,,,89876000000,2022-01-01T00:00:00Z
http://www.wikidata.org/entity/Q57060073,Energy Vault,Q57060073,New York Stock Exchange,NRGV,grid energy storage,,,,
http://www.wikidata.org/entity/Q5376884,EnergySolutions,Q5376884,New York Stock Exchange,,,,,,
http://www.wikidata.org/entity/Q1341590,Enerplus,Q1341590,New York Stock Exchange,ERF,,,,,
http://www.wikidata.org/entity/Q106900660,Eneti,Q106900660,New York Stock Exchange,NETI,,,,,
http://www.wikidata.org/entity/Q565594,Eni,Q565594,New York Stock Exchange,E,petroleum industry; energy industry,,,82151000000,2025-01-01T00:00:00Z
http://www.wikidata.org/entity/Q96480089,Enlivex,Q96480089,Nasdaq,ENLV,biotechnology,301032000,2022-11-15T00:00:00Z,,
http://www.wikidata.org/entity/Q124624329,Enovix Corporation,Q124624329,Nasdaq,ENVX,,,,,
http://www.wikidata.org/entity/Q17012234,Enphase Energy,Q17012234,Nasdaq,ENPH,renewable energy industry,,,,
http://www.wikidata.org/entity/Q16013760,Enpro Industries,Q16013760,New York Stock Exchange,NPO,industrial manufacturing,,,,
http://www.wikidata.org/entity/Q327646,Enron,Q327646,New York Stock Exchange,ENE,energy industry; energy and water industries,,,100789000000,2000-01-01T00:00:00Z
http://www.wikidata.org/entity/Q106411749,Ensysce Biosciences,Q106411749,Nasdaq,ENSC,biotechnology industry,,,,
http://www.wikidata.org/entity/Q5380128,Entegris,Q5380128,Nasdaq,ENTG,,,,,
http://www.wikidata.org/entity/Q1344587,Entergy,Q1344587,New York Stock Exchange,ETR,energy company,,,13764237000,2022-01-01T00:00:00Z
http://www.wikidata.org/entity/Q5617531,Entergy Texas,Q5617531,New York Stock Exchange,EZT,,,,,
http://www.wikidata.org/entity/Q5380346,Enterprise Products,Q5380346,New York Stock Exchange,EPD,petroleum industry,,,58186000000,2022-01-01T00:00:00Z
http://www.wikidata.org/entity/Q60754892,Enthusiast Gaming,Q60754892,Nasdaq,EGLX,,,,,
http://www.wikidata.org/entity/Q5380687,Entravision Communications,Q5380687,New York Stock Exchange,EVC,mass media,,,,
http://www.wikidata.org/entity/Q108426195,"Enveric Biosciences, Inc.",Q108426195,Nasdaq,ENVM,,,,,
http://www.wikidata.org/entity/Q24915031,Envestnet,Q24915031,New York Stock Exchange,ENV,financial services,,,,
http://www.wikidata.org/entity/Q1586955,Enviri,Q1586955,New York Stock Exchange,HSC,engineering; railway,,,,
http://www.wikidata.org/entity/Q106295182,Envista Holdings Corporation,Q106295182,New York Stock Exchange,NVST,,,,,
http://www.wikidata.org/entity/Q60769878,Enviva,Q60769878,New York Stock Exchange,EVA,wood economy,,,,
http://www.wikidata.org/entity/Q18150455,Envivio,Q18150455,Nasdaq,ENVI,,,,,
http://www.wikidata.org/entity/Q16249833,Enzon Pharmaceuticals,Q16249833,Nasdaq,ENZN,pharmaceutical industry,,,,
http://www.wikidata.org/entity/Q5383792,Epocrates,Q5383792,Nasdaq,,,,,,
http://www.wikidata.org/entity/Q5384453,Equifax,Q5384453,New York Stock Exchange,EFX,,,,,
http://www.wikidata.org/entity/Q851641,Equinix,Q851641,Nasdaq,EQIX,Internet,,,5562000000,2019-12-31T00:00:00Z
http://www.wikidata.org/entity/Q1776022,Equinor ASA,Q1776022,New York Stock Exchange,EQNR,petroleum industry,98810000000,2023-02-01T00:00:00Z,103770000000,2024-01-01T00:00:00Z
http://www.wikidata.org/entity/Q4655171,Equitable Holdings,Q4655171,New York Stock Exchange,EQH,insurance; life insurance,,,,
http://www.wikidata.org/entity/Q111948614,Equitrans Midstream,Q111948614,New York Stock Exchange,ETRN,petroleum industry,,,,
http://www.wikidata.org/entity/Q5384678,Equity Media Holdings,Q5384678,Nasdaq,EMDAQ,broadcasting,,,,
http://www.wikidata.org/entity/Q5384681,Equity One,Q5384681,New York Stock Exchange,,real estate investment trust,,,,
http://www.wikidata.org/entity/Q187740,Equity Residential,Q187740,New York Stock Exchange,EQR,real estate industry,,,,
http://www.wikidata.org/entity/Q52618,Ericsson,Q52618,Nasdaq,ERIC,information and communications technology,,,,
http://www.wikidata.org/entity/Q5388314,Erie Insurance Group,Q5388314,Nasdaq,ERIE,insurance,,,,
http://www.wikidata.org/entity/Q5395348,Eros International,Q5395348,New York Stock Exchange,,entertainment,,,,
http://www.wikidata.org/entity/Q28172340,ErosSTX,Q28172340,New York Stock Exchange,EMWP,mass media,,,,
http://www.wikidata.org/entity/Q5398941,Esperion Therapeutics,Q5398941,Nasdaq,ESPR,pharmaceutical industry,,,,
http://www.wikidata.org/entity/Q108426662,Esports Entertainment Group,Q108426662,Nasdaq,GMBL,,,,,
http://www.wikidata.org/entity/Q7893563,Essendant,Q7893563,Nasdaq,USTR,product distribution,,,,
http://www.wikidata.org/entity/Q2894362,Essential Utilities,Q2894362,New York Stock Exchange,WTRG,,,,,
http://www.wikidata.org/entity/Q27964091,"Essex Property Trust, Inc.",Q27964091,New York Stock Exchange,ESS,real estate investment trust,,,,
http://www.wikidata.org/entity/Q18148411,Esterline,Q18148411,New York Stock Exchange,ESL,aerospace industry,,,800000000,2012-01-01T00:00:00Z
http://www.wikidata.org/entity/Q1260606,Estée Lauder Companies,Q1260606,New York Stock Exchange,EL,cosmetics industry,,,17737000000,2022-01-01T00:00:00Z
http://www.wikidata.org/entity/Q5402870,Ethan Allen,Q5402870,New York Stock Exchange,ETD,furniture; interior design; industrial manufacturing; hotel industry,,,,
http://www.wikidata.org/entity/Q2112884,Ethyl Corporation,Q2112884,New York Stock Exchange,,chemical industry,,,,
http://www.wikidata.org/entity/Q1353939,Etsy,Q1353939,Nasdaq,ETSY,e-commerce,,,,
http://www.wikidata.org/entity/Q5412010,Euronet Worldwide,Q5412010,Nasdaq,EEFT,financial services; ATM operator,,,4240000000,2025-01-01T00:00:00Z
http://www.wikidata.org/entity/Q5413426,European Wax Center,Q5413426,Nasdaq,EWCZ,,,,,
http://www.wikidata.org/entity/Q16975402,Euroseas,Q16975402,Nasdaq,ESEA,,,,,
http://www.wikidata.org/entity/Q110723009,Eve Air Mobility,Q110723009,New York Stock Exchange,EVEX,aerospace industry,,,,
http://www.wikidata.org/entity/Q5416738,Eventbrite,Q5416738,New York Stock Exchange,EB,,,,,
http://www.wikidata.org/entity/Q5416802,EverBank,Q5416802,New York Stock Exchange,,financial services,,,,
http://www.wikidata.org/entity/Q28405655,EverQuote,Q28405655,Nasdaq,EVER,,,,,
http://www.wikidata.org/entity/Q5416929,Evercore Partners,Q5416929,New York Stock Exchange,EVR,financial services,,,,
http://www.wikidata.org/entity/Q1381973,Everest Re,Q1381973,New York Stock Exchange,RE,financial services,,,,
http://www.wikidata.org/entity/Q7987107,Evergy,Q7987107,New York Stock Exchange,EVRG,electricity supply company,,,,
http://www.wikidata.org/entity/Q20979249,Everi Holdings,Q20979249,New York Stock Exchange,EVRI,financial services,,,,
http://www.wikidata.org/entity/Q3344199,Eversource Energy,Q3344199,New York Stock Exchange,ES,public utility,,,12289336000,2022-01-01T00:00:00Z
http://www.wikidata.org/entity/Q5417806,Everyday Health,Q5417806,New York Stock Exchange,,,,,,
http://www.wikidata.org/entity/Q6981538,Evogene Ltd,Q6981538,New York Stock Exchange,EVGN,biotechnology,99050000,2022-11-15T00:00:00Z,,
http://www.wikidata.org/entity/Q96575974,ExOne,Q96575974,Nasdaq,XONE,industrial manufacturing,,,53276000,2019-01-01T00:00:00Z
http://www.wikidata.org/entity/Q3061734,Exa Corporation,Q3061734,Nasdaq,EXA,,,,,
http://www.wikidata.org/entity/Q22121866,Exact Sciences,Q22121866,Nasdaq,EXAS,health care industry,,,,
http://www.wikidata.org/entity/Q106435940,Exagen Inc.,Q106435940,Nasdaq,XGN,life sciences; Medical Laboratories,,,42000000,2020-01-01T00:00:00Z
http://www.wikidata.org/entity/Q30632958,Exar Corporation,Q30632958,New York Stock Exchange,EXAR,semiconductor; electronics,,,,
http://www.wikidata.org/entity/Q5419403,Excel Maritime,Q5419403,New York Stock Exchange,EXM,freight transport,,,,
http://www.wikidata.org/entity/Q15302718,Exelis Inc.,Q15302718,New York Stock Exchange,,weapons industry,,,2230000000,2014-01-01T00:00:00Z
http://www.wikidata.org/entity/Q5419989,Exelixis,Q5419989,Nasdaq,EXEL,biotechnology,,,,
http://www.wikidata.org/entity/Q1383669,Exelon,Q1383669,New York Stock Exchange,EXC,energy industry,43000000000,2023-04-23T00:00:00Z,36347000000,2021-01-01T00:00:00Z
http://www.wikidata.org/entity/Q2962826,Expand Energy,Q2962826,Nasdaq,EXE,petroleum industry,,,11743000000,2022-01-01T00:00:00Z
http://www.wikidata.org/entity/Q2962826,Expand Energy,Q2962826,New York Stock Exchange,CHK,petroleum industry,,,11743000000,2022-01-01T00:00:00Z
http://www.wikidata.org/entity/Q8085893,Expedia Group,Q8085893,Nasdaq,EXPE,tourism industry,,,,
http://www.wikidata.org/entity/Q1384324,Expeditors International,Q1384324,Nasdaq,EXPD,logistics,,,,
http://www.wikidata.org/entity/Q5421360,ExploreLearning,Q5421360,Nasdaq,ABCD,,,,,
http://www.wikidata.org/entity/Q5421507,Exponent,Q5421507,Nasdaq,FAIL,research,,,,
http://www.wikidata.org/entity/Q1384784,Express,Q1384784,New York Stock Exchange,EXPR,fashion retail industry,,,,
http://www.wikidata.org/entity/Q768231,Express Scripts,Q768231,Nasdaq,ESRX,retail; pharmacy benefits manager,,,,
http://www.wikidata.org/entity/Q5421850,Extended Stay America,Q5421850,Nasdaq,STAY,hospitality industry,,,,
http://www.wikidata.org/entity/Q16974697,Exterran Holdings,Q16974697,New York Stock Exchange,EXTN,,,,,
http://www.wikidata.org/entity/Q5422162,Extra Space Storage,Q5422162,New York Stock Exchange,EXR,self storage,,,,
http://www.wikidata.org/entity/Q2034659,Extreme Networks,Q2034659,Nasdaq,EXTR,networking hardware,,,519500000,2014-01-01T00:00:00Z
http://www.wikidata.org/entity/Q18636367,Extreme Reach,Q18636367,Nasdaq,SZMK,,,,,
http://www.wikidata.org/entity/Q156238,ExxonMobil,Q156238,New York Stock Exchange,XOM,petroleum industry,474414000000,2025-08-22T00:00:00Z,349585000000,2024-01-01T00:00:00Z
http://www.wikidata.org/entity/Q7120927,EyePoint Pharmaceuticals,Q7120927,Nasdaq,PSDV,pharmaceutical industry,,,,
http://www.wikidata.org/entity/Q3029296,"F5, Inc.",Q3029296,Nasdaq,FFIV,technology,,,,
http://www.wikidata.org/entity/Q110401429,FAT Brands,Q110401429,Nasdaq,FAT,restaurant,,,,
http://www.wikidata.org/entity/Q5424650,FBL Financial Group,Q5424650,New York Stock Exchange,FFG,life insurance,,,,
http://www.wikidata.org/entity/Q5424656,FBR Capital Markets,Q5424656,Nasdaq,FBRC,financial institution,,,,
http://www.wikidata.org/entity/Q2004423,FEI Company,Q2004423,Nasdaq,FEIC,,,,927500000,2013-01-01T00:00:00Z
http://www.wikidata.org/entity/Q1435628,FEMSA,Q1435628,New York Stock Exchange,FMX,brewing industry,,,,
http://www.wikidata.org/entity/Q1392999,FICO,Q1392999,New York Stock Exchange,FICO,data analysis,,,,
http://www.wikidata.org/entity/Q55611365,FIGS,Q55611365,New York Stock Exchange,FIGS,,,,,
http://www.wikidata.org/entity/Q5426537,FLIR Systems,Q5426537,Nasdaq,FLIR,thermography,,,,
http://www.wikidata.org/entity/Q5426582,FLY Leasing,Q5426582,New York Stock Exchange,FLY,financial services,,,,
http://www.wikidata.org/entity/Q899183,FMC Corporation,Q899183,New York Stock Exchange,FMC,chemical industry,,,,
http://www.wikidata.org/entity/Q1164386,FMC Technologies,Q1164386,New York Stock Exchange,FTI,list of oilfield service companies,,,,
http://www.wikidata.org/entity/Q5426765,FNB Corporation,Q5426765,New York Stock Exchange,FNB,economics of banking; financial services; financial sector,,,,
http://www.wikidata.org/entity/Q5427196,FTI Consulting,Q5427196,New York Stock Exchange,FCN,professional services industry,,,,
http://www.wikidata.org/entity/Q5973741,FXCM,Q5973741,Nasdaq,GLBR,financial services,,,,
http://www.wikidata.org/entity/Q21161576,FaZe Clan,Q21161576,Nasdaq,FAZE,,,,,
http://www.wikidata.org/entity/Q1885491,FactSet,Q1885491,New York Stock Exchange,FDS,software industry,,,,
http://www.wikidata.org/entity/Q5429751,FairPoint Communications,Q5429751,Nasdaq,FRP,telecommunications,,,,
http://www.wikidata.org/entity/Q1096013,Fairchild Semiconductor,Q1096013,Nasdaq,FCS,semiconductor industry,,,,
http://www.wikidata.org/entity/Q5430910,Fairway Market,Q5430910,Nasdaq,FWM,retail,,,,
http://www.wikidata.org/entity/Q5431722,FalconStor Software,Q5431722,Nasdaq,FALC,software industry,,,,
http://www.wikidata.org/entity/Q5433101,Family Dollar,Q5433101,New York Stock Exchange,FDO,retail,,,,
http://www.wikidata.org/entity/Q5433448,Famous Dave's,Q5433448,Nasdaq,DAVE,restaurant,,,,
http://www.wikidata.org/entity/Q18712957,Farfetch,Q18712957,New York Stock Exchange,FTCH,e-commerce,,,,
http://www.wikidata.org/entity/Q18148458,Farmer Brothers,Q18148458,Nasdaq,FARM,food service,,,,
http://www.wikidata.org/entity/Q3067119,Fastenal,Q3067119,Nasdaq,FAST,,,,,
http://www.wikidata.org/entity/Q34045622,Fastly,Q34045622,New York Stock Exchange,FSLY,computer security,,,,
http://www.wikidata.org/entity/Q459477,FedEx,Q459477,New York Stock Exchange,FDX,logistics; transport industry,,,93512000000,2022-01-01T00:00:00Z
http://www.wikidata.org/entity/Q5439999,Federal Agricultural Mortgage Corporation,Q5439999,New York Stock Exchange,AGM,,,,,
http://www.wikidata.org/entity/Q27988152,Federal Realty Investment Trust,Q27988152,New York Stock Exchange,FRT,real estate investment trust,,,,
http://www.wikidata.org/entity/Q1400073,Federal Signal Corporation,Q1400073,New York Stock Exchange,FSS,automotive supplier,,,,
http://www.wikidata.org/entity/Q289761,Federal-Mogul,Q289761,Nasdaq,FDML,automotive supplier,,,,
http://www.wikidata.org/entity/Q5440684,Federated Hermes,Q5440684,New York Stock Exchange,FHI,investment management,,,,
http://www.wikidata.org/entity/Q137397138,Fermi Inc,Q137397138,Nasdaq,FRMI,,,,,
http://www.wikidata.org/entity/Q5445299,Ferrellgas,Q5445299,New York Stock Exchange,FGP,,,,,
http://www.wikidata.org/entity/Q5445393,Ferro Corporation,Q5445393,New York Stock Exchange,FOE,chemical industry,,,,
http://www.wikidata.org/entity/Q15678788,Fiat Chrysler Automobiles,Q15678788,New York Stock Exchange,FCAU,automotive industry,,,108000000000,2019-01-01T00:00:00Z
http://www.wikidata.org/entity/Q1410766,Fibria,Q1410766,New York Stock Exchange,fbr,pulp and paper industry,,,,
http://www.wikidata.org/entity/Q5446775,Fidelity & Guaranty Life,Q5446775,New York Stock Exchange,FGL,financial services,,,,
http://www.wikidata.org/entity/Q124129932,Fidelity D & D Bancorp,Q124129932,Nasdaq,FDBC,,,,,
http://www.wikidata.org/entity/Q5446791,Fidelity National Financial,Q5446791,New York Stock Exchange,FNF,,,,11556000000,2022-01-01T00:00:00Z
http://www.wikidata.org/entity/Q1411295,Fidelity National Information Services,Q1411295,New York Stock Exchange,FIS,financial services,,,,
http://www.wikidata.org/entity/Q16250432,Fidelity Southern Corporation,Q16250432,Nasdaq,LION,financial services,,,,
http://www.wikidata.org/entity/Q91360366,Fiesta Restaurant Group,Q91360366,Nasdaq,FRGI,restaurant,,,660943000,2019-01-01T00:00:00Z
http://www.wikidata.org/entity/Q18643660,Fifth Street Asset Management,Q18643660,Nasdaq,FSAM,asset management,,,,
http://www.wikidata.org/entity/Q130624258,Fifth Third Bancorp,Q130624258,Nasdaq,FITB,,,,,
http://www.wikidata.org/entity/Q138548226,Figma Inc,Q138548226,New York Stock Exchange,FIG,software industry,,,,
http://www.wikidata.org/entity/Q5450340,Finisar,Q5450340,Nasdaq,msc,,,,,
http://www.wikidata.org/entity/Q5450341,"Finish Line, Inc.",Q5450341,Nasdaq,FINL,retail,,,,
http://www.wikidata.org/entity/Q5451274,FireEye,Q5451274,Nasdaq,FEYE,computer security,,,,
http://www.wikidata.org/entity/Q5452290,First American Corporation,Q5452290,New York Stock Exchange,,financial services,,,,
http://www.wikidata.org/entity/Q5452333,First BanCorp,Q5452333,New York Stock Exchange,FBP,bank,,,,
http://www.wikidata.org/entity/Q5452332,First Bancorp,Q5452332,Nasdaq,FBNC,,,,,
http://www.wikidata.org/entity/Q5452733,First Citizens BancShares,Q5452733,Nasdaq,FCNCA,insurance; economics of banking; financial services; financial sector,,,,
http://www.wikidata.org/entity/Q5452773,First Commonwealth Bank,Q5452773,New York Stock Exchange,FCF,bank,,,,
http://www.wikidata.org/entity/Q5452775,First Community Bancshares,Q5452775,Nasdaq,FCBC,holding company,,,,
http://www.wikidata.org/entity/Q5452995,First Federal Bank of the Midwest,Q5452995,Nasdaq,FDEF,bank,,,,
http://www.wikidata.org/entity/Q127690442,First Financial Bancorp,Q127690442,Nasdaq,FFBC,bank,,,,
http://www.wikidata.org/entity/Q5453008,First Financial Bank,Q5453008,Nasdaq,THFF,finance,,,,
http://www.wikidata.org/entity/Q3072937,First Hawaiian Bank,Q3072937,Nasdaq,FHB,bank,,,,
http://www.wikidata.org/entity/Q5453875,First Horizon Bank,Q5453875,New York Stock Exchange,FHN,financial services,,,,
http://www.wikidata.org/entity/Q1419446,First Horizon National Corporation,Q1419446,New York Stock Exchange,FHN,financial services,,,,
http://www.wikidata.org/entity/Q5453106,First Internet Bank of Indiana,Q5453106,Nasdaq,INBK,finance,,,,
http://www.wikidata.org/entity/Q5453107,First Interstate Bank,Q5453107,Nasdaq,FIBK,financial services,,,,
http://www.wikidata.org/entity/Q5453243,First Majestic Silver,Q5453243,New York Stock Exchange,AG,mining,,,,
http://www.wikidata.org/entity/Q19572527,First Merchants Bank,Q19572527,Nasdaq,FRME,,,,,
http://www.wikidata.org/entity/Q5453261,First Merchants Corporation,Q5453261,Nasdaq,FRME,,,,,
http://www.wikidata.org/entity/Q5453330,First Midwest Bancorp,Q5453330,Nasdaq,FMBI,commercial bank,,,,
http://www.wikidata.org/entity/Q5453450,First Niagara Bank,Q5453450,Nasdaq,FNFG,bank,,,,
http://www.wikidata.org/entity/Q5453752,First Republic Bank,Q5453752,New York Stock Exchange,FRC,economics of banking; financial services; financial sector,37020000000,2021-01-01T00:00:00Z,5000000000,2021-01-01T00:00:00Z
http://www.wikidata.org/entity/Q1138888,First Solar,Q1138888,Nasdaq,FSLR,photovoltaics; Natur-Aktien-Index,,,,
http://www.wikidata.org/entity/Q5048636,FirstCash,Q5048636,New York Stock Exchange,FCFS,retail,,,,
http://www.wikidata.org/entity/Q1419248,FirstEnergy,Q1419248,New York Stock Exchange,FE,electricity supply company,,,12459000000,2022-01-01T00:00:00Z
http://www.wikidata.org/entity/Q5452228,FirstMerit Corporation,Q5452228,Nasdaq,FMER,bank,,,,
http://www.wikidata.org/entity/Q130482377,FirstSun Capital,Q130482377,Nasdaq,FSUN,,,,,
http://www.wikidata.org/entity/Q1420513,Fiserv,Q1420513,Nasdaq,FISV,financial services,,,17737000000,2022-01-01T00:00:00Z
http://www.wikidata.org/entity/Q1420513,Fiserv,Q1420513,New York Stock Exchange,FI,financial services,,,17737000000,2022-01-01T00:00:00Z
http://www.wikidata.org/entity/Q5454776,Fisher Communications,Q5454776,Nasdaq,FSCI,broadcasting,,,,
http://www.wikidata.org/entity/Q5455836,Five Below,Q5455836,Nasdaq,FIVE,discount store,,,,
http://www.wikidata.org/entity/Q105602379,Five9 Inc.,Q105602379,Nasdaq,FIVN,software industry,,,,
http://www.wikidata.org/entity/Q136684502,Fiverr International Ltd.,Q136684502,New York Stock Exchange,FVRR,,,,,
http://www.wikidata.org/entity/Q133806332,Flagstar Bancorp,Q133806332,Nasdaq,FBC,,,,,
http://www.wikidata.org/entity/Q133806332,Flagstar Bancorp,Q133806332,New York Stock Exchange,FBC,,,,,
http://www.wikidata.org/entity/Q5457038,Flagstar Bank,Q5457038,New York Stock Exchange,FBC,financial services,,,,
http://www.wikidata.org/entity/Q6517792,Flagstar Financial,Q6517792,New York Stock Exchange,NYCB,commercial bank,,,,
http://www.wikidata.org/entity/Q20642307,Fleetmatics,Q20642307,New York Stock Exchange,FLTX,software industry; fleet management,,,,
http://www.wikidata.org/entity/Q1140680,Flex Ltd.,Q1140680,Nasdaq,FLEX,electronics,,,25813000000,2025-01-01T00:00:00Z
http://www.wikidata.org/entity/Q56280964,Floor & Decor,Q56280964,New York Stock Exchange,FND,retail,,,,
http://www.wikidata.org/entity/Q5461913,Florists' Transworld Delivery,Q5461913,Nasdaq,FTD,Floral industry,,,,
http://www.wikidata.org/entity/Q5462295,Flowers Foods,Q5462295,New York Stock Exchange,FLO,,,,,
http://www.wikidata.org/entity/Q1430331,Flowserve,Q1430331,New York Stock Exchange,FLS,,,,,
http://www.wikidata.org/entity/Q653581,Fluor Corporation,Q653581,New York Stock Exchange,FLR,construction,,,15668477000,2020-01-01T00:00:00Z
http://www.wikidata.org/entity/Q23022611,Flutter Entertainment,Q23022611,New York Stock Exchange,FLUT,bookmaker,,,,
http://www.wikidata.org/entity/Q210780,Focus Media Holding,Q210780,Nasdaq,FMCN,service,,,,
http://www.wikidata.org/entity/Q5464133,Fogo de Chão,Q5464133,Nasdaq,FOGO,gastronomy,,,,
http://www.wikidata.org/entity/Q63335,Foot Locker,Q63335,New York Stock Exchange,FL,retail,,,,
http://www.wikidata.org/entity/Q44294,Ford Motor Company,Q44294,New York Stock Exchange,F,automotive industry,40481000000,2025-05-01T00:00:00Z,176191000000,2023-01-01T00:00:00Z
http://www.wikidata.org/entity/Q5468821,Forest City Realty Trust,Q5468821,New York Stock Exchange,FCE.B,real estate investment trust,,,,
http://www.wikidata.org/entity/Q5469210,Forestar Group,Q5469210,New York Stock Exchange,FOR,,,,,
http://www.wikidata.org/entity/Q18150963,ForgeRock,Q18150963,New York Stock Exchange,FORG,enterprise software,,,,
http://www.wikidata.org/entity/Q5470333,Formula Systems (1985) Ltd.,Q5470333,Nasdaq,FORTY,conglomerate,4311923000,2022-11-15T00:00:00Z,,
http://www.wikidata.org/entity/Q829961,Forrester,Q829961,Nasdaq,FORR,market research,,,,
http://www.wikidata.org/entity/Q2749364,Fortinet,Q2749364,Nasdaq,FTNT,computer security,,,1010000000,2015-01-01T00:00:00Z
http://www.wikidata.org/entity/Q27919383,Fortive,Q27919383,New York Stock Exchange,FTV,,,,,
http://www.wikidata.org/entity/Q27346316,Fortress Biotech,Q27346316,Nasdaq,,health care,,,,
http://www.wikidata.org/entity/Q5472859,Fortune Brands Home & Security,Q5472859,New York Stock Exchange,FBHS,,,,,
http://www.wikidata.org/entity/Q20708639,Forum Energy Technologies,Q20708639,New York Stock Exchange,FET,list of oilfield service companies,,,,
http://www.wikidata.org/entity/Q356212,Fossil,Q356212,Nasdaq,FOSL,bijou,,,,
http://www.wikidata.org/entity/Q669977,Foster Wheeler,Q669977,Nasdaq,,chemical industry,,,,
http://www.wikidata.org/entity/Q5474321,Foundation Coal,Q5474321,New York Stock Exchange,ANR,mining,,,,
http://www.wikidata.org/entity/Q60238941,Fox Corporation,Q60238941,Nasdaq,FOXA,media industry,,,13974000000,2022-01-01T00:00:00Z
http://www.wikidata.org/entity/Q925249,Fox Entertainment Group,Q925249,New York Stock Exchange,FOX,film industry,,,,
http://www.wikidata.org/entity/Q282997,Fox Factory,Q282997,Nasdaq,FOXF,automotive industry; bicycle industry; sports industry,,,1464178000,2023-01-01T00:00:00Z
http://www.wikidata.org/entity/Q912413,France Télécom,Q912413,New York Stock Exchange,FTE,telecommunications,,,,
http://www.wikidata.org/entity/Q109680037,Franchise Group,Q109680037,Nasdaq,FRG,,,,,
http://www.wikidata.org/entity/Q5484477,Franco-Nevada,Q5484477,New York Stock Exchange,FNV,,,,,
http://www.wikidata.org/entity/Q744683,Franklin Templeton Investments,Q744683,New York Stock Exchange,BEN,financial services,,,8275300000,2022-01-01T00:00:00Z
http://www.wikidata.org/entity/Q5491211,FranklinCovey,Q5491211,New York Stock Exchange,FC,,,,,
http://www.wikidata.org/entity/Q5494350,Fred's,Q5494350,Nasdaq,FRED,discount store,,,,
http://www.wikidata.org/entity/Q5497414,Frederick Brewing Company,Q5497414,Nasdaq,FRBW,brewing industry,,,,
http://www.wikidata.org/entity/Q21843099,Freedom Holding,Q21843099,Nasdaq,FRHC,,,,,
http://www.wikidata.org/entity/Q1453620,Freeport-McMoRan,Q1453620,New York Stock Exchange,FCX,mining,,,,
http://www.wikidata.org/entity/Q863675,Freescale Semiconductor,Q863675,New York Stock Exchange,FSL,central processing unit,,,,
http://www.wikidata.org/entity/Q5501354,FreightCar America,Q5501354,Nasdaq,RAIL,rail transport,,,,
http://www.wikidata.org/entity/Q650259,Fresenius Medical Care,Q650259,New York Stock Exchange,FMS,health care; pharmaceutical industry; medical technology industry,,,19336000000,2024-01-01T00:00:00Z
http://www.wikidata.org/entity/Q3211367,Fresh Del Monte Produce,Q3211367,New York Stock Exchange,FDP,agriculture,,,,
http://www.wikidata.org/entity/Q5503081,Freshpet,Q5503081,Nasdaq,FRPT,,,,,
http://www.wikidata.org/entity/Q120761341,Freyr Battery,Q120761341,New York Stock Exchange,FREY,battery industry,,,,
http://www.wikidata.org/entity/Q5503999,Friend Finder Networks,Q5503999,Nasdaq,FFN,online dating service,,,,
http://www.wikidata.org/entity/Q111387671,"Frontdoor, Inc.",Q111387671,Nasdaq,FTDR,,,,,
http://www.wikidata.org/entity/Q5505929,Frontenac Company,Q5505929,New York Stock Exchange,,,,,,
http://www.wikidata.org/entity/Q1139541,Frontier Airlines,Q1139541,Nasdaq,ULCC,,,,,
http://www.wikidata.org/entity/Q2974454,Frontier Communications,Q2974454,Nasdaq,FYBR,telecommunications,,,,
http://www.wikidata.org/entity/Q5506029,Frontier Oil,Q5506029,New York Stock Exchange,FTO,petroleum industry,,,,
http://www.wikidata.org/entity/Q529157,Frontline,Q529157,New York Stock Exchange,FRO,shipping,,,,
http://www.wikidata.org/entity/Q5506152,Frost Bank,Q5506152,New York Stock Exchange,CFR,economics of banking; financial services; financial sector,,,,
http://www.wikidata.org/entity/Q28408034,Fubo,Q28408034,New York Stock Exchange,FUBO,subscription television,,,,
http://www.wikidata.org/entity/Q16993862,FuelCell Energy,Q16993862,Nasdaq,FCEL,,,,,
http://www.wikidata.org/entity/Q66823616,Fulgent Genetics,Q66823616,Nasdaq,FLGT,biotechnology,,,,
http://www.wikidata.org/entity/Q5508083,Full House Resorts,Q5508083,Nasdaq,FLL,gambling,,,,
http://www.wikidata.org/entity/Q5508431,Fulton Financial Corporation,Q5508431,Nasdaq,FULT,finance,,,,
http://www.wikidata.org/entity/Q5509271,Funko,Q5509271,Nasdaq,FNKO,game industry,,,20000000,2012-01-01T00:00:00Z
http://www.wikidata.org/entity/Q125003256,Fusion Pharmaceuticals,Q125003256,Nasdaq,FUSN,pharmaceutical industry,,,,
http://www.wikidata.org/entity/Q96378897,Futu Holdings,Q96378897,Nasdaq,FUTU,conglomerate,,,,
http://www.wikidata.org/entity/Q15917534,FutureFuel,Q15917534,New York Stock Exchange,FF,,,,,
http://www.wikidata.org/entity/Q5511828,G&K Services,Q5511828,Nasdaq,GK,tertiary sector of the economy,,,,
http://www.wikidata.org/entity/Q96482218,G.willi-food International,Q96482218,Nasdaq,WILC,food industry,436931000,2022-11-15T00:00:00Z,,
http://www.wikidata.org/entity/Q5517210,GAIN Capital,Q5517210,New York Stock Exchange,GCAP,financial services,,,,
http://www.wikidata.org/entity/Q5512854,GAMCO Investors,Q5512854,New York Stock Exchange,GBL,financial services,,,,
http://www.wikidata.org/entity/Q5512990,GCI,Q5512990,Nasdaq,GLIBA,telecommunications,,,,
http://www.wikidata.org/entity/Q135181390,GCL,Q135181390,Nasdaq,GCL,video game industry,,,,
http://www.wikidata.org/entity/Q1485061,GE Aerospace,Q1485061,New York Stock Exchange,GE,aerospace industry,,,,
http://www.wikidata.org/entity/Q1152374,GE HealthCare,Q1152374,Nasdaq,GEHC,electronics; health care; industrial manufacturing; medical technology industry,,,,
http://www.wikidata.org/entity/Q118957699,GE Vernova,Q118957699,New York Stock Exchange,GEV,,,,,
http://www.wikidata.org/entity/Q1502794,GEO Group,Q1502794,New York Stock Exchange,GEO,real estate investment trust,,,,
http://www.wikidata.org/entity/Q5513200,GEROVA Financial Group,Q5513200,New York Stock Exchange,,,,,,
http://www.wikidata.org/entity/Q1328736,GFI Brokers,Q1328736,New York Stock Exchange,GFIG,financial services,,,,
http://www.wikidata.org/entity/Q1541470,GPA,Q1541470,New York Stock Exchange,CBD,retail,,,,
http://www.wikidata.org/entity/Q104875961,GRAIL,Q104875961,Nasdaq,GRAL,biotechnology industry,,,,
http://www.wikidata.org/entity/Q212322,GSK,Q212322,New York Stock Exchange,GSK,biotechnology; pharmaceutical industry,,,,
http://www.wikidata.org/entity/Q98704372,GSX Techedu,Q98704372,New York Stock Exchange,GSX,,,,,
http://www.wikidata.org/entity/Q15109878,GTSI Corp.,Q15109878,Nasdaq,,,,,,
http://www.wikidata.org/entity/Q5514784,GTx Incorporated,Q5514784,Nasdaq,GTXI,pharmaceutical industry,,,,
http://www.wikidata.org/entity/Q3093459,GW Pharmaceuticals,Q3093459,Nasdaq,GWPH,biotechnology; pharmaceutical industry,,,,
http://www.wikidata.org/entity/Q116550003,"GXO, Inc.",Q116550003,New York Stock Exchange,GXO,logistics; supply chain; Warehouse management,,,,
http://www.wikidata.org/entity/Q5515077,GXS Inc.,Q5515077,Nasdaq,OTEX,,,,,
http://www.wikidata.org/entity/Q3064078,Gafisa,Q3064078,New York Stock Exchange,GFA,,,,,
http://www.wikidata.org/entity/Q5516980,Gaia,Q5516980,Nasdaq,GAIA,video production,,,,
http://www.wikidata.org/entity/Q5518376,Galena Biopharma,Q5518376,Nasdaq,GALE,pharmaceutical industry,,,,
http://www.wikidata.org/entity/Q3118234,Galicia Financial Group,Q3118234,Nasdaq,GGAL,financial services,,,,
http://www.wikidata.org/entity/Q16839584,Galyan's,Q16839584,Nasdaq,GLYN,retail,,,,
http://www.wikidata.org/entity/Q5517961,Galápagos NV,Q5517961,Nasdaq,GLPG,pharmaceutical industry,,,,
http://www.wikidata.org/entity/Q202210,GameStop,Q202210,New York Stock Exchange,GME,retail,7770000000,2022-01-06T00:00:00Z,5272800000,2024-02-03T00:00:00Z
http://www.wikidata.org/entity/Q16251015,Gaming and Leisure Properties,Q16251015,Nasdaq,GLPI,,,,,
http://www.wikidata.org/entity/Q420822,Gap Inc.,Q420822,New York Stock Exchange,GAP,retail; fast fashion,,,,
http://www.wikidata.org/entity/Q1494132,Gardner Denver,Q1494132,New York Stock Exchange,,mechanical engineering,,,,
http://www.wikidata.org/entity/Q120984885,Garmin Cayman,Q120984885,Nasdaq,GRMN,,,,,
http://www.wikidata.org/entity/Q658789,Garmin Group,Q658789,New York Stock Exchange,GRMN,software industry; consumer electronics industry,,,7245519000,2025-01-01T00:00:00Z
http://www.wikidata.org/entity/Q30338591,Garmin Ltd.,Q30338591,New York Stock Exchange,GRMN,,,,,
http://www.wikidata.org/entity/Q30338591,Garmin Ltd.,Q30338591,Nasdaq,GRMN,,,,,
http://www.wikidata.org/entity/Q174198,Gartner,Q174198,New York Stock Exchange,IT,market research,,,,
http://www.wikidata.org/entity/Q5527100,Gates Corporation,Q5527100,New York Stock Exchange,GTES,automotive supplier,,,,
http://www.wikidata.org/entity/Q2167391,Gateway,Q2167391,New York Stock Exchange,GTW,computer hardware industry,,,,
http://www.wikidata.org/entity/Q3099664,Gaylord Hotels,Q3099664,New York Stock Exchange,,hospitality industry,,,,
http://www.wikidata.org/entity/Q3100337,Gemplus,Q3100337,Nasdaq,GEM,,,,,
http://www.wikidata.org/entity/Q677085,Gen Digital,Q677085,Nasdaq,SYMC,software industry; computer security,,,2490000000,2020-01-01T00:00:00Z
http://www.wikidata.org/entity/Q5530848,GenOn Energy,Q5530848,New York Stock Exchange,GEN,electricity supply company,,,,
http://www.wikidata.org/entity/Q5530847,GenVec,Q5530847,Nasdaq,GNVC,pharmaceutical industry,,,,
http://www.wikidata.org/entity/Q6459789,Genasys,Q6459789,Nasdaq,LRAD,technology,,,,
http://www.wikidata.org/entity/Q5531627,Generac Holdings Inc.,Q5531627,New York Stock Exchange,GNRC,industrial manufacturing,,,,
http://www.wikidata.org/entity/Q5531683,General American Investors Company,Q5531683,New York Stock Exchange,,,,,,
http://www.wikidata.org/entity/Q940421,General American Transportation Corporation,Q940421,New York Stock Exchange,GATX,railways rolling stock leasing,,,,
http://www.wikidata.org/entity/Q6662684,General Cable,Q6662684,New York Stock Exchange,,manufacture of other electronic and electric wires and cables,,,,
http://www.wikidata.org/entity/Q502940,General Dynamics,Q502940,New York Stock Exchange,GD,mechanical engineering; shipbuilding; aerospace industry; defense industry,92782000000,2026-02-26T00:00:00Z,39407000000,2022-01-01T00:00:00Z
http://www.wikidata.org/entity/Q54173,General Electric,Q54173,New York Stock Exchange,GE,mechanical engineering; automotive industry; finance lease; weapons industry; conglomerate; aircraft industry; power engineering,114920000000,2021-08-26T00:00:00Z,76555000000,2022-01-01T00:00:00Z
http://www.wikidata.org/entity/Q629998,General Mills,Q629998,New York Stock Exchange,GIS,food industry,,,18992800000,2022-01-01T00:00:00Z
http://www.wikidata.org/entity/Q81965,General Motors,Q81965,New York Stock Exchange,GM,automotive industry,43531000000,2025-05-01T00:00:00Z,156735000000,2022-01-01T00:00:00Z
http://www.wikidata.org/entity/Q5532704,Genesco,Q5532704,New York Stock Exchange,GCO,,,,,
http://www.wikidata.org/entity/Q1230295,Genesee & Wyoming,Q1230295,New York Stock Exchange,GWR,,,,,
http://www.wikidata.org/entity/Q5532813,Genesis HealthCare,Q5532813,New York Stock Exchange,,health care,,,,
http://www.wikidata.org/entity/Q5533183,Genie Energy,Q5533183,New York Stock Exchange,GNE,petroleum industry,,,,
http://www.wikidata.org/entity/Q28175069,Genomic Health,Q28175069,Nasdaq,GHDX,,,,,
http://www.wikidata.org/entity/Q1007000,Genpact,Q1007000,New York Stock Exchange,G,professional service,,,,
http://www.wikidata.org/entity/Q5533602,Gentex,Q5533602,Nasdaq,GNTX,automotive industry,,,,
http://www.wikidata.org/entity/Q16994021,Gentherm Incorporated,Q16994021,Nasdaq,THRM,automotive industry,,,,
http://www.wikidata.org/entity/Q5533670,Gentiva Health Services,Q5533670,Nasdaq,GTIV,health care,,,,
http://www.wikidata.org/entity/Q133296253,Gentoo Media,Q133296253,Nasdaq,,online gambling,,,,
http://www.wikidata.org/entity/Q5533818,Genuine Parts Company,Q5533818,New York Stock Exchange,GPC,,,,,
http://www.wikidata.org/entity/Q1502712,Genworth Financial,Q1502712,New York Stock Exchange,GNW,financial services,,,,
http://www.wikidata.org/entity/Q5547666,Georgia Power,Q5547666,New York Stock Exchange,GAR,public utility,,,,
http://www.wikidata.org/entity/Q116275554,Geospace Technologies,Q116275554,Nasdaq,GEOS,,,,,
http://www.wikidata.org/entity/Q1511043,Gerdau,Q1511043,New York Stock Exchange,GGB,metal industry; iron and steel industry,,,,
http://www.wikidata.org/entity/Q5552410,Geron Corporation,Q5552410,Nasdaq,GERN,biotechnology,,,,
http://www.wikidata.org/entity/Q1520122,Getty Images,Q1520122,New York Stock Exchange,GETY,publishing,,,,
http://www.wikidata.org/entity/Q5554922,"Gevo, Inc",Q5554922,Nasdaq,GEVO,energy sector; second-generation biofuels,,,,
http://www.wikidata.org/entity/Q16078481,Giant Interactive,Q16078481,New York Stock Exchange,,video game industry,,,,
http://www.wikidata.org/entity/Q111387847,Gibraltar Industries,Q111387847,Nasdaq,ROCK,,,,,
http://www.wikidata.org/entity/Q5560152,GigaMedia Limited,Q5560152,Nasdaq,GIGM,,,,,
http://www.wikidata.org/entity/Q11159866,Gilat Satellite Networks Ltd.,Q11159866,Nasdaq,GILT,telecommunications,1110649000,2022-11-15T00:00:00Z,,
http://www.wikidata.org/entity/Q1524197,Gildan Activewear,Q1524197,New York Stock Exchange,GIL,textile industry,,,,
http://www.wikidata.org/entity/Q663596,Gilead Sciences,Q663596,Nasdaq,GILD,pharmaceutical industry,66400000000,2019-06-28T00:00:00Z,27281000000,2022-01-01T00:00:00Z
http://www.wikidata.org/entity/Q29026065,Ginkgo Bioworks,Q29026065,New York Stock Exchange,DNA,biotechnology,,,,
http://www.wikidata.org/entity/Q55589254,GitLab Inc.,Q55589254,Nasdaq,GTLB,,,,,
http://www.wikidata.org/entity/Q5565827,Given Imaging,Q5565827,Nasdaq,,health technology,,,,
http://www.wikidata.org/entity/Q17183462,"Glacier Bancorp, Inc",Q17183462,Nasdaq,GBCI,,,,,
http://www.wikidata.org/entity/Q285931,GlassBridge Enterprises,Q285931,New York Stock Exchange,GLAE,investment,,,,
http://www.wikidata.org/entity/Q726654,Glatfelter,Q726654,New York Stock Exchange,GLT,pulp and paper industry,,,,
http://www.wikidata.org/entity/Q5569625,Glimcher Realty Trust,Q5569625,New York Stock Exchange,GRT,real estate investment trust,,,,
http://www.wikidata.org/entity/Q18636683,Global Industrial,Q18636683,Nasdaq,SYX,,,,,
http://www.wikidata.org/entity/Q7663801,Global Industrial Company,Q7663801,New York Stock Exchange,GIC,,,,,
http://www.wikidata.org/entity/Q5570537,Global Partners,Q5570537,New York Stock Exchange,,petroleum industry,,,,
http://www.wikidata.org/entity/Q5570544,Global Payments,Q5570544,New York Stock Exchange,GPN,,,,,
http://www.wikidata.org/entity/Q117392567,Global Ship Lease,Q117392567,New York Stock Exchange,GSL,,,,,
http://www.wikidata.org/entity/Q5570647,Global Sources,Q5570647,Nasdaq,GSOL,,,,,
http://www.wikidata.org/entity/Q691592,GlobalFoundries,Q691592,Nasdaq,GFS,semiconductor industry,,,6585079000,2021-01-01T00:00:00Z
http://www.wikidata.org/entity/Q5570946,Globant,Q5570946,New York Stock Exchange,GLOB,software development,,,,
http://www.wikidata.org/entity/Q5570993,Globe Life,Q5570993,New York Stock Exchange,GL,life insurance,,,,
http://www.wikidata.org/entity/Q7825574,Globe Life,Q7825574,New York Stock Exchange,GL,life insurance; financial sector,,,,
http://www.wikidata.org/entity/Q5570954,GlobeImmune,Q5570954,Nasdaq,GBIM,biotechnology,,,,
http://www.wikidata.org/entity/Q18344949,Globus Medical,Q18344949,New York Stock Exchange,GMED,health technology,,,,
http://www.wikidata.org/entity/Q2450081,Glu Mobile,Q2450081,Nasdaq,GLUU,video game industry,,,,
http://www.wikidata.org/entity/Q1416215,GoDaddy,Q1416215,Nasdaq,GDDY,web hosting service,,,2231900000,2017-01-01T00:00:00Z
http://www.wikidata.org/entity/Q1416215,GoDaddy,Q1416215,New York Stock Exchange,GDDY,web hosting service,,,2231900000,2017-01-01T00:00:00Z
http://www.wikidata.org/entity/Q96379626,GoHealth,Q96379626,Nasdaq,GOCO,health care industry,,,,
http://www.wikidata.org/entity/Q733482,GoPro,Q733482,Nasdaq,GPRO,photography; electrical industry,,,,
http://www.wikidata.org/entity/Q823303,GoTo,Q823303,Nasdaq,,software industry,,,,
http://www.wikidata.org/entity/Q27065,Gogo Inflight Internet,Q27065,Nasdaq,GOGO,aerospace industry,,,,
http://www.wikidata.org/entity/Q19880591,Gogoro,Q19880591,Nasdaq,GGR,,,,3.5,2023-01-01T00:00:00Z
http://www.wikidata.org/entity/Q691637,Gol Transportes Aéreos,Q691637,New York Stock Exchange,GOL,,,,,
http://www.wikidata.org/entity/Q5578424,Golar LNG,Q5578424,Nasdaq,GLNG,LNG carrier,,,,
http://www.wikidata.org/entity/Q1534597,Gold Fields,Q1534597,New York Stock Exchange,GFI,gold mining,,,,
http://www.wikidata.org/entity/Q5579415,Golden Entertainment,Q5579415,Nasdaq,GDEN,gambling,,,,
http://www.wikidata.org/entity/Q12058769,Golden Flake,Q12058769,Nasdaq,GLDC,,,,,
http://www.wikidata.org/entity/Q2504058,Golden Ocean,Q2504058,Nasdaq,GOGL,freight transport; dry bulk shipping,,,,
http://www.wikidata.org/entity/Q193326,Goldman Sachs,Q193326,New York Stock Exchange,GS,"financial services; International Standard Industrial Classification; financial service activities, except insurance and pension funding; financial sector",91700000000,2017-02-02T00:00:00Z,53512000000,2024-01-01T00:00:00Z
http://www.wikidata.org/entity/Q139604955,GoodNoise Corporation,Q139604955,Nasdaq,GDNO,,,,,
http://www.wikidata.org/entity/Q30640316,GoodRx,Q30640316,Nasdaq,GDRX,health care industry,,,,
http://www.wikidata.org/entity/Q620875,Goodyear Tire and Rubber Company,Q620875,Nasdaq,GT,industrial manufacturing; plastics and rubber industry,,,20066000000,2023-01-01T00:00:00Z
http://www.wikidata.org/entity/Q95,Google,Q95,Nasdaq,GOOGL,Internet; information technology; internet marketing; software industry; technology industry; Internet industry,,,,
http://www.wikidata.org/entity/Q5584725,Gordmans,Q5584725,Nasdaq,GMAN,retail,,,,
http://www.wikidata.org/entity/Q5586622,Gorman-Rupp Company,Q5586622,New York Stock Exchange,GRC,,,,,
http://www.wikidata.org/entity/Q20873932,Grab,Q20873932,Nasdaq,GRAB,information technology; peer-to-peer ridesharing; transport,,,,
http://www.wikidata.org/entity/Q16994357,GrabCAD,Q16994357,Nasdaq,SSYS,mechanical engineering,,,,
http://www.wikidata.org/entity/Q5591659,Graco,Q5591659,New York Stock Exchange,GGG,,,,,
http://www.wikidata.org/entity/Q5592433,GrafTech,Q5592433,New York Stock Exchange,EAF,petrochemical industry,,,,
http://www.wikidata.org/entity/Q3121014,Graham Holdings Company,Q3121014,New York Stock Exchange,GHC,conglomerate,,,,
http://www.wikidata.org/entity/Q33129672,Grand Canyon Education,Q33129672,Nasdaq,LOPE,education industry,,,,
http://www.wikidata.org/entity/Q5595849,Granite Construction,Q5595849,New York Stock Exchange,GVA,construction,,,,
http://www.wikidata.org/entity/Q1884246,Granite Real Estate,Q1884246,New York Stock Exchange,,,,,,
http://www.wikidata.org/entity/Q16874768,Grant Prideco,Q16874768,New York Stock Exchange,GRP,oilfield service company,,,,
http://www.wikidata.org/entity/Q5597139,Graphic Packaging,Q5597139,New York Stock Exchange,GPK,,,,,
http://www.wikidata.org/entity/Q484143,Gravity Corporation,Q484143,Nasdaq,GRVY,video game industry,,,,
http://www.wikidata.org/entity/Q5598232,Gray Media,Q5598232,New York Stock Exchange,GTN,terrestrial television,,,,
http://www.wikidata.org/entity/Q5599440,Great Lakes Dredge and Dock Company,Q5599440,Nasdaq,GLDD,,,,,
http://www.wikidata.org/entity/Q5599779,Great Plains Energy,Q5599779,New York Stock Exchange,GXP,electricity supply company,,,,
http://www.wikidata.org/entity/Q112871910,Great Plains Software,Q112871910,Nasdaq,GPSI,software industry,,,,
http://www.wikidata.org/entity/Q16975278,Green Dot Corporation,Q16975278,New York Stock Exchange,GDOT,financial services,,,,
http://www.wikidata.org/entity/Q5603070,Green Plains Renewable Energy,Q5603070,Nasdaq,GPRE,,,,,
http://www.wikidata.org/entity/Q18619272,Greenhill & Co.,Q18619272,New York Stock Exchange,GHL,investment bank,,,,
http://www.wikidata.org/entity/Q20486914,"Greif, Inc.",Q20486914,New York Stock Exchange,GEF,product packaging industry,,,,
http://www.wikidata.org/entity/Q16840288,Griffon Corporation,Q16840288,New York Stock Exchange,GFF,conglomerate,,,,
http://www.wikidata.org/entity/Q901262,Grifols,Q901262,Nasdaq,GRFS,pharmaceutical industry,,,7212000000,2024-01-01T00:00:00Z
http://www.wikidata.org/entity/Q2302402,Grindr,Q2302402,New York Stock Exchange,GRND,Internet dating industry,4556000000,2025-06-05T00:00:00Z,,
http://www.wikidata.org/entity/Q5609934,Grocery Outlet,Q5609934,Nasdaq,GO,retail,,,,
http://www.wikidata.org/entity/Q5611081,Group 1 Automotive,Q5611081,New York Stock Exchange,GPI,car dealership,,,,
http://www.wikidata.org/entity/Q852787,Groupon,Q852787,Nasdaq,GRPN,e-commerce,,,967108000,2021-01-01T00:00:00Z
http://www.wikidata.org/entity/Q545402,Gruma,Q545402,New York Stock Exchange,,food processing,,,,
http://www.wikidata.org/entity/Q5612176,Grupo Aeroportuario Centro Norte,Q5612176,Nasdaq,OMAB,aviation,,,,
http://www.wikidata.org/entity/Q5612177,Grupo Aeroportuario del Pacífico,Q5612177,New York Stock Exchange,PAC,aviation,,,,
http://www.wikidata.org/entity/Q1407601,Grupo Aeroportuario del Sureste,Q1407601,New York Stock Exchange,ASR,aviation,,,,
http://www.wikidata.org/entity/Q5886408,Grupo Radio Centro,Q5886408,Nasdaq,GRDCY,broadcasting,,,,
http://www.wikidata.org/entity/Q47099,Grupo Televisa,Q47099,New York Stock Exchange,TV,television; mass media; film industry,,,5300000000,2012-01-01T00:00:00Z
http://www.wikidata.org/entity/Q837982,Guangshen Railway,Q837982,New York Stock Exchange,GSH,,,,,
http://www.wikidata.org/entity/Q16994588,Guaranty Federal Bancshares,Q16994588,Nasdaq,GFED,financial services,,,,
http://www.wikidata.org/entity/Q53308751,Guardant Health,Q53308751,Nasdaq,GH,biotechnology,,,,
http://www.wikidata.org/entity/Q2470307,Guess,Q2470307,New York Stock Exchange,GES,retail,,,,
http://www.wikidata.org/entity/Q5615528,Guidewire Software,Q5615528,New York Stock Exchange,GWRE,,,,,
http://www.wikidata.org/entity/Q24896598,Gulf Island Fabrication,Q24896598,Nasdaq,GIFI,,,,303308000,2019-01-01T00:00:00Z
http://www.wikidata.org/entity/Q5617509,Gulf Power Company,Q5617509,New York Stock Exchange,,public utility,,,,
http://www.wikidata.org/entity/Q124724948,"GulfMark Offshore, Inc",Q124724948,New York Stock Exchange,GLF,,,,,
http://www.wikidata.org/entity/Q5625470,Gyrodyne Company of America,Q5625470,Nasdaq,GYRO,,,,,
http://www.wikidata.org/entity/Q15926208,H World Group Limited,Q15926208,Nasdaq,HTHT,hospitality industry; hotel manager,,,,
http://www.wikidata.org/entity/Q5627799,H&R Block,Q5627799,New York Stock Exchange,HRB,,,,,
http://www.wikidata.org/entity/Q20486915,H.B. Fuller,Q20486915,New York Stock Exchange,FUL,chemical industry,,,,
http://www.wikidata.org/entity/Q1630431,HCA Corporation,Q1630431,New York Stock Exchange,HCA,health care,,,60233000000,2022-01-01T00:00:00Z
http://www.wikidata.org/entity/Q631047,HDFC Bank,Q631047,New York Stock Exchange,HDB,economics of banking; financial services; financial sector,,,25636300000,2024-01-01T00:00:00Z
http://www.wikidata.org/entity/Q5629432,HEICO,Q5629432,New York Stock Exchange,HEI,,,,,
http://www.wikidata.org/entity/Q5881864,HF Sinclair,Q5881864,New York Stock Exchange,HFC,petroleum industry,,,38204839000,2022-01-01T00:00:00Z
http://www.wikidata.org/entity/Q9013416,HKTV,Q9013416,Nasdaq,HKTV,e-commerce,,,,
http://www.wikidata.org/entity/Q5635303,HNI Corporation,Q5635303,New York Stock Exchange,HNI,industrial manufacturing; furniture industry,,,,
http://www.wikidata.org/entity/Q21404084,HP Inc.,Q21404084,New York Stock Exchange,HPQ,software industry; information and communications industry; information technology industry; computer hardware industry,29000000000,2017-07-08T00:00:00Z,53559000000,2024-01-01T00:00:00Z
http://www.wikidata.org/entity/Q147224,HRG Group,Q147224,New York Stock Exchange,HRG,,,,,
http://www.wikidata.org/entity/Q190464,HSBC,Q190464,New York Stock Exchange,HSBC,insurance; financial services; economics of banking; financial sector,185400000000,2018-08-12T00:00:00Z,62440000000,2024-01-01T00:00:00Z
http://www.wikidata.org/entity/Q17025895,HSBC USA,Q17025895,New York Stock Exchange,HBAPRD,,,,,
http://www.wikidata.org/entity/Q452340,HSN,Q452340,Nasdaq,HSNI,cable television; satellite television,,,,
http://www.wikidata.org/entity/Q1961738,HUI Gold Index,Q1961738,Nasdaq,GOLD,,,,,
http://www.wikidata.org/entity/Q18158741,Habit Burger & Grill,Q18158741,Nasdaq,HABT,fast casual restaurant,,,,
http://www.wikidata.org/entity/Q16980281,Haemonetics,Q16980281,New York Stock Exchange,HAE,biomedical engineering,,,,
http://www.wikidata.org/entity/Q16994702,Hagerty Insurance Agency,Q16994702,New York Stock Exchange,HGTY,insurance,,,,
http://www.wikidata.org/entity/Q5639346,Hain Celestial Group,Q5639346,Nasdaq,HAIN,,,,,
http://www.wikidata.org/entity/Q112860932,Haleon,Q112860932,New York Stock Exchange,HLN,,,,,
http://www.wikidata.org/entity/Q106070945,Hall of Fame Resort & Entertainment Co,Q106070945,Nasdaq,HOFV,,,,,
http://www.wikidata.org/entity/Q656165,Halliburton,Q656165,New York Stock Exchange,HAL,petroleum,,,,
http://www.wikidata.org/entity/Q5189410,Hallmark Media,Q5189410,Nasdaq,CRWN,television,,,,
http://www.wikidata.org/entity/Q5643474,Halozyme Therapeutics,Q5643474,Nasdaq,HALO,,,,,
http://www.wikidata.org/entity/Q30591272,"Halozyme, Inc.",Q30591272,Nasdaq,HALO,,,,,
http://www.wikidata.org/entity/Q5644848,Hamilton Beach Brands,Q5644848,New York Stock Exchange,HBB,,,,,
http://www.wikidata.org/entity/Q119844805,Hamilton Lane,Q119844805,Nasdaq,HLNE,,,,,
http://www.wikidata.org/entity/Q5645976,Hampden Bank,Q5645976,Nasdaq,HBNK,,,,,
http://www.wikidata.org/entity/Q5647025,Hancock Whitney,Q5647025,Nasdaq,HWC,financial sector,,,,
http://www.wikidata.org/entity/Q5647768,Hanesbrands,Q5647768,New York Stock Exchange,HBI,,,,,
http://www.wikidata.org/entity/Q5648633,Hanmi Bank,Q5648633,Nasdaq,HAFC,bank,,,,
http://www.wikidata.org/entity/Q5649395,Hanover Insurance,Q5649395,New York Stock Exchange,THG,insurance,,,,
http://www.wikidata.org/entity/Q5651043,Hansen Medical,Q5651043,Nasdaq,HNSN,,,,,
http://www.wikidata.org/entity/Q5651424,Hanwha SolarOne,Q5651424,Nasdaq,,,,,,
http://www.wikidata.org/entity/Q124258509,HarborOne Bancorp,Q124258509,Nasdaq,HONE,,,,,
http://www.wikidata.org/entity/Q5656147,"Hardinge, Inc.",Q5656147,Nasdaq,HDNG,,,,,
http://www.wikidata.org/entity/Q192814,Harley-Davidson,Q192814,New York Stock Exchange,HOG,mechanical engineering; automotive industry,,,,
http://www.wikidata.org/entity/Q1585599,Harman International Industries,Q1585599,New York Stock Exchange,,electronics,,,,
http://www.wikidata.org/entity/Q15109880,Harmonic Inc.,Q15109880,Nasdaq,HLIT,,,,,
http://www.wikidata.org/entity/Q1507228,Harmony Gold,Q1507228,New York Stock Exchange,HMY,,,,,
http://www.wikidata.org/entity/Q1433308,Harris Corporation,Q1433308,New York Stock Exchange,,aerospace industry,,,4970000000,2018-01-01T00:00:00Z
http://www.wikidata.org/entity/Q22079529,Harrow Health,Q22079529,Nasdaq,HROW,pharmaceutical industry,,,,
http://www.wikidata.org/entity/Q5674337,Harte Hanks,Q5674337,New York Stock Exchange,HHS,marketing,,,,
http://www.wikidata.org/entity/Q16994890,Harvard Bioscience,Q16994890,Nasdaq,HBIO,life sciences,,,,
http://www.wikidata.org/entity/Q501476,Hasbro,Q501476,Nasdaq,HAS,game industry,,,6420600000,2021-01-01T00:00:00Z
http://www.wikidata.org/entity/Q21463167,HashiCorp,Q21463167,Nasdaq,HCP,IT infrastructure,,,,
http://www.wikidata.org/entity/Q5680343,Hastings Entertainment,Q5680343,Nasdaq,,retail,,,,
http://www.wikidata.org/entity/Q17110569,Hatteras Financial Corp,Q17110569,New York Stock Exchange,HTS,real estate investment trust,,,,
http://www.wikidata.org/entity/Q5683881,Havertys,Q5683881,New York Stock Exchange,HVT,,,,,
http://www.wikidata.org/entity/Q642610,Hawaiian Airlines,Q642610,Nasdaq,HA,,,,,
http://www.wikidata.org/entity/Q5684524,Hawaiian Electric Industries,Q5684524,New York Stock Exchange,HE,,,,,
http://www.wikidata.org/entity/Q5684575,Hawaiian Telcom,Q5684575,Nasdaq,HCOM,telecommunications,,,,
http://www.wikidata.org/entity/Q1591976,Haynes International,Q1591976,Nasdaq,HAYN,metal,,,,
http://www.wikidata.org/entity/Q555900,Head & Shoulders,Q555900,New York Stock Exchange,,,,,,
http://www.wikidata.org/entity/Q4040469,Headhunter,Q4040469,Nasdaq,HHR,E-recruitment,,,8282107000,2020-01-01T00:00:00Z
http://www.wikidata.org/entity/Q5690101,Headwaters Incorporated,Q5690101,New York Stock Exchange,HW,,,,,
http://www.wikidata.org/entity/Q5690594,Health Management Associates,Q5690594,New York Stock Exchange,,,,,,
http://www.wikidata.org/entity/Q3129010,Health Net,Q3129010,New York Stock Exchange,HNT,managed care; health care industry,,,,
http://www.wikidata.org/entity/Q16975567,Healthpeak Properties,Q16975567,New York Stock Exchange,DOC,real estate investment trust,,,,
http://www.wikidata.org/entity/Q136815592,Heartland Express,Q136815592,Nasdaq,HTDL,,,,,
http://www.wikidata.org/entity/Q5692871,Heartland Payment Systems,Q5692871,New York Stock Exchange,HPY,,,,,
http://www.wikidata.org/entity/Q25111982,Heat Biologics,Q25111982,Nasdaq,HTBX,biotechnology,,,,
http://www.wikidata.org/entity/Q5696498,Hecla Mining,Q5696498,New York Stock Exchange,HL,mining,,,,
http://www.wikidata.org/entity/Q17110635,Heidrick & Struggles,Q17110635,Nasdaq,HSII,executive search,,,,
http://www.wikidata.org/entity/Q5703474,Helen of Troy Limited,Q5703474,Nasdaq,HELE,,,,,
http://www.wikidata.org/entity/Q13522860,Helicos Biosciences,Q13522860,Nasdaq,HLCS,biotechnology,,,,
http://www.wikidata.org/entity/Q5706267,Helix Energy Solutions Group,Q5706267,New York Stock Exchange,hlx,petroleum industry,,,,
http://www.wikidata.org/entity/Q19604418,Helmerich & Payne,Q19604418,New York Stock Exchange,HP,,,,,
http://www.wikidata.org/entity/Q905086,Henry Schein,Q905086,Nasdaq,HSIC,,,,,
http://www.wikidata.org/entity/Q572948,Herbalife,Q572948,New York Stock Exchange,HLF,food industry,,,,
http://www.wikidata.org/entity/Q107623842,Herc Holdings Inc.,Q107623842,New York Stock Exchange,HRI,,,,,
http://www.wikidata.org/entity/Q5739298,Herley Industries,Q5739298,Nasdaq,HRLY,,,,,
http://www.wikidata.org/entity/Q489469,Herman Miller,Q489469,Nasdaq,MLHR,industrial manufacturing,,,,
http://www.wikidata.org/entity/Q16975645,Hersha Hospitality Trust,Q16975645,New York Stock Exchange,HT,real estate investment trust,,,,
http://www.wikidata.org/entity/Q18349283,Hertz Car Sales,Q18349283,New York Stock Exchange,HTZ,car dealership,,,,
http://www.wikidata.org/entity/Q95205133,Hertz Global Holdings,Q95205133,New York Stock Exchange,HTZ,tourism industry,,,8685000000,2022-01-01T00:00:00Z
http://www.wikidata.org/entity/Q109412509,Hesai Technology,Q109412509,Nasdaq,HSAI,,,,,
http://www.wikidata.org/entity/Q1615684,Hess Corporation,Q1615684,New York Stock Exchange,HES,petroleum industry; manufacture of refined petroleum products,,,11570000000,2022-01-01T00:00:00Z
http://www.wikidata.org/entity/Q19923099,Hewlett Packard Enterprise,Q19923099,New York Stock Exchange,HPE,software industry; information and communications industry; information technology industry; computer hardware industry,27800000000,2017-07-14T00:00:00Z,28496000000,2022-01-01T00:00:00Z
http://www.wikidata.org/entity/Q691126,Hewlett Packard Enterprise Services,Q691126,New York Stock Exchange,EDS,information technology industry; IT service management,,,,
http://www.wikidata.org/entity/Q80978,Hewlett-Packard,Q80978,New York Stock Exchange,HWP,software industry; information technology industry; information and communications industry; computer hardware industry,29000000000,2017-07-08T00:00:00Z,53559000000,2024-01-01T00:00:00Z
http://www.wikidata.org/entity/Q5748967,Hexcel,Q5748967,New York Stock Exchange,HXL,,,,,
http://www.wikidata.org/entity/Q5750102,Hhgregg,Q5750102,New York Stock Exchange,HGG,retail,,,,
http://www.wikidata.org/entity/Q5960624,HiSoft,Q5960624,Nasdaq,HSFT,,,,,
http://www.wikidata.org/entity/Q5750671,Hibbett Sports,Q5750671,Nasdaq,HIBB,,,,,
http://www.wikidata.org/entity/Q16995338,Hickory Tech,Q16995338,Nasdaq,HTCO,,,,,
http://www.wikidata.org/entity/Q136959566,High Voltage Engineering Corporation,Q136959566,New York Stock Exchange,HVE,,,,,
http://www.wikidata.org/entity/Q5762186,Hill International,Q5762186,New York Stock Exchange,HIL,professional service,,,,
http://www.wikidata.org/entity/Q5761967,HillRom,Q5761967,New York Stock Exchange,HRC,,,,,
http://www.wikidata.org/entity/Q5763038,"Hillenbrand, Inc.",Q5763038,New York Stock Exchange,HI,,,,,
http://www.wikidata.org/entity/Q13636126,Hilton Grand Vacations,Q13636126,New York Stock Exchange,HGV,timeshare,,,,
http://www.wikidata.org/entity/Q1057464,Hilton Worldwide,Q1057464,New York Stock Exchange,HLT,hospitality industry,,,,
http://www.wikidata.org/entity/Q5765159,Himax,Q5765159,Nasdaq,HIMX,semiconductor industry,,,,
http://www.wikidata.org/entity/Q64363662,Hims & Hers Health,Q64363662,New York Stock Exchange,HIMS,online pharmacy; telehealth,,,,
http://www.wikidata.org/entity/Q7236674,HireRight,Q7236674,New York Stock Exchange,HRT,,,,,
http://www.wikidata.org/entity/Q5881333,Holliday Fenoglio Fowler,Q5881333,New York Stock Exchange,HF,,,,,
http://www.wikidata.org/entity/Q5884072,Hologic,Q5884072,Nasdaq,HOLX,health technology,,,4862800000,2022-01-01T00:00:00Z
http://www.wikidata.org/entity/Q28402394,Home BancShares,Q28402394,Nasdaq,HOMB,financial services,,,,
http://www.wikidata.org/entity/Q28402394,Home BancShares,Q28402394,New York Stock Exchange,HOMB,financial services,,,,
http://www.wikidata.org/entity/Q5629392,Home Depot Supply,Q5629392,Nasdaq,HDS,,,,,
http://www.wikidata.org/entity/Q5888363,Home Federal Bank,Q5888363,Nasdaq,HFFC,financial services,,,,
http://www.wikidata.org/entity/Q4980954,Home Inn,Q4980954,Nasdaq,,hospitality industry,,,,
http://www.wikidata.org/entity/Q5888639,Home Properties,Q5888639,New York Stock Exchange,,,,,,
http://www.wikidata.org/entity/Q5887924,HomeAway,Q5887924,Nasdaq,AWAY,vacation rental marketplace industry,,,,
http://www.wikidata.org/entity/Q16995776,HomeTrust Bancshares,Q16995776,Nasdaq,HTBI,financial sector,,,,
http://www.wikidata.org/entity/Q9584,Honda,Q9584,New York Stock Exchange,HMC,automotive industry; industrial manufacturing,,,14950000000000,2022-01-01T00:00:00Z
http://www.wikidata.org/entity/Q898208,"Honeywell International, Inc.",Q898208,New York Stock Exchange,HON,retail; chemical industry; supply chain; aerospace industry; manufacturing industry; health care industry; industrial safety,143789555758,2022-12-24T00:00:00Z,35466000000,2022-01-01T00:00:00Z
http://www.wikidata.org/entity/Q16844753,Horizon Therapeutics,Q16844753,Nasdaq,HZNP,pharmaceutical industry,,,,
http://www.wikidata.org/entity/Q1454852,Hormel,Q1454852,New York Stock Exchange,HRL,food processing,,,12458806000,2022-01-01T00:00:00Z
http://www.wikidata.org/entity/Q16980395,Hornbeck Offshore Services,Q16980395,New York Stock Exchange,HOS,,,,,
http://www.wikidata.org/entity/Q5905787,Horsehead Corporation,Q5905787,Nasdaq,ZINC,zinc industry,,,,
http://www.wikidata.org/entity/Q5906990,Hortonworks,Q5906990,Nasdaq,HDP,software industry,,,,
http://www.wikidata.org/entity/Q1470525,Hospira,Q1470525,New York Stock Exchange,HSP,pharmaceutical industry,,,,
http://www.wikidata.org/entity/Q1630559,Host Hotels & Resorts,Q1630559,New York Stock Exchange,HST,hotel industry,,,,
http://www.wikidata.org/entity/Q17068094,Hostess Brands,Q17068094,Nasdaq,TWNK,food industry,,,,
http://www.wikidata.org/entity/Q9294032,Hot Topic,Q9294032,Nasdaq,HOTT,retail,,,,
http://www.wikidata.org/entity/Q390074,Houghton Mifflin Harcourt,Q390074,Nasdaq,HMHC,,,,,
http://www.wikidata.org/entity/Q1410137,Houlihan Lokey,Q1410137,New York Stock Exchange,HLI,mergers and acquisitions; financial services; corporate finance; investment banking; restructuring; valuation,10620000000,2026-05-08T00:00:00Z,2390000000,2025-01-01T00:00:00Z
http://www.wikidata.org/entity/Q16996000,Houston Wire & Cable,Q16996000,Nasdaq,HWCC,,,,,
http://www.wikidata.org/entity/Q25104597,Howmet Aerospace,Q25104597,New York Stock Exchange,ARNC,aerospace industry,,,,
http://www.wikidata.org/entity/Q56421559,Huami Corporation,Q56421559,New York Stock Exchange,HMI,industrial manufacturing,,,,
http://www.wikidata.org/entity/Q1507642,Huaneng Power International,Q1507642,New York Stock Exchange,HNP,electric power industry,,,113814236000,2016-01-01T00:00:00Z
http://www.wikidata.org/entity/Q17183768,Hub Group,Q17183768,Nasdaq,HUBG,,,,,
http://www.wikidata.org/entity/Q5926631,HubSpot,Q5926631,New York Stock Exchange,HUBS,marketing; automation; cloud computing; analytics; customer relationship management; software industry; email marketing; software as a service,,,2630000000,2024-01-01T00:00:00Z
http://www.wikidata.org/entity/Q21036456,Hubbell Incorporated,Q21036456,New York Stock Exchange,HUBB,electronics industry,,,,
http://www.wikidata.org/entity/Q5928181,HudBay Minerals,Q5928181,New York Stock Exchange,HBM,,,,,
http://www.wikidata.org/entity/Q16996073,Hudson City Bancorp,Q16996073,Nasdaq,HCBK,,,,,
http://www.wikidata.org/entity/Q55614037,Hudson Pacific Properties,Q55614037,New York Stock Exchange,HPP,,,,,
http://www.wikidata.org/entity/Q910866,Humana,Q910866,New York Stock Exchange,HUM,insurance industry,33600000000,2017-06-21T00:00:00Z,92870000000,2022-01-01T00:00:00Z
http://www.wikidata.org/entity/Q798819,Huntington Bancshares,Q798819,Nasdaq,HBAN,economics of banking; financial services,,,,
http://www.wikidata.org/entity/Q7257522,Huntington Ingalls Industries,Q7257522,New York Stock Exchange,HII,shipbuilding,17093000000,2026-02-26T00:00:00Z,11535000000,2024-01-01T00:00:00Z
http://www.wikidata.org/entity/Q851361,Huntsman Corporation,Q851361,New York Stock Exchange,HUN,chemical industry,,,,
http://www.wikidata.org/entity/Q17086972,Huron Consulting Group,Q17086972,Nasdaq,HURN,business and other management consultancy activities,,,,
http://www.wikidata.org/entity/Q124249546,Hut 8,Q124249546,Nasdaq,HUT,,,,,
http://www.wikidata.org/entity/Q5950709,Hutchinson Technology,Q5950709,Nasdaq,HTCH,,,,,
http://www.wikidata.org/entity/Q10921659,Hutchison China Meditech,Q10921659,Nasdaq,HCM,biomedicine,,,,
http://www.wikidata.org/entity/Q113510355,Hutchison MediPharma Limited,Q113510355,Nasdaq,HCM,pharmaceutical industry,,,,
http://www.wikidata.org/entity/Q1425063,Hyatt Hotels Corporation,Q1425063,New York Stock Exchange,H,hospitality industry,,,,
http://www.wikidata.org/entity/Q5957866,Hypercom,Q5957866,New York Stock Exchange,HYC,,,,,
http://www.wikidata.org/entity/Q1431991,Hyperion Solutions Corporation,Q1431991,Nasdaq,HYSL,,,,,
http://www.wikidata.org/entity/Q19876423,Hyster-Yale Materials Handling,Q19876423,New York Stock Exchange,HY,,,,,
http://www.wikidata.org/entity/Q17062565,Hyundai Motor America,Q17062565,Nasdaq,HYMTF,automotive industry,,,,
http://www.wikidata.org/entity/Q55931,Hyundai Motor Company,Q55931,Nasdaq,HYMTF,automotive industry,,,117.61,2021-01-01T00:00:00Z
http://www.wikidata.org/entity/Q108076472,Hyzon Motors,Q108076472,Nasdaq,HYZN,fuel cell; hydrogen vehicle; hydrogen fuel,,,,
http://www.wikidata.org/entity/Q15109885,I.D. Systems,Q15109885,Nasdaq,IDSY,,,,,
http://www.wikidata.org/entity/Q5968216,I2 Technologies,Q5968216,Nasdaq,ITWO,,,,,
http://www.wikidata.org/entity/Q974846,IAC,Q974846,Nasdaq,IAC,Internet industry; media industry,,,,
http://www.wikidata.org/entity/Q37156,IBM,Q37156,New York Stock Exchange,IBM,software industry; computer industry; IT service management; information technology consulting; computer hardware industry,282084000000,2025-12-02T00:00:00Z,62753000000,2024-01-01T00:00:00Z
http://www.wikidata.org/entity/Q5969562,ICF International,Q5969562,Nasdaq,ICFI,professional service,,,,
http://www.wikidata.org/entity/Q5969568,ICG Group,Q5969568,Nasdaq,ACTA,business-to-business,,,,
http://www.wikidata.org/entity/Q1653258,ICICI Bank,Q1653258,New York Stock Exchange,IBN,economics of banking; financial services; financial sector,,,,
http://www.wikidata.org/entity/Q5969799,ICU Medical,Q5969799,Nasdaq,ICUI,,,,,
http://www.wikidata.org/entity/Q5970002,IDEX Corporation,Q5970002,New York Stock Exchange,IEX,industrial manufacturing,,,,
http://www.wikidata.org/entity/Q1758392,"IDEXX Laboratories, Inc.",Q1758392,Nasdaq,IDXX,health care,,,,
http://www.wikidata.org/entity/Q1925384,IDT Corporation,Q1925384,New York Stock Exchange,IDT,telecommunications,,,,
http://www.wikidata.org/entity/Q2056977,IGATE Patni,Q2056977,Nasdaq,IGTE,information technology; IT service management,,,,
http://www.wikidata.org/entity/Q1424962,IHG Hotels & Resorts,Q1424962,New York Stock Exchange,IHG,hotel industry; beverage industry,,,,
http://www.wikidata.org/entity/Q1662481,IHS Inc.,Q1662481,New York Stock Exchange,INFO,Information Services,,,,
http://www.wikidata.org/entity/Q15109887,II-VI Incorporated,Q15109887,Nasdaq,COHR,,,,,
http://www.wikidata.org/entity/Q1654103,IMAX Corporation,Q1654103,New York Stock Exchange,IMAX,Motion Picture Production and Services,,,,
http://www.wikidata.org/entity/Q17107938,IMRIS,Q17107938,Nasdaq,IMRS,medical equipment,,,,
http://www.wikidata.org/entity/Q645708,ING Group,Q645708,New York Stock Exchange,ING,"financial service activities, except insurance and pension funding",,,22615000000,2024-01-01T00:00:00Z
http://www.wikidata.org/entity/Q5972866,ION Geophysical,Q5972866,New York Stock Exchange,IO,petroleum,,,,
http://www.wikidata.org/entity/Q47462183,IONQ,Q47462183,New York Stock Exchange,IONQ,quantum computing industry,,,,
http://www.wikidata.org/entity/Q16997283,IPC Healthcare,Q16997283,Nasdaq,IPCM,,,,,
http://www.wikidata.org/entity/Q5973024,IPG Photonics,Q5973024,Nasdaq,IPGP,,,,,
http://www.wikidata.org/entity/Q305473,"IQVIA Holdings, Inc.",Q305473,New York Stock Exchange,IQV,pharmaceutical industry,,,,
http://www.wikidata.org/entity/Q138585043,IREN,Q138585043,Nasdaq,IREN,,,,,
http://www.wikidata.org/entity/Q5974728,ITC Transmission,Q5974728,New York Stock Exchange,,public utility,,,,
http://www.wikidata.org/entity/Q582418,ITT Corporation,Q582418,New York Stock Exchange,ITT,industrial manufacturing,,,2988000000,2022-01-01T00:00:00Z
http://www.wikidata.org/entity/Q5974942,ITT Technical Institute,Q5974942,New York Stock Exchange,ESI,,,,,
http://www.wikidata.org/entity/Q20539272,IVISYS,Q20539272,Nasdaq,IVISYS,,,,,
http://www.wikidata.org/entity/Q1655409,Iamgold,Q1655409,New York Stock Exchange,IAG,mining,,,,
http://www.wikidata.org/entity/Q5968523,IberiaBank Corporation,Q5968523,Nasdaq,IBKC,,,,,
http://www.wikidata.org/entity/Q10884844,"Ibero-America Fund, Inc.",Q10884844,New York Stock Exchange,SNF,,,,,
http://www.wikidata.org/entity/Q28133993,Ibotta,Q28133993,New York Stock Exchange,IBTA,technology; direct-to-consumer; performance-based advertising; cashback reward program,,,,
http://www.wikidata.org/entity/Q5985017,Icahn Enterprises,Q5985017,Nasdaq,IEP,conglomerate,,,,
http://www.wikidata.org/entity/Q115792001,IceCure Medical,Q115792001,Nasdaq,ICCM,medical device,,,,
http://www.wikidata.org/entity/Q903957,Icl Group Ltd,Q903957,New York Stock Exchange,ICL,,36610262000,2022-11-15T00:00:00Z,,
http://www.wikidata.org/entity/Q5986662,Iconix Brand Group,Q5986662,Nasdaq,ICON,textile industry,,,,
http://www.wikidata.org/entity/Q5987232,Idacorp,Q5987232,New York Stock Exchange,IDA,,,,,
http://www.wikidata.org/entity/Q105062637,Ideanomics,Q105062637,Nasdaq,IDEX,,,,,
http://www.wikidata.org/entity/Q5995354,Ikanos Communications,Q5995354,Nasdaq,IKAN,,,,,
http://www.wikidata.org/entity/Q1510378,Illinois Tool Works,Q1510378,New York Stock Exchange,ITW,industrial manufacturing,,,,
http://www.wikidata.org/entity/Q2068984,Illumina,Q2068984,Nasdaq,ILMN,biotechnology,,,,
http://www.wikidata.org/entity/Q30256960,Immatics Biotechnologies (Germany),Q30256960,Nasdaq,IMTX,,,,,
http://www.wikidata.org/entity/Q10534742,Immersion Corporation,Q10534742,Nasdaq,IMMR,,,,,
http://www.wikidata.org/entity/Q15964806,ImmunoGen Inc.,Q15964806,Nasdaq,IMGN,,,,,
http://www.wikidata.org/entity/Q19877253,Immutep,Q19877253,Nasdaq,immp,pharmaceutical industry,482438133,2021-11-18T00:00:00Z,,
http://www.wikidata.org/entity/Q6007092,Imperva,Q6007092,New York Stock Exchange,IMPV,computer security,,,,
http://www.wikidata.org/entity/Q4041316,Impinj,Q4041316,Nasdaq,PI,,,,,
http://www.wikidata.org/entity/Q6015591,Incyte,Q6015591,Nasdaq,INCY,pharmaceutical industry,,,,
http://www.wikidata.org/entity/Q6016398,Independent Financial,Q6016398,Nasdaq,IBCP,bank,,,,
http://www.wikidata.org/entity/Q2393592,Indosat Ooredoo Hutchison,Q2393592,New York Stock Exchange,IIT,telecommunications; mobile phone industry; infrastructure industry,,,,
http://www.wikidata.org/entity/Q6028443,Inergy,Q6028443,New York Stock Exchange,NRGY,,,,,
http://www.wikidata.org/entity/Q6029685,Infinera,Q6029685,Nasdaq,INFN,telecommunications,,,,
http://www.wikidata.org/entity/Q16996938,InfoSonics Corporation,Q16996938,Nasdaq,IFON,,,,,
http://www.wikidata.org/entity/Q15831130,Infoblox,Q15831130,New York Stock Exchange,BLOX,computer network,,,,
http://www.wikidata.org/entity/Q941392,Informatica,Q941392,New York Stock Exchange,INFA,software industry,,,,
http://www.wikidata.org/entity/Q26989,Infosys,Q26989,Nasdaq,INFY,IT service management,,,,
http://www.wikidata.org/entity/Q26989,Infosys,Q26989,New York Stock Exchange,INFY,IT service management,,,,
http://www.wikidata.org/entity/Q1663044,Ingersoll Rand,Q1663044,New York Stock Exchange,TT,conglomerate,,,,
http://www.wikidata.org/entity/Q55453962,Ingersoll Rand,Q55453962,New York Stock Exchange,IR,,,,,
http://www.wikidata.org/entity/Q6032595,Ingles,Q6032595,Nasdaq,IMKTA,,,,,
http://www.wikidata.org/entity/Q324616,Ingram Micro,Q324616,New York Stock Exchange,INGM,"Wholesale of computers, computer peripheral equipment and software",,,,
http://www.wikidata.org/entity/Q8273105,Ingredion,Q8273105,New York Stock Exchange,INGR,food industry; textile industry; pulp and paper industry; corrugated fiberboard; health care industry; starch industry,,,,
http://www.wikidata.org/entity/Q6035325,InnerWorkings,Q6035325,Nasdaq,INWK,,,,,
http://www.wikidata.org/entity/Q6036100,Innodata,Q6036100,Nasdaq,INOD,information technology,,,,
http://www.wikidata.org/entity/Q15109891,Innospec,Q15109891,Nasdaq,IOSP,petroleum,,,,
http://www.wikidata.org/entity/Q7243710,Innovate Corp.,Q7243710,New York Stock Exchange,HCHC,financial services,,,,
http://www.wikidata.org/entity/Q111804995,Innoviz Technologies,Q111804995,Nasdaq,INVZ,automotive industry,,,,
http://www.wikidata.org/entity/Q6036711,Inovalon,Q6036711,Nasdaq,INOV,technology,,,,
http://www.wikidata.org/entity/Q30283331,Inovio Pharmaceuticals,Q30283331,Nasdaq,,biotechnology,,,,
http://www.wikidata.org/entity/Q6036968,InsWeb,Q6036968,Nasdaq,PTNT,insurance industry,,,,
http://www.wikidata.org/entity/Q6038080,Insight Enterprises,Q6038080,Nasdaq,NSIT,,,,,
http://www.wikidata.org/entity/Q16986355,"Insignia Systems, Inc.",Q16986355,Nasdaq,ISIG,,,,,
http://www.wikidata.org/entity/Q16980616,Insperity,Q16980616,New York Stock Exchange,NSP,professional service,,,,
http://www.wikidata.org/entity/Q22909236,Instacart,Q22909236,Nasdaq,CART,retail; food product; delivery; food delivery service,,,,
http://www.wikidata.org/entity/Q104480795,Insulet (United States),Q104480795,Nasdaq,PODD,,,,,
http://www.wikidata.org/entity/Q1665429,Integrated Device Technology,Q1665429,Nasdaq,IDTI,semiconductor industry,,,,
http://www.wikidata.org/entity/Q6042841,Integrated Electrical Services,Q6042841,Nasdaq,IESC,construction,,,,
http://www.wikidata.org/entity/Q6043367,Integrys Energy Group,Q6043367,New York Stock Exchange,TEG,,,,,
http://www.wikidata.org/entity/Q248,Intel,Q248,Nasdaq,INTC,electrical industry; semiconductor industry,183400000000,2022-02-18T00:00:00Z,52853000000,2025-01-01T00:00:00Z
http://www.wikidata.org/entity/Q54621387,Intellia Therapeutics,Q54621387,Nasdaq,NTLA,biotechnology,,,,
http://www.wikidata.org/entity/Q778126,Intelsat,Q778126,New York Stock Exchange,I,telecommunications,,,,
http://www.wikidata.org/entity/Q131870561,Inter&Co,Q131870561,Nasdaq,INTR,financial sector,,,,
http://www.wikidata.org/entity/Q6044894,InterDigital,Q6044894,Nasdaq,IDCC,,,,,
http://www.wikidata.org/entity/Q16980647,InterOil,Q16980647,New York Stock Exchange,IOC),petroleum industry,,,,
http://www.wikidata.org/entity/Q3901581,Interactive Brokers LLC - ATS,Q3901581,Nasdaq,IBKR,,,,,
http://www.wikidata.org/entity/Q6045277,Interactive Intelligence,Q6045277,Nasdaq,ININ,,,,,
http://www.wikidata.org/entity/Q16997126,Intercept Pharmaceuticals,Q16997126,Nasdaq,ICPT,biotechnology; pharmaceutical industry,,,,
http://www.wikidata.org/entity/Q841458,Intercontinental Exchange,Q841458,New York Stock Exchange,ICE,,,,9636000000,2022-01-01T00:00:00Z
http://www.wikidata.org/entity/Q1666040,"Interface, Inc.",Q1666040,Nasdaq,TILE,textile industry,,,,
http://www.wikidata.org/entity/Q6047075,Interline Brands,Q6047075,New York Stock Exchange,,wholesale,,,,
http://www.wikidata.org/entity/Q4041486,Intermec,Q4041486,New York Stock Exchange,IN,,,,,
http://www.wikidata.org/entity/Q6047972,Internap,Q6047972,Nasdaq,INAP,IT infrastructure,,,,
http://www.wikidata.org/entity/Q29739,International,Q29739,New York Stock Exchange,NAV,automotive industry,,,1000000000,2012-01-01T00:00:00Z
http://www.wikidata.org/entity/Q6048685,International Bancshares Corporation,Q6048685,Nasdaq,IBOC,financial services,,,,
http://www.wikidata.org/entity/Q6048697,International Bank of Commerce,Q6048697,Nasdaq,IBOC,financial services,,,,
http://www.wikidata.org/entity/Q6049324,International Coal Group,Q6049324,New York Stock Exchange,ICO,mining of coal,,,,
http://www.wikidata.org/entity/Q15109895,International Display Works,Q15109895,Nasdaq,IDWK,technology,,,,
http://www.wikidata.org/entity/Q1666568,International Flavors & Fragrances,Q1666568,New York Stock Exchange,IFF,specialty chemicals,,,,
http://www.wikidata.org/entity/Q1666600,International Game Technology,Q1666600,New York Stock Exchange,IGT,gambling,,,,
http://www.wikidata.org/entity/Q5514677,International Game Technology,Q5514677,New York Stock Exchange,IGT,gambling,,,,
http://www.wikidata.org/entity/Q202972,International Paper,Q202972,New York Stock Exchange,IP,pulp and paper industry,,,21161000000,2022-01-01T00:00:00Z
http://www.wikidata.org/entity/Q863127,International Rectifier,Q863127,New York Stock Exchange,IRF,semiconductor industry,,,,
http://www.wikidata.org/entity/Q6055435,Internet America,Q6055435,Nasdaq,GEEK,,,,,
http://www.wikidata.org/entity/Q16338433,Internet Gold Golden Lines Ltd,Q16338433,Nasdaq,IGLD,telecommunications,21462000,2022-11-15T00:00:00Z,,
http://www.wikidata.org/entity/Q1667971,Internet Initiative Japan,Q1667971,Nasdaq,IIJI,,,,,
http://www.wikidata.org/entity/Q1501630,Interpublic Group of Companies,Q1501630,New York Stock Exchange,IPG,marketing,,,,
http://www.wikidata.org/entity/Q16997218,Intersect ENT,Q16997218,Nasdaq,XENT,health technology,,,,
http://www.wikidata.org/entity/Q1065090,Intersil,Q1065090,Nasdaq,ISIL,semiconductor industry,,,,
http://www.wikidata.org/entity/Q1671436,Interval Leisure Group,Q1671436,Nasdaq,IILG,hospitality industry,,,,
http://www.wikidata.org/entity/Q685641,Interxion,Q685641,New York Stock Exchange,,data center; telecommunications,,,,
http://www.wikidata.org/entity/Q6057493,Intevac,Q6057493,Nasdaq,IVAC,,,,,
http://www.wikidata.org/entity/Q6058311,IntraLinks,Q6058311,New York Stock Exchange,IL,financial services,,,,
http://www.wikidata.org/entity/Q3153706,Intrawest,Q3153706,Nasdaq,SNOW,,,,,
http://www.wikidata.org/entity/Q6058618,Intrepid Potash,Q6058618,New York Stock Exchange,IPI,,,,,
http://www.wikidata.org/entity/Q1318848,Intuit,Q1318848,Nasdaq,INTU,enterprise software,,,12726000000,2022-01-01T00:00:00Z
http://www.wikidata.org/entity/Q60760151,Intuitive Machines,Q60760151,Nasdaq,LUNR,space-based economy; space industry,,,,
http://www.wikidata.org/entity/Q2743863,Intuitive Surgical,Q2743863,Nasdaq,ISRG,,,,6222200000,2022-01-01T00:00:00Z
http://www.wikidata.org/entity/Q4994426,Invacare,Q4994426,New York Stock Exchange,IVC,,,,,
http://www.wikidata.org/entity/Q6060469,Inversiones y Representaciones Sociedad Anónima,Q6060469,New York Stock Exchange,IRS,,,,,
http://www.wikidata.org/entity/Q522617,Invesco,Q522617,New York Stock Exchange,IVZ,financial services,,,,
http://www.wikidata.org/entity/Q6060595,Invesco PowerShares,Q6060595,New York Stock Exchange,,asset management,,,,
http://www.wikidata.org/entity/Q122166676,Invesco QQQ,Q122166676,Nasdaq,QQQ,,,,,
http://www.wikidata.org/entity/Q6060808,Investment Technology Group,Q6060808,New York Stock Exchange,ITG,financial services,,,,
http://www.wikidata.org/entity/Q15109896,Investors Bank,Q15109896,Nasdaq,ISBC,financial services; economics of banking; financial sector,,,,
http://www.wikidata.org/entity/Q6060936,Investors Bank & Trust,Q6060936,Nasdaq,IFIN,,,,,
http://www.wikidata.org/entity/Q85769855,Invitation Homes,Q85769855,New York Stock Exchange,INVH,real estate investment trust,,,,
http://www.wikidata.org/entity/Q1581434,Invitrogen,Q1581434,Nasdaq,IVGN,,,,,
http://www.wikidata.org/entity/Q85769888,Iovance Biotherapeutics,Q85769888,Nasdaq,IOVA,pharmaceutical industry,,,,
http://www.wikidata.org/entity/Q154387,Iridium Communications,Q154387,Nasdaq,IRDM,telecommunications,,,,
http://www.wikidata.org/entity/Q1673079,Iron Mountain Incorporated,Q1673079,New York Stock Exchange,IRM,computer storage media,,,,
http://www.wikidata.org/entity/Q17050559,IronSource,Q17050559,New York Stock Exchange,,,,,,
http://www.wikidata.org/entity/Q16997309,Ironwood Pharmaceuticals,Q16997309,Nasdaq,IRWD,,,,,
http://www.wikidata.org/entity/Q16958009,Isac,Q16958009,New York Stock Exchange,THS,food industry,,,,
http://www.wikidata.org/entity/Q16154750,Isle of Capri Casinos,Q16154750,Nasdaq,ISLE,gambling,,,,
http://www.wikidata.org/entity/Q2918112,Isramco Negev 2 Limited Partnership,Q2918112,Nasdaq,ISRL,petroleum industry,3284700000,2022-11-15T00:00:00Z,,
http://www.wikidata.org/entity/Q50038825,Itamar Medical Ltd,Q50038825,Nasdaq,ITMR,health technology,,,,
http://www.wikidata.org/entity/Q1424293,Itaú Unibanco,Q1424293,New York Stock Exchange,ITUB,economics of banking; financial services; financial sector,,,50920000000,2016-01-01T00:00:00Z
http://www.wikidata.org/entity/Q717093,Itochu,Q717093,Nasdaq,ITOCY,trade; sōgō shōsha,,,10362628000000,2021-01-01T00:00:00Z
http://www.wikidata.org/entity/Q5923178,Itron,Q5923178,Nasdaq,ITRI,,,,,
http://www.wikidata.org/entity/Q13576574,Ituran,Q13576574,Nasdaq,ITRN,transport,,,,
http://www.wikidata.org/entity/Q6101088,Ixia,Q6101088,Nasdaq,XXIA,computer network,,,,
http://www.wikidata.org/entity/Q6109309,J & J Snack Foods,Q6109309,Nasdaq,JJSF,snack,,,,
http://www.wikidata.org/entity/Q16997495,J. Alexander's,Q16997495,New York Stock Exchange,JAX,food service,,,,
http://www.wikidata.org/entity/Q4041705,J. B. Hunt,Q4041705,Nasdaq,JBHT,,,,12087000000,2024-01-01T00:00:00Z
http://www.wikidata.org/entity/Q920037,J. C. Penney,Q920037,New York Stock Exchange,JCP,retail,,,,
http://www.wikidata.org/entity/Q1676726,J. Walter Thompson,Q1676726,Nasdaq,WPPGY,,,,,
http://www.wikidata.org/entity/Q64448268,J.Jill,Q64448268,New York Stock Exchange,JILL,,,,,
http://www.wikidata.org/entity/Q15109897,J.W. Mays,Q15109897,Nasdaq,MAYS,,,,,
http://www.wikidata.org/entity/Q16997523,J2 Global,Q16997523,Nasdaq,JCOM,digital media,,,,
http://www.wikidata.org/entity/Q6107753,JA Solar Holdings,Q6107753,Nasdaq,JASO,,,,,
http://www.wikidata.org/entity/Q17109683,JBG Smith,Q17109683,New York Stock Exchange,JBGS,real property,,,,
http://www.wikidata.org/entity/Q3156864,JBT Marel Corporation,Q3156864,New York Stock Exchange,JBT,food processing industry,,,,
http://www.wikidata.org/entity/Q3598926,JD.com,Q3598926,Nasdaq,JD,e-commerce,,,462019760000,2018-01-01T00:00:00Z
http://www.wikidata.org/entity/Q3156887,JDSU,Q3156887,Nasdaq,JDSU,telecommunications device,,,,
http://www.wikidata.org/entity/Q98608948,JFrog Ltd,Q98608948,Nasdaq,FROG,development and operations,,,,
http://www.wikidata.org/entity/Q32162422,JOYY,Q32162422,Nasdaq,YY,Internet industry,,,,
http://www.wikidata.org/entity/Q192314,JPMorgan Chase,Q192314,New York Stock Exchange,JPM,financial services; economics of banking; financial sector,686132000000,2025-05-01T00:00:00Z,177556000000,2024-01-01T00:00:00Z
http://www.wikidata.org/entity/Q2171646,Jabil,Q2171646,New York Stock Exchange,JBL,electronics,,,,
http://www.wikidata.org/entity/Q6110451,Jacada,Q6110451,Nasdaq,JCDAF,software industry,,,,
http://www.wikidata.org/entity/Q6113060,Jack Henry & Associates,Q6113060,Nasdaq,JKHY,,,,,
http://www.wikidata.org/entity/Q1538507,Jack in the Box,Q1538507,Nasdaq,JACK,restaurant,,,,
http://www.wikidata.org/entity/Q3157622,Jacobs Engineering Group,Q3157622,New York Stock Exchange,J,engineering; professional services industry,,,1370000000,2018-01-01T00:00:00Z
http://www.wikidata.org/entity/Q4474231,Jakks Pacific,Q4474231,Nasdaq,JAKK,video game industry,,,,
http://www.wikidata.org/entity/Q3088784,Jamba,Q3088784,Nasdaq,JMBA,,,,,
http://www.wikidata.org/entity/Q6135535,James Hardie,Q6135535,New York Stock Exchange,JHX,building material,24771921485,2021-11-18T00:00:00Z,,
http://www.wikidata.org/entity/Q85770729,Jamf,Q85770729,Nasdaq,JAMF,software industry,,,,
http://www.wikidata.org/entity/Q122522934,Janover,Q122522934,Nasdaq,JNVR,,,,,
http://www.wikidata.org/entity/Q1683034,Janus Capital Group,Q1683034,New York Stock Exchange,JHG,finance,,,,
http://www.wikidata.org/entity/Q30325409,Janus Henderson,Q30325409,New York Stock Exchange,JHG,investment management,12760967779,2021-11-18T00:00:00Z,,
http://www.wikidata.org/entity/Q6159625,Jarden,Q6159625,New York Stock Exchange,JAH,,,,,
http://www.wikidata.org/entity/Q16255113,Jazz Pharmaceuticals,Q16255113,Nasdaq,JAZZ,pharmaceutical industry,,,,
http://www.wikidata.org/entity/Q325789,Jefferies & Company,Q325789,New York Stock Exchange,JEF,investment,,,,
http://www.wikidata.org/entity/Q6533918,Jefferies Financial Group,Q6533918,New York Stock Exchange,LUK,conglomerate,,,,
http://www.wikidata.org/entity/Q124445202,Jeffs' Brands Ltd,Q124445202,Nasdaq,JFBR,e-commerce,,,,
http://www.wikidata.org/entity/Q1612593,Jeld-Wen,Q1612593,New York Stock Exchange,JELD,,,,,
http://www.wikidata.org/entity/Q161086,JetBlue Airways,Q161086,Nasdaq,JBLU,,,,,
http://www.wikidata.org/entity/Q6188748,JetForm,Q6188748,Nasdaq,FORMF,,,,,
http://www.wikidata.org/entity/Q20182011,Jinko Solar,Q20182011,New York Stock Exchange,JKS,photovoltaics,,,,
http://www.wikidata.org/entity/Q1689717,Jive Software,Q1689717,Nasdaq,JIVE,collaborative software,,,,
http://www.wikidata.org/entity/Q6203968,Jo-Ann Stores,Q6203968,New York Stock Exchange,JOAN,retail,,,,
http://www.wikidata.org/entity/Q54933259,Joby Aviation,Q54933259,New York Stock Exchange,JOBY,aerospace industry,,,,
http://www.wikidata.org/entity/Q333718,Johnson & Johnson,Q333718,New York Stock Exchange,JNJ,pharmaceutical industry; medical technology industry,430880000000,2021-06-23T00:00:00Z,88821000000,2024-01-01T00:00:00Z
http://www.wikidata.org/entity/Q667865,Johnson Controls,Q667865,New York Stock Exchange,JCI,,,,25299000000,2022-01-01T00:00:00Z
http://www.wikidata.org/entity/Q19654979,Johnson Outdoors,Q19654979,Nasdaq,JOUT,,,,,
http://www.wikidata.org/entity/Q1703389,Jones Lang LaSalle,Q1703389,New York Stock Exchange,JLL,,,,,
http://www.wikidata.org/entity/Q6204078,Jos. A. Bank Clothiers,Q6204078,Nasdaq,,retail,,,,
http://www.wikidata.org/entity/Q106760435,Jounce Therapeutics,Q106760435,Nasdaq,JNCE,pharmaceutical industry,,,,
http://www.wikidata.org/entity/Q6294662,Journal Communications,Q6294662,New York Stock Exchange,JMG,mass media,,,,
http://www.wikidata.org/entity/Q108415683,Jowell Global,Q108415683,Nasdaq,JWEL,e-commerce,,,,
http://www.wikidata.org/entity/Q110422580,Joyy,Q110422580,Nasdaq,YY,,,,,
http://www.wikidata.org/entity/Q17061030,Jumià,Q17061030,New York Stock Exchange,JMIA,retail,,,,
http://www.wikidata.org/entity/Q1049080,Juniper Networks,Q1049080,New York Stock Exchange,JNPR,technology; networking hardware; Photographic and Photocopying Equipment Manufacturing [2012–2022 definition],,,,
http://www.wikidata.org/entity/Q16997963,Juno Online Services,Q16997963,Nasdaq,JWEB,,,,,
http://www.wikidata.org/entity/Q6315968,Just Energy,Q6315968,New York Stock Exchange,JE,,,,,
http://www.wikidata.org/entity/Q16980428,K. Hovnanian Homes,Q16980428,New York Stock Exchange,HOV,construction,,,,
http://www.wikidata.org/entity/Q6326486,KB Home,Q6326486,New York Stock Exchange,KBH,,,,,
http://www.wikidata.org/entity/Q496606,KB Kookmin Bank,Q496606,New York Stock Exchange,KB,financial sector,,,,
http://www.wikidata.org/entity/Q596499,"KBR, Inc.",Q596499,New York Stock Exchange,KBR,construction,,,2600000000,2018-01-01T00:00:00Z
http://www.wikidata.org/entity/Q16980911,KCG Holdings,Q16980911,New York Stock Exchange,KCG,financial services,,,,
http://www.wikidata.org/entity/Q624649,KLA Corporation,Q624649,Nasdaq,KLAC,electronics,,,9211883000,2022-01-01T00:00:00Z
http://www.wikidata.org/entity/Q485908,KT Corporation,Q485908,New York Stock Exchange,KT,telecommunications; mobile phone industry,,,,
http://www.wikidata.org/entity/Q6340370,KV Pharmaceutical,Q6340370,New York Stock Exchange,KVA,pharmaceutical industry,,,,
http://www.wikidata.org/entity/Q67684488,Kabad,Q67684488,New York Stock Exchange,,,,,,
http://www.wikidata.org/entity/Q16980871,Kadant,Q16980871,New York Stock Exchange,KAI,,,,,
http://www.wikidata.org/entity/Q6348410,Kaiser Aluminum,Q6348410,Nasdaq,KALU,Industrial Machinery Manufacturing,,,,
http://www.wikidata.org/entity/Q105985613,Kaleyra,Q105985613,New York Stock Exchange,KLR,,,,,
http://www.wikidata.org/entity/Q1722848,Kaman Corporation,Q1722848,Nasdaq,KAMN,aerospace industry,,,1206000000,2006-01-01T00:00:00Z
http://www.wikidata.org/entity/Q17006727,Kandi Technologies,Q17006727,Nasdaq,KNDI,automotive industry; lithium-ion battery,,,,
http://www.wikidata.org/entity/Q1723912,Kansas City Life Insurance Company,Q1723912,Nasdaq,KCLI,insurance,,,,
http://www.wikidata.org/entity/Q16980898,Kansas City Southern,Q16980898,New York Stock Exchange,KSU,,,,,
http://www.wikidata.org/entity/Q6367245,Kapstone,Q6367245,New York Stock Exchange,,pulp and paper industry,,,,
http://www.wikidata.org/entity/Q25231005,Kartoon Studios,Q25231005,Nasdaq,GNUS,entertainment,,,,
http://www.wikidata.org/entity/Q113503524,Karuna Therapeutics,Q113503524,Nasdaq,KRTX,pharmaceutical industry,,,,
http://www.wikidata.org/entity/Q106219885,Kaspi.kz Joint Stock Company,Q106219885,Nasdaq,KSPI,fintech,,,,
http://www.wikidata.org/entity/Q7833697,"Kaspien Holdings, Inc.",Q7833697,Nasdaq,TWMC,retail,,,,
http://www.wikidata.org/entity/Q753521,Kate Spade & Company,Q753521,New York Stock Exchange,KATE,,,,,
http://www.wikidata.org/entity/Q856897,Kellanova,Q856897,New York Stock Exchange,K,food industry; fast-moving consumer goods,,,15315000000,2022-01-01T00:00:00Z
http://www.wikidata.org/entity/Q130326112,Kellogg's,Q130326112,New York Stock Exchange,K,food processing,,,,
http://www.wikidata.org/entity/Q1538585,Kelly Services,Q1538585,Nasdaq,KELYA,employment services industry,,,,
http://www.wikidata.org/entity/Q6386533,Kelso & Company,Q6386533,Nasdaq,BKCC,,,,,
http://www.wikidata.org/entity/Q6387063,Kemper Corporation,Q6387063,New York Stock Exchange,KMPR,insurance,,,,
http://www.wikidata.org/entity/Q6389159,Kenexa,Q6389159,New York Stock Exchange,,,,,,
http://www.wikidata.org/entity/Q6389509,Kennametal,Q6389509,New York Stock Exchange,KMT,,,,,
http://www.wikidata.org/entity/Q6389988,Kenneth Cole Productions,Q6389988,New York Stock Exchange,,retail; clothing industry,,,,
http://www.wikidata.org/entity/Q19605389,Kenon Holdings Ltd,Q19605389,New York Stock Exchange,KEN,,7107716000,2022-11-15T00:00:00Z,,
http://www.wikidata.org/entity/Q118905792,Kenvue,Q118905792,New York Stock Exchange,KVUE,,,,,
http://www.wikidata.org/entity/Q3116111,Keurig Dr Pepper,Q3116111,New York Stock Exchange,KDP,beverage industry,,,,
http://www.wikidata.org/entity/Q3116111,Keurig Dr Pepper,Q3116111,Nasdaq,GMCR,beverage industry,,,,
http://www.wikidata.org/entity/Q6398035,Key Energy Services,Q6398035,New York Stock Exchange,KEG,list of oilfield service companies,,,,
http://www.wikidata.org/entity/Q1740323,Key Tronic,Q1740323,Nasdaq,KTCC,peripheral,,,,
http://www.wikidata.org/entity/Q1740314,KeyBank,Q1740314,New York Stock Exchange,KEY,economics of banking; financial services; financial sector,,,7272000000,2022-01-01T00:00:00Z
http://www.wikidata.org/entity/Q17551096,Keysight Technologies,Q17551096,New York Stock Exchange,KEYS,,,,,
http://www.wikidata.org/entity/Q6398722,Kforce,Q6398722,Nasdaq,KFRC,,,,,
http://www.wikidata.org/entity/Q6404433,Kid Brands,Q6404433,New York Stock Exchange,KID,game industry,,,,
http://www.wikidata.org/entity/Q1526456,Kimball International,Q1526456,Nasdaq,KBAL,furniture industry,,,,
http://www.wikidata.org/entity/Q1741634,Kimberly-Clark,Q1741634,New York Stock Exchange,KMB,personal care product,,,20175000000,2022-01-01T00:00:00Z
http://www.wikidata.org/entity/Q6410043,Kimco Realty,Q6410043,New York Stock Exchange,KIM,real estate investment trust,,,,
http://www.wikidata.org/entity/Q931032,Kinder Morgan,Q931032,New York Stock Exchange,KMI,petroleum industry,40037000000,2023-04-14T00:00:00Z,19200000000,2022-01-01T00:00:00Z
http://www.wikidata.org/entity/Q6410558,Kinder Morgan Energy Partners,Q6410558,New York Stock Exchange,,petroleum industry,,,,
http://www.wikidata.org/entity/Q921363,Kindred Healthcare,Q921363,New York Stock Exchange,KND,health care,,,,
http://www.wikidata.org/entity/Q16998439,Kingstone Companies,Q16998439,Nasdaq,KINS,,,,,
http://www.wikidata.org/entity/Q120908465,Kinnate Biopharma Inc.,Q120908465,Nasdaq,KNTE,pharmaceutical industry,,,,
http://www.wikidata.org/entity/Q546880,Kinross Gold,Q546880,New York Stock Exchange,KGC,mining,,,,
http://www.wikidata.org/entity/Q18151094,Kirby Corporation,Q18151094,New York Stock Exchange,KEX,water transport,,,,
http://www.wikidata.org/entity/Q13403399,Kirin Holdings,Q13403399,Nasdaq,KNBWY,beverage industry,,,,
http://www.wikidata.org/entity/Q6415714,Kirkland's,Q6415714,Nasdaq,KIRK,retail; e-commerce,,,,
http://www.wikidata.org/entity/Q107526548,Kismet Acquisition One Corp,Q107526548,Nasdaq,KSMTU,,,,,
http://www.wikidata.org/entity/Q107526885,Kismet Acquisition Three Corp,Q107526885,Nasdaq,KIII,,,,,
http://www.wikidata.org/entity/Q107526370,Kismet Acquisition Two Corp,Q107526370,Nasdaq,KII,special-purpose acquisition company,,,,
http://www.wikidata.org/entity/Q18343414,Kite Pharma,Q18343414,Nasdaq,KITE,biomedical engineering,,,,
http://www.wikidata.org/entity/Q96482278,Kitov Pharma,Q96482278,Nasdaq,KTOV,biopharmaceutical,172036000,2020-06-21T00:00:00Z,,
http://www.wikidata.org/entity/Q6418560,Kitty Hawk Aircargo,Q6418560,Nasdaq,KTTEQ,,,,,
http://www.wikidata.org/entity/Q106631196,Klaviyo,Q106631196,New York Stock Exchange,KVYO,information technology; marketing software industry,,,,
http://www.wikidata.org/entity/Q3197996,Knight Capital Group,Q3197996,New York Stock Exchange,KCG,financial services,,,,
http://www.wikidata.org/entity/Q6422289,Knight-Swift Transportation,Q6422289,New York Stock Exchange,KNX,,,,,
http://www.wikidata.org/entity/Q1624295,Knoll,Q1624295,New York Stock Exchange,KNL,industrial manufacturing,,,,
http://www.wikidata.org/entity/Q126958107,Koala Corporation,Q126958107,Nasdaq,KARE,,,,,
http://www.wikidata.org/entity/Q486269,Kodak,Q486269,New York Stock Exchange,KODK,chemical industry; photo industry; Precision engineering and optical industry,,,1117000000,2023-01-01T00:00:00Z
http://www.wikidata.org/entity/Q967265,Kohl's,Q967265,New York Stock Exchange,KSS,retail,,,,
http://www.wikidata.org/entity/Q6426028,Kohlberg & Company,Q6426028,Nasdaq,KCAP,,,,,
http://www.wikidata.org/entity/Q1570773,Kohlberg Kravis Roberts,Q1570773,New York Stock Exchange,KKR,asset management; private equity firm; investment management,,,42300000000,2020-01-01T00:00:00Z
http://www.wikidata.org/entity/Q6428706,Kona Grill,Q6428706,Nasdaq,KONA,,,,,
http://www.wikidata.org/entity/Q45700,Konami,Q45700,New York Stock Exchange,KNM,video game industry,,,,
http://www.wikidata.org/entity/Q6429285,Kongzhong,Q6429285,Nasdaq,KZ,video game industry,,,,
http://www.wikidata.org/entity/Q170416,Koninklijke Philips NV,Q170416,New York Stock Exchange,PHG,electrical industry; electronics industry; consumer electronics industry,25730000000,2022-02-02T00:00:00Z,17156000000,2021-12-31T00:00:00Z
http://www.wikidata.org/entity/Q96386259,Kontoor Brands,Q96386259,New York Stock Exchange,KTB,,,,,
http://www.wikidata.org/entity/Q16998645,Kopin Corporation,Q16998645,Nasdaq,KOPN,,,,,
http://www.wikidata.org/entity/Q1784126,Koppers,Q1784126,New York Stock Exchange,KOP,,,,,
http://www.wikidata.org/entity/Q486737,Korea Electric Power Corporation,Q486737,New York Stock Exchange,KEP,electricity supply company,,,60190384000,2016-01-01T00:00:00Z
http://www.wikidata.org/entity/Q1728446,Korn Ferry,Q1728446,New York Stock Exchange,KFY,professional service; employment services industry,,,,
http://www.wikidata.org/entity/Q6432445,Kornit Digital,Q6432445,Nasdaq,KRNT,textile industry,,,,
http://www.wikidata.org/entity/Q16733729,Kosmos Energy,Q16733729,New York Stock Exchange,KOS,petroleum industry,,,,
http://www.wikidata.org/entity/Q1672602,Koss Corporation,Q1672602,Nasdaq,KOSS,electronics,,,,
http://www.wikidata.org/entity/Q327751,Kraft Foods Group,Q327751,Nasdaq,KRFT,food industry; fast-moving consumer goods,,,,
http://www.wikidata.org/entity/Q19681433,Kraft Heinz,Q19681433,Nasdaq,KHC,food industry; fast-moving consumer goods,49440000000,2022-02-23T00:00:00Z,26485000000,2022-01-01T00:00:00Z
http://www.wikidata.org/entity/Q2417728,Kraton Polymers,Q2417728,New York Stock Exchange,KRA,,,,,
http://www.wikidata.org/entity/Q16858667,Kratos Defense & Security Solutions,Q16858667,Nasdaq,KTOS,weapons industry,,,,
http://www.wikidata.org/entity/Q1192805,Krispy Kreme,Q1192805,Nasdaq,DNUT,gastronomy,,,,
http://www.wikidata.org/entity/Q1192805,Krispy Kreme,Q1192805,New York Stock Exchange,KKD,gastronomy,,,,
http://www.wikidata.org/entity/Q153417,Kroger,Q153417,New York Stock Exchange,KR,retail; manufacture of bakery and farinaceous products,,,148258000000,2022-01-01T00:00:00Z
http://www.wikidata.org/entity/Q124665205,"Krystal Biotech, Inc.",Q124665205,Nasdaq,KRYS,biotechnology industry,,,,
http://www.wikidata.org/entity/Q1514221,Kubota,Q1514221,Nasdaq,KUBTY,manufacture of machinery and equipment,,,,
http://www.wikidata.org/entity/Q17063707,Kulicke & Soffa Industries,Q17063707,Nasdaq,KLIC,semiconductor industry,,,,
http://www.wikidata.org/entity/Q30269121,Kura Oncology,Q30269121,Nasdaq,KURA,,,,,
http://www.wikidata.org/entity/Q108415503,Kura Sushi USA,Q108415503,Nasdaq,KRUS,,,,,
http://www.wikidata.org/entity/Q113503520,Kymera Therapeutics,Q113503520,Nasdaq,KYMR,pharmaceutical industry,,,,
http://www.wikidata.org/entity/Q106581385,Kyndryl,Q106581385,New York Stock Exchange,KD,,,,,
http://www.wikidata.org/entity/Q745099,Kyocera,Q745099,New York Stock Exchange,KYO,industrial sector; electronics,,,,
http://www.wikidata.org/entity/Q6455439,L&L Energy,Q6455439,Nasdaq,LLEN,coal industry,,,,
http://www.wikidata.org/entity/Q2480102,L-1 Identity Solutions,Q2480102,New York Stock Exchange,,,,,,
http://www.wikidata.org/entity/Q1781428,L3 Technologies,Q1781428,New York Stock Exchange,LLL,telecommunications,,,8250000000,2018-01-01T00:00:00Z
http://www.wikidata.org/entity/Q30291091,L3Harris Technologies,Q30291091,New York Stock Exchange,LHX,weapons industry; defense industry,,,17062000000,2022-01-01T00:00:00Z
http://www.wikidata.org/entity/Q483006,LG Display,Q483006,New York Stock Exchange,LPL,electronics,,,,
http://www.wikidata.org/entity/Q6458324,LGI Homes,Q6458324,Nasdaq,LGIH,construction,,,,
http://www.wikidata.org/entity/Q6458767,LIN Media,Q6458767,New York Stock Exchange,LIN,terrestrial television,,,,
http://www.wikidata.org/entity/Q20711490,LKQ Corporation,Q20711490,Nasdaq,LKQ,automotive industry,,,,
http://www.wikidata.org/entity/Q6459734,LPL Financial,Q6459734,Nasdaq,LPLA,financial services,,,,
http://www.wikidata.org/entity/Q1587129,LSI Corporation,Q1587129,Nasdaq,,semiconductor industry,,,,
http://www.wikidata.org/entity/Q6460227,LTX,Q6460227,Nasdaq,LTXX,electronics,,,,
http://www.wikidata.org/entity/Q124635501,La Rosa Holdings,Q124635501,Nasdaq,LRHC,real estate industry,,,,
http://www.wikidata.org/entity/Q6391583,La-Z-Boy,Q6391583,New York Stock Exchange,LZB,industrial manufacturing,,,,
http://www.wikidata.org/entity/Q6460680,LaBranche & Co,Q6460680,New York Stock Exchange,,financial services,,,,
http://www.wikidata.org/entity/Q6466630,LabCorp,Q6466630,New York Stock Exchange,LH,health care,,,14876800000,2022-01-01T00:00:00Z
http://www.wikidata.org/entity/Q909356,Labcorp Drug Development,Q909356,New York Stock Exchange,CVD,pharmaceutical industry,,,,
http://www.wikidata.org/entity/Q1144929,Lafarge,Q1144929,New York Stock Exchange,LR,"cement industry; manufacture of cement, lime and plaster; activities of head offices",,,12843000000,2014-01-01T00:00:00Z
http://www.wikidata.org/entity/Q16999030,Lakeland Industries,Q16999030,Nasdaq,LAKE,,,,,
http://www.wikidata.org/entity/Q1342041,Lam Research,Q1342041,Nasdaq,LRCX,,,,17428516000,2022-01-01T00:00:00Z
http://www.wikidata.org/entity/Q3216588,Lamar Advertising Company,Q3216588,Nasdaq,LAMR,advertising,,,,
http://www.wikidata.org/entity/Q3216600,Lamb Weston,Q3216600,New York Stock Exchange,LW,,,,,
http://www.wikidata.org/entity/Q839555,Lands' End,Q839555,Nasdaq,LE,retail,,,,
http://www.wikidata.org/entity/Q6485221,Landstar System,Q6485221,Nasdaq,LSTR,transport,,,,
http://www.wikidata.org/entity/Q1506045,Las Vegas Sands,Q1506045,New York Stock Exchange,LVS,gambling; tourism,,,4110000000,2022-01-01T00:00:00Z
http://www.wikidata.org/entity/Q747207,Lattice Semiconductor,Q747207,Nasdaq,LSCC,semiconductor industry,,,,
http://www.wikidata.org/entity/Q689475,Laureate Education,Q689475,Nasdaq,LAUR,educational system,,,,
http://www.wikidata.org/entity/Q17112434,LayerOne,Q17112434,Nasdaq,SDXC,Internet,,,,
http://www.wikidata.org/entity/Q637440,Lazard,Q637440,New York Stock Exchange,LAZ,"asset management; investment banking; financial sector; financial service activities, except insurance and pension funding",,,,
http://www.wikidata.org/entity/Q5255025,Leaf Group,Q5255025,New York Stock Exchange,LEAF,online service,,,,
http://www.wikidata.org/entity/Q966613,Leap Wireless,Q966613,Nasdaq,,telecommunications,,,,
http://www.wikidata.org/entity/Q6509896,LeapFrog Enterprises,Q6509896,New York Stock Exchange,LF,game industry,,,,
http://www.wikidata.org/entity/Q502344,Lear Corporation,Q502344,New York Stock Exchange,LEA,automotive supplier,,,,
http://www.wikidata.org/entity/Q15109901,Learning Tree International,Q15109901,Nasdaq,,,,,,
http://www.wikidata.org/entity/Q6511665,Lechters Housewares,Q6511665,Nasdaq,LECH,retail,,,,
http://www.wikidata.org/entity/Q6513538,Lee Enterprises,Q6513538,New York Stock Exchange,LEE,,,,,
http://www.wikidata.org/entity/Q6517346,LegalZoom,Q6517346,Nasdaq,LZ,,,,,
http://www.wikidata.org/entity/Q104188375,Legend Biotech,Q104188375,Nasdaq,LEGN,biotechnology,,,,
http://www.wikidata.org/entity/Q1134746,Legg Mason,Q1134746,New York Stock Exchange,,financial services,3210000000,2017-01-01T00:00:00Z,2660000000,2015-01-01T00:00:00Z
http://www.wikidata.org/entity/Q1812555,Leggett & Platt,Q1812555,New York Stock Exchange,LEG,bedding,,,,
http://www.wikidata.org/entity/Q212900,Lehman Brothers,Q212900,New York Stock Exchange,LEH,"investment; financial services; financial service activities, except insurance and pension funding",,,19257000000,2008-01-01T00:00:00Z
http://www.wikidata.org/entity/Q502132,Leidos,Q502132,New York Stock Exchange,LDOS,defense contractor; aerospace engineering,,,5330000000,2019-01-01T00:00:00Z
http://www.wikidata.org/entity/Q945739,Leif Höegh & Co,Q945739,New York Stock Exchange,HMLP,freight transport,,,,
http://www.wikidata.org/entity/Q37019245,Lemonade,Q37019245,New York Stock Exchange,LMND,insurance,,,,
http://www.wikidata.org/entity/Q6522340,Lending Club,Q6522340,New York Stock Exchange,LC,finance,,,,
http://www.wikidata.org/entity/Q6522339,LendingTree,Q6522339,Nasdaq,TREE,,,,,
http://www.wikidata.org/entity/Q16981175,Lennar Corporation,Q16981175,New York Stock Exchange,LEN,construction,,,33671010000,2022-01-01T00:00:00Z
http://www.wikidata.org/entity/Q224751,Lennox International,Q224751,New York Stock Exchange,LII,,,,,
http://www.wikidata.org/entity/Q112038007,Leonardo DRS,Q112038007,Nasdaq,DRS,weapons industry,,,,
http://www.wikidata.org/entity/Q322320,Level 3 Communications,Q322320,New York Stock Exchange,LVLT,telecommunications,,,,
http://www.wikidata.org/entity/Q127962,Levi Strauss & Co.,Q127962,New York Stock Exchange,LEVI,textile and clothing industry; clothing industry,,,,
http://www.wikidata.org/entity/Q6537727,Lexicon Pharmaceuticals,Q6537727,Nasdaq,LXRX,pharmaceutical industry,,,,
http://www.wikidata.org/entity/Q6537864,Lexington State Bank,Q6537864,Nasdaq,LXBK,bank,,,,
http://www.wikidata.org/entity/Q1415501,Lexmark,Q1415501,New York Stock Exchange,LXK,computer industry,,,,
http://www.wikidata.org/entity/Q98139925,Li Auto,Q98139925,Nasdaq,LI,automotive industry,,,123851332000,2023-01-01T00:00:00Z
http://www.wikidata.org/entity/Q124377649,Li-Cycle Holdings Corp.,Q124377649,New York Stock Exchange,LICY,,,,,
http://www.wikidata.org/entity/Q105964823,Liberty Broadband Corp,Q105964823,Nasdaq,LBRDA,,,,,
http://www.wikidata.org/entity/Q571779,Liberty Global,Q571779,Nasdaq,,,,,7195700000,2022-01-01T00:00:00Z
http://www.wikidata.org/entity/Q1516562,Liberty Media,Q1516562,Nasdaq,,mass media,,,,
http://www.wikidata.org/entity/Q6541925,Liberty Property Trust,Q6541925,New York Stock Exchange,LPT,real estate investment trust,,,,
http://www.wikidata.org/entity/Q17017007,Library Bureau,Q17017007,Nasdaq,LBUR,,,,,
http://www.wikidata.org/entity/Q7882701,Life Storage,Q7882701,New York Stock Exchange,LSI,self storage; real estate investment trust,,,,
http://www.wikidata.org/entity/Q1824441,Life Technologies,Q1824441,Nasdaq,LIFE,,,,,
http://www.wikidata.org/entity/Q6545004,Life Time,Q6545004,New York Stock Exchange,LTM,,,,,
http://www.wikidata.org/entity/Q6544620,LifeLock,Q6544620,New York Stock Exchange,LOCK,software industry; computer security,,,,
http://www.wikidata.org/entity/Q7251172,LifeVantage,Q7251172,Nasdaq,LFVN,food industry,,,,
http://www.wikidata.org/entity/Q6545346,Lifeboat Distribution,Q6545346,Nasdaq,WSTG,software distribution,,,,
http://www.wikidata.org/entity/Q6545549,Lifeway Foods,Q6545549,Nasdaq,LWAY,food industry,,,,
http://www.wikidata.org/entity/Q7433758,Light & Wonder,Q7433758,Nasdaq,SGMS,gambling industry,,,2512000000,2022-01-01T00:00:00Z
http://www.wikidata.org/entity/Q18635265,Lightspeed,Q18635265,New York Stock Exchange,LSPD,,,,,
http://www.wikidata.org/entity/Q6546636,Lightyear Capital,Q6546636,Nasdaq,GFSI,,,,,
http://www.wikidata.org/entity/Q120946412,Limbach Holdings,Q120946412,Nasdaq,LMB,,,,,
http://www.wikidata.org/entity/Q6550657,Lincoln Electric,Q6550657,Nasdaq,LECO,industrial manufacturing,,,,
http://www.wikidata.org/entity/Q6550684,Lincoln Group of Schools,Q6550684,Nasdaq,LINC,,,,,
http://www.wikidata.org/entity/Q1825763,Lincoln National Corporation,Q1825763,New York Stock Exchange,LNC,insurance,,,18784000000,2022-01-01T00:00:00Z
http://www.wikidata.org/entity/Q91387266,Lindblad Expeditions,Q91387266,Nasdaq,LIND,,,,,
http://www.wikidata.org/entity/Q682759,Linde Group,Q682759,Nasdaq,LIN,chemical industry,,,33005000000,2024-01-01T00:00:00Z
http://www.wikidata.org/entity/Q682759,Linde Group,Q682759,New York Stock Exchange,LIN,chemical industry,,,33005000000,2024-01-01T00:00:00Z
http://www.wikidata.org/entity/Q6552749,Lindsay Manufacturing,Q6552749,New York Stock Exchange,LNN,,,,,
http://www.wikidata.org/entity/Q96482392,Lineage Cell Therapeutics,Q96482392,New York Stock Exchange,LCTX,biotechnology,748048000,2022-11-15T00:00:00Z,,
http://www.wikidata.org/entity/Q999567,Linear Technology,Q999567,Nasdaq,LLTC,,,,,
http://www.wikidata.org/entity/Q6955096,Link Motion Inc,Q6955096,New York Stock Exchange,LKM,,,,,
http://www.wikidata.org/entity/Q127278673,LinkedIn Corporation,Q127278673,New York Stock Exchange,LNKD,Internet,,,,
http://www.wikidata.org/entity/Q6554513,Linn Energy,Q6554513,Nasdaq,,petroleum industry,,,,
http://www.wikidata.org/entity/Q6555405,Lion Electric Company,Q6555405,New York Stock Exchange,LEV,bus manufacturing,,,,
http://www.wikidata.org/entity/Q1577907,Lionbridge,Q1577907,Nasdaq,LIOX,financial services,,,,
http://www.wikidata.org/entity/Q6647881,Lithia Motors,Q6647881,New York Stock Exchange,LAD,car dealership,,,,
http://www.wikidata.org/entity/Q6647933,Lithium Corporation of America,Q6647933,New York Stock Exchange,LAC,lithium; mining,,,,
http://www.wikidata.org/entity/Q6648755,Littelfuse,Q6648755,Nasdaq,LFUS,electronics,,,,
http://www.wikidata.org/entity/Q1061903,Live Nation Entertainment,Q1061903,New York Stock Exchange,LYV,show business,38930000000,2026-03-09T00:00:00Z,25201406000,2025-01-01T00:00:00Z
http://www.wikidata.org/entity/Q20708193,Live Oak Bank,Q20708193,Nasdaq,LOB,bank,,,,
http://www.wikidata.org/entity/Q125352505,LiveRamp,Q125352505,New York Stock Exchange,RAMP,,,,,
http://www.wikidata.org/entity/Q110761625,LiveWire,Q110761625,New York Stock Exchange,LVWR,,,,,
http://www.wikidata.org/entity/Q113279646,Livent Corporation,Q113279646,New York Stock Exchange,LTHM,mining,,,,
http://www.wikidata.org/entity/Q6654568,Liveperson Inc.,Q6654568,Nasdaq,LPSN,,2764432000,2022-11-15T00:00:00Z,,
http://www.wikidata.org/entity/Q6654568,Liveperson Inc.,Q6654568,New York Stock Exchange,,,2764432000,2022-11-15T00:00:00Z,,
http://www.wikidata.org/entity/Q1152764,Lloyds Banking Group,Q1152764,New York Stock Exchange,LYG,financial services,,,,
http://www.wikidata.org/entity/Q6663075,LoJack,Q6663075,Nasdaq,LOJN,,,,,
http://www.wikidata.org/entity/Q65117079,LoanDepot,Q65117079,New York Stock Exchange,LDI,financial services,,,,
http://www.wikidata.org/entity/Q7240,Lockheed Martin,Q7240,New York Stock Exchange,LMT,information security; weapons industry; aerospace industry; electronics industry,111424000000,2025-05-01T00:00:00Z,71043000000,2024-01-01T00:00:00Z
http://www.wikidata.org/entity/Q826526,Loews Corporation,Q826526,New York Stock Exchange,L,,,,14044000000,2022-01-01T00:00:00Z
http://www.wikidata.org/entity/Q223127,Logitech,Q223127,Nasdaq,LOGI,computer hardware industry,,,4298467000,2024-03-31T00:00:00Z
http://www.wikidata.org/entity/Q6669086,Loma Negra,Q6669086,New York Stock Exchange,LOMA,construction industry,,,,
http://www.wikidata.org/entity/Q27963938,Long Blockchain Corp.,Q27963938,Nasdaq,LBCC,,,,,
http://www.wikidata.org/entity/Q1869672,LookSmart,Q1869672,Nasdaq,LOOK,,,,,
http://www.wikidata.org/entity/Q6675775,LoopNet,Q6675775,Nasdaq,LOOP,real estate industry,,,,
http://www.wikidata.org/entity/Q3259355,Loral Space & Communications,Q3259355,Nasdaq,LORL,aerospace industry,,,,
http://www.wikidata.org/entity/Q86681792,Lordstown Motors,Q86681792,Nasdaq,RIDE,automotive industry,,,,
http://www.wikidata.org/entity/Q3259566,Lorillard Tobacco Company,Q3259566,New York Stock Exchange,,tobacco industry,,,,
http://www.wikidata.org/entity/Q1872227,Louisiana-Pacific,Q1872227,New York Stock Exchange,LPX,construction,,,,
http://www.wikidata.org/entity/Q6690181,LoveSac,Q6690181,Nasdaq,LOVE,,,,,
http://www.wikidata.org/entity/Q1373493,Lowe's,Q1373493,New York Stock Exchange,LOW,hardware store,,,97059000000,2022-01-01T00:00:00Z
http://www.wikidata.org/entity/Q6695701,Luby's,Q6695701,New York Stock Exchange,LUB,system catering,,,,
http://www.wikidata.org/entity/Q657663,Lucas Bols,Q657663,Nasdaq,CEDC,,,,,
http://www.wikidata.org/entity/Q28027517,Lucid Motors,Q28027517,Nasdaq,LCID,automotive industry; battery; automotive battery; electric vehicle,,,595000000,2023-01-01T00:00:00Z
http://www.wikidata.org/entity/Q56811344,Luckin Coffee,Q56811344,Nasdaq,LK,café,,,,
http://www.wikidata.org/entity/Q19840382,Lufax,Q19840382,New York Stock Exchange,LU,financial services,,,,
http://www.wikidata.org/entity/Q6702957,Lululemon Athletica,Q6702957,Nasdaq,LULU,retail,,,,
http://www.wikidata.org/entity/Q6703090,Lumber Liquidators,Q6703090,New York Stock Exchange,LL,retail,,,,
http://www.wikidata.org/entity/Q5063092,Lumen Technologies,Q5063092,New York Stock Exchange,LUMN,technology company,,,17478000000,2022-01-01T00:00:00Z
http://www.wikidata.org/entity/Q4043248,Lumenis,Q4043248,Nasdaq,LMNS,health care industry,,,,
http://www.wikidata.org/entity/Q106253770,Lumentum Holdings,Q106253770,Nasdaq,LITE,,,,,
http://www.wikidata.org/entity/Q106240666,Luminar Technologies,Q106240666,Nasdaq,LAZR,automotive industry,,,,
http://www.wikidata.org/entity/Q6703279,Luminex,Q6703279,Nasdaq,LMNX,biotechnology; biotechnology industry,,,,
http://www.wikidata.org/entity/Q6703383,Lumos,Q6703383,Nasdaq,LMOS,,,,,
http://www.wikidata.org/entity/Q15109903,Luna Innovations,Q15109903,Nasdaq,LUNA,,,,,
http://www.wikidata.org/entity/Q28209837,Lundbeck Seattle Biopharmaceuticals,Q28209837,Nasdaq,ALDR,pharmaceutical industry,,,,
http://www.wikidata.org/entity/Q104839226,Luokong Technology,Q104839226,Nasdaq,LKCO,,,,,
http://www.wikidata.org/entity/Q139545572,LuxExperience,Q139545572,New York Stock Exchange,LUXE,retail; fashion; e-commerce,,,,
http://www.wikidata.org/entity/Q1435010,Luxoft,Q1435010,New York Stock Exchange,LXFT,software development,,,,
http://www.wikidata.org/entity/Q17077936,Lyft,Q17077936,Nasdaq,LYFT,transport; taxi service,,,,
http://www.wikidata.org/entity/Q899255,LyondellBasell,Q899255,New York Stock Exchange,LYB,,,,50451000000,2022-01-01T00:00:00Z
http://www.wikidata.org/entity/Q6711814,M&F Worldwide,Q6711814,New York Stock Exchange,,holding company,,,,
http://www.wikidata.org/entity/Q3272257,M&T Bank,Q3272257,New York Stock Exchange,MTB,economics of banking; financial services; financial sector,,,8178559000,2022-01-01T00:00:00Z
http://www.wikidata.org/entity/Q17109447,M/A-COM Technology Solutions,Q17109447,Nasdaq,MTSI,Semiconductor industry in the US,,,,
http://www.wikidata.org/entity/Q98424095,M/I Homes,Q98424095,New York Stock Exchange,MHO,,,,,
http://www.wikidata.org/entity/Q27988239,MAA,Q27988239,New York Stock Exchange,MAA,real estate investment trust,,,,
http://www.wikidata.org/entity/Q17107854,MAKO Surgical Corp.,Q17107854,Nasdaq,MAKO,,,,,
http://www.wikidata.org/entity/Q1371852,MBIA,Q1371852,New York Stock Exchange,MBI,finance,,,,
http://www.wikidata.org/entity/Q304509,MCA Inc.,Q304509,New York Stock Exchange,,music industry; entertainment industry; media industry,,,,
http://www.wikidata.org/entity/Q6715131,MDC Holdings,Q6715131,New York Stock Exchange,MDC,,,,,
http://www.wikidata.org/entity/Q539056,MDC Partners,Q539056,Nasdaq,MDCA,advertising,,,,
http://www.wikidata.org/entity/Q6715200,MDU Resources,Q6715200,New York Stock Exchange,MDU,,,,,
http://www.wikidata.org/entity/Q96482451,MEDLEY,Q96482451,New York Stock Exchange,,financial services,157104000,2020-06-21T00:00:00Z,,
http://www.wikidata.org/entity/Q6715352,MELA Sciences,Q6715352,Nasdaq,MELA,,,,,
http://www.wikidata.org/entity/Q17113762,MFRI,Q17113762,Nasdaq,MFRI,,,,,
http://www.wikidata.org/entity/Q6715642,MFS Investment Management,Q6715642,New York Stock Exchange,MGF,investment management,,,,
http://www.wikidata.org/entity/Q6715705,"MGE Energy, Inc.",Q6715705,Nasdaq,MGEE,,,,,
http://www.wikidata.org/entity/Q568532,MGM Resorts International,Q568532,New York Stock Exchange,MGM,hospitality industry,,,13127485000,2022-01-01T00:00:00Z
http://www.wikidata.org/entity/Q12123536,MHP,Q12123536,Nasdaq,MHPSY,agriculture,,,,
http://www.wikidata.org/entity/Q28154806,MINDBODY,Q28154806,Nasdaq,MB,software industry,,,,
http://www.wikidata.org/entity/Q105563992,MP Materials,Q105563992,New York Stock Exchange,MP,,,,,
http://www.wikidata.org/entity/Q105965677,MPLX,Q105965677,New York Stock Exchange,MPLX,,,,11613000000,2022-01-01T00:00:00Z
http://www.wikidata.org/entity/Q6717621,MRU Holdings,Q6717621,Nasdaq,UNCL,,,,,
http://www.wikidata.org/entity/Q3009498,MSA Safety,Q3009498,New York Stock Exchange,MSA,,,,,
http://www.wikidata.org/entity/Q6717732,MSC Industrial Direct,Q6717732,New York Stock Exchange,MSM,,,,,
http://www.wikidata.org/entity/Q768773,MSCI,Q768773,New York Stock Exchange,MSCI,,,,,
http://www.wikidata.org/entity/Q1881941,MTS Systems Corporation,Q1881941,Nasdaq,MTSC,,,,,
http://www.wikidata.org/entity/Q17114067,MWI Veterinary Supply,Q17114067,Nasdaq,MWIV,,,,,
http://www.wikidata.org/entity/Q6723256,Macerich,Q6723256,New York Stock Exchange,MAC,real estate investment trust,,,,
http://www.wikidata.org/entity/Q17109460,Mack-Cali Realty Corporation,Q17109460,New York Stock Exchange,VRE,real estate investment trust,,,,
http://www.wikidata.org/entity/Q17068000,Mackinac Financial Corporation,Q17068000,Nasdaq,MFNC,finance,,,,
http://www.wikidata.org/entity/Q6724984,Macquarie Infrastructure Company,Q6724984,New York Stock Exchange,MIC,aerospace industry,,,,
http://www.wikidata.org/entity/Q2335199,Macro Bank,Q2335199,New York Stock Exchange,BMA,economics of banking; financial services; financial sector,,,,
http://www.wikidata.org/entity/Q5479360,"Macy's, Inc.",Q5479360,New York Stock Exchange,M,retail,,,24442000000,2022-01-01T00:00:00Z
http://www.wikidata.org/entity/Q1573416,Madison Square Garden Sports,Q1573416,Nasdaq,MSG,professional sport,,,,
http://www.wikidata.org/entity/Q20047296,Magellan Health,Q20047296,Nasdaq,MGLN,managed care,,,,
http://www.wikidata.org/entity/Q22906645,Magellan Midstream Partners,Q22906645,New York Stock Exchange,MMP,petroleum industry,,,,
http://www.wikidata.org/entity/Q99744291,Magenta Therapeutics,Q99744291,Nasdaq,MGTA,biotechnology industry,,,,
http://www.wikidata.org/entity/Q1548363,Magic Software Enterprises Ltd.,Q1548363,Nasdaq,MGIC,software industry,2835615000,2022-11-15T00:00:00Z,,
http://www.wikidata.org/entity/Q6731214,Magma Design Automation,Q6731214,Nasdaq,LAVA,software industry,,,,
http://www.wikidata.org/entity/Q697311,Magna International,Q697311,New York Stock Exchange,MGA,automotive industry,,,,
http://www.wikidata.org/entity/Q15109904,Magnetek,Q15109904,Nasdaq,MAG,,,,,
http://www.wikidata.org/entity/Q6735371,Maiden Holdings,Q6735371,Nasdaq,MHLD,,,,,
http://www.wikidata.org/entity/Q6735419,Maidenform,Q6735419,New York Stock Exchange,,,,,,
http://www.wikidata.org/entity/Q22674048,Main Street Capital Corp,Q22674048,New York Stock Exchange,MAIN,,,,,
http://www.wikidata.org/entity/Q6735891,MainConcept,Q6735891,Nasdaq,DIVX,video codec,,,,
http://www.wikidata.org/entity/Q8178679,MainSource Bank,Q8178679,Nasdaq,MSFG,bank,,,,
http://www.wikidata.org/entity/Q3630923,MakeMyTrip,Q3630923,Nasdaq,MMYT,,,,,
http://www.wikidata.org/entity/Q6743395,Malibu Boats,Q6743395,Nasdaq,MBUU,building of pleasure and sporting boats,,,,
http://www.wikidata.org/entity/Q6744211,Mallinckrodt Pharmaceuticals,Q6744211,New York Stock Exchange,MNK,pharmaceutical industry,,,3221600000,2017-01-01T00:00:00Z
http://www.wikidata.org/entity/Q6746136,ManTech International,Q6746136,Nasdaq,MANT,weapons industry,,,,
http://www.wikidata.org/entity/Q18656,Manchester United F.C.,Q18656,New York Stock Exchange,,,,,,
http://www.wikidata.org/entity/Q27346385,Manchester United plc,Q27346385,New York Stock Exchange,MANU,sports industry,,,627122000,2019-01-01T00:00:00Z
http://www.wikidata.org/entity/Q5220519,Mandiant,Q5220519,Nasdaq,MNDT,computer security,,,,
http://www.wikidata.org/entity/Q3285819,Manhattan Associates,Q3285819,Nasdaq,MANH,,,,,
http://www.wikidata.org/entity/Q4043693,Manitowoc Cranes,Q4043693,New York Stock Exchange,MTW,industrial manufacturing,,,,
http://www.wikidata.org/entity/Q6750663,MannKind Corporation,Q6750663,Nasdaq,MNKD,biotechnology,,,63038000,2019-01-01T00:00:00Z
http://www.wikidata.org/entity/Q3372572,Mannatech,Q3372572,Nasdaq,MTEX,food industry,,,,
http://www.wikidata.org/entity/Q1652574,Manulife Financial,Q1652574,New York Stock Exchange,MFC,insurance industry,,,,
http://www.wikidata.org/entity/Q60749208,Marathon Digital Holdings,Q60749208,Nasdaq,MARA,,,,,
http://www.wikidata.org/entity/Q1577587,Marathon Oil,Q1577587,New York Stock Exchange,MRO,petroleum industry; gas industry,,,8036000000,2022-01-01T00:00:00Z
http://www.wikidata.org/entity/Q458363,Marathon Petroleum,Q458363,New York Stock Exchange,MPC,petroleum industry,,,177453000000,2022-01-01T00:00:00Z
http://www.wikidata.org/entity/Q17078915,Marchex,Q17078915,Nasdaq,MCHX,digital marketing,,,,
http://www.wikidata.org/entity/Q6757974,Marcus & Millichap,Q6757974,New York Stock Exchange,MMI,,,,,
http://www.wikidata.org/entity/Q6758107,Marcus Corporation,Q6758107,New York Stock Exchange,MCS,hospitality industry,,,,
http://www.wikidata.org/entity/Q56826699,MariaDB Corporation Ab,Q56826699,New York Stock Exchange,MRDB,software industry,,,,
http://www.wikidata.org/entity/Q6763754,Marin Software,Q6763754,New York Stock Exchange,,software as a service,,,,
http://www.wikidata.org/entity/Q16981738,MarkWest Energy,Q16981738,New York Stock Exchange,,petroleum industry,,,,
http://www.wikidata.org/entity/Q6770621,Markel Corporation,Q6770621,New York Stock Exchange,MKL,insurance,,,11675335000,2022-01-01T00:00:00Z
http://www.wikidata.org/entity/Q55622230,MarketAxess,Q55622230,Nasdaq,MKTX,financial services,,,,
http://www.wikidata.org/entity/Q6770934,Marketo,Q6770934,Nasdaq,MKTO,software industry,,,,
http://www.wikidata.org/entity/Q96392042,Markforged,Q96392042,New York Stock Exchange,MKFG,3D printing,,,,
http://www.wikidata.org/entity/Q17103838,Markit,Q17103838,Nasdaq,MRKT,financial services,,,1113400000,2015-01-01T00:00:00Z
http://www.wikidata.org/entity/Q1141173,Marriott International,Q1141173,Nasdaq,MAR,hospitality industry; tourism industry,,,20773000000,2022-01-01T00:00:00Z
http://www.wikidata.org/entity/Q6772994,Marriott Vacations Worldwide Corporation,Q6772994,New York Stock Exchange,VAC,tourism,,,,
http://www.wikidata.org/entity/Q1786345,Marsh & McLennan Companies,Q1786345,New York Stock Exchange,MMC,,,,20720000000,2022-01-01T00:00:00Z
http://www.wikidata.org/entity/Q1902726,Marshall & Ilsley,Q1902726,Nasdaq,FINB,bank,,,,
http://www.wikidata.org/entity/Q137009694,Marten Transport,Q137009694,Nasdaq,MRTN,,,,,
http://www.wikidata.org/entity/Q6774578,Martha Stewart Living Omnimedia,Q6774578,New York Stock Exchange,MSO,publishing; broadcasting,,,,
http://www.wikidata.org/entity/Q6776123,Martin Marietta Materials,Q6776123,New York Stock Exchange,MLM,mining,,,,
http://www.wikidata.org/entity/Q1347782,Marvell Technology,Q1347782,Nasdaq,MRVL,semiconductor industry,,,,
http://www.wikidata.org/entity/Q6782217,MasTec,Q6782217,New York Stock Exchange,MTZ,construction,,,,
http://www.wikidata.org/entity/Q6782872,Masco,Q6782872,New York Stock Exchange,MAS,,,,,
http://www.wikidata.org/entity/Q6783278,Masimo,Q6783278,Nasdaq,MASI,medical equipment,,,,
http://www.wikidata.org/entity/Q3297271,Masisa,Q3297271,Nasdaq,MYSZY,,,,,
http://www.wikidata.org/entity/Q6783802,Masonite International,Q6783802,New York Stock Exchange,DOOR,industrial manufacturing,,,,
http://www.wikidata.org/entity/Q3297582,Massey Energy,Q3297582,New York Stock Exchange,MEE,coal,,,,
http://www.wikidata.org/entity/Q52876645,Mastech Digital,Q52876645,New York Stock Exchange,MHH,,,,,
http://www.wikidata.org/entity/Q489921,Mastercard,Q489921,New York Stock Exchange,MA,"financial services; financial service activities, except insurance and pension funding",446250000000,2026-03-24T00:00:00Z,32800000000,2025-01-01T00:00:00Z
http://www.wikidata.org/entity/Q23133268,Match Group,Q23133268,Nasdaq,MTCH,online dating service,,,,
http://www.wikidata.org/entity/Q6786571,Materialise NV,Q6786571,Nasdaq,MTLS,,,,,
http://www.wikidata.org/entity/Q4979671,Materion,Q4979671,New York Stock Exchange,MTRN,,,,,
http://www.wikidata.org/entity/Q6787989,"Matson, Inc.",Q6787989,New York Stock Exchange,MATX,shipping line,,,,
http://www.wikidata.org/entity/Q596139,Mattel,Q596139,Nasdaq,MAT,game industry,,,,
http://www.wikidata.org/entity/Q107520260,Matterport,Q107520260,Nasdaq,MTTR,,,,157748000,2023-12-31T00:00:00Z
http://www.wikidata.org/entity/Q17080510,Mattersight Corporation,Q17080510,Nasdaq,MATR,,,,,
http://www.wikidata.org/entity/Q110220617,Matthews International,Q110220617,Nasdaq,MATW,,,,,
http://www.wikidata.org/entity/Q6791878,Mattress Firm,Q6791878,Nasdaq,MFRM,retail; bedding,,,,
http://www.wikidata.org/entity/Q17068557,Mattson Technology,Q17068557,Nasdaq,MTSN,,,,,
http://www.wikidata.org/entity/Q6792378,Maui Land & Pineapple Company,Q6792378,New York Stock Exchange,MLP,,,,,
http://www.wikidata.org/entity/Q30290314,MaxCyte (United States),Q30290314,Nasdaq,MXCT,,,,,
http://www.wikidata.org/entity/Q6794502,MaxLinear,Q6794502,New York Stock Exchange,MXL,,,,,
http://www.wikidata.org/entity/Q48791239,Maxar Technologies,Q48791239,New York Stock Exchange,MAXR,space industry,,,,
http://www.wikidata.org/entity/Q121832886,Maxeon Solar Technologies,Q121832886,Nasdaq,MAXN,,,,,
http://www.wikidata.org/entity/Q1784671,Maxim Integrated,Q1784671,Nasdaq,MXIM,,,,,
http://www.wikidata.org/entity/Q6795931,Maximus Inc.,Q6795931,New York Stock Exchange,MMS,government contractor,,,,
http://www.wikidata.org/entity/Q15109905,Maxygen,Q15109905,Nasdaq,MAXY,biotechnology,,,,
http://www.wikidata.org/entity/Q15109906,Mazor Robotics,Q15109906,Nasdaq,MZOR,health technology,,,,
http://www.wikidata.org/entity/Q267313,"McAfee, LLC",Q267313,Nasdaq,MCFE,antivirus software; software industry; computer security,,,,
http://www.wikidata.org/entity/Q1915049,McCormick & Company,Q1915049,New York Stock Exchange,MKC,food industry,,,,
http://www.wikidata.org/entity/Q1915079,McDermott International,Q1915079,New York Stock Exchange,,,,,,
http://www.wikidata.org/entity/Q38076,McDonald's,Q38076,New York Stock Exchange,MCD,food service; accommodation and food service activities; food and tobacco industry; quick service restaurant sector,173430000000,2021-04-08T00:00:00Z,25920000000,2024-01-01T00:00:00Z
http://www.wikidata.org/entity/Q6801109,McEwen Mining,Q6801109,New York Stock Exchange,MUX,mining,,,,
http://www.wikidata.org/entity/Q570473,McKesson Corporation,Q570473,New York Stock Exchange,MCK,product distribution,,,263966000000,2022-01-01T00:00:00Z
http://www.wikidata.org/entity/Q3303765,Mead Johnson,Q3303765,New York Stock Exchange,MJN,,,,,
http://www.wikidata.org/entity/Q6803126,MeadWestvaco,Q6803126,New York Stock Exchange,MWV,industrial manufacturing; product packaging industry,,,,
http://www.wikidata.org/entity/Q687478,Meade Instruments,Q687478,Nasdaq,,industrial manufacturing,,,,
http://www.wikidata.org/entity/Q96575195,Meat tech,Q96575195,Nasdaq,MEAT,food industry,,,,
http://www.wikidata.org/entity/Q1915579,Mechel,Q1915579,New York Stock Exchange,MTL,iron and steel industry,,,286977000000,2025-01-01T00:00:00Z
http://www.wikidata.org/entity/Q7978457,Mecklermedia,Q7978457,Nasdaq,MECK,recruitment; media industry,,,,
http://www.wikidata.org/entity/Q17068666,MedAssets,Q17068666,Nasdaq,MDAS,,,,,
http://www.wikidata.org/entity/Q6804919,MedCath Corp.,Q6804919,Nasdaq,MDTH,health care,,,,
http://www.wikidata.org/entity/Q1364494,Medco Health Solutions,Q1364494,New York Stock Exchange,MHS,pharmacy benefits manager,,,,
http://www.wikidata.org/entity/Q43896231,MediWound (Israel),Q43896231,Nasdaq,MDWD,,,,,
http://www.wikidata.org/entity/Q6805492,Media General,Q6805492,New York Stock Exchange,MEG,mass media,,,,
http://www.wikidata.org/entity/Q3853691,Mediacom,Q3853691,New York Stock Exchange,MCCC,telecommunications,,,,
http://www.wikidata.org/entity/Q30693638,Medical Properties Trust,Q30693638,New York Stock Exchange,MPW,real estate investment trust,,,,
http://www.wikidata.org/entity/Q6806775,Medicis Pharmaceutical,Q6806775,New York Stock Exchange,MRX,pharmaceutical industry,,,,
http://www.wikidata.org/entity/Q6806791,Medidata Solutions,Q6806791,Nasdaq,MDSO,drug development,,,,
http://www.wikidata.org/entity/Q6806861,Medifast,Q6806861,New York Stock Exchange,MED,,,,,
http://www.wikidata.org/entity/Q96482427,Medigus,Q96482427,Nasdaq,,health care,38849000,2020-06-21T00:00:00Z,,
http://www.wikidata.org/entity/Q15109907,Medivation,Q15109907,Nasdaq,MDVN,pharmaceutical industry,,,,
http://www.wikidata.org/entity/Q17108701,Medpace,Q17108701,Nasdaq,MEDP,,,,,
http://www.wikidata.org/entity/Q642189,Medtronic plc,Q642189,New York Stock Exchange,MDT,medical technology industry,,,31227000000,2022-01-01T00:00:00Z
http://www.wikidata.org/entity/Q6807739,MeetMe,Q6807739,Nasdaq,MEET,,,,,
http://www.wikidata.org/entity/Q17154829,Melco PBL Holdings,Q17154829,Nasdaq,MLCO,hospitality industry,,,,
http://www.wikidata.org/entity/Q6813052,Mellanox Technologies,Q6813052,Nasdaq,MLNX,,,,,
http://www.wikidata.org/entity/Q950419,Mercado pago,Q950419,Nasdaq,MELI,e-commerce,,,,
http://www.wikidata.org/entity/Q27530,Mercedes-Benz Group,Q27530,New York Stock Exchange,,automotive industry,,,145594000000,2024-12-31T00:00:00Z
http://www.wikidata.org/entity/Q1391599,Mercer,Q1391599,Nasdaq,MERC,risk management; professional service; consulting company,,,5021000000,2019-01-01T00:00:00Z
http://www.wikidata.org/entity/Q247489,Merck & Co.,Q247489,New York Stock Exchange,MRK,pharmaceutical industry,178400000000,2017-01-01T00:00:00Z,64168000000,2024-01-01T00:00:00Z
http://www.wikidata.org/entity/Q16981897,Mercury Insurance Group,Q16981897,New York Stock Exchange,MCY,insurance,,,,
http://www.wikidata.org/entity/Q6818651,Mercury Systems,Q6818651,Nasdaq,MRCY,aerospace industry,,,,
http://www.wikidata.org/entity/Q19865135,Meredian Holdings Group Inc.,Q19865135,New York Stock Exchange,DNMR,biotechnology,,,,
http://www.wikidata.org/entity/Q1921579,Meredith Corporation,Q1921579,New York Stock Exchange,MDP,media company,,,,
http://www.wikidata.org/entity/Q17113726,Meridian Bioscience,Q17113726,Nasdaq,VIVO,medical equipment,,,,
http://www.wikidata.org/entity/Q111384721,Meridian Corporation,Q111384721,Nasdaq,MRBK,,,,,
http://www.wikidata.org/entity/Q6819538,Meritage Homes Corporation,Q6819538,New York Stock Exchange,MTH,,,,,
http://www.wikidata.org/entity/Q322153,Meritor,Q322153,New York Stock Exchange,MTOR,,,,,
http://www.wikidata.org/entity/Q6820755,Meru Networks,Q6820755,Nasdaq,MERU,wireless LAN,,,,
http://www.wikidata.org/entity/Q1922290,Mesa Air Group,Q1922290,Nasdaq,MESA,aviation,,,,
http://www.wikidata.org/entity/Q25326524,Mesoblast,Q25326524,Nasdaq,MESO,,1167652926,2021-11-18T00:00:00Z,,
http://www.wikidata.org/entity/Q607131,MetLife,Q607131,New York Stock Exchange,MET,insurance industry,,,69898000000,2022-01-01T00:00:00Z
http://www.wikidata.org/entity/Q380,Meta,Q380,Nasdaq,META,information technology,1445000000000,2025-05-01T00:00:00Z,200966000000,2025-01-01T00:00:00Z
http://www.wikidata.org/entity/Q13529431,Methanex,Q13529431,Nasdaq,MEOH,,,,,
http://www.wikidata.org/entity/Q18151484,Methode Electronics,Q18151484,New York Stock Exchange,MEI,electronics,,,,
http://www.wikidata.org/entity/Q54622171,Metro City Bank,Q54622171,Nasdaq,MCBS,financial sector,,,,
http://www.wikidata.org/entity/Q6824418,MetroCorp Bancshares,Q6824418,Nasdaq,MCBI,financial services,,,,
http://www.wikidata.org/entity/Q136676211,Metsera Inc,Q136676211,Nasdaq,MTSR,biotechnology industry,,,,
http://www.wikidata.org/entity/Q680186,Mettler Toledo,Q680186,New York Stock Exchange,MTD,,,,,
http://www.wikidata.org/entity/Q29207993,MicNode,Q29207993,Nasdaq,,e-commerce,,,,
http://www.wikidata.org/entity/Q6835667,Michaels,Q6835667,Nasdaq,MIK,retail,,,,
http://www.wikidata.org/entity/Q6839039,Micrel,Q6839039,Nasdaq,,,,,,
http://www.wikidata.org/entity/Q1931458,Micro Focus International,Q1931458,New York Stock Exchange,MFGP,information technology; software development,,,3000000000000,2021-01-01T00:00:00Z
http://www.wikidata.org/entity/Q124461283,MicroCloud Hologram Inc.,Q124461283,Nasdaq,HOLO,,,,,
http://www.wikidata.org/entity/Q1545076,Microchip Technology,Q1545076,Nasdaq,MCHP,electronics; semiconductor industry,,,5440000000,2021-01-01T00:00:00Z
http://www.wikidata.org/entity/Q48741327,Micron Products,Q48741327,New York Stock Exchange,MICR,,,,,
http://www.wikidata.org/entity/Q1197548,Micron Technology,Q1197548,Nasdaq,MU,,,,30758000000,2022-01-01T00:00:00Z
http://www.wikidata.org/entity/Q1931557,Micros Systems,Q1931557,Nasdaq,MCRS,computer hardware industry,,,,
http://www.wikidata.org/entity/Q6840048,Microsemi,Q6840048,Nasdaq,MSCC,integrated device manufacturer,,,,
http://www.wikidata.org/entity/Q2283,Microsoft,Q2283,Nasdaq,MSFT,software development; software industry; International Standard Industrial Classification; technology industry; consumer electronics industry,3162000000000,2025-05-01T00:00:00Z,281724000000,2025-01-01T00:00:00Z
http://www.wikidata.org/entity/Q3312613,Midas,Q3312613,New York Stock Exchange,MDS,,,,,
http://www.wikidata.org/entity/Q17108492,Middleby Corporation,Q17108492,Nasdaq,MIDD,oven,,,,
http://www.wikidata.org/entity/Q17113791,Middlesex Water Company,Q17113791,Nasdaq,MSEX,,,,,
http://www.wikidata.org/entity/Q6843476,Midwestone Financial Group,Q6843476,Nasdaq,MOFG,bank,,,,
http://www.wikidata.org/entity/Q19893981,Milacron,Q19893981,New York Stock Exchange,,plastics industry,,,,
http://www.wikidata.org/entity/Q96418958,Miller Industries,Q96418958,New York Stock Exchange,MLR,automotive industry,,,,
http://www.wikidata.org/entity/Q276345,Millicom,Q276345,Nasdaq,TIGO,telecommunications; mobile phone industry,,,,
http://www.wikidata.org/entity/Q16997846,Mimecast,Q16997846,Nasdaq,MIME,information security,,,,
http://www.wikidata.org/entity/Q6863447,Mind CTI,Q6863447,Nasdaq,MNDO,software industry,,,,
http://www.wikidata.org/entity/Q106615428,MindMed,Q106615428,Nasdaq,MNMD,pharmaceutical industry,,,,
http://www.wikidata.org/entity/Q107571756,MindMed Inc.,Q107571756,Nasdaq,MNMD,biotechnology industry,,,,
http://www.wikidata.org/entity/Q15138136,Mindray,Q15138136,New York Stock Exchange,MR,,,,1300000000,2014-01-01T00:00:00Z
http://www.wikidata.org/entity/Q15109909,Mindspeed Technologies,Q15109909,Nasdaq,MSPD,electronics,,,,
http://www.wikidata.org/entity/Q6864857,Mingyang Wind Power,Q6864857,New York Stock Exchange,MY,industrial manufacturing; wind power industry,,,,
http://www.wikidata.org/entity/Q20732498,Miniso,Q20732498,New York Stock Exchange,MNSO,retail,,,2500000000,2018-01-01T00:00:00Z
http://www.wikidata.org/entity/Q30298277,Mirion Technologies,Q30298277,New York Stock Exchange,MIR,electronics; manufacturing of scientific and technical instrumentation,,,,
http://www.wikidata.org/entity/Q113503532,Mirum Pharmaceuticals,Q113503532,Nasdaq,MIRM,pharmaceutical industry,,,,
http://www.wikidata.org/entity/Q17108791,Mississippi Power,Q17108791,New York Stock Exchange,mpj,public utility,,,,
http://www.wikidata.org/entity/Q1957521,Mitel,Q1957521,Nasdaq,MITL,telecommunications,,,,
http://www.wikidata.org/entity/Q1542175,Mitsubishi UFJ Financial Group,Q1542175,New York Stock Exchange,MTU,financial services; financial sector,,,,
http://www.wikidata.org/entity/Q166621,Mizuho Financial Group,Q166621,New York Stock Exchange,MFG,financial services; financial sector,,,,
http://www.wikidata.org/entity/Q6886914,Mobile Mini,Q6886914,Nasdaq,MINI,intermodal container,,,,
http://www.wikidata.org/entity/Q1368919,Mobile TeleSystems,Q1368919,Nasdaq,MBT,telecommunications; mobile phone industry,430000000000,2025-01-01T00:00:00Z,807186000000,2025-01-01T00:00:00Z
http://www.wikidata.org/entity/Q1368919,Mobile TeleSystems,Q1368919,New York Stock Exchange,MBT,telecommunications; mobile phone industry,430000000000,2025-01-01T00:00:00Z,807186000000,2025-01-01T00:00:00Z
http://www.wikidata.org/entity/Q2901365,Mobileye,Q2901365,Nasdaq,MBLY,automotive industry,,,,
http://www.wikidata.org/entity/Q2901365,Mobileye,Q2901365,New York Stock Exchange,MBLY,automotive industry,,,,
http://www.wikidata.org/entity/Q116985634,Mobileye Global,Q116985634,Nasdaq,MBLY,,,,,
http://www.wikidata.org/entity/Q17081612,Moderna,Q17081612,Nasdaq,MRNA,pharmaceutical industry; biotechnology industry,9456000000,2025-05-08T00:00:00Z,3236000000,2024-01-01T00:00:00Z
http://www.wikidata.org/entity/Q16953039,Moelis & Company,Q16953039,New York Stock Exchange,MC,financial services; investment banking,,,,
http://www.wikidata.org/entity/Q6893780,Mohawk Industries,Q6893780,New York Stock Exchange,MHK,conglomerate; rug and carpet industry,,,,
http://www.wikidata.org/entity/Q1943468,Molex,Q1943468,Nasdaq,,electronics,,,,
http://www.wikidata.org/entity/Q6896175,Molina Healthcare,Q6896175,New York Stock Exchange,MOH,health care industry,,,,
http://www.wikidata.org/entity/Q3319685,Molson Coors Brewing Company,Q3319685,New York Stock Exchange,TAP,brewing industry,,,,
http://www.wikidata.org/entity/Q2325665,Molycorp,Q2325665,New York Stock Exchange,,mining,,,,
http://www.wikidata.org/entity/Q85786082,Momentus Space,Q85786082,Nasdaq,MNTS,aerospace industry,,,,
http://www.wikidata.org/entity/Q12857502,Mondelez International,Q12857502,Nasdaq,MDLZ,food industry,,,31496000000,2022-01-01T00:00:00Z
http://www.wikidata.org/entity/Q1944412,MoneyGram,Q1944412,Nasdaq,MGI,wire transfer; financial services,,,2107300000,2017-01-01T00:00:00Z
http://www.wikidata.org/entity/Q4546965,MongoDB Inc.,Q4546965,Nasdaq,MDB,software industry; business software industry,,,2463797000,2026-01-31T00:00:00Z
http://www.wikidata.org/entity/Q22058448,Monolithic Power Systems,Q22058448,Nasdaq,MPWR,semiconductor industry,,,,
http://www.wikidata.org/entity/Q124635521,Monopar Therapeutics,Q124635521,Nasdaq,MNPR,pharmaceutical industry,,,,
http://www.wikidata.org/entity/Q1583606,Monotype,Q1583606,Nasdaq,TYPE,machinery industry and plant construction; pre-press and pre-media services,,,,
http://www.wikidata.org/entity/Q6902090,Monro Muffler Brake,Q6902090,Nasdaq,MNRO,,,,,
http://www.wikidata.org/entity/Q6902124,Monroe Bank & Trust,Q6902124,Nasdaq,MBTF,bank,,,,
http://www.wikidata.org/entity/Q207983,Monsanto,Q207983,New York Stock Exchange,MON,agriculture; biotechnology,,,15000000000,2015-01-01T00:00:00Z
http://www.wikidata.org/entity/Q1945295,Monster Beverage,Q1945295,Nasdaq,MNST,beverage industry,,,,
http://www.wikidata.org/entity/Q115011580,Monte Rosa Therapeutics,Q115011580,Nasdaq,GLUE,biotechnology,,,,
http://www.wikidata.org/entity/Q675585,Moody's Corporation,Q675585,New York Stock Exchange,MCO,financial services,,,5468000000,2022-01-01T00:00:00Z
http://www.wikidata.org/entity/Q6907265,Moog Inc.,Q6907265,New York Stock Exchange,,aerospace engineering,,,920000000,2018-01-01T00:00:00Z
http://www.wikidata.org/entity/Q334204,Morgan Stanley,Q334204,New York Stock Exchange,MS,financial services; financial sector,,,61761000000,2024-01-01T00:00:00Z
http://www.wikidata.org/entity/Q6911967,Morgans Hotel Group,Q6911967,Nasdaq,MHGC,hospitality industry,,,,
http://www.wikidata.org/entity/Q1389504,"Morningstar, Inc.",Q1389504,Nasdaq,MORN,financial services,,,,
http://www.wikidata.org/entity/Q6914636,Mortgage Guaranty Insurance Corporation,Q6914636,New York Stock Exchange,MTG,lenders mortgage insurance,,,,
http://www.wikidata.org/entity/Q634815,Motorola Solutions,Q634815,New York Stock Exchange,MSI,telecommunications,,,9978000000,2023-01-01T00:00:00Z
http://www.wikidata.org/entity/Q939816,Movado,Q939816,New York Stock Exchange,MOV,,,,,
http://www.wikidata.org/entity/Q16885315,Mueller Industries,Q16885315,New York Stock Exchange,MLI,,,,,
http://www.wikidata.org/entity/Q16982326,Mueller Water Products,Q16982326,New York Stock Exchange,MWA,,,,,
http://www.wikidata.org/entity/Q96394302,Mullen Technologies,Q96394302,Nasdaq,MULN,,,,,
http://www.wikidata.org/entity/Q951259,Murphy Oil,Q951259,New York Stock Exchange,MUR,petroleum industry; extraction of crude petroleum and natural gas,,,,
http://www.wikidata.org/entity/Q19604459,Murphy USA,Q19604459,New York Stock Exchange,MUSA,petroleum industry,,,,
http://www.wikidata.org/entity/Q6941284,Mushkin,Q6941284,Nasdaq,RMTR,computer industry,,,,
http://www.wikidata.org/entity/Q96482473,My Size Inc.,Q96482473,Nasdaq,,technology,22037000,2022-11-15T00:00:00Z,,
http://www.wikidata.org/entity/Q899010,Mylan,Q899010,Nasdaq,MYL,pharmaceutical industry; health care industry,21200000000,2017-05-01T00:00:00Z,,
http://www.wikidata.org/entity/Q3331496,Myriad Genetics,Q3331496,Nasdaq,MYGN,pharmaceutical industry,,,,
http://www.wikidata.org/entity/Q53108351,Mytheresa,Q53108351,New York Stock Exchange,MYTE,e-commerce,,,,
http://www.wikidata.org/entity/Q6952158,NACCO Industries,Q6952158,New York Stock Exchange,NC,,,,,
http://www.wikidata.org/entity/Q2063056,NASDAQ Biotechnology Index,Q2063056,Nasdaq,NBI,,,,,
http://www.wikidata.org/entity/Q137117770,NB Bancorp,Q137117770,Nasdaq,NBBK,,,,,
http://www.wikidata.org/entity/Q6952813,NBG Radio Network,Q6952813,Nasdaq,NSBD,radio broadcasting,,,,
http://www.wikidata.org/entity/Q6952868,NBT Bank,Q6952868,Nasdaq,NBTB,finance,,,,
http://www.wikidata.org/entity/Q16982478,NCI Building Systems,Q16982478,New York Stock Exchange,NCS,,,,,
http://www.wikidata.org/entity/Q524989,NCR Corporation,Q524989,New York Stock Exchange,VYX,information and communications technology,,,4610000000,2009-01-01T00:00:00Z
http://www.wikidata.org/entity/Q2985356,NDTV,Q2985356,New York Stock Exchange,NDTV,mass media,,,,
http://www.wikidata.org/entity/Q17114312,NIC Inc.,Q17114312,Nasdaq,EGOV,quaternary sector of the economy,,,,
http://www.wikidata.org/entity/Q11235714,NIS Group,Q11235714,New York Stock Exchange,NIS,,,,,
http://www.wikidata.org/entity/Q123382157,NKGen Biotech Inc. (United States),Q123382157,Nasdaq,NKGN,biotechnology industry,,,,
http://www.wikidata.org/entity/Q6954692,NL Industries,Q6954692,New York Stock Exchange,,,,,,
http://www.wikidata.org/entity/Q6955139,NRG Energy,Q6955139,New York Stock Exchange,NRG,electricity supply company,,,31543000000,2022-01-01T00:00:00Z
http://www.wikidata.org/entity/Q19866912,NSTAR,Q19866912,New York Stock Exchange,,public utility,,,,
http://www.wikidata.org/entity/Q853958,NTT DoCoMo,Q853958,New York Stock Exchange,DCM,telecommunications; mobile phone industry,,,6140000000000,2023-01-01T00:00:00Z
http://www.wikidata.org/entity/Q1054787,"NTT, Inc.",Q1054787,New York Stock Exchange,NTT,telecommunications,,,,
http://www.wikidata.org/entity/Q1961658,NV Energy,Q1961658,New York Stock Exchange,,energy supply,,,,
http://www.wikidata.org/entity/Q6955706,"NVR, Inc.",Q6955706,New York Stock Exchange,NVR,,,,10526434000,2022-01-01T00:00:00Z
http://www.wikidata.org/entity/Q6955989,NW Natural,Q6955989,New York Stock Exchange,NWN,,,,,
http://www.wikidata.org/entity/Q1155668,NXP Semiconductors,Q1155668,Nasdaq,NXPI,electronics,,,13276000000,2023-01-01T00:00:00Z
http://www.wikidata.org/entity/Q13683,NYSE Euronext Liffe,Q13683,New York Stock Exchange,NYX,stock exchange,,,,
http://www.wikidata.org/entity/Q1962059,Nabors Industries,Q1962059,New York Stock Exchange,NBR,,,,,
http://www.wikidata.org/entity/Q99976763,Nam Tai Property,Q99976763,New York Stock Exchange,NTP,,,,,
http://www.wikidata.org/entity/Q65251731,Nano Dimension Ltd.,Q65251731,Nasdaq,NNDM,electronics,,,,
http://www.wikidata.org/entity/Q109648854,Nano-X Imaging,Q109648854,Nasdaq,NNOX,medical technology industry,,,,
http://www.wikidata.org/entity/Q1472929,"Nasdaq, Inc.",Q1472929,Nasdaq,NDAQ,financial services; fintech,,,6226000000,2022-01-01T00:00:00Z
http://www.wikidata.org/entity/Q507306,Nasdaq-100,Q507306,Nasdaq,QQQ,,,,,
http://www.wikidata.org/entity/Q6966783,Nash Finch Company,Q6966783,Nasdaq,,,,,,
http://www.wikidata.org/entity/Q13218598,NatWest Group,Q13218598,New York Stock Exchange,RBS,financial sector,,,,
http://www.wikidata.org/entity/Q6968762,Natera,Q6968762,Nasdaq,NTRA,,,,,
http://www.wikidata.org/entity/Q1319505,Nathan's Famous,Q1319505,Nasdaq,NATH,fast food,,,,
http://www.wikidata.org/entity/Q1816028,National Bank of Greece,Q1816028,New York Stock Exchange,NBG,financial services; financial sector,,,,
http://www.wikidata.org/entity/Q15109910,National Beverage,Q15109910,Nasdaq,FIZZ,beverage industry,,,,
http://www.wikidata.org/entity/Q6971495,National CineMedia,Q6971495,Nasdaq,NCMI,entertainment,,,,
http://www.wikidata.org/entity/Q12859164,National Fuel Gas,Q12859164,New York Stock Exchange,NFG,fossil fuel,,,,
http://www.wikidata.org/entity/Q1465461,National Grid plc,Q1465461,New York Stock Exchange,NGG,electric power industry,,,,
http://www.wikidata.org/entity/Q1544413,National Instruments,Q1544413,Nasdaq,NATI,information technology,,,,
http://www.wikidata.org/entity/Q1817417,National Oilwell Varco,Q1817417,New York Stock Exchange,NOV,,,,,
http://www.wikidata.org/entity/Q6975043,National Presto Industries,Q6975043,New York Stock Exchange,NPK,product,,,,
http://www.wikidata.org/entity/Q17070831,National Research Corporation,Q17070831,Nasdaq,NRCIA,,,,,
http://www.wikidata.org/entity/Q6978096,National Retail Properties,Q6978096,New York Stock Exchange,NNN,real estate investment trust,,,,
http://www.wikidata.org/entity/Q17145638,National Rural Utilities Cooperative Finance Corporation,Q17145638,New York Stock Exchange,NRUC,financial services,,,,
http://www.wikidata.org/entity/Q4045074,National Western Life,Q4045074,Nasdaq,NWLI,insurance industry,,,600000000,2011-01-01T00:00:00Z
http://www.wikidata.org/entity/Q130331887,Natura & Co,Q130331887,New York Stock Exchange,NTCO,cosmetics industry,,,,
http://www.wikidata.org/entity/Q15109912,Natural Alternatives International,Q15109912,Nasdaq,NAII,,,,,
http://www.wikidata.org/entity/Q17146520,Natural Grocers,Q17146520,New York Stock Exchange,NGVC,retail,,,,
http://www.wikidata.org/entity/Q4045079,Nature's Sunshine Products,Q4045079,Nasdaq,NATR,food industry; personal care product,,,324705000,2015-01-01T00:00:00Z
http://www.wikidata.org/entity/Q3873359,Natuzzi,Q3873359,New York Stock Exchange,NTZ,industrial manufacturing,,,,
http://www.wikidata.org/entity/Q3337196,"Nautilus, Inc.",Q3337196,New York Stock Exchange,NLS,,,,,
http://www.wikidata.org/entity/Q39055049,"Navan, Inc.",Q39055049,Nasdaq,NAVN,Corporate travel management,,,,
http://www.wikidata.org/entity/Q19903490,Navient,Q19903490,Nasdaq,NAVI,financial services,,,,
http://www.wikidata.org/entity/Q6982488,Navios Maritime Holdings,Q6982488,Nasdaq,,freight transport,,,,
http://www.wikidata.org/entity/Q6982488,Navios Maritime Holdings,Q6982488,New York Stock Exchange,NNA,freight transport,,,,
http://www.wikidata.org/entity/Q137596590,Navitas Semiconductor,Q137596590,Nasdaq,NVTS,,,,,
http://www.wikidata.org/entity/Q39052983,Nayax,Q39052983,Nasdaq,,fintech,2677535000,2022-11-15T00:00:00Z,,
http://www.wikidata.org/entity/Q47120756,Nebius Group,Q47120756,Nasdaq,YNDX,information technology industry,1117004321756,2024-02-16T00:00:00Z,117500000,2024-12-31T00:00:00Z
http://www.wikidata.org/entity/Q56527497,"Neenah, Inc.",Q56527497,New York Stock Exchange,NP,papermaking,,,,
http://www.wikidata.org/entity/Q17114308,Nektar Therapeutics,Q17114308,Nasdaq,NKTR,,,,,
http://www.wikidata.org/entity/Q6990264,Nelnet,Q6990264,New York Stock Exchange,NNI,financial services,,,,
http://www.wikidata.org/entity/Q17114199,NeoGen,Q17114199,Nasdaq,NEOG,,,,,
http://www.wikidata.org/entity/Q48976818,NeoGenomics,Q48976818,Nasdaq,NEO,biotechnology,,,,
http://www.wikidata.org/entity/Q846246,Neonode,Q846246,Nasdaq,NEON,telecommunications,,,,
http://www.wikidata.org/entity/Q727883,NetApp,Q727883,Nasdaq,NTAP,,,,3406000000,2009-01-01T00:00:00Z
http://www.wikidata.org/entity/Q196259,NetEase,Q196259,Nasdaq,NTES,technology industry,,,,
http://www.wikidata.org/entity/Q16964955,NetLogic Microsystems,Q16964955,Nasdaq,NETL,electronics,,,,
http://www.wikidata.org/entity/Q6998273,NetManage,Q6998273,Nasdaq,,software industry,,,,
http://www.wikidata.org/entity/Q6998317,NetScout Systems,Q6998317,Nasdaq,NTCT,,,,,
http://www.wikidata.org/entity/Q4045248,NetSuite,Q4045248,New York Stock Exchange,,software development; cloud computing; software industry; web hosting service; enterprise software,,,,
http://www.wikidata.org/entity/Q3874960,Netezza,Q3874960,New York Stock Exchange,,,,,,
http://www.wikidata.org/entity/Q116452644,"Netflix, Inc.",Q116452644,Nasdaq,NFLX,streaming media; film production; DVD-by-mail; television production; film distribution,170640000000,2022-01-31T00:00:00Z,45183036000,2025-01-01T00:00:00Z
http://www.wikidata.org/entity/Q979690,Netgear,Q979690,Nasdaq,NTGR,consumer electronics industry,,,,
http://www.wikidata.org/entity/Q15109913,Netlist Inc.,Q15109913,Nasdaq,NLST,computer hardware industry,,,,
http://www.wikidata.org/entity/Q7000660,Netwitness,Q7000660,Nasdaq,MANT,computer security,,,,
http://www.wikidata.org/entity/Q124039716,"Neumora Therapeutics, Inc.",Q124039716,Nasdaq,NMRA,pharmaceutical industry,,,,
http://www.wikidata.org/entity/Q7002174,Neurocrine Biosciences,Q7002174,Nasdaq,NBIX,biotechnology,,,,
http://www.wikidata.org/entity/Q7002474,"Neuronetics, Inc.",Q7002474,Nasdaq,STIM,,,,,
http://www.wikidata.org/entity/Q7002903,Neustar,Q7002903,New York Stock Exchange,NSR,,,,,
http://www.wikidata.org/entity/Q59961991,New Energy Exchange Limited,Q59961991,Nasdaq,EBOD,,,,,
http://www.wikidata.org/entity/Q106239511,New Fortress Energy,Q106239511,Nasdaq,NFE,energy industry,,,,
http://www.wikidata.org/entity/Q13529435,New Gold,Q13529435,New York Stock Exchange,,mining,,,,
http://www.wikidata.org/entity/Q7008861,New Horizons Computer Learning Centers,Q7008861,Nasdaq,NWRZ,,,,,
http://www.wikidata.org/entity/Q7009312,New Jersey Resources,Q7009312,New York Stock Exchange,NJR,,,,,
http://www.wikidata.org/entity/Q7010502,New Mountain Capital,Q7010502,New York Stock Exchange,,,,,,
http://www.wikidata.org/entity/Q13631921,New Oriental,Q13631921,New York Stock Exchange,EDU,educational system,,,,
http://www.wikidata.org/entity/Q7011152,New Relic,Q7011152,New York Stock Exchange,NEWR,software industry,,,,
http://www.wikidata.org/entity/Q25046191,New Senior Investment Group,Q25046191,New York Stock Exchange,SNR,real estate investment trust,,,,
http://www.wikidata.org/entity/Q7012977,New York & Company,Q7012977,New York Stock Exchange,NWY,retail,,,,
http://www.wikidata.org/entity/Q6956324,New York share,Q6956324,Nasdaq,,,,,,
http://www.wikidata.org/entity/Q7005093,NewAlliance Bank,Q7005093,New York Stock Exchange,NAL,financial services,,,,
http://www.wikidata.org/entity/Q15109914,NewBridge Bank,Q15109914,Nasdaq,NBBC,bank,,,,
http://www.wikidata.org/entity/Q17562023,NewMarket Corporation,Q17562023,New York Stock Exchange,NEU,chemical industry,,,,
http://www.wikidata.org/entity/Q10856243,Newegg,Q10856243,Nasdaq,NEGG,retail,,,,
http://www.wikidata.org/entity/Q667599,Newell Brands,Q667599,New York Stock Exchange,NWL,consumer goods industry,,,,
http://www.wikidata.org/entity/Q7017778,Newfield Exploration,Q7017778,New York Stock Exchange,NFX,petroleum industry,,,,
http://www.wikidata.org/entity/Q7018524,Newmark Group,Q7018524,Nasdaq,NMRK,,,,,
http://www.wikidata.org/entity/Q1785405,Newmont Mining Corporation,Q1785405,New York Stock Exchange,NEM,metal; mining,,,11915000000,2022-01-01T00:00:00Z
http://www.wikidata.org/entity/Q17114287,Newpark Resources,Q17114287,New York Stock Exchange,NR,,,,,
http://www.wikidata.org/entity/Q14289857,News Corp,Q14289857,Nasdaq,NWSA,mass media; journalism,19546479629,2021-11-18T00:00:00Z,8292000000,2016-01-01T00:00:00Z
http://www.wikidata.org/entity/Q185278,News Corporation,Q185278,Nasdaq,NWSA,mass media; entertainment industry,,,,
http://www.wikidata.org/entity/Q11991273,Newsmax Media,Q11991273,New York Stock Exchange,NMAX,news media,,,,
http://www.wikidata.org/entity/Q7020906,Nexstar Media Group,Q7020906,Nasdaq,NXST,telecommunications; media industry; broadcasting,,,4500000000,2020-01-01T00:00:00Z
http://www.wikidata.org/entity/Q967868,NextEra Energy,Q967868,New York Stock Exchange,NEE,energy company,,,20956000000,2022-01-01T00:00:00Z
http://www.wikidata.org/entity/Q20667333,NextEra Energy Partners,Q20667333,New York Stock Exchange,NEP,,,,,
http://www.wikidata.org/entity/Q17109731,NextGen Healthcare Information Systems,Q17109731,Nasdaq,QSII,health information technology,,,,
http://www.wikidata.org/entity/Q7021239,Nextdoor,Q7021239,New York Stock Exchange,KIND,,,,,
http://www.wikidata.org/entity/Q85607259,Nexters,Q85607259,Nasdaq,GDEV,video game industry,,,,
http://www.wikidata.org/entity/Q1984481,NiSource,Q1984481,New York Stock Exchange,NI,public utility,,,,
http://www.wikidata.org/entity/Q2091479,Nice Ltd,Q2091479,Nasdaq,NICE,software industry,44154487000,2022-11-15T00:00:00Z,,
http://www.wikidata.org/entity/Q24960003,Nicolet Bankshares,Q24960003,New York Stock Exchange,NIC,,,,,
http://www.wikidata.org/entity/Q3341241,Nidec,Q3341241,New York Stock Exchange,NJ,,,,,
http://www.wikidata.org/entity/Q540891,Nielsen Company,Q540891,New York Stock Exchange,NLSN,information industry,,,,
http://www.wikidata.org/entity/Q483915,Nike,Q483915,New York Stock Exchange,NKE,industrial sector; retail; clothing industry,83777000000,2025-05-01T00:00:00Z,46710000000,2022-01-01T00:00:00Z
http://www.wikidata.org/entity/Q24887050,Nikola Corporation,Q24887050,Nasdaq,NKLA,automotive industry,,,,
http://www.wikidata.org/entity/Q29921278,Nio Inc.,Q29921278,New York Stock Exchange,NIO,automotive industry,,,16.258,2020-01-01T00:00:00Z
http://www.wikidata.org/entity/Q16958140,Niska Gas Storage Partners,Q16958140,New York Stock Exchange,NKA,,,,,
http://www.wikidata.org/entity/Q20165,Nissan,Q20165,Nasdaq,NSANY,automotive industry,,,11951169000000,2018-01-01T00:00:00Z
http://www.wikidata.org/entity/Q104868523,Niu Technologies,Q104868523,Nasdaq,NIU,transport industry,,,,
http://www.wikidata.org/entity/Q107518637,Nkarta Therapeutics (United States),Q107518637,Nasdaq,NKTX,biotechnology industry,,,,
http://www.wikidata.org/entity/Q121001340,Noah Holdings,Q121001340,New York Stock Exchange,NOAH,financial services,,,,
http://www.wikidata.org/entity/Q7045708,Noble Corporation,Q7045708,New York Stock Exchange,NE,petroleum industry,,,,
http://www.wikidata.org/entity/Q2659099,Noble Energy,Q2659099,New York Stock Exchange,NBL,petroleum industry,,,3901000000,2008-01-01T00:00:00Z
http://www.wikidata.org/entity/Q658089,Nomura Group,Q658089,New York Stock Exchange,NMR,,,,1385492000000,2010-01-01T00:00:00Z
http://www.wikidata.org/entity/Q1295105,Nomura Holdings,Q1295105,New York Stock Exchange,NMR,financial services; financial sector,,,,
http://www.wikidata.org/entity/Q7049673,Noodles & Company,Q7049673,Nasdaq,NDLS,retail,,,,
http://www.wikidata.org/entity/Q7050535,Nord Anglia Education,Q7050535,New York Stock Exchange,,,,,,
http://www.wikidata.org/entity/Q63296010,Nordic American Offshore,Q63296010,New York Stock Exchange,NAO,,,,,
http://www.wikidata.org/entity/Q907227,Nordion,Q907227,New York Stock Exchange,NDZ,pharmaceutical industry,,,,
http://www.wikidata.org/entity/Q1998662,Nordson Corporation,Q1998662,Nasdaq,NDSN,,,,,
http://www.wikidata.org/entity/Q174310,Nordstrom,Q174310,New York Stock Exchange,JWN,retail,,,,
http://www.wikidata.org/entity/Q20858163,Norfolk Southern Corporation,Q20858163,New York Stock Exchange,NSC,,54988000000,2025-05-15T00:00:00Z,12745000000,2022-01-01T00:00:00Z
http://www.wikidata.org/entity/Q1321054,Norfolk Southern Railway,Q1321054,New York Stock Exchange,NSC,transport,,,,
http://www.wikidata.org/entity/Q464996,Nortel,Q464996,New York Stock Exchange,NT,telecommunications,,,,
http://www.wikidata.org/entity/Q17072102,North Valley Bancorp,Q17072102,Nasdaq,NOVB,bank,,,,
http://www.wikidata.org/entity/Q7053620,NorthWestern Energy,Q7053620,New York Stock Exchange,,public utility,,,,
http://www.wikidata.org/entity/Q7057831,Northeast Bank,Q7057831,Nasdaq,NBN,bank,,,,
http://www.wikidata.org/entity/Q20486931,Northern Tier Energy,Q20486931,New York Stock Exchange,NTI,petroleum industry,,,,
http://www.wikidata.org/entity/Q970695,Northern Trust,Q970695,Nasdaq,NTRS,financial services,20000000000,2017-01-01T00:00:00Z,6761200000,2022-01-01T00:00:00Z
http://www.wikidata.org/entity/Q329953,Northrop Grumman Corporation,Q329953,New York Stock Exchange,NOC,shipbuilding; weapons industry; aircraft industry; electronics industry; aerospace industry,100425000000,2026-02-26T00:00:00Z,41033000000,2024-01-01T00:00:00Z
http://www.wikidata.org/entity/Q7060191,Northwest Bank,Q7060191,Nasdaq,NWBI,financial services,,,,
http://www.wikidata.org/entity/Q7059972,Northwest Biotherapeutics,Q7059972,Nasdaq,NWBO,pharmaceutical industry,,,,
http://www.wikidata.org/entity/Q60767471,Norwegian Cruise Line Holdings Ltd.,Q60767471,New York Stock Exchange,NCLH,,,,,
http://www.wikidata.org/entity/Q124039436,"Nova LifeStyle, Inc",Q124039436,Nasdaq,NVFY,,,,,
http://www.wikidata.org/entity/Q7064069,Nova Ltd.,Q7064069,Nasdaq,NVMI,,8617985000,2022-11-15T00:00:00Z,,
http://www.wikidata.org/entity/Q507154,Novartis,Q507154,New York Stock Exchange,NVS,pharmaceutical industry; chemical industry,172750000000,2017-01-01T00:00:00Z,,
http://www.wikidata.org/entity/Q17072200,Novavax,Q17072200,Nasdaq,NVAX,pharmaceutical industry,,,,
http://www.wikidata.org/entity/Q223407,Novell,Q223407,Nasdaq,NOVL,software industry,,,956000000,2008-01-01T00:00:00Z
http://www.wikidata.org/entity/Q818846,Novo Nordisk,Q818846,New York Stock Exchange,NVO,pharmaceutical industry,1240000000000,2026-01-01T00:00:00Z,309064000000,2025-01-01T00:00:00Z
http://www.wikidata.org/entity/Q30267502,Novocure (Jersey),Q30267502,Nasdaq,NVCR,,,,,
http://www.wikidata.org/entity/Q107453017,Nu Holdings Ltd.,Q107453017,New York Stock Exchange,NU,,,,,
http://www.wikidata.org/entity/Q1764040,Nu Skin Enterprises,Q1764040,New York Stock Exchange,NUS,personal care product,,,,
http://www.wikidata.org/entity/Q7067710,NuScale,Q7067710,New York Stock Exchange,SMR,energy industry,,,,
http://www.wikidata.org/entity/Q7067712,NuStar Energy,Q7067712,New York Stock Exchange,NS,petroleum industry,,,,
http://www.wikidata.org/entity/Q7067716,NuVasive,Q7067716,Nasdaq,NUVA,,,,,
http://www.wikidata.org/entity/Q1137289,Nuance Communications,Q1137289,Nasdaq,NUAN,software industry,,,,
http://www.wikidata.org/entity/Q25422888,Nubank,Q25422888,New York Stock Exchange,NU,financial services,,,,
http://www.wikidata.org/entity/Q1645081,Nucor,Q1645081,New York Stock Exchange,NUE,iron and steel industry,27600000000,2025-05-01T00:00:00Z,41512467000,2022-01-01T00:00:00Z
http://www.wikidata.org/entity/Q16959629,Nutanix,Q16959629,Nasdaq,NTNX,Hyper-converged infrastructure,,,,
http://www.wikidata.org/entity/Q48742870,Nutrien,Q48742870,New York Stock Exchange,NTR,agriculture,,,,
http://www.wikidata.org/entity/Q7070498,Nutrisystem,Q7070498,Nasdaq,NTRI,,,,,
http://www.wikidata.org/entity/Q124343843,Nuvve Holding Corp,Q124343843,Nasdaq,NVVE,,,,,
http://www.wikidata.org/entity/Q182477,Nvidia,Q182477,Nasdaq,NVDA,semiconductor industry,4752000000000,2026-02-25T00:00:00Z,215938000000,2025-01-01T00:00:00Z
http://www.wikidata.org/entity/Q7070744,NxStage,Q7070744,Nasdaq,NXTM,,,,,
http://www.wikidata.org/entity/Q7071951,O'Reilly Auto Parts,Q7071951,Nasdaq,ORLY,retail,,,14409860000,2022-01-01T00:00:00Z
http://www.wikidata.org/entity/Q10896530,O2Micro International Limited,Q10896530,Nasdaq,OIIM,,,,,
http://www.wikidata.org/entity/Q7102329,OFG Bancorp,Q7102329,New York Stock Exchange,OFG,financial services,,,,
http://www.wikidata.org/entity/Q1545542,OM Group,Q1545542,New York Stock Exchange,OMG,chemical industry,,,,
http://www.wikidata.org/entity/Q7072730,OMNOVA Solutions,Q7072730,New York Stock Exchange,OMN,,,,,
http://www.wikidata.org/entity/Q17072593,ON24,Q17072593,New York Stock Exchange,ONTF,software as a service,,,,
http://www.wikidata.org/entity/Q16983192,ONE Gas,Q16983192,New York Stock Exchange,OGS,public utility,,,,
http://www.wikidata.org/entity/Q11074156,ONEOK,Q11074156,New York Stock Exchange,OKE,public utility,,,22386892000,2022-01-01T00:00:00Z
http://www.wikidata.org/entity/Q610728,OPNET,Q610728,Nasdaq,,computer hardware industry,,,,
http://www.wikidata.org/entity/Q96419113,OR Royalties,Q96419113,New York Stock Exchange,OR,,,,,
http://www.wikidata.org/entity/Q7073021,OSI Systems,Q7073021,Nasdaq,OSIS,,,,,
http://www.wikidata.org/entity/Q206678,OTE,Q206678,New York Stock Exchange,OTE,telecommunications; mobile phone industry,,,3906100000,2016-01-01T00:00:00Z
http://www.wikidata.org/entity/Q106207298,"Oak Street Health, Inc.",Q106207298,New York Stock Exchange,OSH,,,,,
http://www.wikidata.org/entity/Q2008551,Oaktree Capital Management,Q2008551,New York Stock Exchange,OAK-B,financial services,,,,
http://www.wikidata.org/entity/Q10605824,Oatly AB,Q10605824,Nasdaq,OTLY,beverage industry,,,,
http://www.wikidata.org/entity/Q764321,Obsidian Energy,Q764321,New York Stock Exchange,OBE,petroleum industry,,,,
http://www.wikidata.org/entity/Q2013357,Occidental Petroleum,Q2013357,New York Stock Exchange,OXY,petroleum industry,,,36634000000,2022-01-01T00:00:00Z
http://www.wikidata.org/entity/Q7076047,Ocean Power Technologies,Q7076047,Nasdaq,OPTT,,,,,
http://www.wikidata.org/entity/Q17018954,Ocean Power Technologies Australasia,Q17018954,Nasdaq,OPTT,,,,,
http://www.wikidata.org/entity/Q2013404,Ocean Rig,Q2013404,Nasdaq,ORIG,oil platform,,,,
http://www.wikidata.org/entity/Q85846831,OceanFirst Bank,Q85846831,Nasdaq,OCFC,,,,,
http://www.wikidata.org/entity/Q106698278,Ocugen,Q106698278,Nasdaq,OCGN,pharmaceutical industry,,,,
http://www.wikidata.org/entity/Q7077162,Ocwen,Q7077162,Nasdaq,ASPS,financial services,,,,
http://www.wikidata.org/entity/Q7077162,Ocwen,Q7077162,New York Stock Exchange,,financial services,,,,
http://www.wikidata.org/entity/Q3031783,Odwalla,Q3031783,Nasdaq,ODWA,beverage industry,,,,
http://www.wikidata.org/entity/Q1812489,Odyssey Marine Exploration,Q1812489,Nasdaq,OMEX,,,,,
http://www.wikidata.org/entity/Q7078431,Odyssey Re,Q7078431,New York Stock Exchange,,insurance,,,,
http://www.wikidata.org/entity/Q1337797,Office Depot,Q1337797,Nasdaq,ODP,retail,,,,
http://www.wikidata.org/entity/Q1538731,Oi,Q1538731,New York Stock Exchange,,telecommunications; mobile phone industry,,,,
http://www.wikidata.org/entity/Q17182243,Oil States International,Q17182243,New York Stock Exchange,OIS,petroleum industry,,,,
http://www.wikidata.org/entity/Q2007484,Oklahoma Gas & Electric,Q2007484,New York Stock Exchange,OGE,,,,,
http://www.wikidata.org/entity/Q110706493,Oklo,Q110706493,New York Stock Exchange,OKLO,nuclear industry,,,,
http://www.wikidata.org/entity/Q55627388,Okta,Q55627388,Nasdaq,OKTA,software industry,,,,
http://www.wikidata.org/entity/Q7083862,Old Dominion Freight Line,Q7083862,Nasdaq,ODFL,freight transport industry,,,4015000000,2020-12-31T00:00:00Z
http://www.wikidata.org/entity/Q7084595,Old National Bank,Q7084595,Nasdaq,ONB,finance,,,,
http://www.wikidata.org/entity/Q7084833,Old Republic International,Q7084833,New York Stock Exchange,ORI,insurance,,,,
http://www.wikidata.org/entity/Q7086908,Olin Corporation,Q7086908,New York Stock Exchange,OLN,chemical industry,,,,
http://www.wikidata.org/entity/Q7088304,Ollie's Bargain Outlet,Q7088304,Nasdaq,OLLI,overstock,,,,
http://www.wikidata.org/entity/Q5574638,Olo,Q5574638,New York Stock Exchange,OLO,Internet,,,,
http://www.wikidata.org/entity/Q7089136,Olympic Steel,Q7089136,Nasdaq,ZEUS,iron and steel industry,,,,
http://www.wikidata.org/entity/Q7090016,Omega Protein,Q7090016,New York Stock Exchange,OME,,,,,
http://www.wikidata.org/entity/Q124130142,Omega Therapeutics,Q124130142,Nasdaq,OMGA,pharmaceutical industry,,,,
http://www.wikidata.org/entity/Q17084327,OmniVision Technologies,Q17084327,Nasdaq,OVTI,,,,,
http://www.wikidata.org/entity/Q7090375,Omnicare,Q7090375,New York Stock Exchange,,pharmacy,,,,
http://www.wikidata.org/entity/Q1519267,Omnicom Group,Q1519267,New York Stock Exchange,OMC,mass media; public relations; advertising agency,,,14289100000,2022-01-01T00:00:00Z
http://www.wikidata.org/entity/Q114422270,On Holding AG,Q114422270,New York Stock Exchange,ONON,retail,,,,
http://www.wikidata.org/entity/Q24204582,OnDeck Capital,Q24204582,New York Stock Exchange,ONDK,fintech,,,,
http://www.wikidata.org/entity/Q18635282,OncoMed,Q18635282,Nasdaq,OMED,,,,,
http://www.wikidata.org/entity/Q13529450,Oncolytics Biotech,Q13529450,Nasdaq,ONCY,pharmaceutical industry,,,,
http://www.wikidata.org/entity/Q138816278,Ondas,Q138816278,Nasdaq,ONDS,,,,,
http://www.wikidata.org/entity/Q7092720,One Horizon Group,Q7092720,Nasdaq,OHGI,,,,,
http://www.wikidata.org/entity/Q85727717,One Medical,Q85727717,Nasdaq,ONEM,health care industry,,,,
http://www.wikidata.org/entity/Q115978123,"One Stop Systems, Inc.",Q115978123,Nasdaq,OSS,high-performance computing,,,,
http://www.wikidata.org/entity/Q6858766,One by AOL,Q6858766,New York Stock Exchange,MM,,,,,
http://www.wikidata.org/entity/Q7092365,OneBeacon,Q7092365,New York Stock Exchange,,insurance,,,,
http://www.wikidata.org/entity/Q85884912,OneConnect,Q85884912,New York Stock Exchange,OCFT,financial services,,,,
http://www.wikidata.org/entity/Q28444592,OneMain Financial,Q28444592,New York Stock Exchange,OMF,financial services,,,,
http://www.wikidata.org/entity/Q3552887,OneSpan,Q3552887,Nasdaq,OSPN,software industry,,,,
http://www.wikidata.org/entity/Q7377461,Onto Innovation,Q7377461,New York Stock Exchange,ONTO,,,,,
http://www.wikidata.org/entity/Q7095113,Onvia,Q7095113,Nasdaq,,business intelligence,,,,
http://www.wikidata.org/entity/Q7095196,Onyx Pharmaceuticals,Q7095196,Nasdaq,ONXX,biotechnology,,,,
http://www.wikidata.org/entity/Q7095328,Ooma,Q7095328,New York Stock Exchange,OOMA,telecommunications,,,,
http://www.wikidata.org/entity/Q7096123,Open Market,Q7096123,Nasdaq,OMKT,e-commerce,,,,
http://www.wikidata.org/entity/Q2025791,Open Text Corporation,Q2025791,Nasdaq,OTEX,software industry,,,,
http://www.wikidata.org/entity/Q96397546,Opendoor,Q96397546,Nasdaq,OPEN,real estate development,,,,
http://www.wikidata.org/entity/Q215639,Opera,Q215639,Nasdaq,OPRA,marketing; software development; software industry; Internet industry,,,99200000,2017-01-01T00:00:00Z
http://www.wikidata.org/entity/Q7097878,Opexa Therapeutics,Q7097878,Nasdaq,,,,,,
http://www.wikidata.org/entity/Q109565934,Opiant Pharmaceuticals,Q109565934,Nasdaq,OPNT,,,,,
http://www.wikidata.org/entity/Q17138182,Opko Health Inc.,Q17138182,Nasdaq,OPK,,4002148000,2022-11-15T00:00:00Z,,
http://www.wikidata.org/entity/Q7098529,Opower,Q7098529,New York Stock Exchange,OPWR,software industry,,,,
http://www.wikidata.org/entity/Q130281150,OppFi Inc.,Q130281150,New York Stock Exchange,OPFI,fintech,,,,
http://www.wikidata.org/entity/Q7098552,Oppenheimer Holdings,Q7098552,New York Stock Exchange,OPY,financial services,,,,
http://www.wikidata.org/entity/Q7098806,Optical Cable Corporation,Q7098806,Nasdaq,OCC,,,,,
http://www.wikidata.org/entity/Q19900,Oracle Corporation,Q19900,New York Stock Exchange,ORCL,software development; information technology consulting,216730000000,2022-02-01T00:00:00Z,57399000000,2024-01-01T00:00:00Z
http://www.wikidata.org/entity/Q19900,Oracle Corporation,Q19900,Nasdaq,ORCL,software development; information technology consulting,216730000000,2022-02-01T00:00:00Z,57399000000,2024-01-01T00:00:00Z
http://www.wikidata.org/entity/Q28760388,Oramed Pharmaceuticals,Q28760388,Nasdaq,,pharmaceutical industry,,,,
http://www.wikidata.org/entity/Q65089744,Oramed Pharmaceuticals Inc.,Q65089744,Nasdaq,ORMP,pharmaceutical industry,1053955000,2022-11-15T00:00:00Z,,
http://www.wikidata.org/entity/Q402788,Orbcomm,Q402788,Nasdaq,ORBC,telecommunications,,,,
http://www.wikidata.org/entity/Q1030096,Orbital Sciences Corporation,Q1030096,New York Stock Exchange,ORB,aerospace industry,,,1370000000,2013-01-01T00:00:00Z
http://www.wikidata.org/entity/Q846743,Orbotech,Q846743,Nasdaq,ORBK,electronics,,,,
http://www.wikidata.org/entity/Q7100213,Orchard Supply Hardware,Q7100213,Nasdaq,OSH,retail; hardware store,,,,
http://www.wikidata.org/entity/Q107364296,Orchard Therapeutics,Q107364296,Nasdaq,ORTX,pharmaceutical industry,,,,
http://www.wikidata.org/entity/Q20857833,"Oregon Tool, Inc.",Q20857833,New York Stock Exchange,BLT,manufacture of machinery and equipment,,,,
http://www.wikidata.org/entity/Q903372,Organon & Co.,Q903372,New York Stock Exchange,OGN,pharmaceutical industry,,,6174000000,2022-01-01T00:00:00Z
http://www.wikidata.org/entity/Q17073430,Organovo,Q17073430,Nasdaq,ONVO,biotechnology,,,,
http://www.wikidata.org/entity/Q109619213,Orion Office REIT,Q109619213,New York Stock Exchange,ONL,real property; real estate investment trust,,,,
http://www.wikidata.org/entity/Q906055,Orix,Q906055,New York Stock Exchange,IX,financial services,,,,
http://www.wikidata.org/entity/Q1549511,Ormat Technologies,Q1549511,Nasdaq,ORBK,,18943313000,2022-11-15T00:00:00Z,,
http://www.wikidata.org/entity/Q1549511,Ormat Technologies,Q1549511,New York Stock Exchange,ORA,,18943313000,2022-11-15T00:00:00Z,,
http://www.wikidata.org/entity/Q24204297,Oscar Health,Q24204297,New York Stock Exchange,OSCR,insurance industry,,,,
http://www.wikidata.org/entity/Q1969091,Oshkosh Corporation,Q1969091,New York Stock Exchange,OSK,automotive industry,,,1850000000,2018-01-01T00:00:00Z
http://www.wikidata.org/entity/Q7106872,Osiris Therapeutics,Q7106872,Nasdaq,OSIR,,,,,
http://www.wikidata.org/entity/Q15109916,Otelco,Q15109916,Nasdaq,OTEL,telecommunications,,,,
http://www.wikidata.org/entity/Q1134069,Otis Worldwide Corporation,Q1134069,New York Stock Exchange,OTIS,,,,13685000000,2022-01-01T00:00:00Z
http://www.wikidata.org/entity/Q7109415,Otter Tail Corporation,Q7109415,Nasdaq,OTTR,,,,,
http://www.wikidata.org/entity/Q97574745,Ouster,Q97574745,New York Stock Exchange,OUST,,,,,
http://www.wikidata.org/entity/Q4046083,Outdoor Channel,Q4046083,Nasdaq,,,,,,
http://www.wikidata.org/entity/Q23090931,Outfront Media,Q23090931,New York Stock Exchange,OUT,out-of-home advertising,,,,
http://www.wikidata.org/entity/Q7113744,Overland Storage,Q7113744,Nasdaq,OVRL,recording medium,,,,
http://www.wikidata.org/entity/Q3301958,Overstock.com,Q3301958,Nasdaq,OSTK,retail,31000000,2012-01-01T00:00:00Z,1100000000,2012-01-01T00:00:00Z
http://www.wikidata.org/entity/Q7114733,Owens & Minor,Q7114733,New York Stock Exchange,OMI,health care,,,,
http://www.wikidata.org/entity/Q7114736,Owens Corning,Q7114736,New York Stock Exchange,OC,,,,,
http://www.wikidata.org/entity/Q180106,Owens-Illinois,Q180106,New York Stock Exchange,OI,product packaging industry,,,,
http://www.wikidata.org/entity/Q7115371,Oxford Industries,Q7115371,New York Stock Exchange,OXM,textile industry,,,,
http://www.wikidata.org/entity/Q2365235,Ozon,Q2365235,Nasdaq,OZON,retail; e-commerce,,,424291000000,2023-01-01T00:00:00Z
http://www.wikidata.org/entity/Q1477661,PACCAR,Q1477661,Nasdaq,PCAR,automotive industry,,,28819700000,2022-01-01T00:00:00Z
http://www.wikidata.org/entity/Q7118075,PAETEC Holding Corp.,Q7118075,Nasdaq,,,,,,
http://www.wikidata.org/entity/Q7118151,PAM Transport,Q7118151,Nasdaq,PTSI,transport,,,,
http://www.wikidata.org/entity/Q824467,PAREXEL,Q824467,Nasdaq,PRXL,pharmaceutical industry,,,,
http://www.wikidata.org/entity/Q16979157,PBF Energy,Q16979157,New York Stock Exchange,PBF,petroleum industry,,,46830300000,2022-01-01T00:00:00Z
http://www.wikidata.org/entity/Q7118693,PC Connection,Q7118693,Nasdaq,CNXN,,,,,
http://www.wikidata.org/entity/Q7118707,"PC Mall, Inc.",Q7118707,Nasdaq,PCMI,direct marketing,,,,
http://www.wikidata.org/entity/Q124461238,PDD Holdings,Q124461238,New York Stock Exchange,PDD,e-commerce,,,53955324000,2024-01-01T00:00:00Z
http://www.wikidata.org/entity/Q7118809,PDF Solutions,Q7118809,Nasdaq,PDFS,,,,,
http://www.wikidata.org/entity/Q7119110,PFSweb,Q7119110,Nasdaq,PFSW,,,,,
http://www.wikidata.org/entity/Q1576191,PGi,Q1576191,New York Stock Exchange,,,,,,
http://www.wikidata.org/entity/Q7119231,PHH Corporation,Q7119231,New York Stock Exchange,PHH,financial services,,,,
http://www.wikidata.org/entity/Q2443320,PHLX Semiconductor Sector,Q2443320,Nasdaq,SOXX,,,,,
http://www.wikidata.org/entity/Q23680081,PJT Partners,Q23680081,New York Stock Exchange,PJT,investment bank,,,,
http://www.wikidata.org/entity/Q644167,PLDT,Q644167,New York Stock Exchange,PHI,telecommunications,,,,
http://www.wikidata.org/entity/Q7119723,PMC-Sierra,Q7119723,Nasdaq,PMCS,Semiconductor industry in the US; electronics industry,,,,
http://www.wikidata.org/entity/Q38928,PNC Financial Services,Q38928,New York Stock Exchange,PNC,economics of banking; financial services; financial sector,,,,
http://www.wikidata.org/entity/Q30298339,POET Technologies,Q30298339,Nasdaq,POET,,,,,
http://www.wikidata.org/entity/Q483946,POSCO,Q483946,New York Stock Exchange,PKX,iron and steel industry,,,,
http://www.wikidata.org/entity/Q48754,PPG Industries,Q48754,New York Stock Exchange,PPG,glass; paint; chemical product,,,17652000000,2022-01-01T00:00:00Z
http://www.wikidata.org/entity/Q2044512,PPL,Q2044512,New York Stock Exchange,PPL,electricity supply company,,,7902000000,2022-01-01T00:00:00Z
http://www.wikidata.org/entity/Q19868026,PRA Group,Q19868026,Nasdaq,PRAA,,,,,
http://www.wikidata.org/entity/Q17092519,PRA Health Sciences,Q17092519,Nasdaq,PRAH,pharmaceutical industry,,,,
http://www.wikidata.org/entity/Q20858221,PROS,Q20858221,New York Stock Exchange,PRO,,,,,
http://www.wikidata.org/entity/Q7120810,PS Business Parks,Q7120810,New York Stock Exchange,PSB,real estate investment trust,,,,
http://www.wikidata.org/entity/Q7120762,PSS World Medical,Q7120762,Nasdaq,PSSI,health care,,,,
http://www.wikidata.org/entity/Q7120959,PTC Therapeutics,Q7120959,Nasdaq,PTCT,pharmaceutical industry,,,,
http://www.wikidata.org/entity/Q1132272,PVH Corp.,Q1132272,New York Stock Exchange,PVH,fashion; textile industry; clothing industry,,,,
http://www.wikidata.org/entity/Q7121857,PacSun,Q7121857,Nasdaq,PSUN,retail,,,,
http://www.wikidata.org/entity/Q17143144,PacWest Bancorp,Q17143144,Nasdaq,PACW,bank,,,,
http://www.wikidata.org/entity/Q7121936,Pacer International,Q7121936,Nasdaq,,Intermodal transport,,,,
http://www.wikidata.org/entity/Q2069106,Pacific Biosciences,Q2069106,Nasdaq,PACB,biotechnology industry,,,,
http://www.wikidata.org/entity/Q1815011,Pacific Gas and Electric Company,Q1815011,New York Stock Exchange,PCG,,,,,
http://www.wikidata.org/entity/Q30588251,Pacific Premier Bancorp,Q30588251,Nasdaq,PPBI,financial services,,,,
http://www.wikidata.org/entity/Q16983334,Packaging Corporation of America,Q16983334,New York Stock Exchange,PKG,paper mill,,,,
http://www.wikidata.org/entity/Q7123127,Pactera,Q7123127,Nasdaq,PACT,information technology,,,,
http://www.wikidata.org/entity/Q7124128,PagSeguro,Q7124128,New York Stock Exchange,PAGS,,,,,
http://www.wikidata.org/entity/Q108837504,Pagaya technologies,Q108837504,Nasdaq,PGY,,,,,
http://www.wikidata.org/entity/Q48989804,PagerDuty,Q48989804,New York Stock Exchange,PD,information technology industry,,,,
http://www.wikidata.org/entity/Q2047336,Palantir Technologies,Q2047336,New York Stock Exchange,PLTR,computer and network surveillance; open-source intelligence; mass surveillance; data analytics software industry,,,2865507000,2024-01-01T00:00:00Z
http://www.wikidata.org/entity/Q1532489,Pall Corporation,Q1532489,New York Stock Exchange,,biotechnology,,,,
http://www.wikidata.org/entity/Q7128508,Palo Alto Networks,Q7128508,Nasdaq,PANW,computer security,107000000000,2024-01-01T00:00:00Z,8000000000,2024-01-01T00:00:00Z
http://www.wikidata.org/entity/Q2838738,Pampa Energía,Q2838738,New York Stock Exchange,pam,energy supply,,,,
http://www.wikidata.org/entity/Q7129613,Pan American Silver,Q7129613,Nasdaq,PAAS,,,,,
http://www.wikidata.org/entity/Q2241604,Pandora,Q2241604,Nasdaq,PANDORA,retail; jewelry,,,26463000000,2022-01-01T00:00:00Z
http://www.wikidata.org/entity/Q1196431,Pandora,Q1196431,New York Stock Exchange,P,software industry,,,,
http://www.wikidata.org/entity/Q7130852,Panera Bread,Q7130852,Nasdaq,PNRA,fast food,,,,
http://www.wikidata.org/entity/Q7131487,Panorama9,Q7131487,Nasdaq,SYMC,information technology management,,,,
http://www.wikidata.org/entity/Q2759586,Papa John's,Q2759586,Nasdaq,PZZA,,,,,
http://www.wikidata.org/entity/Q7132349,Papa Murphy's,Q7132349,Nasdaq,FRSH,fast food restaurant,,,,
http://www.wikidata.org/entity/Q1760641,Parametric Technology Corporation,Q1760641,Nasdaq,PTC,software industry,,,,
http://www.wikidata.org/entity/Q76846862,Paramount Global,Q76846862,Nasdaq,PARA,mass media; media conglomerate,,,30154000000,2022-01-01T00:00:00Z
http://www.wikidata.org/entity/Q16983368,Park Electrochemical Corp,Q16983368,New York Stock Exchange,PKE,,,,,
http://www.wikidata.org/entity/Q55075186,Park Hotels & Resorts,Q55075186,New York Stock Exchange,PK,hospitality industry,,,,
http://www.wikidata.org/entity/Q7138046,Park Sterling Bank,Q7138046,Nasdaq,PSTB,,,,,
http://www.wikidata.org/entity/Q1470619,Parker Hannifin,Q1470619,New York Stock Exchange,PH,industrial manufacturing,,,15861608000,2022-01-01T00:00:00Z
http://www.wikidata.org/entity/Q16983374,Parkway Properties,Q16983374,New York Stock Exchange,,real estate investment trust,,,,
http://www.wikidata.org/entity/Q3896512,Parsons Corporation,Q3896512,New York Stock Exchange,PSN,information technology; architecture; civil engineering; electrical engineering; construction; structural engineering; transportation engineering; software industry; computer security,,,,
http://www.wikidata.org/entity/Q2000500,Partner Communications Company Ltd.,Q2000500,Nasdaq,PTNR,telecommunications,4747692000,2022-11-15T00:00:00Z,,
http://www.wikidata.org/entity/Q7140896,Party City,Q7140896,New York Stock Exchange,PRTY,retail,,,,
http://www.wikidata.org/entity/Q6822267,Pathward,Q6822267,Nasdaq,CASH,,,,,
http://www.wikidata.org/entity/Q17074260,Patriot National Bancorp,Q17074260,Nasdaq,PNBK,financial services,,,,
http://www.wikidata.org/entity/Q18636301,Patriot Transportation,Q18636301,Nasdaq,FRPH,transport,,,,
http://www.wikidata.org/entity/Q60764012,Pattern Energy,Q60764012,Nasdaq,PEGI,electricity generation; renewable energy industry,,,,
http://www.wikidata.org/entity/Q538203,Patterson Companies,Q538203,Nasdaq,PDCO,,,,,
http://www.wikidata.org/entity/Q3370152,"Patterson-UTI Energy, Inc",Q3370152,Nasdaq,PTEN,petroleum industry,,,,
http://www.wikidata.org/entity/Q135683211,PayPal Holdings,Q135683211,Nasdaq,PYPL,financial services,295490000000,2021-05-21T00:00:00Z,27518000000,2022-01-01T00:00:00Z
http://www.wikidata.org/entity/Q56348149,PayPay,Q56348149,Nasdaq,PAYP,,,,,
http://www.wikidata.org/entity/Q946080,Paychex,Q946080,Nasdaq,PAYX,,,,,
http://www.wikidata.org/entity/Q17084959,Paycom,Q17084959,New York Stock Exchange,PAYC,human resource management,,,,
http://www.wikidata.org/entity/Q7156755,Payless ShoeSource,Q7156755,New York Stock Exchange,PSS,,,,,
http://www.wikidata.org/entity/Q7156760,Paylocity Corporation,Q7156760,Nasdaq,PCTY,software as a service; payroll service bureau,,,,
http://www.wikidata.org/entity/Q1977666,Paysafe Group,Q1977666,New York Stock Exchange,PSFE,,,,,
http://www.wikidata.org/entity/Q1785549,Peabody Energy,Q1785549,New York Stock Exchange,BTU,mining of coal,,,,
http://www.wikidata.org/entity/Q1916402,Pearson plc,Q1916402,New York Stock Exchange,PSO,construction; publishing,,,,
http://www.wikidata.org/entity/Q16981865,Pediatrix Medical Group,Q16981865,New York Stock Exchange,MD,,,,,
http://www.wikidata.org/entity/Q7160449,Peerless Mfg. Co.,Q7160449,Nasdaq,PMFG,,,,,
http://www.wikidata.org/entity/Q7160600,Pegasystems,Q7160600,Nasdaq,PEGA,software industry,,,,
http://www.wikidata.org/entity/Q56276186,Peloton,Q56276186,Nasdaq,PTON,,,,,
http://www.wikidata.org/entity/Q7161915,Pembina Pipeline,Q7161915,New York Stock Exchange,PBA,petroleum industry,,,,
http://www.wikidata.org/entity/Q3792482,Pendrell Corporation,Q3792482,Nasdaq,PCO,,,,,
http://www.wikidata.org/entity/Q7162745,Pengrowth Energy,Q7162745,New York Stock Exchange,PGH,petroleum industry,,,,
http://www.wikidata.org/entity/Q7163201,Penn Entertainment,Q7163201,Nasdaq,PENN,,,,,
http://www.wikidata.org/entity/Q96575127,PennantPark Investment Corporation,Q96575127,Nasdaq,PFLT,financial services,1853730000,2022-11-15T00:00:00Z,,
http://www.wikidata.org/entity/Q7164054,Pennsylvania Real Estate Investment Trust,Q7164054,New York Stock Exchange,PEI,real estate investment trust,,,,
http://www.wikidata.org/entity/Q1975799,Penske Automotive Group,Q1975799,New York Stock Exchange,PAG,automotive industry,,,11100000000,2006-01-01T00:00:00Z
http://www.wikidata.org/entity/Q7165001,Pentair,Q7165001,New York Stock Exchange,PNR,,,,,
http://www.wikidata.org/entity/Q104822216,Penumbra,Q104822216,New York Stock Exchange,,,,,,
http://www.wikidata.org/entity/Q7165802,People's United Financial,Q7165802,Nasdaq,PBCT,economics of banking; financial services; financial sector,,,,
http://www.wikidata.org/entity/Q3375007,Pep Boys,Q3375007,New York Stock Exchange,PBY,,,,,
http://www.wikidata.org/entity/Q577911,"Pepco Holdings, Inc.",Q577911,New York Stock Exchange,POM,energy supply,,,,
http://www.wikidata.org/entity/Q11337413,Pepper Food Service,Q11337413,Nasdaq,KPFS,food service,,,,
http://www.wikidata.org/entity/Q334800,PepsiCo,Q334800,New York Stock Exchange,PEP,food industry; fast-moving consumer goods; beverage industry,183670000000,2025-05-01T00:00:00Z,91854000000,2024-01-01T00:00:00Z
http://www.wikidata.org/entity/Q124528304,Perfect Corp,Q124528304,New York Stock Exchange,PERF,,,,,
http://www.wikidata.org/entity/Q7168146,Perficient,Q7168146,Nasdaq,PRFT,business and other management consultancy activities,,,,
http://www.wikidata.org/entity/Q2070689,Performance Food Group,Q2070689,New York Stock Exchange,PFGC,,,,,
http://www.wikidata.org/entity/Q121002697,Perion Network Ltd.,Q121002697,Nasdaq,PERI,advertising,3945080000,2022-11-15T00:00:00Z,,
http://www.wikidata.org/entity/Q2066858,PerkinElmer,Q2066858,New York Stock Exchange,PKI,health technology,,,,
http://www.wikidata.org/entity/Q30256497,Perma-Fix Environmental Services,Q30256497,Nasdaq,PESI,,,,73459000,2019-01-01T00:00:00Z
http://www.wikidata.org/entity/Q7169321,Permian Basin Royalty Trust,Q7169321,New York Stock Exchange,PBT,petroleum industry,,,,
http://www.wikidata.org/entity/Q17142127,Pernix Therapeutics Holdings,Q17142127,Nasdaq,PTX,pharmaceutical industry,,,,
http://www.wikidata.org/entity/Q2916497,Perrigo Company Plc,Q2916497,New York Stock Exchange,PRGO,pharmaceutical industry,,,,
http://www.wikidata.org/entity/Q7169774,Perry Ellis International,Q7169774,Nasdaq,PERY,,,,,
http://www.wikidata.org/entity/Q105853613,Pershing Square Tontine Holdings,Q105853613,New York Stock Exchange,PSTH,,,,,
http://www.wikidata.org/entity/Q97359908,Perspecta Inc.,Q97359908,New York Stock Exchange,PRSP,computer security,,,2590000000,2018-01-01T00:00:00Z
http://www.wikidata.org/entity/Q7171522,"Pet, Inc.",Q7171522,New York Stock Exchange,,dairy,,,,
http://www.wikidata.org/entity/Q7171526,PetMed Express,Q7171526,Nasdaq,PETS,veterinary medicine,,,,
http://www.wikidata.org/entity/Q503182,PetroChina Company Limited,Q503182,New York Stock Exchange,PTR,petroleum industry,,,1725428000000,2015-01-01T00:00:00Z
http://www.wikidata.org/entity/Q210047,Petrobras,Q210047,New York Stock Exchange,PBR,petroleum industry; gas industry,,,88827000000,2018-04-15T00:00:00Z
http://www.wikidata.org/entity/Q3377614,Petrobras Argentina,Q3377614,New York Stock Exchange,PZE,petroleum industry,,,,
http://www.wikidata.org/entity/Q7178935,Petroleum & Resources Corporation,Q7178935,New York Stock Exchange,PEO,investment,,,,
http://www.wikidata.org/entity/Q206921,Pfizer,Q206921,New York Stock Exchange,PFE,pharmaceutical industry,128489000000,2025-05-15T00:00:00Z,63627000000,2024-01-01T00:00:00Z
http://www.wikidata.org/entity/Q3378100,PharMerica,Q3378100,New York Stock Exchange,,,,,,
http://www.wikidata.org/entity/Q7180736,Pharmaceutical Product Development,Q7180736,Nasdaq,PPD,pharmaceutical industry,,,,
http://www.wikidata.org/entity/Q20065324,Pharmacyclics,Q20065324,Nasdaq,PCYC,,,,,
http://www.wikidata.org/entity/Q17125822,Phazar Corp.,Q17125822,Nasdaq,ANTP,,,,,
http://www.wikidata.org/entity/Q1852556,Philip Morris International,Q1852556,New York Stock Exchange,PM,tobacco industry; fast-moving consumer goods,,,31762000000,2022-01-01T00:00:00Z
http://www.wikidata.org/entity/Q1656230,Phillips 66,Q1656230,New York Stock Exchange,PSX,petroleum industry; downstream,,,175702000000,2022-01-01T00:00:00Z
http://www.wikidata.org/entity/Q85884125,Phoenix Tree Holdings Limited,Q85884125,New York Stock Exchange,DNK,,,,,
http://www.wikidata.org/entity/Q7187948,Photronics Inc,Q7187948,Nasdaq,PLAB,,,,,
http://www.wikidata.org/entity/Q7188106,Phreesia Inc.,Q7188106,New York Stock Exchange,PHR,,,,,
http://www.wikidata.org/entity/Q78203110,Phunware,Q78203110,Nasdaq,PHUN,,,,19150000,2019-01-01T00:00:00Z
http://www.wikidata.org/entity/Q7191691,Pier 1 Imports,Q7191691,Nasdaq,PIR,e-commerce,,,,
http://www.wikidata.org/entity/Q7191691,Pier 1 Imports,Q7191691,New York Stock Exchange,PIR,e-commerce,,,,
http://www.wikidata.org/entity/Q3191419,Piksel,Q3191419,Nasdaq,KITD,IPTV,,,,
http://www.wikidata.org/entity/Q3388421,Pilgrim's Corp,Q3388421,Nasdaq,PPC,meatpacking industry,,,,
http://www.wikidata.org/entity/Q85793376,Ping Identity,Q85793376,New York Stock Exchange,PING,,,,,
http://www.wikidata.org/entity/Q7196290,Pinnacle Entertainment,Q7196290,New York Stock Exchange,,,,,,
http://www.wikidata.org/entity/Q7196294,Pinnacle Financial Partners,Q7196294,Nasdaq,PNFP,finance,,,,
http://www.wikidata.org/entity/Q26110522,Pinnacle West Capital Corporation,Q26110522,New York Stock Exchange,PNW,electricity supply company,,,,
http://www.wikidata.org/entity/Q96095585,Pinterest Inc.,Q96095585,New York Stock Exchange,PINS,social media,,,,
http://www.wikidata.org/entity/Q4046987,Pioneer Natural Resources,Q4046987,New York Stock Exchange,PXD,petroleum industry,,,24294000000,2022-01-01T00:00:00Z
http://www.wikidata.org/entity/Q3389022,Piper Sandler Companies,Q3389022,New York Stock Exchange,PIPR,financial services,,,,
http://www.wikidata.org/entity/Q428977,Pitney Bowes,Q428977,New York Stock Exchange,PBI,service,,,,
http://www.wikidata.org/entity/Q16335785,Pivotal Software,Q16335785,New York Stock Exchange,,software industry,,,,
http://www.wikidata.org/entity/Q17141691,Pixelworks,Q17141691,Nasdaq,PXLW,semiconductor,,,,
http://www.wikidata.org/entity/Q4118850,Pizza Inn,Q4118850,Nasdaq,RAVE,restaurant,,,,
http://www.wikidata.org/entity/Q7200719,Plains All American Pipeline,Q7200719,New York Stock Exchange,,petroleum industry,,,42078000000,2021-01-01T00:00:00Z
http://www.wikidata.org/entity/Q7200726,Plains Exploration & Production,Q7200726,New York Stock Exchange,PXP,petroleum industry,,,,
http://www.wikidata.org/entity/Q19730939,Plains GP Holdings,Q19730939,New York Stock Exchange,PAGP,,,,,
http://www.wikidata.org/entity/Q5479014,Planar Systems,Q5479014,Nasdaq,PLNR,technology,,,,
http://www.wikidata.org/entity/Q7201095,Planet Fitness,Q7201095,New York Stock Exchange,PLNT,,,,,
http://www.wikidata.org/entity/Q17085620,Planet Labs,Q17085620,New York Stock Exchange,PL,space industry,,,,
http://www.wikidata.org/entity/Q1531473,Plantronics,Q1531473,New York Stock Exchange,,electronics,,,,
http://www.wikidata.org/entity/Q96145483,Playtika,Q96145483,Nasdaq,PLTK,video game industry,,,,
http://www.wikidata.org/entity/Q2099437,Plexus Corporation,Q2099437,Nasdaq,PLXS,,,,,
http://www.wikidata.org/entity/Q7205253,Plug Power,Q7205253,Nasdaq,PLUG,,,,,
http://www.wikidata.org/entity/Q1751032,Plum Creek Timber,Q1751032,New York Stock Exchange,PCL,real estate investment trust,,,,
http://www.wikidata.org/entity/Q19757566,Pluralsight,Q19757566,Nasdaq,PS,software as a service,,,,
http://www.wikidata.org/entity/Q7205567,Pluri Inc.,Q7205567,Nasdaq,PLUR,biotechnology,86730000,2022-11-15T00:00:00Z,,
http://www.wikidata.org/entity/Q113510380,Plus Therapeutics,Q113510380,Nasdaq,PSTV,,,,,
http://www.wikidata.org/entity/Q7208364,Pointer Telocation,Q7208364,Nasdaq,PNTR,transport,,,,
http://www.wikidata.org/entity/Q7208625,Pokertek,Q7208625,Nasdaq,PTEK,video game industry,,,,
http://www.wikidata.org/entity/Q1850587,Polaris,Q1850587,New York Stock Exchange,PII,automotive industry,,,,
http://www.wikidata.org/entity/Q4047174,Polestar,Q4047174,Nasdaq,PSNY,automotive industry,,,,
http://www.wikidata.org/entity/Q7226171,Polybona Films,Q7226171,Nasdaq,BONA,cinematography; film production,,,,
http://www.wikidata.org/entity/Q963809,Polycom,Q963809,Nasdaq,PLCM,telepresence; video conference; telecommunications,,,1500000000,2011-01-01T00:00:00Z
http://www.wikidata.org/entity/Q65056153,Pony.ai,Q65056153,Nasdaq,PONY,autonomous car,,,,
http://www.wikidata.org/entity/Q101209811,Pool Corporation,Q101209811,New York Stock Exchange,POOL,,,,,
http://www.wikidata.org/entity/Q7229656,"Popular, Inc.",Q7229656,Nasdaq,BPOP,financial services,,,,
http://www.wikidata.org/entity/Q134298823,Porch Group,Q134298823,Nasdaq,PRCH,,627858000,2025-05-01T00:00:00Z,,
http://www.wikidata.org/entity/Q3399307,Portillo's Restaurants,Q3399307,Nasdaq,PTLO,restaurant,,,,
http://www.wikidata.org/entity/Q7231939,Portland General Electric,Q7231939,New York Stock Exchange,POR,public utility,,,,
http://www.wikidata.org/entity/Q17051868,Poshmark,Q17051868,Nasdaq,POSH,e-commerce,,,,
http://www.wikidata.org/entity/Q7233641,Post Consumer Brands,Q7233641,New York Stock Exchange,,food processing,,,,
http://www.wikidata.org/entity/Q27988145,Post Holdings,Q27988145,New York Stock Exchange,POST,food processing,,,,
http://www.wikidata.org/entity/Q7233708,Post Properties,Q7233708,New York Stock Exchange,PPS,apartment,,,,
http://www.wikidata.org/entity/Q902908,Potash Corporation of Saskatchewan,Q902908,New York Stock Exchange,POT,,,,,
http://www.wikidata.org/entity/Q7234777,Potbelly Sandwich Shop,Q7234777,Nasdaq,PBPB,fast casual restaurant,,,409707000,2019-01-01T00:00:00Z
http://www.wikidata.org/entity/Q7234972,Potlatch Corp.,Q7234972,Nasdaq,PCH,,,,,
http://www.wikidata.org/entity/Q7236078,Powell Industries,Q7236078,Nasdaq,POWL,,,,,
http://www.wikidata.org/entity/Q96574719,PowerFleet,Q96574719,Nasdaq,PWFL,technology,337159000,2022-11-15T00:00:00Z,,
http://www.wikidata.org/entity/Q17075854,Powerwave Technologies,Q17075854,Nasdaq,PWAV,telecommunications,,,,
http://www.wikidata.org/entity/Q30282590,"Precigen, Inc",Q30282590,Nasdaq,PGEN,biotechnology,,,,
http://www.wikidata.org/entity/Q116056726,Precision BioSciences,Q116056726,Nasdaq,DTIL,biotechnology industry,,,,
http://www.wikidata.org/entity/Q7239519,Precision Castparts Corp.,Q7239519,New York Stock Exchange,PCP,aerospace engineering,,,900000000,2017-01-01T00:00:00Z
http://www.wikidata.org/entity/Q2108251,Precision Drilling,Q2108251,New York Stock Exchange,PDS,petroleum industry,,,,
http://www.wikidata.org/entity/Q7239836,Preferred Bank,Q7239836,Nasdaq,PFBC,financial services,,,,
http://www.wikidata.org/entity/Q7240292,Premier Exhibitions,Q7240292,Nasdaq,PRXI,,,,,
http://www.wikidata.org/entity/Q7241774,Prestige Brands,Q7241774,New York Stock Exchange,PBH,,,,,
http://www.wikidata.org/entity/Q7242563,PriceSmart,Q7242563,Nasdaq,PSMT,,,,,
http://www.wikidata.org/entity/Q7243481,Primerica,Q7243481,New York Stock Exchange,PRI,financial services,,,,
http://www.wikidata.org/entity/Q2071102,Primo Water,Q2071102,New York Stock Exchange,PRMW,business service,,,,
http://www.wikidata.org/entity/Q20714950,Primoris Services Corporation,Q20714950,Nasdaq,PRIM,,,,,
http://www.wikidata.org/entity/Q3403513,Principal Financial Group,Q3403513,Nasdaq,PFG,,,,17491600000,2022-01-01T00:00:00Z
http://www.wikidata.org/entity/Q1476080,Private Media Group,Q1476080,Nasdaq,PRVT,pornography industry,,,,
http://www.wikidata.org/entity/Q7246635,ProAssurance,Q7246635,New York Stock Exchange,PRA,insurance,,,,
http://www.wikidata.org/entity/Q136654090,ProPhase Labs,Q136654090,Nasdaq,PRPH,pharmaceutical industry; biotechnology industry,,,,
http://www.wikidata.org/entity/Q7247211,Procera Networks,Q7247211,Nasdaq,PKT,,,,,
http://www.wikidata.org/entity/Q25831309,Procore,Q25831309,New York Stock Exchange,PCOR,construction,,,,
http://www.wikidata.org/entity/Q212405,Procter & Gamble,Q212405,New York Stock Exchange,PG,pharmaceutical industry; fast-moving consumer goods,,,84284000000,2025-01-01T00:00:00Z
http://www.wikidata.org/entity/Q7248285,Profire Energy,Q7248285,Nasdaq,PFIE,petroleum industry,,,,
http://www.wikidata.org/entity/Q741046,Progress Software,Q741046,Nasdaq,PRGS,software industry,,,,
http://www.wikidata.org/entity/Q7248721,Progressive Corporation,Q7248721,New York Stock Exchange,PGR,vehicle insurance,,,75372000000,2024-01-01T00:00:00Z
http://www.wikidata.org/entity/Q125862778,"Progyny, Inc.",Q125862778,Nasdaq,PGNY,,,,,
http://www.wikidata.org/entity/Q16983765,Prologis,Q16983765,New York Stock Exchange,PLD,real estate investment trust,,,5973692000,2022-01-01T00:00:00Z
http://www.wikidata.org/entity/Q4047452,"Proofpoint, Inc.",Q4047452,Nasdaq,PFPT,computer security,,,,
http://www.wikidata.org/entity/Q7250583,Prosensa,Q7250583,Nasdaq,RNA,biotechnology,,,,
http://www.wikidata.org/entity/Q7250893,Prosperity Bancshares,Q7250893,New York Stock Exchange,PB,economics of banking,,,,
http://www.wikidata.org/entity/Q7251369,Protective Life,Q7251369,New York Stock Exchange,,insurance,,,,
http://www.wikidata.org/entity/Q107657476,Proteon,Q107657476,Nasdaq,PTON,computer hardware industry,,,,
http://www.wikidata.org/entity/Q17152492,Proto Labs,Q17152492,New York Stock Exchange,PRLB,,,,,
http://www.wikidata.org/entity/Q7252351,Provida,Q7252351,New York Stock Exchange,pvd,pension,,,,
http://www.wikidata.org/entity/Q2113906,Providence and Worcester Railroad,Q2113906,Nasdaq,PWX,,,,,
http://www.wikidata.org/entity/Q7252517,Provident Bank of New Jersey,Q7252517,New York Stock Exchange,PFS,finance,,,,
http://www.wikidata.org/entity/Q2114414,Prudential Financial,Q2114414,New York Stock Exchange,PRU,life insurance; financial sector,,,60050000000,2022-01-01T00:00:00Z
http://www.wikidata.org/entity/Q1374135,Prudential plc,Q1374135,New York Stock Exchange,PUK,insurance; insurance industry,,,,
http://www.wikidata.org/entity/Q7256219,Psychemedics Corporation,Q7256219,Nasdaq,PMD,,,,,
http://www.wikidata.org/entity/Q930919,Public Service Enterprise Group,Q930919,New York Stock Exchange,PEG,public utility,,,9800000000,2022-01-01T00:00:00Z
http://www.wikidata.org/entity/Q1156045,Public Storage,Q1156045,New York Stock Exchange,PSA,self storage; real estate investment trust,,,4182163000,2022-01-01T00:00:00Z
http://www.wikidata.org/entity/Q1602881,Publicis Sapient,Q1602881,Nasdaq,SAPE,,,,,
http://www.wikidata.org/entity/Q7259716,PulteGroup,Q7259716,New York Stock Exchange,PHM,,,,16228995000,2022-01-01T00:00:00Z
http://www.wikidata.org/entity/Q28877490,Puma Biotechnology,Q28877490,Nasdaq,PBYI,pharmaceutical industry,,,,
http://www.wikidata.org/entity/Q7261135,Pure Storage,Q7261135,New York Stock Exchange,PSTG,recording medium,,,,
http://www.wikidata.org/entity/Q28228105,"Purple Innovation, Inc.",Q28228105,Nasdaq,PRPL,,,,,
http://www.wikidata.org/entity/Q86729081,Q&K International Group Limited,Q86729081,Nasdaq,QK,,,,,
http://www.wikidata.org/entity/Q2899735,QAD Inc,Q2899735,Nasdaq,QADA,software industry,,,,
http://www.wikidata.org/entity/Q7265394,QCR Holdings,Q7265394,Nasdaq,qcrh,finance,,,,
http://www.wikidata.org/entity/Q47080830,QEP Resources,Q47080830,New York Stock Exchange,QEP,petroleum industry,,,,
http://www.wikidata.org/entity/Q3412325,QLogic,Q3412325,Nasdaq,QLGC,computer network; computer hardware industry,,,,
http://www.wikidata.org/entity/Q6541837,QVC Group,Q6541837,Nasdaq,QVCA,broadcasting,,,,
http://www.wikidata.org/entity/Q265176,Qcells,Q265176,Nasdaq,HQCL,engineering,,,,
http://www.wikidata.org/entity/Q315287,Qiagen,Q315287,New York Stock Exchange,QGEN,biotechnology,,,,
http://www.wikidata.org/entity/Q7267707,Qihoo 360,Q7267707,New York Stock Exchange,QIHU,software industry,,,,
http://www.wikidata.org/entity/Q682533,Qimonda,Q682533,New York Stock Exchange,,,,,,
http://www.wikidata.org/entity/Q4047736,Qiwi,Q4047736,Nasdaq,QIWI,,,,40622000000,2020-01-01T00:00:00Z
http://www.wikidata.org/entity/Q923062,Qlik,Q923062,Nasdaq,QLIK,software industry,,,,
http://www.wikidata.org/entity/Q18169198,Qorvo,Q18169198,Nasdaq,QRVO,,,,,
http://www.wikidata.org/entity/Q7268255,Quad,Q7268255,New York Stock Exchange,QUAD,,,,,
http://www.wikidata.org/entity/Q16983837,Quaker Chemical Corporation,Q16983837,New York Stock Exchange,KWR,chemical industry,,,,
http://www.wikidata.org/entity/Q544847,Qualcomm,Q544847,Nasdaq,QCOM,telecommunications; radio; semiconductor industry,188930000000,2022-02-18T00:00:00Z,44284000000,2025-01-01T00:00:00Z
http://www.wikidata.org/entity/Q18392800,Quality Technology Services,Q18392800,New York Stock Exchange,,real estate investment trust,,,,
http://www.wikidata.org/entity/Q7268798,Qualstar,Q7268798,Nasdaq,QBAK,,,,,
http://www.wikidata.org/entity/Q7268803,Qualtrics,Q7268803,Nasdaq,XM,,,,1080000000,2021-01-01T00:00:00Z
http://www.wikidata.org/entity/Q7268802,Qualys,Q7268802,Nasdaq,QLYS,computer security,,,,
http://www.wikidata.org/entity/Q43401341,Quanergy,Q43401341,New York Stock Exchange,,,,,,
http://www.wikidata.org/entity/Q7268886,Quanta Services,Q7268886,New York Stock Exchange,PWR,,,,,
http://www.wikidata.org/entity/Q1413997,Quantum Corporation,Q1413997,Nasdaq,QMCO,computer storage media; data storage medium,,,402680000,2019-01-01T00:00:00Z
http://www.wikidata.org/entity/Q99036143,QuantumScape,Q99036143,New York Stock Exchange,QS,,,,,
http://www.wikidata.org/entity/Q59089890,Qudian,Q59089890,New York Stock Exchange,QD,financial services,,,,
http://www.wikidata.org/entity/Q7271456,Quest Diagnostics,Q7271456,New York Stock Exchange,DGX,health care,,,9883000000,2022-01-01T00:00:00Z
http://www.wikidata.org/entity/Q7271499,Questar Corporation,Q7271499,New York Stock Exchange,STR,petroleum industry,,,,
http://www.wikidata.org/entity/Q15917582,Quidel,Q15917582,Nasdaq,QDEL,health care industry,,,,
http://www.wikidata.org/entity/Q1329463,Quiksilver,Q1329463,New York Stock Exchange,ZQK,textile industry,,,1810000000,2013-01-01T00:00:00Z
http://www.wikidata.org/entity/Q7272057,QuinStreet,Q7272057,Nasdaq,QNST,,,,,
http://www.wikidata.org/entity/Q59318110,Qutoutiao,Q59318110,Nasdaq,QTT,,,,,
http://www.wikidata.org/entity/Q7273147,Qwest Corporation,Q7273147,New York Stock Exchange,,telecommunications,,,,
http://www.wikidata.org/entity/Q4672868,R1 RCM,Q4672868,New York Stock Exchange,RCM,,,,,
http://www.wikidata.org/entity/Q585861,RAD Group,Q585861,Nasdaq,,information system,,,,
http://www.wikidata.org/entity/Q7331170,RCI Hospitality Holdings,Q7331170,Nasdaq,RICK,strip club,,,,
http://www.wikidata.org/entity/Q109609566,REE Automotive,Q109609566,Nasdaq,,automotive industry,,,,
http://www.wikidata.org/entity/Q998470,RELX,Q998470,New York Stock Exchange,RELX,,,,,
http://www.wikidata.org/entity/Q17143142,REX American Resources,Q17143142,New York Stock Exchange,REX,,,,,
http://www.wikidata.org/entity/Q7276640,RGC Resources,Q7276640,Nasdaq,RGCO,,,,,
http://www.wikidata.org/entity/Q7276947,RLI Corp.,Q7276947,New York Stock Exchange,RLI,insurance industry,,,,
http://www.wikidata.org/entity/Q105965623,RLX Technology Inc.,Q105965623,New York Stock Exchange,RLX,,,,,
http://www.wikidata.org/entity/Q7276995,RMG Networks,Q7276995,Nasdaq,RMGN,,,,,
http://www.wikidata.org/entity/Q48755,RPM International,Q48755,New York Stock Exchange,RPM,paint,,,,
http://www.wikidata.org/entity/Q7289304,RPT Realty,Q7289304,New York Stock Exchange,RPT,real estate investment trust,,,,
http://www.wikidata.org/entity/Q7277601,RPX Corporation,Q7277601,Nasdaq,RPXC,,,,,
http://www.wikidata.org/entity/Q2124539,RR Donnelley,Q2124539,Nasdaq,RRD,,,,,
http://www.wikidata.org/entity/Q2124539,RR Donnelley,Q2124539,New York Stock Exchange,RRD,,,,,
http://www.wikidata.org/entity/Q7277843,RTI International Metals,Q7277843,New York Stock Exchange,,,,,,
http://www.wikidata.org/entity/Q89368734,RTX,Q89368734,New York Stock Exchange,RTX,weapons industry; aerospace industry,,,80738000000,2024-01-01T00:00:00Z
http://www.wikidata.org/entity/Q43452224,RYB Education,Q43452224,New York Stock Exchange,RYB,educational system,,,,
http://www.wikidata.org/entity/Q2990586,Rackspace Technology,Q2990586,New York Stock Exchange,RXT,cloud computing; web hosting service,,,,
http://www.wikidata.org/entity/Q7275093,Rada Electronic Industries Ltd,Q7275093,Nasdaq,RADA,information technology,1646164000,2022-11-15T00:00:00Z,,
http://www.wikidata.org/entity/Q7280047,Radcom Ltd,Q7280047,Nasdaq,RDCM,,,,,
http://www.wikidata.org/entity/Q7280252,RadiSys,Q7280252,Nasdaq,RSYS,,,,,
http://www.wikidata.org/entity/Q7280290,Radian Group,Q7280290,New York Stock Exchange,RDN,insurance,,,,
http://www.wikidata.org/entity/Q7280388,Radica Games,Q7280388,Nasdaq,RADA,game industry; electronics industry,,,,
http://www.wikidata.org/entity/Q1195490,RadioShack,Q1195490,New York Stock Exchange,,retail; trade,,,,
http://www.wikidata.org/entity/Q2907743,Radware,Q2907743,Nasdaq,RDWR,computer security,,,,
http://www.wikidata.org/entity/Q124343800,Rail Vision,Q124343800,Nasdaq,RVSN,transport industry,,,,
http://www.wikidata.org/entity/Q125427741,Rallybio,Q125427741,Nasdaq,RLYB,biotechnology industry,,,,
http://www.wikidata.org/entity/Q1641437,Ralph Lauren Corporation,Q1641437,New York Stock Exchange,RL,commerce,,,,
http://www.wikidata.org/entity/Q1196745,Rambus,Q1196745,Nasdaq,RMBS,,,,,
http://www.wikidata.org/entity/Q1145004,Randgold Resources,Q1145004,Nasdaq,GOLD,mining,,,,
http://www.wikidata.org/entity/Q4048013,Range Resources,Q4048013,New York Stock Exchange,RRC,petroleum industry,,,,
http://www.wikidata.org/entity/Q7163348,Ranger Oil Corporation,Q7163348,New York Stock Exchange,,,,,,
http://www.wikidata.org/entity/Q97188497,Ranpak,Q97188497,New York Stock Exchange,PACK,,,,,
http://www.wikidata.org/entity/Q85874460,Rapid7,Q85874460,Nasdaq,RPD,,,,,
http://www.wikidata.org/entity/Q7296403,Raven Industries,Q7296403,Nasdaq,RAVN,aerospace industry,,,,
http://www.wikidata.org/entity/Q7298901,Raymond James Financial,Q7298901,New York Stock Exchange,RJF,investment,,,11308000000,2022-01-01T00:00:00Z
http://www.wikidata.org/entity/Q7299366,Rayonier,Q7299366,New York Stock Exchange,RYN,,,,,
http://www.wikidata.org/entity/Q18619467,Rayonier Advanced Materials,Q18619467,New York Stock Exchange,RYAM,,,,,
http://www.wikidata.org/entity/Q156644,Raytheon,Q156644,New York Stock Exchange,RTN,aerospace industry,42080000000,2016-01-01T00:00:00Z,29176000000,2019-01-01T00:00:00Z
http://www.wikidata.org/entity/Q16766290,ReachLocal,Q16766290,Nasdaq,RLOC,digital marketing,,,,
http://www.wikidata.org/entity/Q7300936,Real Goods,Q7300936,Nasdaq,,,,,,
http://www.wikidata.org/entity/Q3421578,RealD,Q3421578,New York Stock Exchange,RLD,,,,,
http://www.wikidata.org/entity/Q1327874,RealNetworks,Q1327874,Nasdaq,RNWK,software industry,,,,
http://www.wikidata.org/entity/Q23134166,RealPage,Q23134166,Nasdaq,RP,property management,,,,
http://www.wikidata.org/entity/Q7301386,Realty Income Corporation,Q7301386,New York Stock Exchange,O,real estate investment trust,,,,
http://www.wikidata.org/entity/Q7301554,Reata Pharmaceuticals,Q7301554,Nasdaq,,pharmaceutical industry,,,,
http://www.wikidata.org/entity/Q120877642,Recursion Pharmaceuticals,Q120877642,Nasdaq,RXRX,,,,,
http://www.wikidata.org/entity/Q485593,Red Hat,Q485593,New York Stock Exchange,RHT,software industry,,,2052230000,2016-01-01T00:00:00Z
http://www.wikidata.org/entity/Q7304530,Red Lion Hotels Corporation,Q7304530,New York Stock Exchange,RLH,,,,,
http://www.wikidata.org/entity/Q7304886,Red Robin,Q7304886,Nasdaq,RRGB,restaurant,,,,
http://www.wikidata.org/entity/Q111759432,Reddit Inc.,Q111759432,New York Stock Exchange,RDDT,,21916000000,2025-05-01T00:00:00Z,,
http://www.wikidata.org/entity/Q7305846,Redfin,Q7305846,Nasdaq,RDFN,,,,,
http://www.wikidata.org/entity/Q106432676,Redwire,Q106432676,New York Stock Exchange,RDW,aerospace industry,,,,
http://www.wikidata.org/entity/Q7307899,Regal Rexnord,Q7307899,New York Stock Exchange,RRX,,,,,
http://www.wikidata.org/entity/Q136452293,Regencell Bioscience,Q136452293,Nasdaq,RGC,,,,,
http://www.wikidata.org/entity/Q7308000,Regency Centers,Q7308000,New York Stock Exchange,REG,real estate investment trust,,,,
http://www.wikidata.org/entity/Q7308054,Regeneron Pharmaceuticals,Q7308054,Nasdaq,REGN,pharmaceutical industry,,,12172900000,2022-01-01T00:00:00Z
http://www.wikidata.org/entity/Q917131,Regions Financial Corporation,Q917131,New York Stock Exchange,RF,economics of banking; financial services; financial sector,,,4786000000,2022-01-01T00:00:00Z
http://www.wikidata.org/entity/Q7309325,Regis Corporation,Q7309325,New York Stock Exchange,RGS,,,,,
http://www.wikidata.org/entity/Q7309349,Register.com,Q7309349,Nasdaq,RCOM,,,,,
http://www.wikidata.org/entity/Q1793182,Reinsurance Group of America,Q1793182,New York Stock Exchange,RGA,insurance industry,,,,
http://www.wikidata.org/entity/Q106411735,Relay Therapeutics,Q106411735,Nasdaq,RLAY,,,,,
http://www.wikidata.org/entity/Q7311031,"Reliance, Inc.",Q7311031,New York Stock Exchange,RS,,,,,
http://www.wikidata.org/entity/Q7311538,Remark Media,Q7311538,Nasdaq,MARK,,,,,
http://www.wikidata.org/entity/Q7312262,Remy International,Q7312262,Nasdaq,REMY,,,,,
http://www.wikidata.org/entity/Q16984071,RenaissanceRe,Q16984071,New York Stock Exchange,RNR,,,,,
http://www.wikidata.org/entity/Q28446528,Renasant Bank,Q28446528,Nasdaq,RNST,financial services,,,,
http://www.wikidata.org/entity/Q65080540,Renewable Energy Group,Q65080540,Nasdaq,REGI,renewable energy industry,,,,
http://www.wikidata.org/entity/Q65080540,Renewable Energy Group,Q65080540,New York Stock Exchange,REGI,renewable energy industry,,,,
http://www.wikidata.org/entity/Q784022,Renren,Q784022,New York Stock Exchange,RENN,social networking service,,,,
http://www.wikidata.org/entity/Q7313510,Rent The Runway,Q7313510,Nasdaq,RENT,e-commerce,,,,
http://www.wikidata.org/entity/Q7313497,Rent-A-Center,Q7313497,Nasdaq,RCII,furniture,,,,
http://www.wikidata.org/entity/Q7313537,Rentech,Q7313537,Nasdaq,RTK,,,,,
http://www.wikidata.org/entity/Q2622493,Rentokil Initial,Q2622493,New York Stock Exchange,RTO,pest control,,,,
http://www.wikidata.org/entity/Q7313561,Rentrak,Q7313561,Nasdaq,RENT,,,,,
http://www.wikidata.org/entity/Q7314050,RepliWeb,Q7314050,Nasdaq,ATTU,software industry,,,,
http://www.wikidata.org/entity/Q17078090,Repligen,Q17078090,Nasdaq,RGEN,pharmaceutical industry,,,,
http://www.wikidata.org/entity/Q7314329,Repros Therapeutics,Q7314329,Nasdaq,,pharmaceutical industry,,,,
http://www.wikidata.org/entity/Q838716,Repsol Oil & Gas Canada,Q838716,New York Stock Exchange,TLM,petroleum industry,,,,
http://www.wikidata.org/entity/Q1536457,Republic Airways Holdings,Q1536457,Nasdaq,RJET,transport,,,,
http://www.wikidata.org/entity/Q7314387,Republic Bank & Trust Company,Q7314387,Nasdaq,RBCAA,economics of banking; financial services,,,,
http://www.wikidata.org/entity/Q7314415,Republic Services,Q7314415,New York Stock Exchange,RSG,waste management,,,15645100000,2022-01-01T00:00:00Z
http://www.wikidata.org/entity/Q110443096,Resideo,Q110443096,New York Stock Exchange,REZI,,,,,
http://www.wikidata.org/entity/Q7314903,Resmed,Q7314903,New York Stock Exchange,RMD,,,,,
http://www.wikidata.org/entity/Q3406795,Resolute Forest Products,Q3406795,New York Stock Exchange,,pulp and paper industry,,,,
http://www.wikidata.org/entity/Q132775404,"Resolute Holdings Management, Inc",Q132775404,Nasdaq,RHLD,financial services,,,,
http://www.wikidata.org/entity/Q2228136,Resources Global Professionals,Q2228136,Nasdaq,RECN,,,,,
http://www.wikidata.org/entity/Q18619470,Restaurant Brands International,Q18619470,New York Stock Exchange,QSR,food service,,,,
http://www.wikidata.org/entity/Q7316207,Restoration Hardware,Q7316207,New York Stock Exchange,RH,retail,,,,
http://www.wikidata.org/entity/Q15272375,RetailMeNot,Q15272375,Nasdaq,SALE,coupon,,,,
http://www.wikidata.org/entity/Q1459595,Revlon,Q1459595,New York Stock Exchange,REV,cosmetics industry,,,,
http://www.wikidata.org/entity/Q120467527,Revvity,Q120467527,New York Stock Exchange,RVTY,biotechnology,,,,
http://www.wikidata.org/entity/Q7319192,Rex Energy,Q7319192,Nasdaq,REXX,petroleum industry,,,,
http://www.wikidata.org/entity/Q947718,Reynolds American,Q947718,New York Stock Exchange,RAI,tobacco industry,,,,
http://www.wikidata.org/entity/Q106301464,Reynolds Consumer Products,Q106301464,Nasdaq,REYN,,,,,
http://www.wikidata.org/entity/Q30269284,Rhythm (United states),Q30269284,Nasdaq,RYTM,pharmaceutical industry,,,,
http://www.wikidata.org/entity/Q7322037,RiT Technologies,Q7322037,Nasdaq,RITT,telecommunications,,,,
http://www.wikidata.org/entity/Q54871457,Ribbon Communications,Q54871457,Nasdaq,RBBN,telecommunications,,,,
http://www.wikidata.org/entity/Q28776959,Richardson Electronics,Q28776959,Nasdaq,RELL,electronic component,,,,
http://www.wikidata.org/entity/Q124361729,Richtech Robotics,Q124361729,Nasdaq,RR,,,,,
http://www.wikidata.org/entity/Q30100944,Rightside Group,Q30100944,Nasdaq,NAME,domain name,,,,
http://www.wikidata.org/entity/Q7334682,RingCentral,Q7334682,New York Stock Exchange,RNG,cloud computing,,,,
http://www.wikidata.org/entity/Q16984125,Rio Alto Mining,Q16984125,New York Stock Exchange,RIOM,gold mining,,,,
http://www.wikidata.org/entity/Q821293,Rio Tinto Group,Q821293,New York Stock Exchange,RIO,metal industry; mining industry,33004833765,2021-11-18T00:00:00Z,,
http://www.wikidata.org/entity/Q10291918,Rio Tinto plc,Q10291918,New York Stock Exchange,RIO,,,,,
http://www.wikidata.org/entity/Q113840664,"Riot Platforms, Inc.",Q113840664,Nasdaq,RIOT,,,,,
http://www.wikidata.org/entity/Q22908338,Riskified,Q22908338,New York Stock Exchange,RSKD,e-commerce,,,,
http://www.wikidata.org/entity/Q7336661,Ritchie Bros. Auctioneers,Q7336661,New York Stock Exchange,RBA,auction,,,,
http://www.wikidata.org/entity/Q3433273,Rite Aid,Q3433273,New York Stock Exchange,RAD,retail,,,,
http://www.wikidata.org/entity/Q124054377,Rithm Capital,Q124054377,New York Stock Exchange,RITM,financial services,,,,
http://www.wikidata.org/entity/Q1139852,Riverbed Technology,Q1139852,Nasdaq,RVBD,information technology,,,,
http://www.wikidata.org/entity/Q7338847,Rivian Automotive,Q7338847,Nasdaq,RIVN,automotive industry,15775000000,2025-05-01T00:00:00Z,4486000000,2024-01-01T00:00:00Z
http://www.wikidata.org/entity/Q16984162,Robbins & Myers,Q16984162,New York Stock Exchange,,,,,,
http://www.wikidata.org/entity/Q2157448,Robert Half,Q2157448,New York Stock Exchange,RHI,employment services industry,,,,
http://www.wikidata.org/entity/Q18155123,Robinhood,Q18155123,Nasdaq,HOOD,financial services,,,,
http://www.wikidata.org/entity/Q67186598,Roblox Corporation,Q67186598,New York Stock Exchange,RBLX,video game industry,46799000000,2025-05-01T00:00:00Z,,
http://www.wikidata.org/entity/Q7354154,RockTenn,Q7354154,New York Stock Exchange,,industrial manufacturing,,,,
http://www.wikidata.org/entity/Q105887484,Rocket Companies,Q105887484,New York Stock Exchange,RKT,,,,,
http://www.wikidata.org/entity/Q16968655,Rocket Fuel Inc.,Q16968655,Nasdaq,FUEL,,,,,
http://www.wikidata.org/entity/Q116319,Rocket Lab,Q116319,Nasdaq,RKLB,aerospace industry,,,,
http://www.wikidata.org/entity/Q107400411,Rocket Pharmaceuticals Inc.,Q107400411,Nasdaq,RCKT,pharmaceutical industry,,,,
http://www.wikidata.org/entity/Q7355463,Rockland Trust,Q7355463,Nasdaq,INDB,,,,,
http://www.wikidata.org/entity/Q1529234,Rockwell Automation,Q1529234,New York Stock Exchange,ROK,,,,7760400000,2022-01-01T00:00:00Z
http://www.wikidata.org/entity/Q461210,Rockwell Collins,Q461210,New York Stock Exchange,COL,aerospace industry,,,2630000000,2018-01-01T00:00:00Z
http://www.wikidata.org/entity/Q1348664,Rockwell International,Q1348664,New York Stock Exchange,ROK,aerospace industry,,,,
http://www.wikidata.org/entity/Q17131128,Rockwell Medical Inc.,Q17131128,Nasdaq,RMTI,pharmaceutical industry,,,,
http://www.wikidata.org/entity/Q7355744,Rocky Brands,Q7355744,Nasdaq,RCKY,,,,,
http://www.wikidata.org/entity/Q7355878,Rocky Mountain Chocolate,Q7355878,Nasdaq,RMCF,,,,32342579,2022-01-01T00:00:00Z
http://www.wikidata.org/entity/Q165684,Rogers Communications,Q165684,New York Stock Exchange,RCI,telecommunications; mobile phone industry,,,,
http://www.wikidata.org/entity/Q16984188,Rogers Corporation,Q16984188,New York Stock Exchange,ROG,,,,,
http://www.wikidata.org/entity/Q53308720,Roivant,Q53308720,Nasdaq,ROIV,pharmaceutical industry,,,,
http://www.wikidata.org/entity/Q7360089,"Roku, Inc.",Q7360089,Nasdaq,ROKU,broadcasting; consumer electronics industry,,,512760000,2017-01-01T00:00:00Z
http://www.wikidata.org/entity/Q7361273,Rollins Inc.,Q7361273,New York Stock Exchange,ROL,pest control,,,,
http://www.wikidata.org/entity/Q16932392,Roper Technologies,Q16932392,New York Stock Exchange,ROP,conglomerate,,,5371800000,2022-01-01T00:00:00Z
http://www.wikidata.org/entity/Q7368685,Rosetta Genomics,Q7368685,Nasdaq,ROSG,biotechnology,,,,
http://www.wikidata.org/entity/Q7368695,Rosetta Stone,Q7368695,New York Stock Exchange,RST,software industry,,,,
http://www.wikidata.org/entity/Q3442791,Ross Dress for Less,Q3442791,Nasdaq,ROST,retail,,,18695829000,2022-01-01T00:00:00Z
http://www.wikidata.org/entity/Q7371288,Roundy's,Q7371288,New York Stock Exchange,,grocery store,,,,
http://www.wikidata.org/entity/Q7371324,Rouse Properties,Q7371324,New York Stock Exchange,,real estate investment trust,,,,
http://www.wikidata.org/entity/Q1503728,Rowan Companies,Q1503728,New York Stock Exchange,,petroleum industry,,,,
http://www.wikidata.org/entity/Q735261,Royal Bank of Canada,Q735261,New York Stock Exchange,RY,economics of banking; financial services; financial sector,,,,
http://www.wikidata.org/entity/Q427881,Royal Caribbean Group,Q427881,New York Stock Exchange,RCL,cruise line,,,,
http://www.wikidata.org/entity/Q7374224,Royal Gold,Q7374224,Nasdaq,RGLD,mining,,,,
http://www.wikidata.org/entity/Q4411116,Rubicon Project,Q4411116,New York Stock Exchange,RUBI,advertising industry,,,,
http://www.wikidata.org/entity/Q16932650,Rubicon Technology,Q16932650,Nasdaq,RBCN,,,,,
http://www.wikidata.org/entity/Q55632076,Rubrik,Q55632076,New York Stock Exchange,RBRK,computer security,,,600000000,2022-01-01T00:00:00Z
http://www.wikidata.org/entity/Q7376400,Ruby Tuesday,Q7376400,New York Stock Exchange,,restaurant,,,,
http://www.wikidata.org/entity/Q7376642,Ruckus Networks,Q7376642,New York Stock Exchange,RKUS,telecommunications device,,,,
http://www.wikidata.org/entity/Q104765127,Rumble,Q104765127,Nasdaq,RUM,,,,,
http://www.wikidata.org/entity/Q25245312,Rush Enterprises,Q25245312,Nasdaq,RUSHA,automotive industry,,,,
http://www.wikidata.org/entity/Q1329524,Russell 2000,Q1329524,Nasdaq,RUT,,,,,
http://www.wikidata.org/entity/Q1329524,Russell 2000,Q1329524,New York Stock Exchange,,,,,,
http://www.wikidata.org/entity/Q7382830,Ruth's Hospitality Group,Q7382830,Nasdaq,RUTH,restaurant,,,468026000,2020-01-01T00:00:00Z
http://www.wikidata.org/entity/Q170614,Ryanair,Q170614,Nasdaq,RYAAY,,3286000,2014-01-01T00:00:00Z,10775200000,2022-01-01T00:00:00Z
http://www.wikidata.org/entity/Q2178198,Ryder,Q2178198,New York Stock Exchange,R,logistics; supply chain management; fleet management; vehicle leasing; transport management,,,,
http://www.wikidata.org/entity/Q7385029,"Ryerson, Inc.",Q7385029,New York Stock Exchange,RYI,steel,,,,
http://www.wikidata.org/entity/Q7385157,Ryland Homes,Q7385157,New York Stock Exchange,,,,,,
http://www.wikidata.org/entity/Q7385192,Ryman Hospitality Properties,Q7385192,New York Stock Exchange,RHP,real estate investment trust,,,,
http://www.wikidata.org/entity/Q1546793,S&P 100,Q1546793,Nasdaq,OEX,,,,,
http://www.wikidata.org/entity/Q1546793,S&P 100,Q1546793,New York Stock Exchange,OEX,,,,,
http://www.wikidata.org/entity/Q242345,S&P 500,Q242345,Nasdaq,S500,,,,,
http://www.wikidata.org/entity/Q242345,S&P 500,Q242345,New York Stock Exchange,S500,,,,,
http://www.wikidata.org/entity/Q868587,S&P Global,Q868587,New York Stock Exchange,SPGI,financial services,53600000000,2019-05-24T00:00:00Z,11181000000,2022-01-01T00:00:00Z
http://www.wikidata.org/entity/Q2668128,S&P Global Commodity Insights,Q2668128,New York Stock Exchange,MHFI,agriculture,,,,
http://www.wikidata.org/entity/Q106158,S&P Global Ratings,Q106158,New York Stock Exchange,,financial services,,,5661000001,2016-01-01T00:00:00Z
http://www.wikidata.org/entity/Q552581,SAP,Q552581,New York Stock Exchange,SAP,software development; software industry,,,31207000000,2023-01-01T00:00:00Z
http://www.wikidata.org/entity/Q4790268,SAP Ariba,Q4790268,Nasdaq,ARBA,,,,,
http://www.wikidata.org/entity/Q5159089,SAP Concur,Q5159089,Nasdaq,,software industry,,,,
http://www.wikidata.org/entity/Q7388926,SBA Communications,Q7388926,Nasdaq,SBAC,telecommunications,,,,
http://www.wikidata.org/entity/Q7389067,SCANA,Q7389067,New York Stock Exchange,SCG,electric power industry,,,,
http://www.wikidata.org/entity/Q16933746,SEACOR Holdings,Q16933746,New York Stock Exchange,,petroleum industry,,,,
http://www.wikidata.org/entity/Q7389686,SEI Investments Company,Q7389686,Nasdaq,SEIC,financial services,,,,
http://www.wikidata.org/entity/Q7390195,SHFL entertainment,Q7390195,Nasdaq,SHFL,gambling,,,,
http://www.wikidata.org/entity/Q125269695,SITHE Energies Inc,Q125269695,New York Stock Exchange,,,,,,
http://www.wikidata.org/entity/Q17141393,SJW Group,Q17141393,New York Stock Exchange,SJW,"water collection, treatment and supply",,,,
http://www.wikidata.org/entity/Q493145,SK Telecom,Q493145,New York Stock Exchange,SKM,telecommunications; mobile phone industry,,,,
http://www.wikidata.org/entity/Q7391016,SL Green Realty,Q7391016,New York Stock Exchange,SLG,real estate investment trust,,,,
http://www.wikidata.org/entity/Q1425316,SLB,Q1425316,New York Stock Exchange,SLB,petroleum industry,,,28091000000,2022-01-01T00:00:00Z
http://www.wikidata.org/entity/Q16984687,SM Energy,Q16984687,New York Stock Exchange,SM,petroleum industry,,,,
http://www.wikidata.org/entity/Q2466838,SMART Technologies,Q2466838,Nasdaq,SMT,computing,,,,
http://www.wikidata.org/entity/Q7391381,SMTC Corporation,Q7391381,Nasdaq,SMTX,electronics,,,,
http://www.wikidata.org/entity/Q7391384,SMTP,Q7391384,Nasdaq,SMTP,,,,,
http://www.wikidata.org/entity/Q7392074,SONICblue Incorporated,Q7392074,Nasdaq,SBLU,,,,,
http://www.wikidata.org/entity/Q7598289,SP+,Q7598289,Nasdaq,SP,,,,,
http://www.wikidata.org/entity/Q7392495,SPDR,Q7392495,New York Stock Exchange,,,,,,
http://www.wikidata.org/entity/Q2207539,SPDR Gold Shares,Q2207539,New York Stock Exchange,,,,,,
http://www.wikidata.org/entity/Q17082992,SPS Commerce,Q17082992,Nasdaq,SPSC,,,,,
http://www.wikidata.org/entity/Q2207629,SPX Corporation,Q2207629,New York Stock Exchange,SPXC,conglomerate,,,,
http://www.wikidata.org/entity/Q10659632,SPX FLOW,Q10659632,New York Stock Exchange,FLOW,,,,,
http://www.wikidata.org/entity/Q4686442,SS&C Advent,Q4686442,Nasdaq,ADVS,,,,,
http://www.wikidata.org/entity/Q7392916,SS&C Technologies,Q7392916,Nasdaq,SSNC,financial services,,,,
http://www.wikidata.org/entity/Q7516369,SSR Mining,Q7516369,Nasdaq,SSRM,zinc industry,5634183559,2021-11-18T00:00:00Z,,
http://www.wikidata.org/entity/Q661845,STMicroelectronics,Q661845,New York Stock Exchange,STM,semiconductor industry,,,13269000000,2024-01-01T00:00:00Z
http://www.wikidata.org/entity/Q19868261,STX Entertainment,Q19868261,Nasdaq,SFXE,electronic dance music; product distribution; film production,,,,
http://www.wikidata.org/entity/Q111839764,SVB Financial Group,Q111839764,Nasdaq,SIVBP,financial services,,,,
http://www.wikidata.org/entity/Q183184,Sabesp,Q183184,New York Stock Exchange,sbs,water supply,,,,
http://www.wikidata.org/entity/Q4376955,Sabre Corporation,Q4376955,New York Stock Exchange,TSG,,,,1688880000,2021-12-31T00:00:00Z
http://www.wikidata.org/entity/Q4376955,Sabre Corporation,Q4376955,Nasdaq,SABR,,,,1688880000,2021-12-31T00:00:00Z
http://www.wikidata.org/entity/Q96574614,Safe-T Group,Q96574614,Nasdaq,SFET,technology,39578000,2022-11-15T00:00:00Z,,
http://www.wikidata.org/entity/Q1508234,Safeway,Q1508234,New York Stock Exchange,SWY,retail,,,,
http://www.wikidata.org/entity/Q7398856,Safway Services LLC,Q7398856,New York Stock Exchange,,,,,,
http://www.wikidata.org/entity/Q7399844,Saia,Q7399844,Nasdaq,SAIA,transport industry,,,,
http://www.wikidata.org/entity/Q5431118,Salem Media Group,Q5431118,Nasdaq,SALM,mass media; radio broadcasting,,,,
http://www.wikidata.org/entity/Q941127,Salesforce,Q941127,New York Stock Exchange,CRM,analytics; customer relationship management; software industry; intelligent agent; email marketing; software as a service; enterprise software; automation; cloud computing,,,37895000000,2024-01-01T00:00:00Z
http://www.wikidata.org/entity/Q5419210,Salesforce Marketing Cloud,Q5419210,New York Stock Exchange,,artificial intelligence; e-commerce; cloud computing; software industry,,,,
http://www.wikidata.org/entity/Q7404876,Salix Pharmaceuticals,Q7404876,Nasdaq,SLXP,pharmaceutical industry,,,,
http://www.wikidata.org/entity/Q7405065,Sally Beauty Holdings,Q7405065,New York Stock Exchange,SBH,,,,,
http://www.wikidata.org/entity/Q108770716,Samsara,Q108770716,New York Stock Exchange,IOT,,,,,
http://www.wikidata.org/entity/Q7415751,SandRidge Energy,Q7415751,New York Stock Exchange,SD,petroleum industry,,,,
http://www.wikidata.org/entity/Q20022777,Sanderson Farms,Q20022777,Nasdaq,SAFM,poultry farming,,,,
http://www.wikidata.org/entity/Q260833,Sandisk,Q260833,Nasdaq,SNDK,semiconductor industry; computer hardware industry,,,,
http://www.wikidata.org/entity/Q7416970,Sandstorm Gold,Q7416970,New York Stock Exchange,SAND,mining,,,,
http://www.wikidata.org/entity/Q17109642,Sandy Spring Bank,Q17109642,Nasdaq,SASR,economics of banking,,,,
http://www.wikidata.org/entity/Q7417809,Sangamo Therapeutics,Q7417809,Nasdaq,SGMO,biotechnology,,,,
http://www.wikidata.org/entity/Q426583,Sanmina Corporation,Q426583,Nasdaq,SANM,,,,,
http://www.wikidata.org/entity/Q158205,Sanofi,Q158205,New York Stock Exchange,SNY,pharmaceutical industry,,,41081000000,2024-01-01T00:00:00Z
http://www.wikidata.org/entity/Q806215,Santander Group,Q806215,New York Stock Exchange,SAN,financial services,,,,
http://www.wikidata.org/entity/Q481472,Sappi,Q481472,New York Stock Exchange,SPP,pulp and paper industry,,,,
http://www.wikidata.org/entity/Q2747818,Sarcos,Q2747818,Nasdaq,STRC,robotics,,,,
http://www.wikidata.org/entity/Q15109846,Sarepta Therapeutics,Q15109846,Nasdaq,SRPT,pharmaceutical industry,,,,
http://www.wikidata.org/entity/Q905998,Sasol,Q905998,New York Stock Exchange,SSL,petroleum industry,,,,
http://www.wikidata.org/entity/Q7428211,Savient Pharmaceuticals,Q7428211,Nasdaq,,pharmaceutical industry,,,,
http://www.wikidata.org/entity/Q22121871,Scansource,Q22121871,Nasdaq,SCSC,,,,,
http://www.wikidata.org/entity/Q7431894,Schneider National,Q7431894,New York Stock Exchange,SNDR,logistics,,,,
http://www.wikidata.org/entity/Q7431916,Schnitzer Steel Industries,Q7431916,Nasdaq,SCHN,iron and steel industry,,,,
http://www.wikidata.org/entity/Q1155729,Scholastic Corporation,Q1155729,Nasdaq,SCHL,,,,,
http://www.wikidata.org/entity/Q7432923,Schrödinger,Q7432923,Nasdaq,SDGR,,,,,
http://www.wikidata.org/entity/Q17079580,SciQuest,Q17079580,Nasdaq,SQI,,,,,
http://www.wikidata.org/entity/Q124352463,SciSparc,Q124352463,Nasdaq,SPRC,pharmaceutical industry,,,,
http://www.wikidata.org/entity/Q14993631,Science Applications International Corporation,Q14993631,New York Stock Exchange,SAIC,information technology,,,2800000000,2018-01-01T00:00:00Z
http://www.wikidata.org/entity/Q39075113,Scorpio Tankers,Q39075113,New York Stock Exchange,,,,,,
http://www.wikidata.org/entity/Q451476,Scotiabank,Q451476,New York Stock Exchange,BNS,financial services; economics of banking; financial sector,,,,
http://www.wikidata.org/entity/Q2144525,Scripps Networks Interactive,Q2144525,New York Stock Exchange,SNI,broadcasting,,,,
http://www.wikidata.org/entity/Q7076286,Sculptor Capital Management,Q7076286,New York Stock Exchange,SCU,asset management; financial services,,,,
http://www.wikidata.org/entity/Q93520415,Sea Ltd,Q93520415,New York Stock Exchange,SE,e-commerce,,,,
http://www.wikidata.org/entity/Q19867417,SeaChange International,Q19867417,Nasdaq,SEAC,telecommunications,,,,
http://www.wikidata.org/entity/Q7440212,Seabridge Gold,Q7440212,New York Stock Exchange,,mining,,,,
http://www.wikidata.org/entity/Q1477156,Seadrill,Q1477156,New York Stock Exchange,SDRL,petroleum industry,,,,
http://www.wikidata.org/entity/Q705392,Seagate Technology,Q705392,Nasdaq,STX,computer storage media,,,11661000000,2022-01-01T00:00:00Z
http://www.wikidata.org/entity/Q17155112,Seagen,Q17155112,Nasdaq,SGEN,pharmaceutical industry,,,,
http://www.wikidata.org/entity/Q7440621,Sealed Air,Q7440621,New York Stock Exchange,SEE,conglomerate,,,,
http://www.wikidata.org/entity/Q1131835,Sealy Corporation,Q1131835,New York Stock Exchange,ZZ,mattress,,,,
http://www.wikidata.org/entity/Q6499202,Sears,Q6499202,Nasdaq,SHLD,retail,,,,
http://www.wikidata.org/entity/Q6499202,Sears,Q6499202,New York Stock Exchange,S,retail,,,,
http://www.wikidata.org/entity/Q966556,Sears Holdings Corporation,Q966556,Nasdaq,SHLD,retail,,,,
http://www.wikidata.org/entity/Q18168364,Sears Hometown and Outlet Stores,Q18168364,Nasdaq,SHOS,,,,,
http://www.wikidata.org/entity/Q7444830,Secureworks Inc.,Q7444830,Nasdaq,SCWX,Managed security service,,,,
http://www.wikidata.org/entity/Q115446257,"Seer, Inc",Q115446257,Nasdaq,SEER,,,,,
http://www.wikidata.org/entity/Q16984522,Select Medical,Q16984522,New York Stock Exchange,SEM,health care,,,,
http://www.wikidata.org/entity/Q256598,SemGroup,Q256598,Nasdaq,RRMS,petroleum industry,,,,
http://www.wikidata.org/entity/Q256598,SemGroup,Q256598,New York Stock Exchange,SEMG,petroleum industry,,,,
http://www.wikidata.org/entity/Q648533,Semiconductor Manufacturing International Corporation,Q648533,New York Stock Exchange,SMI,manufacture of electronic components; semiconductor industry in China,,,,
http://www.wikidata.org/entity/Q7449678,Semitool,Q7449678,Nasdaq,AMAT,,,,,
http://www.wikidata.org/entity/Q7449804,Sempra,Q7449804,New York Stock Exchange,SRE,public utility,,,,
http://www.wikidata.org/entity/Q48818116,Semrush,Q48818116,New York Stock Exchange,SEMR,search engine optimization; marketing; software industry,,,,
http://www.wikidata.org/entity/Q3459777,Semtech Corporation,Q3459777,Nasdaq,SMTC,,,,,
http://www.wikidata.org/entity/Q7450295,Seneca Foods,Q7450295,Nasdaq,SENEA,,,,,
http://www.wikidata.org/entity/Q7450899,Senomyx,Q7450899,Nasdaq,SNMX,biotechnology,,,,
http://www.wikidata.org/entity/Q7451039,Sensient Technologies,Q7451039,New York Stock Exchange,SXT,,,,,
http://www.wikidata.org/entity/Q104844406,SentinelOne,Q104844406,New York Stock Exchange,S,computer security,,,,
http://www.wikidata.org/entity/Q7452488,Sequenom,Q7452488,Nasdaq,SQNM,biotechnology,,,,
http://www.wikidata.org/entity/Q7452488,Sequenom,Q7452488,New York Stock Exchange,SQNM,biotechnology,,,,
http://www.wikidata.org/entity/Q105099852,Seritage Growth Properties,Q105099852,New York Stock Exchange,SRG,,,,,
http://www.wikidata.org/entity/Q112583437,Serve Robotics,Q112583437,Nasdaq,SERV,,,,,
http://www.wikidata.org/entity/Q11306218,Service Corporation International,Q11306218,New York Stock Exchange,SCI,funeral services industry,,,,
http://www.wikidata.org/entity/Q7455653,ServiceNow,Q7455653,New York Stock Exchange,NOW,enterprise software,,,3460437000,2019-12-31T00:00:00Z
http://www.wikidata.org/entity/Q2274161,ServiceSource,Q2274161,Nasdaq,,,,,,
http://www.wikidata.org/entity/Q7457122,Sevcon,Q7457122,Nasdaq,SEV,,,,,
http://www.wikidata.org/entity/Q85800542,Sezzle,Q85800542,Nasdaq,SEZL,fintech,938913928,2021-11-18T00:00:00Z,,
http://www.wikidata.org/entity/Q1058722,Shake Shack,Q1058722,New York Stock Exchange,SHAK,restaurant,,,,
http://www.wikidata.org/entity/Q5575439,Shanda,Q5575439,Nasdaq,GAME,video game industry,,,,
http://www.wikidata.org/entity/Q820770,Shanghai Petrochemical,Q820770,New York Stock Exchange,,petrochemistry,,,,
http://www.wikidata.org/entity/Q2748407,Shapeways,Q2748407,New York Stock Exchange,SHPW,3D printing; e-commerce,,,,
http://www.wikidata.org/entity/Q7489523,Sharecare,Q7489523,Nasdaq,SHCR,health technology,,,,
http://www.wikidata.org/entity/Q1516849,Shaw Communications,Q1516849,New York Stock Exchange,SJR,telecommunications,,,,
http://www.wikidata.org/entity/Q154950,Shell,Q154950,New York Stock Exchange,RDS.B,petroleum industry; extraction of crude petroleum and natural gas,,,316620000000,2023-01-01T00:00:00Z
http://www.wikidata.org/entity/Q48881,Sherwin-Williams,Q48881,New York Stock Exchange,SHW,"chemical industry; manufacture of paints, varnishes and similar coatings, printing ink a mastics",,,22148900000,2022-01-01T00:00:00Z
http://www.wikidata.org/entity/Q487230,Shinhan Bank,Q487230,New York Stock Exchange,SHG,financial sector,,,,
http://www.wikidata.org/entity/Q491325,Shinhan Financial Group,Q491325,New York Stock Exchange,SHG,financial services; financial sector,,,,
http://www.wikidata.org/entity/Q905049,Shire plc,Q905049,Nasdaq,SHPG,pharmaceutical industry,,,,
http://www.wikidata.org/entity/Q106411771,ShockWave Medical (United States),Q106411771,Nasdaq,SWAV,,,,,
http://www.wikidata.org/entity/Q7500007,Shoe Carnival,Q7500007,Nasdaq,SCVL,,,,,
http://www.wikidata.org/entity/Q4356115,ShopHQ,Q4356115,Nasdaq,IMBI,online shopping,,,,
http://www.wikidata.org/entity/Q7501097,ShopRite,Q7501097,Nasdaq,VLGEA,supermarket,,,,
http://www.wikidata.org/entity/Q7501150,Shopify,Q7501150,New York Stock Exchange,SHOP,e-commerce; online marketplace,47750000000,2022-01-05T00:00:00Z,3231000000,2021-01-01T00:00:00Z
http://www.wikidata.org/entity/Q7501286,ShoreTel,Q7501286,Nasdaq,SHOR,telecommunications,,,,
http://www.wikidata.org/entity/Q7503323,Showtime movie channels,Q7503323,Nasdaq,,,,,,
http://www.wikidata.org/entity/Q7505672,Shutterfly,Q7505672,Nasdaq,SFLY,,,,,
http://www.wikidata.org/entity/Q3482689,Shutterstock,Q3482689,New York Stock Exchange,SSTK,production music; stock footage; stock photography,,,875000000,2023-01-01T00:00:00Z
http://www.wikidata.org/entity/Q55360040,SiTime,Q55360040,Nasdaq,SITM,,,,,
http://www.wikidata.org/entity/Q21639712,Sibanye-Stillwater,Q21639712,New York Stock Exchange,SBSW,mining; gold mining,,,,
http://www.wikidata.org/entity/Q124036729,Sidus Space,Q124036729,Nasdaq,SIDU,space industry,,,,
http://www.wikidata.org/entity/Q81230,Siemens,Q81230,New York Stock Exchange,SI,electronics; electrical engineering; mechanical engineering; biomedical engineering; powertrain technology; power plant technology; electrical industry; telecommunications; medical device; lighting technique,139800000000,2021-08-24T00:00:00Z,77769000000,2023-01-01T00:00:00Z
http://www.wikidata.org/entity/Q16984598,Siemens Mexico,Q16984598,New York Stock Exchange,SI,conglomerate,,,,
http://www.wikidata.org/entity/Q13529476,Sierra Wireless,Q13529476,Nasdaq,SWIR,,,,,
http://www.wikidata.org/entity/Q4111575,Sify,Q4111575,Nasdaq,,Internet,,,,
http://www.wikidata.org/entity/Q7512309,Sigma Designs,Q7512309,Nasdaq,SIGM,semiconductor,,,,
http://www.wikidata.org/entity/Q680841,Sigma-Aldrich,Q680841,Nasdaq,SIAL,biotechnology; biotechnology industry,,,,
http://www.wikidata.org/entity/Q24204571,Signature Bank,Q24204571,Nasdaq,SBNY,economics of banking; financial services,,,,
http://www.wikidata.org/entity/Q7512923,Signet Jewelers Limited,Q7512923,New York Stock Exchange,SIG,retail,,,,
http://www.wikidata.org/entity/Q17080741,Silgan Holdings,Q17080741,Nasdaq,SLGN,product packaging industry,,,,
http://www.wikidata.org/entity/Q10819817,Silicom,Q10819817,Nasdaq,SILC,communication,,,,
http://www.wikidata.org/entity/Q17080768,Silicon Graphics International,Q17080768,Nasdaq,SGI,,,,,
http://www.wikidata.org/entity/Q2003999,Silicon Image,Q2003999,Nasdaq,SIMG,integrated device manufacturer,,,,
http://www.wikidata.org/entity/Q2286044,Silicon Laboratories,Q2286044,Nasdaq,SLAB,,,,,
http://www.wikidata.org/entity/Q11074158,Silicon Motion,Q11074158,Nasdaq,SIMO,,,,,
http://www.wikidata.org/entity/Q17112054,Silicon Valley Bank,Q17112054,Nasdaq,,financial services,,,,
http://www.wikidata.org/entity/Q7516654,Silvercorp Metals,Q7516654,New York Stock Exchange,SVM,mining,,,,
http://www.wikidata.org/entity/Q115625249,Silvergate Capital,Q115625249,New York Stock Exchange,,,,,,
http://www.wikidata.org/entity/Q7517459,Simcere Pharmaceutical,Q7517459,New York Stock Exchange,,pharmaceutical industry,,,,
http://www.wikidata.org/entity/Q17538813,Similarweb,Q17538813,New York Stock Exchange,SMWB,information technology,,,,
http://www.wikidata.org/entity/Q28402389,Simmons Bank,Q28402389,Nasdaq,SFNC,economics of banking; financial services; financial sector,,,,
http://www.wikidata.org/entity/Q2287759,Simon Property Group,Q2287759,New York Stock Exchange,SPG,real estate investment trust,,,,
http://www.wikidata.org/entity/Q136565240,Simply Good,Q136565240,Nasdaq,SMPL,food industry,,,,
http://www.wikidata.org/entity/Q29469208,Simpson Manufacturing Company,Q29469208,New York Stock Exchange,SSD,construction; building materials trade,,,,
http://www.wikidata.org/entity/Q7521341,Simulations Plus,Q7521341,Nasdaq,SLP,software industry,,,,
http://www.wikidata.org/entity/Q938668,Sina Corporation,Q938668,Nasdaq,SINA,entertainment industry; Internet industry,,,,
http://www.wikidata.org/entity/Q2288792,Sinclair Broadcast Group,Q2288792,Nasdaq,SBGI,telecommunications; media company; broadcasting,,,3928000000,2022-01-01T00:00:00Z
http://www.wikidata.org/entity/Q831445,Sinopec,Q831445,New York Stock Exchange,SNP,petroleum industry,,,2742779810000,2018-01-01T00:00:00Z
http://www.wikidata.org/entity/Q3485048,Sinovac Biotech,Q3485048,Nasdaq,SVA,pharmaceutical industry,,,,
http://www.wikidata.org/entity/Q3277465,Sirius XM,Q3277465,Nasdaq,SIRI,radio broadcasting,,,8699000000,2024-01-01T00:00:00Z
http://www.wikidata.org/entity/Q17146135,Sirona Dental Systems,Q17146135,Nasdaq,SIRO,,,,,
http://www.wikidata.org/entity/Q127324768,Six Flags,Q127324768,New York Stock Exchange,FUN,hospitality industry; leisure park industry; entertainment industry,1613000000,2026-02-15T00:00:00Z,3100289000,2025-12-31T00:00:00Z
http://www.wikidata.org/entity/Q824278,Six Flags,Q824278,New York Stock Exchange,SIX,leisure park industry,,,,
http://www.wikidata.org/entity/Q2945643,Skechers,Q2945643,New York Stock Exchange,SKX,clothing industry,,,3563311000,2016-01-01T00:00:00Z
http://www.wikidata.org/entity/Q20136005,Skillsoft,Q20136005,Nasdaq,SKIL,software industry,,,,
http://www.wikidata.org/entity/Q18378515,Skillz,Q18378515,New York Stock Exchange,SKLZ,technology; video game industry,,,,
http://www.wikidata.org/entity/Q2982090,Skullcandy,Q2982090,Nasdaq,SKUL,headphone; audio equipment,,,,
http://www.wikidata.org/entity/Q7537214,"SkyWest, Inc.",Q7537214,Nasdaq,SKYW,transport,,,,
http://www.wikidata.org/entity/Q7538146,Skyworks Solutions,Q7538146,Nasdaq,SWKS,semiconductor industry,,,5485500000,2022-01-01T00:00:00Z
http://www.wikidata.org/entity/Q7808625,Slack Technologies,Q7808625,New York Stock Exchange,WORK,business software industry,,,,
http://www.wikidata.org/entity/Q7447640,Sleep Number,Q7447640,Nasdaq,SNBR,bedding,,,,
http://www.wikidata.org/entity/Q7543936,Smart Balance,Q7543936,Nasdaq,,,,,,
http://www.wikidata.org/entity/Q85801645,Smartsheet Inc.,Q85801645,New York Stock Exchange,SMAR,,,,,
http://www.wikidata.org/entity/Q60751931,SmileDirectClub,Q60751931,Nasdaq,SDC,,,,,
http://www.wikidata.org/entity/Q502509,Smith & Nephew,Q502509,New York Stock Exchange,SNN,medical technology industry,,,,
http://www.wikidata.org/entity/Q463090,Smith & Wesson,Q463090,Nasdaq,SWHC,weapons industry,,,,
http://www.wikidata.org/entity/Q7545224,Smith Micro Software,Q7545224,Nasdaq,SMSI,software industry,,,,
http://www.wikidata.org/entity/Q1477575,Smithfield Foods,Q1477575,New York Stock Exchange,,agriculture; meatpacking industry,,,,
http://www.wikidata.org/entity/Q1536176,Smurfit Kappa Group,Q1536176,New York Stock Exchange,SW,product packaging industry,,,,
http://www.wikidata.org/entity/Q27022329,Snap Inc.,Q27022329,New York Stock Exchange,SNAP,technology; photography,,,,
http://www.wikidata.org/entity/Q113754376,Snap One,Q113754376,Nasdaq,SNPO,,,,,
http://www.wikidata.org/entity/Q1631922,Snap-on,Q1631922,New York Stock Exchange,SNA,industrial manufacturing,,,,
http://www.wikidata.org/entity/Q22078063,Snowflake Inc.,Q22078063,New York Stock Exchange,SNOW,cloud computing,,,,
http://www.wikidata.org/entity/Q7548877,Snyder's-Lance,Q7548877,Nasdaq,LNCE,food industry,,,,
http://www.wikidata.org/entity/Q17020720,SoFi,Q17020720,New York Stock Exchange,SOFI,financial services,,,,
http://www.wikidata.org/entity/Q3067064,Sociedad Química y Minera de Chile,Q3067064,New York Stock Exchange,SQM,mining; industrial chemistry,,,,
http://www.wikidata.org/entity/Q7554565,Sogou,Q7554565,New York Stock Exchange,SOGO,software development,,,,
http://www.wikidata.org/entity/Q7554758,Soho House,Q7554758,New York Stock Exchange,SHCO,,,,,
http://www.wikidata.org/entity/Q965133,Sohu,Q965133,Nasdaq,CYOU,,,,,
http://www.wikidata.org/entity/Q7555824,SolarCity,Q7555824,Nasdaq,SCTY,solar industry,,,,
http://www.wikidata.org/entity/Q187212,SolarEdge,Q187212,Nasdaq,SEDG,photovoltaics,,,,
http://www.wikidata.org/entity/Q7555837,SolarWinds,Q7555837,New York Stock Exchange,SWI,software industry,,,,
http://www.wikidata.org/entity/Q7557672,Solera Holdings,Q7557672,New York Stock Exchange,,software industry,,,,
http://www.wikidata.org/entity/Q30267644,Solid Power,Q30267644,Nasdaq,SLDP,,,,,
http://www.wikidata.org/entity/Q14705393,Solidscape,Q14705393,Nasdaq,SSYS,peripheral; software industry,,,,
http://www.wikidata.org/entity/Q124795355,Solventum,Q124795355,New York Stock Exchange,SOLV,health care,,,,
http://www.wikidata.org/entity/Q29098065,SomaLogic,Q29098065,Nasdaq,SLGC,,,,,
http://www.wikidata.org/entity/Q96419376,Sonder Corp.,Q96419376,Nasdaq,SOND,,,,,
http://www.wikidata.org/entity/Q7561788,Sonic Automotive,Q7561788,New York Stock Exchange,SAH,automotive industry,,,,
http://www.wikidata.org/entity/Q7561808,Sonic Drive-In,Q7561808,Nasdaq,SONC,restaurant,,,,
http://www.wikidata.org/entity/Q4049749,Sonic Focus,Q4049749,Nasdaq,VIRL,,,,,
http://www.wikidata.org/entity/Q5035662,Sonida Senior Living,Q5035662,New York Stock Exchange,SNDA,Senior living,,,,
http://www.wikidata.org/entity/Q1225892,Sonim Technologies,Q1225892,Nasdaq,SONM,telecommunications,,,,
http://www.wikidata.org/entity/Q7562151,Sonoco,Q7562151,New York Stock Exchange,SON,product packaging industry,,,,
http://www.wikidata.org/entity/Q3492619,Sonos,Q3492619,Nasdaq,SONO,consumer electronics industry; smart speaker,,,,
http://www.wikidata.org/entity/Q7562414,Sonus Networks,Q7562414,Nasdaq,SONS,,,,,
http://www.wikidata.org/entity/Q41187,Sony Group,Q41187,New York Stock Exchange,SONY,video game industry; electrical industry; electronics industry,137300000000,2022-02-01T00:00:00Z,11260037000000,2024-01-01T00:00:00Z
http://www.wikidata.org/entity/Q79583223,Sophia Genetics,Q79583223,Nasdaq,SOPH,biotechnology,,,,
http://www.wikidata.org/entity/Q654762,Sotheby's,Q654762,New York Stock Exchange,BID,auction,,,1035740000,2018-12-01T00:00:00Z
http://www.wikidata.org/entity/Q7564622,SoundHound,Q7564622,Nasdaq,SOUN,software industry,,,,
http://www.wikidata.org/entity/Q107740188,"SoundThinking, Inc.",Q107740188,Nasdaq,SSTI,,,,,
http://www.wikidata.org/entity/Q7567571,South Jersey Industries,Q7567571,New York Stock Exchange,SJI,energy service company,,,,
http://www.wikidata.org/entity/Q55633597,SouthState Bank,Q55633597,Nasdaq,SSB,financial services; economics of banking; financial sector,,,,
http://www.wikidata.org/entity/Q1706317,Southern California Edison,Q1706317,New York Stock Exchange,,"electricity supply company; electric power generation, transmission and distribution",,,,
http://www.wikidata.org/entity/Q2304693,Southern Company,Q2304693,New York Stock Exchange,SO,energy industry; electric power industry,,,,
http://www.wikidata.org/entity/Q7569806,Southern Copper Corporation,Q7569806,New York Stock Exchange,SCCO,mining,,,,
http://www.wikidata.org/entity/Q134008655,Southside Bank,Q134008655,New York Stock Exchange,SBSI,,,,,
http://www.wikidata.org/entity/Q503308,Southwest Airlines,Q503308,New York Stock Exchange,LUV,air transport,,,23814000000,2022-01-01T00:00:00Z
http://www.wikidata.org/entity/Q7571280,Southwest Gas,Q7571280,New York Stock Exchange,SWX,,,,,
http://www.wikidata.org/entity/Q7571413,Southwestern Energy,Q7571413,New York Stock Exchange,SWN,petroleum industry,,,,
http://www.wikidata.org/entity/Q7572694,Spacelabs Healthcare,Q7572694,Nasdaq,OSIS,health care industry,,,,
http://www.wikidata.org/entity/Q16255259,Span-America Medical Systems,Q16255259,Nasdaq,SPAN,,,,,
http://www.wikidata.org/entity/Q17088705,Spanish Broadcasting System,Q17088705,Nasdaq,SBSA,radio,,,,
http://www.wikidata.org/entity/Q1192654,Spansion,Q1192654,New York Stock Exchange,CODE,,,,,
http://www.wikidata.org/entity/Q11301445,Sparklight,Q11301445,New York Stock Exchange,CABO,telecommunications,,,,
http://www.wikidata.org/entity/Q7573905,Spartan Motors,Q7573905,Nasdaq,SPAR,automotive industry,,,,
http://www.wikidata.org/entity/Q7573912,SpartanNash,Q7573912,Nasdaq,SPTN,retail,,,,
http://www.wikidata.org/entity/Q7575161,Spectra Energy,Q7575161,Nasdaq,PMTC,petroleum industry,,,,
http://www.wikidata.org/entity/Q7575161,Spectra Energy,Q7575161,New York Stock Exchange,SE,petroleum industry,,,,
http://www.wikidata.org/entity/Q771865,Spectrum Brands,Q771865,New York Stock Exchange,SPB,industrial manufacturing,,,,
http://www.wikidata.org/entity/Q7575301,Spectrum Pharmaceuticals,Q7575301,Nasdaq,SPPI,pharmaceutical industry,,,,
http://www.wikidata.org/entity/Q2308517,Speedway Motorsports,Q2308517,New York Stock Exchange,TRK,motorsport,,,,
http://www.wikidata.org/entity/Q2721586,Spelling Television,Q2721586,New York Stock Exchange,SP,television,,,,
http://www.wikidata.org/entity/Q105375474,Sphere 3D,Q105375474,Nasdaq,ANY,,,,,
http://www.wikidata.org/entity/Q19877982,Spire Global,Q19877982,New York Stock Exchange,SPIR,,,,,
http://www.wikidata.org/entity/Q6468754,Spire Inc.,Q6468754,New York Stock Exchange,LG,petroleum industry,,,,
http://www.wikidata.org/entity/Q3493556,Spirit AeroSystems,Q3493556,New York Stock Exchange,SPR,aerospace industry,,,,
http://www.wikidata.org/entity/Q1190598,Spirit Airlines,Q1190598,Nasdaq,SAVE,,,,,
http://www.wikidata.org/entity/Q1190598,Spirit Airlines,Q1190598,New York Stock Exchange,SAVE,,,,,
http://www.wikidata.org/entity/Q1835753,Splunk Inc.,Q1835753,Nasdaq,SPLK,,,,,
http://www.wikidata.org/entity/Q7579306,Sport Chalet,Q7579306,Nasdaq,SPCHA,retail; sports equipment,,,,
http://www.wikidata.org/entity/Q60269744,Spotify Technology,Q60269744,New York Stock Exchange,SPOT,streaming media; software development,131273000000,2025-05-15T00:00:00Z,9668000000,2021-01-01T00:00:00Z
http://www.wikidata.org/entity/Q18636409,Sprinklr,Q18636409,New York Stock Exchange,CXM,marketing software industry,,,,
http://www.wikidata.org/entity/Q301965,Sprint Corporation,Q301965,New York Stock Exchange,S,telecommunications; mobile phone industry,,,,
http://www.wikidata.org/entity/Q7581369,Sprouts Farmers Market,Q7581369,Nasdaq,SFM,grocery store,,,,
http://www.wikidata.org/entity/Q7582097,Squarespace,Q7582097,New York Stock Exchange,SQSP,,,,,
http://www.wikidata.org/entity/Q7588561,St. Joe Company,Q7588561,New York Stock Exchange,JOE,real estate development,,,,
http://www.wikidata.org/entity/Q2319810,St. Jude Medical,Q2319810,New York Stock Exchange,STJ,,,,,
http://www.wikidata.org/entity/Q7596814,Stage Stores Inc.,Q7596814,New York Stock Exchange,,retail,,,,
http://www.wikidata.org/entity/Q7597518,StanCorp Financial Group,Q7597518,New York Stock Exchange,SFG,insurance,,,,
http://www.wikidata.org/entity/Q7598157,Standard & Poor's Depositary Receipts,Q7598157,New York Stock Exchange,,,,,,
http://www.wikidata.org/entity/Q19647855,Standard BioTools Inc.,Q19647855,Nasdaq,FLDM,,,,,
http://www.wikidata.org/entity/Q121033088,Standard Lithium Ltd,Q121033088,New York Stock Exchange,SLI,lithium; mining,,,,
http://www.wikidata.org/entity/Q7598287,Standard Pacific Homes,Q7598287,New York Stock Exchange,,,,,,
http://www.wikidata.org/entity/Q48743554,Standex International,Q48743554,New York Stock Exchange,SXI,,,,,
http://www.wikidata.org/entity/Q706094,Stanley Black & Decker,Q706094,New York Stock Exchange,SWK,power tool; bricolage,,,16947400000,2022-01-01T00:00:00Z
http://www.wikidata.org/entity/Q2331913,Stantec,Q2331913,New York Stock Exchange,STN,,,,,
http://www.wikidata.org/entity/Q785943,Staples Inc.,Q785943,Nasdaq,SPLS,retail,,,22492000000,2015-01-01T00:00:00Z
http://www.wikidata.org/entity/Q37158,Starbucks,Q37158,Nasdaq,SBUX,coffee industry,107369000000,2022-02-18T00:00:00Z,37184400000,2025-01-01T00:00:00Z
http://www.wikidata.org/entity/Q552363,Starwood,Q552363,New York Stock Exchange,HOT,hotel industry,,,,
http://www.wikidata.org/entity/Q106241909,Starwood Property Trust,Q106241909,New York Stock Exchange,STWD,,,,,
http://www.wikidata.org/entity/Q515869,Starz Entertainment,Q515869,New York Stock Exchange,LGF,show business,3430000000,2022-03-29T00:00:00Z,3604300000,2022-01-01T00:00:00Z
http://www.wikidata.org/entity/Q977627,Starz Inc.,Q977627,Nasdaq,,broadcasting,,,,
http://www.wikidata.org/entity/Q2037125,State Street Corporation,Q2037125,New York Stock Exchange,STT,financial services,26930000000,2023-04-14T00:00:00Z,12148000000,2022-01-01T00:00:00Z
http://www.wikidata.org/entity/Q6889843,Steel Connect,Q6889843,Nasdaq,MLNK,supply chain management,,,,
http://www.wikidata.org/entity/Q7605667,Steel Dynamics,Q7605667,Nasdaq,STLD,iron and steel industry,,,,
http://www.wikidata.org/entity/Q479167,Steelcase,Q479167,New York Stock Exchange,SCS,industrial manufacturing,,,,
http://www.wikidata.org/entity/Q7606770,Stein Mart,Q7606770,Nasdaq,SMRT,retail,,,,
http://www.wikidata.org/entity/Q97439162,Stellantis,Q97439162,New York Stock Exchange,STLA,automotive industry,27806000000,2025-05-01T00:00:00Z,189544000000,2023-01-01T00:00:00Z
http://www.wikidata.org/entity/Q181114,Stellantis North America,Q181114,New York Stock Exchange,C,automotive industry,,,,
http://www.wikidata.org/entity/Q111384730,Stem Inc.,Q111384730,New York Stock Exchange,STEM,,,,,
http://www.wikidata.org/entity/Q3208192,Stepan Company,Q3208192,New York Stock Exchange,SCL,chemistry,,,,
http://www.wikidata.org/entity/Q3973262,Stericycle,Q3973262,Nasdaq,SRCL,tertiary sector of the economy,,,,
http://www.wikidata.org/entity/Q80947821,Steris,Q80947821,New York Stock Exchange,STE,health care industry,,,,
http://www.wikidata.org/entity/Q7611370,Sterling Bank,Q7611370,Nasdaq,SBIB,,,,,
http://www.wikidata.org/entity/Q7611500,Sterlite Copper,Q7611500,New York Stock Exchange,,mining,,,,
http://www.wikidata.org/entity/Q7611729,Stevanato Group,Q7611729,New York Stock Exchange,STVN,,,,,
http://www.wikidata.org/entity/Q7615782,Stewart Enterprises,Q7615782,Nasdaq,,,,,,
http://www.wikidata.org/entity/Q7615829,Stewart Information Services Corporation,Q7615829,New York Stock Exchange,STC,financial services,,,,
http://www.wikidata.org/entity/Q7616390,Stifel,Q7616390,New York Stock Exchange,SF,investment; finance; financial services,,,3817839000,2020-01-01T00:00:00Z
http://www.wikidata.org/entity/Q7617297,Stillwater Mining Company,Q7617297,New York Stock Exchange,SWC,,,,,
http://www.wikidata.org/entity/Q18385610,Stitch Fix,Q18385610,Nasdaq,SFIX,retail,,,,
http://www.wikidata.org/entity/Q22025568,Stone Energy Corporation,Q22025568,New York Stock Exchange,SGY,petroleum industry,,,,
http://www.wikidata.org/entity/Q105966359,StoneCo Ltd.,Q105966359,Nasdaq,STNE,,,,,
http://www.wikidata.org/entity/Q1666331,StoneX,Q1666331,Nasdaq,SNEX,financial services,,,40961600000,2021-01-01T00:00:00Z
http://www.wikidata.org/entity/Q3975878,Stratasys,Q3975878,Nasdaq,SSYS,3D printing; rapid prototyping,1101000000,2019-01-01T00:00:00Z,636080000,2019-01-01T00:00:00Z
http://www.wikidata.org/entity/Q19878105,Strategic Hotels & Resorts,Q19878105,New York Stock Exchange,,,,,,
http://www.wikidata.org/entity/Q1192211,Strategy,Q1192211,Nasdaq,MSTR,analytics; software development; software industry; business intelligence; data visualization; technology industry,79460000000,2025-01-01T00:00:00Z,477233000,2025-01-01T00:00:00Z
http://www.wikidata.org/entity/Q7622587,Strayer University,Q7622587,Nasdaq,,,,,,
http://www.wikidata.org/entity/Q6324302,"Stride, Inc.",Q6324302,New York Stock Exchange,LRN,educational technology; education industry,,,,
http://www.wikidata.org/entity/Q2357515,Stryker Corporation,Q2357515,New York Stock Exchange,SYK,health technology,,,18449000000,2022-01-01T00:00:00Z
http://www.wikidata.org/entity/Q7627777,Student Transportation Inc.,Q7627777,Nasdaq,STB,,,,,
http://www.wikidata.org/entity/Q1508526,"Sturm, Ruger & Co.",Q1508526,Nasdaq,RGR,weapons industry,,,,
http://www.wikidata.org/entity/Q1508526,"Sturm, Ruger & Co.",Q1508526,New York Stock Exchange,RGR,weapons industry,,,,
http://www.wikidata.org/entity/Q19604569,Sucampo Pharmaceuticals,Q19604569,Nasdaq,SCMP,pharmaceutical industry,,,,
http://www.wikidata.org/entity/Q2094989,Sumitomo Mitsui Financial Group,Q2094989,New York Stock Exchange,SMFG,financial sector,,,,
http://www.wikidata.org/entity/Q113503453,Summit Therapeutics,Q113503453,Nasdaq,SMMT,,,,,
http://www.wikidata.org/entity/Q7638250,Sun Communities,Q7638250,New York Stock Exchange,SUI,real estate investment trust,,,,
http://www.wikidata.org/entity/Q835456,Sun Life Financial,Q835456,New York Stock Exchange,SLF,financial services,,,,
http://www.wikidata.org/entity/Q14647,Sun Microsystems,Q14647,Nasdaq,,computing; software development,,,,
http://www.wikidata.org/entity/Q7638414,Sun National Bank,Q7638414,Nasdaq,SNBC,,,,,
http://www.wikidata.org/entity/Q946713,SunEdison,Q946713,New York Stock Exchange,SUNE,energy sector,,,,
http://www.wikidata.org/entity/Q7638153,SunOpta,Q7638153,Nasdaq,STKL,mineral; organic food,,,,
http://www.wikidata.org/entity/Q645525,SunPower,Q645525,Nasdaq,SPWR,photovoltaics,,,,
http://www.wikidata.org/entity/Q181507,SunTrust Banks,Q181507,New York Stock Exchange,STI,financial services; economics of banking; financial sector,,,,
http://www.wikidata.org/entity/Q4805956,Sunbelt Rentals,Q4805956,New York Stock Exchange,SUNB,equipment rental,,,,
http://www.wikidata.org/entity/Q1516410,Suncor Energy,Q1516410,New York Stock Exchange,SU,petroleum industry,,,,
http://www.wikidata.org/entity/Q7639364,Sunday Communications Limited,Q7639364,Nasdaq,SDAY,mobile telephony,,,,
http://www.wikidata.org/entity/Q98055133,Sunnova,Q98055133,New York Stock Exchange,NOVA,,,,,
http://www.wikidata.org/entity/Q1423218,Sunoco,Q1423218,New York Stock Exchange,SUN,petroleum industry; manufacture of refined petroleum products,,,,
http://www.wikidata.org/entity/Q612714,Sunrise Senior Living,Q612714,New York Stock Exchange,SRZ,health care; housing,,,,
http://www.wikidata.org/entity/Q612714,Sunrise Senior Living,Q612714,Nasdaq,SNRZ,health care; housing,,,,
http://www.wikidata.org/entity/Q7638158,Sunrun,Q7638158,Nasdaq,RUN,photovoltaic system; alternative energy industry,,,,
http://www.wikidata.org/entity/Q2892812,Suntory Global Spirits,Q2892812,New York Stock Exchange,,beverage industry,,,,
http://www.wikidata.org/entity/Q682047,SuperValu,Q682047,New York Stock Exchange,SVU,retail,,,,
http://www.wikidata.org/entity/Q30283141,Superconductor Technologies,Q30283141,Nasdaq,SCON,,,,,
http://www.wikidata.org/entity/Q7643493,Superior Bancorp,Q7643493,Nasdaq,SUPR,financial services,,,,
http://www.wikidata.org/entity/Q20486937,Superior Energy Services,Q20486937,New York Stock Exchange,SPN,petroleum industry,,,,
http://www.wikidata.org/entity/Q1817174,Supermicro,Q1817174,Nasdaq,SMCI,computer industry; computer hardware industry,,,,
http://www.wikidata.org/entity/Q7644560,Support.com,Q7644560,Nasdaq,SPRT,tertiary sector of the economy,,,,
http://www.wikidata.org/entity/Q124668353,Surgery Partners,Q124668353,Nasdaq,SGRY,health care industry,,,,
http://www.wikidata.org/entity/Q162852,SurveyMonkey,Q162852,Nasdaq,SVMK,software as a service; online survey service,,,,
http://www.wikidata.org/entity/Q7649295,Susquehanna Bank,Q7649295,Nasdaq,SUSQ,bank holding company,,,,
http://www.wikidata.org/entity/Q18636413,Sweetgreen,Q18636413,New York Stock Exchange,SG,restaurant industry,,,,
http://www.wikidata.org/entity/Q16985220,Swift Transportation,Q16985220,New York Stock Exchange,SWFT,,,,,
http://www.wikidata.org/entity/Q7658825,Swisher Hygiene,Q7658825,Nasdaq,SWSH,,,,,
http://www.wikidata.org/entity/Q73312516,Swvl,Q73312516,Nasdaq,SWVL,,,,,
http://www.wikidata.org/entity/Q2373884,Sykes Enterprises,Q2373884,Nasdaq,SYKE,,,,,
http://www.wikidata.org/entity/Q603253,Symbol Technologies,Q603253,New York Stock Exchange,SBL,computer hardware industry,,,,
http://www.wikidata.org/entity/Q112892574,Symbotic,Q112892574,Nasdaq,SYM,robotics,,,,
http://www.wikidata.org/entity/Q1315706,Symetra,Q1315706,New York Stock Exchange,,insurance industry,,,,
http://www.wikidata.org/entity/Q19882011,Synageva,Q19882011,Nasdaq,GEVA,pharmaceutical industry,,,,
http://www.wikidata.org/entity/Q1571490,Synaptics,Q1571490,Nasdaq,SYNA,computer hardware industry,,,,
http://www.wikidata.org/entity/Q18387139,Synchrony Financial,Q18387139,New York Stock Exchange,SYF,financial services,,,15625000000,2022-01-01T00:00:00Z
http://www.wikidata.org/entity/Q18153430,Syneos Health,Q18153430,Nasdaq,SYNH,pharmaceutical industry,,,,
http://www.wikidata.org/entity/Q5031634,Syneron Candela,Q5031634,Nasdaq,,,,,,
http://www.wikidata.org/entity/Q7662405,Syneron Medical,Q7662405,Nasdaq,ELOS,health care,,,,
http://www.wikidata.org/entity/Q7662493,Synnex,Q7662493,New York Stock Exchange,SNX,information technology,,,,
http://www.wikidata.org/entity/Q2303478,Synopsys,Q2303478,Nasdaq,SNPS,software industry,,,,
http://www.wikidata.org/entity/Q3508889,Synovus,Q3508889,New York Stock Exchange,SNV,bank,,,,
http://www.wikidata.org/entity/Q7662636,Synplicity,Q7662636,Nasdaq,,,,,,
http://www.wikidata.org/entity/Q7662679,Syntel,Q7662679,Nasdaq,SYNT,IT service management; information technology consulting,,,,
http://www.wikidata.org/entity/Q654343,Syntroleum,Q654343,Nasdaq,SYNM,engineering,,,,
http://www.wikidata.org/entity/Q2376711,Sysco,Q2376711,New York Stock Exchange,SYY,wholesale,,,68636146000,2022-01-01T00:00:00Z
http://www.wikidata.org/entity/Q3511885,T-Mobile US,Q3511885,Nasdaq,TMUS,telecommunications; mobile phone industry,,,81400000000,2024-01-01T00:00:00Z
http://www.wikidata.org/entity/Q7668516,T. Marzetti Company,Q7668516,Nasdaq,LANC,food processing,,,,
http://www.wikidata.org/entity/Q3511946,T. Rowe Price,Q3511946,Nasdaq,TROW,asset management,18000000000,2017-01-01T00:00:00Z,6488400000,2022-01-01T00:00:00Z
http://www.wikidata.org/entity/Q96407440,TAL Education Group,Q96407440,New York Stock Exchange,TAL,Elementary and Secondary Schools,,,,
http://www.wikidata.org/entity/Q16131515,TARO Pharmaceuticals,Q16131515,New York Stock Exchange,TARO,pharmaceutical industry,,,,
http://www.wikidata.org/entity/Q30269319,TC Biopharm,Q30269319,Nasdaq,TCBP,pharmaceutical industry,,,,
http://www.wikidata.org/entity/Q1516108,TC Energy,Q1516108,New York Stock Exchange,TRP,petroleum industry; energy industry,,,,
http://www.wikidata.org/entity/Q16985313,TC PipeLines,Q16985313,New York Stock Exchange,TCP,,,,,
http://www.wikidata.org/entity/Q7669688,TCF Financial Corporation,Q7669688,Nasdaq,TCF,bank,,,,
http://www.wikidata.org/entity/Q7669886,TD Ameritrade,Q7669886,New York Stock Exchange,AMTD,financial services,,,,
http://www.wikidata.org/entity/Q16952393,TD Cowen,Q16952393,Nasdaq,COWN,financial services,,,,
http://www.wikidata.org/entity/Q109539474,TD SYNNEX,Q109539474,New York Stock Exchange,SNX,IT service management,,,,
http://www.wikidata.org/entity/Q663452,TE Connectivity,Q663452,New York Stock Exchange,TEL,electronics,,,16281000000,2022-01-01T00:00:00Z
http://www.wikidata.org/entity/Q7669940,TECO Energy,Q7669940,New York Stock Exchange,TE,energy industry,,,,
http://www.wikidata.org/entity/Q7833614,TFI International,Q7833614,New York Stock Exchange,TFII,logistics; freight transport,,,3484000000,2020-01-01T00:00:00Z
http://www.wikidata.org/entity/Q106301317,TG Therapeutics,Q106301317,Nasdaq,TGTX,,,,,
http://www.wikidata.org/entity/Q580866,THQ,Q580866,Nasdaq,THQI,video game industry,,,,
http://www.wikidata.org/entity/Q1770325,TIBCO Spotfire Analytics,Q1770325,Nasdaq,TIBX,software industry,,,,
http://www.wikidata.org/entity/Q2079243,TIM Brasil,Q2079243,New York Stock Exchange,TIMB,telecommunications,,,,
http://www.wikidata.org/entity/Q144617,TIM Group,Q144617,New York Stock Exchange,TI,telecommunications,,,14442000000,2024-01-01T00:00:00Z
http://www.wikidata.org/entity/Q1285819,TJX Companies,Q1285819,New York Stock Exchange,TJX,retail,,,49936000000,2022-01-01T00:00:00Z
http://www.wikidata.org/entity/Q120435068,TKO Group Holdings,Q120435068,New York Stock Exchange,TKO,mass media; sports entertainment,,,,
http://www.wikidata.org/entity/Q131121068,TNL Mediagene,Q131121068,Nasdaq,TNMG,,,,,
http://www.wikidata.org/entity/Q694872,TORM,Q694872,Nasdaq,TRMD,shipping line,,,1559000000,2024-01-01T00:00:00Z
http://www.wikidata.org/entity/Q106623027,TPI Composites,Q106623027,Nasdaq,TPIC,,,,,
http://www.wikidata.org/entity/Q58041994,TRI Pointe Group,Q58041994,New York Stock Exchange,TPH,,,,,
http://www.wikidata.org/entity/Q1117943,TRW Automotive,Q1117943,New York Stock Exchange,TRW,automotive industry,,,,
http://www.wikidata.org/entity/Q713418,TSMC,Q713418,New York Stock Exchange,TSM,semiconductor industry,895821000000,2025-05-01T00:00:00Z,1587415037000,2021-01-01T00:00:00Z
http://www.wikidata.org/entity/Q7671766,TSYS,Q7671766,New York Stock Exchange,,,,,,
http://www.wikidata.org/entity/Q7695737,TTEC,Q7695737,Nasdaq,TTEC,,,,,
http://www.wikidata.org/entity/Q7671950,TTI Telecom,Q7671950,Nasdaq,TTIL,telecommunications,,,,
http://www.wikidata.org/entity/Q123269714,TTM Technologies,Q123269714,Nasdaq,TTMI,printed circuit board; microelectronics; transceiver,,,,
http://www.wikidata.org/entity/Q7672563,TW Telecom,Q7672563,Nasdaq,,telephone company,,,,
http://www.wikidata.org/entity/Q7119849,TXNM Energy,Q7119849,New York Stock Exchange,PNM,,,,,
http://www.wikidata.org/entity/Q7673435,"Tableau Software, Inc.",Q7673435,New York Stock Exchange,DATA,automation; customer relationship management; cloud computing; software industry; software as a service; data visualization; report generator,,,877000000,2017-01-01T00:00:00Z
http://www.wikidata.org/entity/Q18154756,Taboola,Q18154756,Nasdaq,TBLA,software industry; digital marketing; advertising industry,,,,
http://www.wikidata.org/entity/Q7675621,Tahoe Resources,Q7675621,New York Stock Exchange,TAHO,mining,,,,
http://www.wikidata.org/entity/Q3305660,Tailored Brands,Q3305660,New York Stock Exchange,MW,retail,,,,
http://www.wikidata.org/entity/Q94933,Take-Two Interactive,Q94933,Nasdaq,TTWO,video game industry,17840000000,2022-02-04T00:00:00Z,3372772000,2021-03-31T00:00:00Z
http://www.wikidata.org/entity/Q899133,Takeda Pharmaceutical Company,Q899133,New York Stock Exchange,TAK,pharmaceutical industry,,,,
http://www.wikidata.org/entity/Q20687182,Talen Energy,Q20687182,New York Stock Exchange,TLN,energy industry,,,,
http://www.wikidata.org/entity/Q17089427,Tallgrass Energy Partners,Q17089427,New York Stock Exchange,TGE,,,,,
http://www.wikidata.org/entity/Q39055285,Talos Energy,Q39055285,New York Stock Exchange,TALO,petroleum industry,,,,
http://www.wikidata.org/entity/Q22121872,"Tandem Diabetes Care, Inc.",Q22121872,Nasdaq,TNDM,,,,,
http://www.wikidata.org/entity/Q18217462,Tandy Leather Factory,Q18217462,Nasdaq,TLF,retail,,,,
http://www.wikidata.org/entity/Q7682888,Tanger Inc.,Q7682888,New York Stock Exchange,SKT,outlet store,,,,
http://www.wikidata.org/entity/Q56273715,"Tapestry, Inc.",Q56273715,New York Stock Exchange,TPR,fashion accessory; clothing industry,,,,
http://www.wikidata.org/entity/Q7685824,Targa Resources,Q7685824,New York Stock Exchange,TRGP,,,,,
http://www.wikidata.org/entity/Q7685835,Targanta Therapeutics Corporation,Q7685835,Nasdaq,TARG,biotechnology,,,,
http://www.wikidata.org/entity/Q1046951,Target Corporation,Q1046951,New York Stock Exchange,TGT,retail; retail chain; big-box store,,,109120000000,2022-01-01T00:00:00Z
http://www.wikidata.org/entity/Q7669439,Tat Technologies Ltd,Q7669439,Nasdaq,TATT,aviation,195859000,2022-11-15T00:00:00Z,,
http://www.wikidata.org/entity/Q188514,Tata Motors Ltd,Q188514,New York Stock Exchange,TTM,automotive industry,,,,
http://www.wikidata.org/entity/Q7688650,Taubman Centers,Q7688650,New York Stock Exchange,TCO,real estate investment trust,,,,
http://www.wikidata.org/entity/Q17108752,Taylor Corporation,Q17108752,New York Stock Exchange,,,,,,
http://www.wikidata.org/entity/Q7690075,Taylor Morrison,Q7690075,New York Stock Exchange,TMHC,,,,,
http://www.wikidata.org/entity/Q19863999,Team Health Holdings,Q19863999,New York Stock Exchange,TMH,health care,,,,
http://www.wikidata.org/entity/Q1715931,Tech Data,Q1715931,Nasdaq,TECD,wholesale,,,,
http://www.wikidata.org/entity/Q7692121,TechFaith,Q7692121,Nasdaq,CNTF,,,,,
http://www.wikidata.org/entity/Q7692144,TechTarget,Q7692144,Nasdaq,TTGT,marketing,,,,
http://www.wikidata.org/entity/Q30324333,TechnipFMC,Q30324333,New York Stock Exchange,FTI,petroleum industry,,,6700400000,2022-01-01T00:00:00Z
http://www.wikidata.org/entity/Q688725,Teck Resources,Q688725,New York Stock Exchange,TECK,copper industry; coal industry; zinc industry,,,,
http://www.wikidata.org/entity/Q7692916,Tecumseh Products,Q7692916,Nasdaq,TECU,industrial manufacturing,,,,
http://www.wikidata.org/entity/Q6954876,Tefron Ltd.,Q6954876,New York Stock Exchange,OTCPINK:TFRFF,,161105000,2022-11-15T00:00:00Z,,
http://www.wikidata.org/entity/Q20648663,Tegna Inc.,Q20648663,New York Stock Exchange,TGNA,,,,2.91,2023-01-01T00:00:00Z
http://www.wikidata.org/entity/Q7695260,Tejon Ranch,Q7695260,New York Stock Exchange,TRC,,,,,
http://www.wikidata.org/entity/Q20715093,Teladoc,Q20715093,New York Stock Exchange,TDOC,medicine; health care,,,,
http://www.wikidata.org/entity/Q1544312,Telecom Argentina,Q1544312,New York Stock Exchange,TEO,telecommunications,,,,
http://www.wikidata.org/entity/Q3063918,Telecomunicações de São Paulo,Q3063918,New York Stock Exchange,,telecommunications,,,,
http://www.wikidata.org/entity/Q7696127,Teledyne Technologies,Q7696127,New York Stock Exchange,TDY,conglomerate,,,1240000000,2018-01-01T00:00:00Z
http://www.wikidata.org/entity/Q7696143,Teleflex,Q7696143,New York Stock Exchange,TFX,medical device design,,,,
http://www.wikidata.org/entity/Q160229,Telefónica,Q160229,New York Stock Exchange,TEF,telecommunications,22390000000,2025-01-23T00:00:00Z,40652000000,2023-01-01T00:00:00Z
http://www.wikidata.org/entity/Q20059505,Telefônica Brasil,Q20059505,New York Stock Exchange,VIV,telecommunications,,,11.1,2018-01-01T00:00:00Z
http://www.wikidata.org/entity/Q7695732,Telenav,Q7695732,Nasdaq,TNAV,,,,,
http://www.wikidata.org/entity/Q7696488,Telephone and Data Systems,Q7696488,New York Stock Exchange,TDS,telecommunications,,,,
http://www.wikidata.org/entity/Q1818970,Telkom,Q1818970,New York Stock Exchange,,telecommunications,,,,
http://www.wikidata.org/entity/Q2305438,Telkom Indonesia,Q2305438,New York Stock Exchange,TLK,telecommunications; infrastructure industry,,,,
http://www.wikidata.org/entity/Q48967249,Tellurian Inc,Q48967249,Nasdaq,TELL,,,,,
http://www.wikidata.org/entity/Q7697828,Telos,Q7697828,Nasdaq,TLS,information technology,,,,
http://www.wikidata.org/entity/Q165858,Telus Communications,Q165858,New York Stock Exchange,TU,telecommunications; mobile phone industry,,,,
http://www.wikidata.org/entity/Q7697923,Telus Digital,Q7697923,New York Stock Exchange,TIXT,,,,,
http://www.wikidata.org/entity/Q19604577,Tempur Sealy International,Q19604577,New York Stock Exchange,TPX,mattress; bedding,,,,
http://www.wikidata.org/entity/Q1756920,Tempur-Pedic,Q1756920,New York Stock Exchange,,mattress,,,,
http://www.wikidata.org/entity/Q127040202,Tempus AI,Q127040202,Nasdaq,TEM,,,,,
http://www.wikidata.org/entity/Q55948312,Tenable Network Security,Q55948312,Nasdaq,TENB,computer security,,,,
http://www.wikidata.org/entity/Q642106,Tenaris,Q642106,New York Stock Exchange,TS,mining industry,,,,
http://www.wikidata.org/entity/Q56011958,Tencent Music,Q56011958,New York Stock Exchange,TME,entertainment industry,,,,
http://www.wikidata.org/entity/Q3518066,Tenet Healthcare,Q3518066,New York Stock Exchange,THC,health care,,,,
http://www.wikidata.org/entity/Q19884156,Tennant Company,Q19884156,New York Stock Exchange,TNC,,,,,
http://www.wikidata.org/entity/Q1509038,Tenneco,Q1509038,New York Stock Exchange,TEN,automotive part,,,,
http://www.wikidata.org/entity/Q7701490,Terabeam,Q7701490,Nasdaq,,,,,,
http://www.wikidata.org/entity/Q430745,Teradata,Q430745,New York Stock Exchange,TDC,,,,,
http://www.wikidata.org/entity/Q2404292,Teradyne,Q2404292,Nasdaq,TER,,,,,
http://www.wikidata.org/entity/Q2404292,Teradyne,Q2404292,New York Stock Exchange,TER,,,,,
http://www.wikidata.org/entity/Q7701648,Terayon,Q7701648,Nasdaq,TERN,,,,,
http://www.wikidata.org/entity/Q1937503,Terex,Q1937503,New York Stock Exchange,TEX,manufacture of machinery and equipment,,,,
http://www.wikidata.org/entity/Q918208,Ternium,Q918208,New York Stock Exchange,TX,iron and steel industry,,,,
http://www.wikidata.org/entity/Q16985436,Terra Nitrogen Company,Q16985436,New York Stock Exchange,,,,,,
http://www.wikidata.org/entity/Q7557128,TerraVia,Q7557128,Nasdaq,TVIA,biotechnology industry,,,,
http://www.wikidata.org/entity/Q118725786,Terran Orbital Corporation,Q118725786,New York Stock Exchange,LLAP,,,,,
http://www.wikidata.org/entity/Q17145596,Tesco Corporation,Q17145596,Nasdaq,TESO,,,,,
http://www.wikidata.org/entity/Q478214,Tesla,Q478214,Nasdaq,TSLA,automotive industry; solar industry; battery industry,903544000000,2025-05-01T00:00:00Z,94827000000,2025-01-01T00:00:00Z
http://www.wikidata.org/entity/Q2037080,Tesoro Corporation,Q2037080,New York Stock Exchange,ANDV,petroleum industry; energy industry; gas industry,,,34975000000,2017-01-01T00:00:00Z
http://www.wikidata.org/entity/Q7706196,Tetra Tech,Q7706196,Nasdaq,TTEK,professional service,,,,
http://www.wikidata.org/entity/Q898750,Teva Pharmaceutical Industries Ltd.,Q898750,New York Stock Exchange,TEVA,pharmaceutical industry,34782501000,2022-11-15T00:00:00Z,,
http://www.wikidata.org/entity/Q54622058,Texas Capital Bank,Q54622058,Nasdaq,TCBI,bank,,,,
http://www.wikidata.org/entity/Q193412,Texas Instruments,Q193412,Nasdaq,TXN,electronics; calculator; semiconductor industry,153992000000,2022-02-18T00:00:00Z,20028000000,2022-01-01T00:00:00Z
http://www.wikidata.org/entity/Q7707900,Texas Pacific Land Trust,Q7707900,New York Stock Exchange,TPL,,,,,
http://www.wikidata.org/entity/Q7707945,Texas Roadhouse,Q7707945,Nasdaq,TXRH,gastronomy,,,,
http://www.wikidata.org/entity/Q16985465,Textainer Group Holdings,Q16985465,New York Stock Exchange,TGH,,,,,
http://www.wikidata.org/entity/Q2140315,Textron,Q2140315,New York Stock Exchange,TXT,automotive industry,,,13702000000,2024-01-01T00:00:00Z
http://www.wikidata.org/entity/Q7712716,The Advisory Board Company,Q7712716,Nasdaq,ABCO,,,,,
http://www.wikidata.org/entity/Q7713699,The Andersons,Q7713699,Nasdaq,ANDE,conglomerate,,,,
http://www.wikidata.org/entity/Q589288,The Bank of New York Mellon,Q589288,New York Stock Exchange,BK,economics of banking,,,16377000000,2022-01-01T00:00:00Z
http://www.wikidata.org/entity/Q7719081,The Bon-Ton,Q7719081,Nasdaq,BONT,retail,,,,
http://www.wikidata.org/entity/Q1045842,The Cheesecake Factory,Q1045842,Nasdaq,CAKE,gastronomy,,,,
http://www.wikidata.org/entity/Q3520257,The Children's Place,Q3520257,Nasdaq,PLCE,,,,5369936,2023-01-01T00:00:00Z
http://www.wikidata.org/entity/Q642271,The Cigna Group,Q642271,New York Stock Exchange,CI,managed care,,,174078000000,2021-01-01T00:00:00Z
http://www.wikidata.org/entity/Q3295867,The Coca-Cola Company,Q3295867,New York Stock Exchange,KO,fast-moving consumer goods; beverage industry,,,47061000000,2024-01-01T00:00:00Z
http://www.wikidata.org/entity/Q7727445,The Container Store,Q7727445,New York Stock Exchange,TCS,retail; home improvement; Organizing,,,,
http://www.wikidata.org/entity/Q1129792,The Cooper Companies,Q1129792,New York Stock Exchange,COO,medical device,,,,
http://www.wikidata.org/entity/Q7727656,The Corporate Executive Board Company,Q7727656,New York Stock Exchange,,,,,,
http://www.wikidata.org/entity/Q7728670,The Daily Journal Corporation,Q7728670,Nasdaq,,,,,,
http://www.wikidata.org/entity/Q7735265,The Fresh Market,Q7735265,Nasdaq,TFM,retail; supermarket,,,,
http://www.wikidata.org/entity/Q7738224,The Greenbrier Companies,Q7738224,New York Stock Exchange,GBX,,,,,
http://www.wikidata.org/entity/Q444110,The Hartford,Q444110,New York Stock Exchange,HIG,,17870000000,2016-10-02T00:00:00Z,28368000000,2025-01-01T00:00:00Z
http://www.wikidata.org/entity/Q1056637,The Hershey Company,Q1056637,New York Stock Exchange,HSY,"manufacture of cocoa, chocolate and sugar confectionery",,,10419294000,2022-01-01T00:00:00Z
http://www.wikidata.org/entity/Q1543874,The Hertz Corporation,Q1543874,Nasdaq,HTZ,tourism industry,,,,
http://www.wikidata.org/entity/Q864407,The Home Depot,Q864407,New York Stock Exchange,HD,retail; hardware store,285920000000,2020-01-01T00:00:00Z,159514000000,2024-01-01T00:00:00Z
http://www.wikidata.org/entity/Q18534725,The Honest Company,Q18534725,Nasdaq,HNST,retail,,,,
http://www.wikidata.org/entity/Q12521253,The Howard Hughes Corporation,Q12521253,New York Stock Exchange,HHH,real estate development,,,,
http://www.wikidata.org/entity/Q7742790,The J.M. Smucker Company,Q7742790,New York Stock Exchange,SJM,,,,,
http://www.wikidata.org/entity/Q7743510,The Jones Group,Q7743510,New York Stock Exchange,,fashion,,,,
http://www.wikidata.org/entity/Q7744883,The Knot Worldwide,Q7744883,New York Stock Exchange,,,,,,
http://www.wikidata.org/entity/Q6456630,The L. S. Starrett Company,Q6456630,New York Stock Exchange,SCX,,,,,
http://www.wikidata.org/entity/Q836040,The Manitowoc Company,Q836040,New York Stock Exchange,MTW,industrial manufacturing,,,,
http://www.wikidata.org/entity/Q1660027,The McClatchy Company,Q1660027,New York Stock Exchange,MNI,publishing,,,,
http://www.wikidata.org/entity/Q60772582,The Michaels Companies,Q60772582,Nasdaq,MIK,retail,,,,
http://www.wikidata.org/entity/Q7752327,The Mosaic Company,Q7752327,New York Stock Exchange,MOS,agriculture,,,19125200000,2022-01-01T00:00:00Z
http://www.wikidata.org/entity/Q2529982,The New York Times Company,Q2529982,New York Stock Exchange,NYT,journalism,,,,
http://www.wikidata.org/entity/Q7756009,The Pantry,Q7756009,Nasdaq,PTRY,convenience store,,,,
http://www.wikidata.org/entity/Q7756963,The Phoenix Companies,Q7756963,Nasdaq,VRTS,financial services,,,,
http://www.wikidata.org/entity/Q7756963,The Phoenix Companies,Q7756963,New York Stock Exchange,,financial services,,,,
http://www.wikidata.org/entity/Q84698811,The RMR Group,Q84698811,New York Stock Exchange,RMR,Real estate investment; financial services,,,,
http://www.wikidata.org/entity/Q65090792,The RealReal,Q65090792,Nasdaq,REAL,Recommerce,,,,
http://www.wikidata.org/entity/Q7761625,The Rouse Company,Q7761625,New York Stock Exchange,RSE,real estate development; real estate management,,,,
http://www.wikidata.org/entity/Q2414097,The Scotts Miracle-Gro Company,Q2414097,New York Stock Exchange,SMG,horticulture; industrial manufacturing,,,,
http://www.wikidata.org/entity/Q1539185,The Timberland Company,Q1539185,New York Stock Exchange,,fashion,,,,
http://www.wikidata.org/entity/Q942471,The Travelers Companies,Q942471,New York Stock Exchange,TRV,insurance,,,36884000000,2022-01-01T00:00:00Z
http://www.wikidata.org/entity/Q7772938,The Vitamin Shoppe,Q7772938,New York Stock Exchange,VSI,retail,,,,
http://www.wikidata.org/entity/Q7414,The Walt Disney Company,Q7414,New York Stock Exchange,DIS,animation; amusement park; film industry; tourism industry; leisure park industry; media industry; entertainment industry,,,82722000000,2022-01-01T00:00:00Z
http://www.wikidata.org/entity/Q7776719,The York Water Company,Q7776719,Nasdaq,YORW,,,,,
http://www.wikidata.org/entity/Q7711620,The9,Q7711620,Nasdaq,NCTY,video game industry,,,,
http://www.wikidata.org/entity/Q7711656,TheStreet,Q7711656,Nasdaq,TST,publishing,,,,
http://www.wikidata.org/entity/Q643674,Thermo Fisher Scientific Inc.,Q643674,New York Stock Exchange,TMO,biotechnology industry,,,39211000000,2021-01-01T00:00:00Z
http://www.wikidata.org/entity/Q7786824,Thomas & Betts,Q7786824,New York Stock Exchange,TNB,,,,,
http://www.wikidata.org/entity/Q7793308,Thomas Properties Group,Q7793308,New York Stock Exchange,TPGI,real estate investment trust,,,,
http://www.wikidata.org/entity/Q7795716,Thompson Creek Metals,Q7795716,New York Stock Exchange,TC,mining,,,,
http://www.wikidata.org/entity/Q1141267,Thomson Reuters,Q1141267,New York Stock Exchange,TRI,media industry,45900000000,2021-08-24T00:00:00Z,5984000000,2020-01-01T00:00:00Z
http://www.wikidata.org/entity/Q7796068,Thor Industries,Q7796068,New York Stock Exchange,THO,Motor Vehicle Body Manufacturing; Motor Home Manufacturing; Travel Trailer and Camper Manufacturing; leisure industry,,,,
http://www.wikidata.org/entity/Q7796156,Thoratec,Q7796156,Nasdaq,,,,,,
http://www.wikidata.org/entity/Q10382234,ThoughtWorks,Q10382234,Nasdaq,TWKS,technology; software industry; consulting,,,,
http://www.wikidata.org/entity/Q105751519,Thredup,Q105751519,Nasdaq,TDUP,online shopping; consignment,,,,
http://www.wikidata.org/entity/Q14914829,"Thryv, Inc.",Q14914829,Nasdaq,THRY,communications media,,,,
http://www.wikidata.org/entity/Q917002,TiVo Corporation,Q917002,Nasdaq,TIVO,,,,,
http://www.wikidata.org/entity/Q2609162,Ticketmaster,Q2609162,New York Stock Exchange,ACE,entertainment,,,,
http://www.wikidata.org/entity/Q7800873,Tidewater,Q7800873,New York Stock Exchange,TDW,water transport,,,397040000,2020-12-31T00:00:00Z
http://www.wikidata.org/entity/Q136656600,TierOne Bank,Q136656600,Nasdaq,TONE,financial services,,,,
http://www.wikidata.org/entity/Q1066858,Tiffany & Co.,Q1066858,New York Stock Exchange,TIF,retail; jewelry; jewelry industry; jewelry design,,,,
http://www.wikidata.org/entity/Q7801348,TigerLogic,Q7801348,Nasdaq,,software industry,,,,
http://www.wikidata.org/entity/Q7802889,Tillys,Q7802889,New York Stock Exchange,TLYS,retail,,,,
http://www.wikidata.org/entity/Q60480286,Tilray,Q60480286,Nasdaq,TLRY,,,,,
http://www.wikidata.org/entity/Q175106,Tim Hortons,Q175106,New York Stock Exchange,THI,fast food,,,,
http://www.wikidata.org/entity/Q1885099,Time Warner Cable,Q1885099,New York Stock Exchange,TWC,telecommunications,,,,
http://www.wikidata.org/entity/Q469553,Timken Company,Q469553,New York Stock Exchange,TKR,industrial manufacturing,,,,
http://www.wikidata.org/entity/Q7808537,Tintri,Q7808537,Nasdaq,TNTR,recording medium,,,,
http://www.wikidata.org/entity/Q7809764,Titan Machinery,Q7809764,Nasdaq,TITN,seed technology; construction machinery industry,,,,
http://www.wikidata.org/entity/Q7809768,Titan Pharmaceuticals,Q7809768,Nasdaq,TTNP,pharmaceutical industry,,,,
http://www.wikidata.org/entity/Q7809776,Titan Tire Corporation,Q7809776,New York Stock Exchange,TWI,,,,,
http://www.wikidata.org/entity/Q16985644,Titanium Metals,Q16985644,New York Stock Exchange,TIE,,,,,
http://www.wikidata.org/entity/Q1592340,Tivity Health,Q1592340,Nasdaq,HWAY,health care,,,,
http://www.wikidata.org/entity/Q25025312,"Toast, Inc.",Q25025312,New York Stock Exchange,TOST,,,,,
http://www.wikidata.org/entity/Q5629085,Tokio Marine HCC,Q5629085,New York Stock Exchange,HCC,insurance,,,,
http://www.wikidata.org/entity/Q119659472,"Tokyo Lifestyle Co., Ltd.",Q119659472,Nasdaq,TKLF,,,,,
http://www.wikidata.org/entity/Q7814310,Toll Brothers,Q7814310,New York Stock Exchange,TOL,,,,,
http://www.wikidata.org/entity/Q39052499,Tonix Pharmaceuticals,Q39052499,Nasdaq,TNXP,pharmaceutical industry,,,,
http://www.wikidata.org/entity/Q7824332,Tootsie Roll Industries,Q7824332,New York Stock Exchange,TR,,,,,
http://www.wikidata.org/entity/Q106253502,TopBuild Corp.,Q106253502,New York Stock Exchange,BLD,,,,,
http://www.wikidata.org/entity/Q935059,Toro,Q935059,New York Stock Exchange,TTC,mechanical engineering,,,,
http://www.wikidata.org/entity/Q1194832,Toronto-Dominion Bank,Q1194832,New York Stock Exchange,TD,financial services; financial sector,,,,
http://www.wikidata.org/entity/Q7827120,Torrid,Q7827120,New York Stock Exchange,CURV,retail; clothing industry,,,,
http://www.wikidata.org/entity/Q3996930,Tower International,Q3996930,New York Stock Exchange,TOWR,automotive industry,,,,
http://www.wikidata.org/entity/Q7829730,Tower Semiconductor Ltd.,Q7829730,Nasdaq,TSEM,semiconductor,16186326000,2022-11-15T00:00:00Z,,
http://www.wikidata.org/entity/Q3535949,Towers Watson,Q3535949,New York Stock Exchange,TW,professional service,,,,
http://www.wikidata.org/entity/Q3535949,Towers Watson,Q3535949,Nasdaq,WLTW,professional service,,,,
http://www.wikidata.org/entity/Q3535948,Towerstream,Q3535948,Nasdaq,TWER,telecommunications,,,,
http://www.wikidata.org/entity/Q7830012,Town Sports International Holdings,Q7830012,Nasdaq,CLUB,health club,,,,
http://www.wikidata.org/entity/Q117461845,TowneBank,Q117461845,Nasdaq,TOWN,,,,,
http://www.wikidata.org/entity/Q7830269,Townsquare Media,Q7830269,New York Stock Exchange,TSQ,mass media,,,,
http://www.wikidata.org/entity/Q53268,Toyota,Q53268,New York Stock Exchange,TM,automotive industry,249042000000,2025-05-01T00:00:00Z,410890000000,2024-01-01T00:00:00Z
http://www.wikidata.org/entity/Q15109925,Tractor Supply Company,Q15109925,Nasdaq,TSCO,retail,,,,
http://www.wikidata.org/entity/Q60744565,Trade Desk,Q60744565,Nasdaq,TTD,online advertising,,,,
http://www.wikidata.org/entity/Q18754966,Tradeweb Llc,Q18754966,Nasdaq,TW,,,,,
http://www.wikidata.org/entity/Q2448801,TransAlta Corporation,Q2448801,New York Stock Exchange,TAC,electricity generation,,,,
http://www.wikidata.org/entity/Q7833612,TransDigm Group Inc.,Q7833612,New York Stock Exchange,TDG,industrial manufacturing; aerospace industry,,,5430000000,2022-01-01T00:00:00Z
http://www.wikidata.org/entity/Q1295969,TransMontaigne,Q1295969,New York Stock Exchange,TLP,petroleum industry,,,,
http://www.wikidata.org/entity/Q7833641,TransUnion,Q7833641,New York Stock Exchange,TRU,information technology industry,,,,
http://www.wikidata.org/entity/Q686785,Transocean,Q686785,New York Stock Exchange,RIG,list of oilfield service companies,,,,
http://www.wikidata.org/entity/Q25100315,Transphorm,Q25100315,Nasdaq,TGAN,power electronics,,,,
http://www.wikidata.org/entity/Q2449642,Transportadora de Gas del Sur,Q2449642,New York Stock Exchange,TGS,,,,,
http://www.wikidata.org/entity/Q7835892,TravelCenters of America,Q7835892,Nasdaq,TA,truck stop,,,,
http://www.wikidata.org/entity/Q7836120,Travelzoo,Q7836120,Nasdaq,TZOO,mass media,,,,
http://www.wikidata.org/entity/Q7837478,Tredegar corporation,Q7837478,New York Stock Exchange,TG,,,,,
http://www.wikidata.org/entity/Q7838954,Trevena Inc,Q7838954,Nasdaq,TRVN,pharmaceutical industry,,,,
http://www.wikidata.org/entity/Q16985774,"Trex Company, Inc.",Q16985774,New York Stock Exchange,TREX,,,,,
http://www.wikidata.org/entity/Q108888216,Tri Counties Bank,Q108888216,Nasdaq,TCBK,online banking; financial services; private banking; financial sector,,,,
http://www.wikidata.org/entity/Q105038141,Tri Pointe Homes,Q105038141,New York Stock Exchange,TPH,,,,,
http://www.wikidata.org/entity/Q138635611,TriCo Bancshares,Q138635611,Nasdaq,TCBK,,,,,
http://www.wikidata.org/entity/Q7839814,TriNet HR Services,Q7839814,New York Stock Exchange,TNET,,,,,
http://www.wikidata.org/entity/Q474570,TriQuint Semiconductor,Q474570,Nasdaq,TQNT,,,,,
http://www.wikidata.org/entity/Q2140077,Tribune Media,Q2140077,New York Stock Exchange,TRCO,media industry,,,,
http://www.wikidata.org/entity/Q99744172,Tricida,Q99744172,Nasdaq,TCDA,pharmaceutical industry,,,,
http://www.wikidata.org/entity/Q1193833,Trident Microsystems,Q1193833,Nasdaq,TRID,computer hardware industry,,,,
http://www.wikidata.org/entity/Q2297063,Trimble,Q2297063,Nasdaq,TRMB,,,,1300000000,2008-01-01T00:00:00Z
http://www.wikidata.org/entity/Q2453426,Trina Solar,Q2453426,New York Stock Exchange,,photovoltaics,,,,
http://www.wikidata.org/entity/Q7842860,Trinity Industries,Q7842860,New York Stock Exchange,TRN,conglomerate,2199000000,2025-05-15T00:00:00Z,,
http://www.wikidata.org/entity/Q18354527,Trinseo,Q18354527,New York Stock Exchange,TSE,industrial manufacturing,,,,
http://www.wikidata.org/entity/Q5191790,Trip.com Group,Q5191790,Nasdaq,TCOM,tourism industry,,,,
http://www.wikidata.org/entity/Q1770710,Tripadvisor,Q1770710,Nasdaq,TRIP,tourism; publishing; tourism industry,,,,
http://www.wikidata.org/entity/Q7843323,Triple-S Management Corporation,Q7843323,New York Stock Exchange,GTS,insurance industry,,,,
http://www.wikidata.org/entity/Q48180669,Triton International,Q48180669,New York Stock Exchange,TRTN,,,,,
http://www.wikidata.org/entity/Q15507516,Triumph Group,Q15507516,New York Stock Exchange,TGI,industrial manufacturing; aerospace industry,,,770000000,2016-01-01T00:00:00Z
http://www.wikidata.org/entity/Q7844609,Trius Therapeutics,Q7844609,Nasdaq,TSRX,,,,,
http://www.wikidata.org/entity/Q265286,Trivago,Q265286,Nasdaq,TRVG,tourism; e-commerce,,,535004000,2022-01-01T00:00:00Z
http://www.wikidata.org/entity/Q3999691,Tronox,Q3999691,New York Stock Exchange,TROX,mining,,,,
http://www.wikidata.org/entity/Q7847126,Trubion,Q7847126,Nasdaq,,pharmaceutical industry,,,,
http://www.wikidata.org/entity/Q33127130,TrueBlue,Q33127130,New York Stock Exchange,TBI,,,,,
http://www.wikidata.org/entity/Q7847309,TrueCar,Q7847309,Nasdaq,TRUE,,,,,
http://www.wikidata.org/entity/Q795486,Truist Financial,Q795486,New York Stock Exchange,TFC,financial services,,,,
http://www.wikidata.org/entity/Q7847653,Trulia,Q7847653,New York Stock Exchange,TRLA,real estate industry,,,,
http://www.wikidata.org/entity/Q109030760,Trump Media & Technology Group,Q109030760,Nasdaq,DJT,technology industry; media industry,2473000000,2026-05-08T00:00:00Z,3682600,2025-01-01T00:00:00Z
http://www.wikidata.org/entity/Q7848008,Trupanion,Q7848008,Nasdaq,TRUP,pet insurance,,,,
http://www.wikidata.org/entity/Q7848087,TrustCo Bank,Q7848087,Nasdaq,TRST,bank,,,,
http://www.wikidata.org/entity/Q7850758,TubeMogul,Q7850758,Nasdaq,tube,,,,,
http://www.wikidata.org/entity/Q2087612,Tucows,Q2087612,Nasdaq,TCX,,,,,
http://www.wikidata.org/entity/Q7851426,Tuesday Morning,Q7851426,Nasdaq,TUES,retail,,,,
http://www.wikidata.org/entity/Q7851506,Tufin,Q7851506,New York Stock Exchange,,computer security,,,,
http://www.wikidata.org/entity/Q4465402,Tumi Inc.,Q4465402,New York Stock Exchange,TUMI,,,,,
http://www.wikidata.org/entity/Q1129117,Tupperware,Q1129117,New York Stock Exchange,TUP,direct selling,,,1300000000,2022-01-01T00:00:00Z
http://www.wikidata.org/entity/Q16985829,Tupperware Brands,Q16985829,New York Stock Exchange,TUP,,,,,
http://www.wikidata.org/entity/Q283852,Turkcell,Q283852,New York Stock Exchange,TKC,telecommunications; mobile phone industry,,,,
http://www.wikidata.org/entity/Q7856196,Turquoise Hill Resources,Q7856196,Nasdaq,,mining,,,,
http://www.wikidata.org/entity/Q7856196,Turquoise Hill Resources,Q7856196,New York Stock Exchange,TRQ,mining,,,,
http://www.wikidata.org/entity/Q7856379,Turtle Beach Systems,Q7856379,Nasdaq,HEAR,video game industry; computer hardware industry,,,,
http://www.wikidata.org/entity/Q7856971,Tutor Perini,Q7856971,New York Stock Exchange,TPC,construction,,,,
http://www.wikidata.org/entity/Q7857512,Tween Brands,Q7857512,Nasdaq,ASNA,retail,,,,
http://www.wikidata.org/entity/Q7858039,Twilio,Q7858039,New York Stock Exchange,TWLO,Voice over IP; software development; software industry,,,,
http://www.wikidata.org/entity/Q7858146,Twin Disc,Q7858146,Nasdaq,TWIN,,,,,
http://www.wikidata.org/entity/Q43303430,Twist Bioscience,Q43303430,Nasdaq,TWST,biotechnology,,,,
http://www.wikidata.org/entity/Q1390577,Twitter,Q1390577,New York Stock Exchange,TWTR,Internet industry,,,,
http://www.wikidata.org/entity/Q672885,Tyco International,Q672885,New York Stock Exchange,TYC,,,,,
http://www.wikidata.org/entity/Q48802335,Tyler Technologies,Q48802335,New York Stock Exchange,TYL,software industry,,,,
http://www.wikidata.org/entity/Q1325987,Tyson Foods,Q1325987,New York Stock Exchange,TSN,agriculture; meatpacking industry,,,54400000000,2025-01-01T00:00:00Z
http://www.wikidata.org/entity/Q106221634,U-Haul Holding Company,Q106221634,Nasdaq,UHAL,,,,,
http://www.wikidata.org/entity/Q106221634,U-Haul Holding Company,Q106221634,New York Stock Exchange,UHAL.B,,,,,
http://www.wikidata.org/entity/Q91498427,U.S. Auto Parts,Q91498427,Nasdaq,PRTS,,,,,
http://www.wikidata.org/entity/Q739084,U.S. Bancorp,Q739084,New York Stock Exchange,USB,economics of banking; financial services; financial sector,1587600000000,2021-07-17T00:00:00Z,23325000000,2020-01-01T00:00:00Z
http://www.wikidata.org/entity/Q2466256,U.S. Cellular,Q2466256,New York Stock Exchange,USM,telecommunications; mobile phone industry,,,,
http://www.wikidata.org/entity/Q7863116,U.S. Century Bank,Q7863116,Nasdaq,USCB,bank,,,,
http://www.wikidata.org/entity/Q17149417,U.S. Concrete,Q17149417,Nasdaq,USCR,,,,,
http://www.wikidata.org/entity/Q72539,U.S. Steel,Q72539,New York Stock Exchange,X,iron and steel industry,9840000000,2025-05-01T00:00:00Z,21065000000,2022-01-01T00:00:00Z
http://www.wikidata.org/entity/Q7863740,UAL Corporation,Q7863740,Nasdaq,,transport,,,16335000000,2009-01-01T00:00:00Z
http://www.wikidata.org/entity/Q193199,UBS,Q193199,New York Stock Exchange,UBS,"financial services; economics of banking; financial service activities, except insurance and pension funding; financial sector",,,34563000000,2022-01-01T00:00:00Z
http://www.wikidata.org/entity/Q27988153,UDR,Q27988153,New York Stock Exchange,UDR,real estate investment trust,,,,
http://www.wikidata.org/entity/Q17145997,UFP Technologies,Q17145997,Nasdaq,UFPT,,,,,
http://www.wikidata.org/entity/Q2852632,UGI Corporation,Q2852632,New York Stock Exchange,UGI,energy industry,,,,
http://www.wikidata.org/entity/Q7864706,UIL Holdings Corporation,Q7864706,New York Stock Exchange,UIL,holding company,,,,
http://www.wikidata.org/entity/Q7865088,UMB Financial Corporation,Q7865088,Nasdaq,UMBF,financial sector,,,,
http://www.wikidata.org/entity/Q25103752,UMH Properties,Q25103752,New York Stock Exchange,UMH,,,,,
http://www.wikidata.org/entity/Q7580289,UNISOC,Q7580289,Nasdaq,,,,,,
http://www.wikidata.org/entity/Q85811579,UPC Insurance,Q85811579,Nasdaq,UIHC,insurance,,,,
http://www.wikidata.org/entity/Q847232,URS Corporation,Q847232,New York Stock Exchange,URS,engineering,,,2310000000,2013-01-01T00:00:00Z
http://www.wikidata.org/entity/Q7875835,US Airways Group,Q7875835,New York Stock Exchange,U,aviation; air transport,,,,
http://www.wikidata.org/entity/Q1668265,US Foods,Q1668265,New York Stock Exchange,USFD,foodservice distributor,,,,
http://www.wikidata.org/entity/Q136659556,USA Rare Earth,Q136659556,Nasdaq,USAR,,,,,
http://www.wikidata.org/entity/Q7865844,USA Technologies Inc.,Q7865844,Nasdaq,USAT,,,,,
http://www.wikidata.org/entity/Q1345971,USA Today Co.,Q1345971,New York Stock Exchange,GCI,mass media,,,2900000000,2022-01-01T00:00:00Z
http://www.wikidata.org/entity/Q2502355,USANA Health Sciences,Q2502355,New York Stock Exchange,USNA,food industry,,,,
http://www.wikidata.org/entity/Q3550736,USG Corporation,Q3550736,New York Stock Exchange,USG,industrial manufacturing; construction industry,,,,
http://www.wikidata.org/entity/Q7876045,UTStarcom,Q7876045,Nasdaq,UTSI,,,,,
http://www.wikidata.org/entity/Q106024170,UWM Holdings,Q106024170,New York Stock Exchange,UWMC,financial sector,,,,
http://www.wikidata.org/entity/Q780442,Uber,Q780442,New York Stock Exchange,UBER,information technology; peer-to-peer ridesharing,189063000000,2025-05-15T00:00:00Z,43978000000,2024-01-01T00:00:00Z
http://www.wikidata.org/entity/Q7876533,Ubiquiti,Q7876533,New York Stock Exchange,UI,computer network,,,,
http://www.wikidata.org/entity/Q55080120,UiPath,Q55080120,New York Stock Exchange,PATH,software industry,,,,
http://www.wikidata.org/entity/Q7880076,Ulta Beauty,Q7880076,Nasdaq,ULTA,cosmetics industry,,,,
http://www.wikidata.org/entity/Q7880250,Ultimate Software,Q7880250,Nasdaq,ULTI,software industry,,,,
http://www.wikidata.org/entity/Q17086475,Ultralife Corporation,Q17086475,Nasdaq,ULBI,,,,106795000,2019-01-01T00:00:00Z
http://www.wikidata.org/entity/Q1579222,Ultrapar,Q1579222,New York Stock Exchange,UGP,petroleum industry,,,,
http://www.wikidata.org/entity/Q2031485,Under Armour,Q2031485,New York Stock Exchange,UA,clothing industry,,,,
http://www.wikidata.org/entity/Q7884645,UniFirst,Q7884645,New York Stock Exchange,UNF,industrial laundry,,,,
http://www.wikidata.org/entity/Q7884714,Unicast Company,Q7884714,Nasdaq,ENLV,online advertising,,,,
http://www.wikidata.org/entity/Q7885165,Unify Corporation,Q7885165,Nasdaq,DAEG,software industry,,,,
http://www.wikidata.org/entity/Q157062,Unilever,Q157062,New York Stock Exchange,UL,"food industry; fast-moving consumer goods; perfumery; personal care product; dairy industry; manufacture of vegetable and animal oils and fats; manufacture of grain mill products, starches and starch products; manufacture of bakery and farinaceous products; manufacture of soap and detergents, cleaning and polishing preparations, perfumes and toilet preparations",,,60073000000,2022-01-01T00:00:00Z
http://www.wikidata.org/entity/Q17121792,Unilife,Q17121792,Nasdaq,UNIS,pharmaceutical industry,,,,
http://www.wikidata.org/entity/Q20183163,Union Pacific Corporation,Q20183163,New York Stock Exchange,UNP,transport; rail transport,,,24875000000,2022-01-01T00:00:00Z
http://www.wikidata.org/entity/Q725793,Union Pacific Railroad,Q725793,New York Stock Exchange,CNP,rail transport,137927000000,2025-05-15T00:00:00Z,,
http://www.wikidata.org/entity/Q518016,Unisys,Q518016,New York Stock Exchange,UIS,IT service management; information and communications technology; consulting; data analytics software industry,,,,
http://www.wikidata.org/entity/Q174769,United Airlines,Q174769,Nasdaq,UAL,air transport,22900000000,2019-01-24T00:00:00Z,,
http://www.wikidata.org/entity/Q871700,United Airlines Holdings,Q871700,New York Stock Exchange,UAL,air transport,,,44955000000,2022-01-01T00:00:00Z
http://www.wikidata.org/entity/Q7887485,United Asset Management,Q7887485,New York Stock Exchange,BSIG,financial services,,,,
http://www.wikidata.org/entity/Q16920636,United Bank,Q16920636,Nasdaq,UBSI,economics of banking; financial services; financial sector,,,,
http://www.wikidata.org/entity/Q7887635,United Community Bank,Q7887635,Nasdaq,UCBI,,,,,
http://www.wikidata.org/entity/Q16959074,United Financial Bancorp,Q16959074,Nasdaq,UBNK,financial services,,,,
http://www.wikidata.org/entity/Q143616,United Microelectronics Corporation,Q143616,New York Stock Exchange,UMC,semiconductor industry,,,,
http://www.wikidata.org/entity/Q7888979,United Natural Foods,Q7888979,Nasdaq,UNFI,wholesale; food distribution; consumer products distribution,,,,
http://www.wikidata.org/entity/Q7888979,United Natural Foods,Q7888979,New York Stock Exchange,UNFI,wholesale; food distribution; consumer products distribution,,,,
http://www.wikidata.org/entity/Q100321332,United Nuclear Corporation,Q100321332,New York Stock Exchange,UNC,mining; aviation,,,,
http://www.wikidata.org/entity/Q2495283,United Online,Q2495283,Nasdaq,UNTD,Internet,,,,
http://www.wikidata.org/entity/Q155026,United Parcel Service,Q155026,New York Stock Exchange,UPS,logistics; delivery,,,91070000000,2024-01-01T00:00:00Z
http://www.wikidata.org/entity/Q828545,United Parks & Resorts,Q828545,New York Stock Exchange,PRKS,leisure park industry,,,,
http://www.wikidata.org/entity/Q7889101,United Rentals,Q7889101,New York Stock Exchange,URI,equipment rental,,,11642000000,2022-01-01T00:00:00Z
http://www.wikidata.org/entity/Q16959092,United Security Bancshares,Q16959092,Nasdaq,UBFO,bank,,,,
http://www.wikidata.org/entity/Q1045758,United Technologies Corporation,Q1045758,New York Stock Exchange,UTX,holding company,,,13100000000,2019-01-01T00:00:00Z
http://www.wikidata.org/entity/Q110877094,United Wholesale Mortgage,Q110877094,New York Stock Exchange,UWMC,,,,,
http://www.wikidata.org/entity/Q2103926,UnitedHealth Group,Q2103926,New York Stock Exchange,UNH,health insurance company,,,400278000000,2024-01-01T00:00:00Z
http://www.wikidata.org/entity/Q135579976,Uniti,Q135579976,Nasdaq,UNIT,telecommunications,,,,
http://www.wikidata.org/entity/Q17144598,Unitil Corporation,Q17144598,New York Stock Exchange,UTL,public utility,,,,
http://www.wikidata.org/entity/Q7893816,Unity Technologies,Q7893816,New York Stock Exchange,U,video game industry; media industry,8805000000,2025-05-01T00:00:00Z,,
http://www.wikidata.org/entity/Q772813,Univar Solutions,Q772813,New York Stock Exchange,UNVR,,,,,
http://www.wikidata.org/entity/Q7893879,Universal American,Q7893879,New York Stock Exchange,UAM,health insurance,,,,
http://www.wikidata.org/entity/Q7893929,Universal Corporation,Q7893929,New York Stock Exchange,UVV,,,,,
http://www.wikidata.org/entity/Q3116307,Universal Display Corporation,Q3116307,Nasdaq,OLED,computer hardware industry,,,,
http://www.wikidata.org/entity/Q7893954,Universal Forest Products,Q7893954,Nasdaq,ufpi,,,,,
http://www.wikidata.org/entity/Q7893967,Universal Health Services,Q7893967,New York Stock Exchange,UHS,,,,,
http://www.wikidata.org/entity/Q7894082,Universal Technical Institute,Q7894082,New York Stock Exchange,UTI,education,,,,
http://www.wikidata.org/entity/Q1889100,University of Phoenix,Q1889100,New York Stock Exchange,PXED,,,,,
http://www.wikidata.org/entity/Q143435,Unum,Q143435,New York Stock Exchange,UNM,,,,11991000000,2022-01-01T00:00:00Z
http://www.wikidata.org/entity/Q7899307,Upstart Holdings,Q7899307,Nasdaq,UPST,fintech,,,,
http://www.wikidata.org/entity/Q3344170,Upwork,Q3344170,Nasdaq,UPWK,computing platform; online marketplace,,,,
http://www.wikidata.org/entity/Q17086854,Uranium Resources,Q17086854,Nasdaq,URRE,,,,,
http://www.wikidata.org/entity/Q7280957,Urban One,Q7280957,Nasdaq,UONE,broadcasting; media industry,,,,
http://www.wikidata.org/entity/Q3552193,Urban Outfitters,Q3552193,Nasdaq,URBN,retail,,,,
http://www.wikidata.org/entity/Q60763554,Urstadt Biddle Properties,Q60763554,New York Stock Exchange,UBA,real estate investment trust,,,,
http://www.wikidata.org/entity/Q7903503,Utz Brands,Q7903503,New York Stock Exchange,UTZ,,,,,
http://www.wikidata.org/entity/Q106522144,VBI Vaccines,Q106522144,Nasdaq,VBIV,pharmaceutical industry,,,,
http://www.wikidata.org/entity/Q7906620,VCA Animal Hospitals,Q7906620,Nasdaq,WOOF,veterinary medicine,,,,
http://www.wikidata.org/entity/Q1562826,VEON,Q1562826,Nasdaq,VEON,telecommunications,,,,
http://www.wikidata.org/entity/Q457960,VF Corporation,Q457960,New York Stock Exchange,VFC,clothing industry,,,,
http://www.wikidata.org/entity/Q28222763,VIAVI Solutions,Q28222763,Nasdaq,VIAV,,,,,
http://www.wikidata.org/entity/Q5362061,VLSI Technology,Q5362061,Nasdaq,VLSI,semiconductor industry; electronics industry,,,,
http://www.wikidata.org/entity/Q11407,VMware,Q11407,New York Stock Exchange,VMW,software industry,,,13350000000,2022-01-01T00:00:00Z
http://www.wikidata.org/entity/Q18208141,VMware Carbon Black,Q18208141,Nasdaq,CBLK,computer security; endpoint security,,,,
http://www.wikidata.org/entity/Q7907548,VSE Corporation,Q7907548,Nasdaq,VSEC,,,,,
http://www.wikidata.org/entity/Q7907666,VWR International,Q7907666,Nasdaq,VWR,,,,,
http://www.wikidata.org/entity/Q7907809,Vaalco Energy,Q7907809,New York Stock Exchange,EGY,petroleum industry,,,,
http://www.wikidata.org/entity/Q17514215,Vacasa,Q17514215,Nasdaq,VCSA,,,,,
http://www.wikidata.org/entity/Q16986288,Vail Resorts,Q16986288,New York Stock Exchange,MTN,ski industry,,,,
http://www.wikidata.org/entity/Q5379929,Valaris plc,Q5379929,New York Stock Exchange,VAL,petroleum industry,,,,
http://www.wikidata.org/entity/Q7909276,Valassis,Q7909276,New York Stock Exchange,VCI,advertising,,,,
http://www.wikidata.org/entity/Q583268,Vale,Q583268,New York Stock Exchange,VALE,mining,,,,
http://www.wikidata.org/entity/Q3553552,Valens Semiconductor,Q3553552,New York Stock Exchange,VLN,,,,,
http://www.wikidata.org/entity/Q1283291,Valero Energy,Q1283291,New York Stock Exchange,VLO,petroleum industry,,,176383000000,2022-01-01T00:00:00Z
http://www.wikidata.org/entity/Q22909604,"Valhi, Inc.",Q22909604,New York Stock Exchange,VHI,holding company,,,,
http://www.wikidata.org/entity/Q7912152,Valley National Bank,Q7912152,New York Stock Exchange,,financial services,,,,
http://www.wikidata.org/entity/Q7912506,Valmont Industries,Q7912506,New York Stock Exchange,VMI,industrial manufacturing,,,,
http://www.wikidata.org/entity/Q48822,Valspar,Q48822,New York Stock Exchange,VAL,chemical industry,,,,
http://www.wikidata.org/entity/Q7912737,Value Line,Q7912737,Nasdaq,VALU,financial services,,,,
http://www.wikidata.org/entity/Q16531742,Valvoline,Q16531742,New York Stock Exchange,VVV,chemical industry; automotive services industry,,,,
http://www.wikidata.org/entity/Q7914005,VanceInfo,Q7914005,New York Stock Exchange,,information technology,,,,
http://www.wikidata.org/entity/Q7914826,Vanguard Health Systems,Q7914826,New York Stock Exchange,,hospital,,,,
http://www.wikidata.org/entity/Q19865696,Vapotherm,Q19865696,New York Stock Exchange,VAPO,,,,,
http://www.wikidata.org/entity/Q4993917,Varian Medical Systems,Q4993917,New York Stock Exchange,VAR,health technology,,,,
http://www.wikidata.org/entity/Q7915754,Varian Semiconductor,Q7915754,Nasdaq,,,,,,
http://www.wikidata.org/entity/Q19903773,Varonis Systems,Q19903773,Nasdaq,VRNS,software industry,,,,
http://www.wikidata.org/entity/Q30292482,Vaxart,Q30292482,Nasdaq,VXRT,biotechnology,,,,
http://www.wikidata.org/entity/Q7917805,Vector Group,Q7917805,New York Stock Exchange,VGR,,,,,
http://www.wikidata.org/entity/Q7917863,Vectren,Q7917863,New York Stock Exchange,VVC,public utility,,,,
http://www.wikidata.org/entity/Q3958138,Vedanta Limited,Q3958138,New York Stock Exchange,VEDL,mining,,,,
http://www.wikidata.org/entity/Q1503753,Vedanta Resources,Q1503753,New York Stock Exchange,VEDL,mining; petroleum industry,,,,
http://www.wikidata.org/entity/Q1665653,Veeco,Q1665653,Nasdaq,VECO,industrial manufacturing,,,,
http://www.wikidata.org/entity/Q24204493,Veeva Systems,Q24204493,New York Stock Exchange,VEEV,software industry,,,,
http://www.wikidata.org/entity/Q7919303,Velodyne Lidar,Q7919303,New York Stock Exchange,VLDR,intelligent transportation system; advanced driver-assistance system,,,,
http://www.wikidata.org/entity/Q19865761,"Ventas, Inc.",Q19865761,New York Stock Exchange,VTR,real estate investment trust,,,,
http://www.wikidata.org/entity/Q1632461,Veolia,Q1632461,New York Stock Exchange,VE,waste management; water supply,,,45351000000,2023-01-01T00:00:00Z
http://www.wikidata.org/entity/Q7920749,Vera Bradley,Q7920749,Nasdaq,VRA,,,,,
http://www.wikidata.org/entity/Q124721239,Veralto Corporation,Q124721239,New York Stock Exchange,VLTO,,,,,
http://www.wikidata.org/entity/Q30289308,Verastem Oncology,Q30289308,Nasdaq,VSTM,pharmaceutical industry,,,,
http://www.wikidata.org/entity/Q7921231,Verenium Corporation,Q7921231,Nasdaq,VRNM,biotechnology; industrial sector,,,,
http://www.wikidata.org/entity/Q2912154,VeriFone,Q2912154,Nasdaq,PAY,electronics,,,,
http://www.wikidata.org/entity/Q2912154,VeriFone,Q2912154,New York Stock Exchange,PAY,electronics,,,,
http://www.wikidata.org/entity/Q19604609,Vericel,Q19604609,Nasdaq,VCEL,biotechnology,,,,
http://www.wikidata.org/entity/Q2515994,Verigy,Q2515994,Nasdaq,,,,,,
http://www.wikidata.org/entity/Q7921363,Verint Systems,Q7921363,Nasdaq,VRNT,software industry,,,,
http://www.wikidata.org/entity/Q734338,Verisign,Q734338,Nasdaq,VRSN,Internet; telecommunications,,,1424900000,2022-01-01T00:00:00Z
http://www.wikidata.org/entity/Q7921370,Verisk Analytics,Q7921370,Nasdaq,VRSK,data analysis; risk assessment,,,,
http://www.wikidata.org/entity/Q27988208,Veritiv,Q27988208,New York Stock Exchange,VRTV,pulp and paper industry,,,,
http://www.wikidata.org/entity/Q96413806,Veritone Inc.,Q96413806,Nasdaq,VERI,,,,,
http://www.wikidata.org/entity/Q467752,Verizon,Q467752,New York Stock Exchange,VZ,telecommunications,232130000000,2021-06-24T00:00:00Z,134788000000,2024-01-01T00:00:00Z
http://www.wikidata.org/entity/Q467752,Verizon,Q467752,Nasdaq,VZ,telecommunications,232130000000,2021-06-24T00:00:00Z,134788000000,2024-01-01T00:00:00Z
http://www.wikidata.org/entity/Q7921589,Vermilion Energy,Q7921589,Nasdaq,,petroleum industry,,,,
http://www.wikidata.org/entity/Q7921589,Vermilion Energy,Q7921589,New York Stock Exchange,VET,petroleum industry,,,,
http://www.wikidata.org/entity/Q135832869,Versant,Q135832869,Nasdaq,VSNT,cable television,,,,
http://www.wikidata.org/entity/Q16986417,Versar,Q16986417,New York Stock Exchange,VSR,,,,,
http://www.wikidata.org/entity/Q2744099,Vertex Pharmaceuticals,Q2744099,Nasdaq,VRTX,pharmaceutical industry; biotechnology industry; health care industry,,,8930700000,2022-01-01T00:00:00Z
http://www.wikidata.org/entity/Q60754620,Vertical Aerospace,Q60754620,New York Stock Exchange,EVTL,aerospace industry,,,,
http://www.wikidata.org/entity/Q5370909,Vertiv,Q5370909,New York Stock Exchange,VRT,industrial manufacturing; electrical industry,,,10229900000,2025-01-01T00:00:00Z
http://www.wikidata.org/entity/Q122947676,Vestis Corporation,Q122947676,New York Stock Exchange,VSTS,,,,,
http://www.wikidata.org/entity/Q25339988,Via,Q25339988,New York Stock Exchange,VIA,taxi service,,,,
http://www.wikidata.org/entity/Q214346,Viacom,Q214346,Nasdaq,VIA,media industry,26560000000,2021-04-22T00:00:00Z,25285000000,2020-01-01T00:00:00Z
http://www.wikidata.org/entity/Q7924444,Viad,Q7924444,New York Stock Exchange,VVI,,,,,
http://www.wikidata.org/entity/Q115258245,Viant Technology,Q115258245,Nasdaq,DSP,,,,,
http://www.wikidata.org/entity/Q7924358,Viasat,Q7924358,Nasdaq,VSAT,communication,,,860000000,2018-01-01T00:00:00Z
http://www.wikidata.org/entity/Q101983981,Viatris,Q101983981,Nasdaq,VTRS,pharmaceutical industry; health care industry,,,,
http://www.wikidata.org/entity/Q54263910,Vici Properties,Q54263910,New York Stock Exchange,VICI,real property,,,,
http://www.wikidata.org/entity/Q7925565,Vicor Corporation,Q7925565,Nasdaq,VICR,,,,,
http://www.wikidata.org/entity/Q332477,Victoria’s Secret,Q332477,New York Stock Exchange,VSCO,clothing industry,,,,
http://www.wikidata.org/entity/Q121816947,Victory Capital,Q121816947,Nasdaq,VCTR,financial services,,,,
http://www.wikidata.org/entity/Q77581453,ViewRay,Q77581453,Nasdaq,VRAY,,,,,
http://www.wikidata.org/entity/Q30269384,Viking Therapeutics,Q30269384,Nasdaq,VKTX,biotechnology industry,,,,
http://www.wikidata.org/entity/Q156376,Vimeo,Q156376,Nasdaq,VMEO,online video platform,,,,
http://www.wikidata.org/entity/Q7931283,Vimicro,Q7931283,Nasdaq,VIMC,,,,,
http://www.wikidata.org/entity/Q19854317,Vipshop,Q19854317,New York Stock Exchange,VIPS,e-commerce,,,,
http://www.wikidata.org/entity/Q7933662,Virata Corporation,Q7933662,Nasdaq,,fabless semiconductor manufacturer,,,,
http://www.wikidata.org/entity/Q645084,Virgin America,Q645084,Nasdaq,VA,,,,,
http://www.wikidata.org/entity/Q373225,Virgin Galactic,Q373225,New York Stock Exchange,SPCE,space tourism,9490000000,2021-06-23T00:00:00Z,238000,2020-01-01T00:00:00Z
http://www.wikidata.org/entity/Q2931412,Viridien,Q2931412,New York Stock Exchange,CGG,"petroleum industry; various specialized, scientific and technical activities; geospatial industry",,,,
http://www.wikidata.org/entity/Q17087047,VirnetX,Q17087047,New York Stock Exchange,VHC,internet security,,,,
http://www.wikidata.org/entity/Q7934840,ViroPharma,Q7934840,Nasdaq,VPHM,pharmaceutical industry,,,,
http://www.wikidata.org/entity/Q7934906,Virtu Financial,Q7934906,Nasdaq,VIRT,financial services,,,,
http://www.wikidata.org/entity/Q7935247,Virtus Investment Partners,Q7935247,Nasdaq,VRTS,asset management; portfolio management,,,,
http://www.wikidata.org/entity/Q2516971,Virtusa,Q2516971,Nasdaq,VRTU,information technology,,,,
http://www.wikidata.org/entity/Q328840,Visa Inc.,Q328840,New York Stock Exchange,V,financial services,657727000000,2025-05-01T00:00:00Z,40000000000,2025-01-01T00:00:00Z
http://www.wikidata.org/entity/Q2528284,Vishay Intertechnology,Q2528284,New York Stock Exchange,VSH,electronics,,,,
http://www.wikidata.org/entity/Q120007567,Vishay Precision Group,Q120007567,Nasdaq,,electronics,,,,
http://www.wikidata.org/entity/Q120007567,Vishay Precision Group,Q120007567,New York Stock Exchange,VPG,electronics,,,,
http://www.wikidata.org/entity/Q17091062,Vision Sciences Inc.,Q17091062,Nasdaq,VSCI,,,,,
http://www.wikidata.org/entity/Q98525405,Vista Oil & Gas,Q98525405,New York Stock Exchange,VIST,petroleum industry,,,,
http://www.wikidata.org/entity/Q21072695,Vista Outdoor,Q21072695,New York Stock Exchange,VSTO,shooting sports,,,,
http://www.wikidata.org/entity/Q2128566,Vistaprint,Q2128566,Nasdaq,CMPR,e-commerce,,,,
http://www.wikidata.org/entity/Q637474,Visteon,Q637474,Nasdaq,VC,automotive supplier,,,,
http://www.wikidata.org/entity/Q637474,Visteon,Q637474,New York Stock Exchange,,automotive supplier,,,,
http://www.wikidata.org/entity/Q104158381,Vistra,Q104158381,New York Stock Exchange,VST,,,,,
http://www.wikidata.org/entity/Q121096624,Vita Coco,Q121096624,Nasdaq,,,,,,
http://www.wikidata.org/entity/Q7936709,Vitacost,Q7936709,Nasdaq,VITC,e-commerce,,,,
http://www.wikidata.org/entity/Q16981100,Vital Energy,Q16981100,New York Stock Exchange,VTLE,petroleum industry,,,,
http://www.wikidata.org/entity/Q7937048,Vitesse Semiconductor,Q7937048,Nasdaq,VTSS,,,,,
http://www.wikidata.org/entity/Q7937913,Vivint Solar,Q7937913,New York Stock Exchange,VSLR,solar panel; solar power,,,,
http://www.wikidata.org/entity/Q1428656,Vivo,Q1428656,New York Stock Exchange,,telecommunications; mobile phone industry,,,,
http://www.wikidata.org/entity/Q7937957,Vivus,Q7937957,Nasdaq,VVUS,pharmaceutical industry,,,,
http://www.wikidata.org/entity/Q3561692,Vizio,Q3561692,New York Stock Exchange,VZIO,electronics,,,,
http://www.wikidata.org/entity/Q7939183,VocalTec,Q7939183,Nasdaq,CALL,telecommunications,,,,
http://www.wikidata.org/entity/Q122141,Vodafone,Q122141,Nasdaq,VOD,telecommunications,49958000000,2022-02-22T00:00:00Z,43809000000,2021-03-31T00:00:00Z
http://www.wikidata.org/entity/Q122141,Vodafone,Q122141,New York Stock Exchange,,telecommunications,49958000000,2022-02-22T00:00:00Z,43809000000,2021-03-31T00:00:00Z
http://www.wikidata.org/entity/Q431757,Volaris,Q431757,New York Stock Exchange,VLRS,,,,,
http://www.wikidata.org/entity/Q2021416,Volcom,Q2021416,Nasdaq,VLCM,textile industry,,,,
http://www.wikidata.org/entity/Q109307156,Volta Charging,Q109307156,New York Stock Exchange,VLTA,electric vehicle charging network,,,,
http://www.wikidata.org/entity/Q17091125,Voltari,Q17091125,Nasdaq,VLTC,,,,,
http://www.wikidata.org/entity/Q866972,Vonage,Q866972,New York Stock Exchange,,telecommunications,,,,
http://www.wikidata.org/entity/Q101209850,Vontier,Q101209850,New York Stock Exchange,VNT,,,,,
http://www.wikidata.org/entity/Q368181,Vornado Realty Trust,Q368181,New York Stock Exchange,VNO,real estate investment trust,,,,
http://www.wikidata.org/entity/Q19799775,Voxeljet,Q19799775,New York Stock Exchange,VJET,,,,,
http://www.wikidata.org/entity/Q2506396,Voxx International,Q2506396,Nasdaq,VOXX,,,,,
http://www.wikidata.org/entity/Q5972276,Voya Financial,Q5972276,New York Stock Exchange,VOYA,financial services,,,5922000000,2022-01-01T00:00:00Z
http://www.wikidata.org/entity/Q7943131,Vringo,Q7943131,Nasdaq,VRNG,consumer electronics industry,,,,
http://www.wikidata.org/entity/Q1685287,Vulcan Materials Company,Q1685287,New York Stock Exchange,VMC,list of building materials,,,,
http://www.wikidata.org/entity/Q7943726,Vuzix,Q7943726,Nasdaq,VUZI,,,,,
http://www.wikidata.org/entity/Q7945867,W. P. Carey & Co.,Q7945867,New York Stock Exchange,WPC,real estate investment trust,,,,
http://www.wikidata.org/entity/Q1369955,W. R. Berkley,Q1369955,New York Stock Exchange,WRB,insurance,,,,
http://www.wikidata.org/entity/Q498746,W. R. Grace and Company,Q498746,New York Stock Exchange,GRA,,,,,
http://www.wikidata.org/entity/Q1627894,W. W. Grainger,Q1627894,New York Stock Exchange,GWW,,,,,
http://www.wikidata.org/entity/Q7946278,"WABCO Holdings, Inc.",Q7946278,New York Stock Exchange,WBC,,,,,
http://www.wikidata.org/entity/Q663448,WABCO Vehicle Control Systems,Q663448,New York Stock Exchange,WBC,automotive supplier,,,,
http://www.wikidata.org/entity/Q21189117,WD-40 Company,Q21189117,Nasdaq,WDFC,chemical industry,,,,
http://www.wikidata.org/entity/Q8027166,WEC Energy Group,Q8027166,New York Stock Exchange,WEC,,,,,
http://www.wikidata.org/entity/Q7949044,WESCO International,Q7949044,New York Stock Exchange,WCC,maintenance,,,,
http://www.wikidata.org/entity/Q123112141,WK Kellogg Co,Q123112141,New York Stock Exchange,KLG,,,,,
http://www.wikidata.org/entity/Q1515039,WME Group,Q1515039,New York Stock Exchange,EDR,talent agent,,,,
http://www.wikidata.org/entity/Q7953597,WNS Global Services,Q7953597,New York Stock Exchange,WNS,information technology consulting,,,,
http://www.wikidata.org/entity/Q7954024,WOW!,Q7954024,New York Stock Exchange,WOW,telecommunications,,,,
http://www.wikidata.org/entity/Q7954203,WPCS International,Q7954203,Nasdaq,WPCS,,,,,
http://www.wikidata.org/entity/Q1318049,WPP plc,Q1318049,Nasdaq,WPP,marketing,,,,
http://www.wikidata.org/entity/Q1318049,WPP plc,Q1318049,New York Stock Exchange,WPP,marketing,,,,
http://www.wikidata.org/entity/Q19867294,WPX Energy,Q19867294,New York Stock Exchange,WPX,extraction of petroleum; gas industry,,,,
http://www.wikidata.org/entity/Q106641474,WRAP Technologies,Q106641474,Nasdaq,WRAP,,,,,
http://www.wikidata.org/entity/Q21016487,"WRKCo, Inc.",Q21016487,New York Stock Exchange,WRK,corrugated fiberboard,,,,
http://www.wikidata.org/entity/Q7955609,WSFS Bank,Q7955609,Nasdaq,WSFS,financial sector,,,,
http://www.wikidata.org/entity/Q1929466,WW International,Q1929466,Nasdaq,WW,,,,,
http://www.wikidata.org/entity/Q35339,WWE,Q35339,New York Stock Exchange,TKO,professional wrestling,,,,
http://www.wikidata.org/entity/Q7971859,WaFd Bank,Q7971859,Nasdaq,WAFD,economics of banking; financial services; financial sector,,,,
http://www.wikidata.org/entity/Q7958645,Wabash National,Q7958645,New York Stock Exchange,WNC,transport,,,,
http://www.wikidata.org/entity/Q741707,Wabtec,Q741707,New York Stock Exchange,WAB,transport industry,,,,
http://www.wikidata.org/entity/Q7958965,Waddell & Reed,Q7958965,New York Stock Exchange,WDR,,,,,
http://www.wikidata.org/entity/Q7960224,Wainwright Bank,Q7960224,Nasdaq,WAIN,finance; financial services,,,,
http://www.wikidata.org/entity/Q1591889,Walgreens,Q1591889,New York Stock Exchange,WAG,retail,,,67420000000,2010-01-01T00:00:00Z
http://www.wikidata.org/entity/Q18712620,Walgreens Boots Alliance,Q18712620,Nasdaq,WBA,retail,,,132703000000,2022-01-01T00:00:00Z
http://www.wikidata.org/entity/Q60764327,Walker & Dunlop,Q60764327,New York Stock Exchange,WD,,,,,
http://www.wikidata.org/entity/Q107183498,Wallbox,Q107183498,New York Stock Exchange,WBX,,,,,
http://www.wikidata.org/entity/Q7964770,Walter Energy,Q7964770,New York Stock Exchange,WLT,mining of coal,,,,
http://www.wikidata.org/entity/Q7968882,Warby Parker,Q7968882,New York Stock Exchange,WRBY,retail,,,,
http://www.wikidata.org/entity/Q7969661,Warnaco Group,Q7969661,New York Stock Exchange,WRC,retail,,,,
http://www.wikidata.org/entity/Q107074885,Warner Bros. Discovery,Q107074885,Nasdaq,WBD,mass media; media industry,,,,
http://www.wikidata.org/entity/Q21077,Warner Music Group,Q21077,Nasdaq,WMG,music industry,,,6037000000,2023-01-01T00:00:00Z
http://www.wikidata.org/entity/Q191715,WarnerMedia,Q191715,New York Stock Exchange,TWX,telecommunications; Internet industry; media industry; TV industry; publishing industry,74530000000,2017-01-01T00:00:00Z,44700000000,2006-01-01T00:00:00Z
http://www.wikidata.org/entity/Q7971876,Washington Gas,Q7971876,New York Stock Exchange,,public utility,,,,
http://www.wikidata.org/entity/Q24908086,Washington Prime Group,Q24908086,New York Stock Exchange,WPG,real estate investment trust,,,,
http://www.wikidata.org/entity/Q7972797,Waste Connections,Q7972797,New York Stock Exchange,,waste management,,,,
http://www.wikidata.org/entity/Q7248824,Waste Connections of Canada,Q7248824,New York Stock Exchange,BIN,waste management,,,,
http://www.wikidata.org/entity/Q2552219,"Waste Management, Inc",Q2552219,New York Stock Exchange,WM,waste management industry,,,19698000000,2022-01-01T00:00:00Z
http://www.wikidata.org/entity/Q1322011,Waters Corporation,Q1322011,New York Stock Exchange,WAT,manufacturing of scientific and technical instrumentation,,,,
http://www.wikidata.org/entity/Q7974766,Watsco,Q7974766,New York Stock Exchange,WSO,"heating, ventilation, and air conditioning",,,,
http://www.wikidata.org/entity/Q16986877,Wausau Paper,Q16986877,New York Stock Exchange,WPP,pulp and paper industry,,,,
http://www.wikidata.org/entity/Q91396922,Wave Life Sciences,Q91396922,Nasdaq,WVE,,,,,
http://www.wikidata.org/entity/Q3540193,Wayfair,Q3540193,New York Stock Exchange,W,e-commerce,,,,
http://www.wikidata.org/entity/Q112892633,WeRide,Q112892633,Nasdaq,WRD,autonomous car,,,,
http://www.wikidata.org/entity/Q19995004,WeWork,Q19995004,New York Stock Exchange,WE,coworking industry,,,,
http://www.wikidata.org/entity/Q18394708,Wealthfront,Q18394708,Nasdaq,WLTH,financial services,,,,
http://www.wikidata.org/entity/Q621071,Weatherford International,Q621071,New York Stock Exchange,,,,,,
http://www.wikidata.org/entity/Q7978418,Web.com,Q7978418,Nasdaq,WWWW,,,,,
http://www.wikidata.org/entity/Q16967024,Web.com,Q16967024,Nasdaq,WSPI,web hosting service,,,,
http://www.wikidata.org/entity/Q3536160,WebMD,Q3536160,Nasdaq,WBMD,health care,,,,
http://www.wikidata.org/entity/Q2740047,Weber-Stephen Products,Q2740047,New York Stock Exchange,WEBR,industrial manufacturing,,,,
http://www.wikidata.org/entity/Q7978891,Webster Bank,Q7978891,New York Stock Exchange,WBS,finance,,,,
http://www.wikidata.org/entity/Q12010467,Weibo Corporation,Q12010467,Nasdaq,WB,Internet,,,,
http://www.wikidata.org/entity/Q17091323,Weingarten Realty,Q17091323,New York Stock Exchange,WRI,real estate investment trust,,,,
http://www.wikidata.org/entity/Q7980370,Weis Markets,Q7980370,New York Stock Exchange,WMK,,,,,
http://www.wikidata.org/entity/Q7981065,WellCare,Q7981065,New York Stock Exchange,WCG,health care,,,,
http://www.wikidata.org/entity/Q744149,Wells Fargo,Q744149,New York Stock Exchange,WFC,economics of banking; financial services; financial sector,243673000000,2025-05-12T00:00:00Z,82296000000,2024-01-01T00:00:00Z
http://www.wikidata.org/entity/Q20486917,Welltower,Q20486917,New York Stock Exchange,WELL,real estate investment trust,,,,
http://www.wikidata.org/entity/Q550258,Wendy's,Q550258,Nasdaq,WEN,fast food,,,,
http://www.wikidata.org/entity/Q2559267,Wendy's Company,Q2559267,Nasdaq,WEN,restaurant,,,,
http://www.wikidata.org/entity/Q7983382,Werner Enterprises,Q7983382,Nasdaq,WERN,,,,,
http://www.wikidata.org/entity/Q7983629,WesBanco,Q7983629,Nasdaq,WSBC,economics of banking; financial services; financial sector,,,,
http://www.wikidata.org/entity/Q7984769,West Coast Bancorp,Q7984769,Nasdaq,,financial services,,,,
http://www.wikidata.org/entity/Q7984882,West Corporation,Q7984882,Nasdaq,WSTC,,,,,
http://www.wikidata.org/entity/Q1765036,West Fraser Timber,Q1765036,New York Stock Exchange,WFG,forestry,,,,
http://www.wikidata.org/entity/Q7985852,West Marine,Q7985852,Nasdaq,WMAR,,,,,
http://www.wikidata.org/entity/Q30338243,West Pharmaceutical Services (United States),Q30338243,New York Stock Exchange,WST,,,,,
http://www.wikidata.org/entity/Q7987101,Westamerica Bank,Q7987101,Nasdaq,WABC,economics of banking,,,,
http://www.wikidata.org/entity/Q7987345,"Westell Technologies, Inc.",Q7987345,Nasdaq,WSTL,telecommunications,,,,
http://www.wikidata.org/entity/Q106238038,Western Alliance Bancorporation,Q106238038,New York Stock Exchange,WAL,bank,,,,
http://www.wikidata.org/entity/Q738770,Western Digital,Q738770,Nasdaq,WDC,computer storage media,,,,
http://www.wikidata.org/entity/Q7988215,Western Refining,Q7988215,New York Stock Exchange,WNR,petroleum industry,,,,
http://www.wikidata.org/entity/Q861042,Western Union,Q861042,New York Stock Exchange,WU,financial services; telecommunications; financial sector,,,4835000000,2020-01-01T00:00:00Z
http://www.wikidata.org/entity/Q17326957,Westlake Corporation,Q17326957,New York Stock Exchange,WLK,petroleum industry,,,15794000000,2022-01-01T00:00:00Z
http://www.wikidata.org/entity/Q2031726,Westpac,Q2031726,New York Stock Exchange,WBK,economics of banking; financial services; financial sector,82066398745,2021-11-18T00:00:00Z,,
http://www.wikidata.org/entity/Q7989598,Westport Innovations,Q7989598,Nasdaq,WPRT,,,,,
http://www.wikidata.org/entity/Q21010691,Westwood Holdings Group,Q21010691,New York Stock Exchange,WHG,,,,,
http://www.wikidata.org/entity/Q1780382,Weyerhaeuser,Q1780382,New York Stock Exchange,WY,pulp and paper industry,,,10184000000,2022-01-01T00:00:00Z
http://www.wikidata.org/entity/Q1747133,Wheaton Precious Metals,Q1747133,New York Stock Exchange,SLW,mining,,,,
http://www.wikidata.org/entity/Q56273933,Wheels Up,Q56273933,New York Stock Exchange,UP,,,,,
http://www.wikidata.org/entity/Q1471346,Whirlpool,Q1471346,New York Stock Exchange,WHR,home appliance industry,,,,
http://www.wikidata.org/entity/Q7995089,White Mountains Insurance Group,Q7995089,New York Stock Exchange,WTM,,,,,
http://www.wikidata.org/entity/Q100323973,Whitestone REIT,Q100323973,New York Stock Exchange,WSR,,,,,
http://www.wikidata.org/entity/Q1809448,Whole Foods Market,Q1809448,Nasdaq,WFM,food industry,,,,
http://www.wikidata.org/entity/Q15109932,WiLAN,Q15109932,Nasdaq,WILN,,,,,
http://www.wikidata.org/entity/Q7998742,Widmer Brothers Brewery,Q7998742,Nasdaq,BREW,brewing industry,,,,
http://www.wikidata.org/entity/Q1479654,Wiley,Q1479654,New York Stock Exchange,WLY,,,,,
http://www.wikidata.org/entity/Q4019844,Wilhelmina Models,Q4019844,Nasdaq,WHLM,modeling agency,,,,
http://www.wikidata.org/entity/Q106301677,WillScot Mobile Mini Holdings Corp.,Q106301677,Nasdaq,WSC,construction,,,,
http://www.wikidata.org/entity/Q8003328,Willamette Valley Vineyards,Q8003328,Nasdaq,WVVI,wine,,,,
http://www.wikidata.org/entity/Q8003525,Willbros Group,Q8003525,New York Stock Exchange,WG,construction,,,,
http://www.wikidata.org/entity/Q17087372,Willdan Group,Q17087372,Nasdaq,WLDN,,,,,
http://www.wikidata.org/entity/Q930639,Williams Companies,Q930639,New York Stock Exchange,WMB,petroleum industry,,,10965000000,2022-01-01T00:00:00Z
http://www.wikidata.org/entity/Q2581220,"Williams-Sonoma, Inc.",Q2581220,New York Stock Exchange,WSM,home furnishing,,,,
http://www.wikidata.org/entity/Q919120,Willis Group,Q919120,New York Stock Exchange,WSH,insurance broker,,,,
http://www.wikidata.org/entity/Q21189883,Willis Towers Watson,Q21189883,Nasdaq,WTW,risk management; insurance broker; consulting company,,,8866000000,2022-01-01T00:00:00Z
http://www.wikidata.org/entity/Q8024771,Windstream Holdings,Q8024771,Nasdaq,WIN,telephone directory,,,,
http://www.wikidata.org/entity/Q8025339,Wingstop,Q8025339,Nasdaq,WING,restaurant,,,,
http://www.wikidata.org/entity/Q28048853,Winmark,Q28048853,Nasdaq,WINA,,,,,
http://www.wikidata.org/entity/Q8025558,Winnebago Industries,Q8025558,New York Stock Exchange,WGO,automotive industry,,,,
http://www.wikidata.org/entity/Q23680018,Wintrust Financial,Q23680018,Nasdaq,WTFC,financial services,,,,
http://www.wikidata.org/entity/Q1364176,Wipro,Q1364176,New York Stock Exchange,WIT,information technology consulting; IT service management,,,,
http://www.wikidata.org/entity/Q8027406,WisdomTree Investments,Q8027406,Nasdaq,WETF,,,,,
http://www.wikidata.org/entity/Q8027406,WisdomTree Investments,Q8027406,New York Stock Exchange,WT,,,,,
http://www.wikidata.org/entity/Q420506,Wix.com,Q420506,Nasdaq,WIX,Internet; e-commerce; web hosting service; website builder; Internet industry,,,203540000,2015-01-01T00:00:00Z
http://www.wikidata.org/entity/Q5183828,Wolfspeed,Q5183828,Nasdaq,WOLF,electronics,,,,
http://www.wikidata.org/entity/Q5183828,Wolfspeed,Q5183828,New York Stock Exchange,WOLF,electronics,,,,
http://www.wikidata.org/entity/Q8030548,Wolverine World Wide,Q8030548,New York Stock Exchange,WWW,textile industry,,,,
http://www.wikidata.org/entity/Q1812208,Woodside Energy,Q1812208,New York Stock Exchange,WDS,petroleum industry,21700360266,2021-11-18T00:00:00Z,,
http://www.wikidata.org/entity/Q8033550,Woodward,Q8033550,Nasdaq,WWD,aerospace engineering,,,,
http://www.wikidata.org/entity/Q484117,Woori Financial Group,Q484117,New York Stock Exchange,WF,finance; financial sector,,,,
http://www.wikidata.org/entity/Q8034666,"Workday, Inc.",Q8034666,Nasdaq,WDAY,software industry,,,,
http://www.wikidata.org/entity/Q8034666,"Workday, Inc.",Q8034666,New York Stock Exchange,WDAY,software industry,,,,
http://www.wikidata.org/entity/Q28406599,Workhorse Group,Q28406599,Nasdaq,WKHS,automotive industry; transport industry,,,,
http://www.wikidata.org/entity/Q18156998,Workiva,Q18156998,New York Stock Exchange,WK,,,,,
http://www.wikidata.org/entity/Q8035757,World Fuel Services,Q8035757,New York Stock Exchange,INT,energy industry,,,,
http://www.wikidata.org/entity/Q7915220,Worldpay,Q7915220,New York Stock Exchange,VNTV,financial services,,,,
http://www.wikidata.org/entity/Q2594130,Worthington Industries,Q2594130,New York Stock Exchange,WOR,,,,,
http://www.wikidata.org/entity/Q8038212,Wright Express,Q8038212,New York Stock Exchange,WEX,,,,,
http://www.wikidata.org/entity/Q8038871,WuXi AppTec,Q8038871,New York Stock Exchange,,pharmaceutical industry,,,,
http://www.wikidata.org/entity/Q1138662,Wunderman Thompson,Q1138662,Nasdaq,WPPGY,marketing,,,,
http://www.wikidata.org/entity/Q8040120,Wyndham Hotels & Resorts,Q8040120,New York Stock Exchange,WH,hospitality industry,,,,
http://www.wikidata.org/entity/Q303341,Wyndham Worldwide,Q303341,New York Stock Exchange,WYN,hospitality industry,,,,
http://www.wikidata.org/entity/Q2274089,Wynn Resorts,Q2274089,Nasdaq,WYNN,,,,,
http://www.wikidata.org/entity/Q8041701,XBee,Q8041701,Nasdaq,DGII,computer hardware industry,,,,
http://www.wikidata.org/entity/Q8041964,XG Technology,Q8041964,Nasdaq,XGTI,telecommunications,,,,
http://www.wikidata.org/entity/Q2597501,XL Group,Q2597501,New York Stock Exchange,,holding company activities,,,,
http://www.wikidata.org/entity/Q492058,XM Satellite Radio,Q492058,Nasdaq,XMSR,radio broadcasting,,,,
http://www.wikidata.org/entity/Q96186528,XP Inc.,Q96186528,Nasdaq,XP,financial services,,,,
http://www.wikidata.org/entity/Q10394124,XP Investimentos,Q10394124,Nasdaq,XP,,,,,
http://www.wikidata.org/entity/Q8042415,"XPO, Inc.",Q8042415,New York Stock Exchange,XPO,logistics; transport industry,,,15000000000,2015-01-01T00:00:00Z
http://www.wikidata.org/entity/Q63035278,XPeng,Q63035278,New York Stock Exchange,XPEV,automotive industry,,,40866309000,2024-01-01T00:00:00Z
http://www.wikidata.org/entity/Q96482054,XTL Bio,Q96482054,Nasdaq,XTLB,biopharmaceutical,26155000,2022-11-15T00:00:00Z,,
http://www.wikidata.org/entity/Q1486956,Xcel Energy,Q1486956,Nasdaq,XEL,public utility,,,15310000000,2022-01-01T00:00:00Z
http://www.wikidata.org/entity/Q1486956,Xcel Energy,Q1486956,New York Stock Exchange,XEL,public utility,,,15310000000,2022-01-01T00:00:00Z
http://www.wikidata.org/entity/Q21021003,Xenia Hotels and Resorts,Q21021003,New York Stock Exchange,XHR,real estate investment trust,,,,
http://www.wikidata.org/entity/Q152433,Xerox,Q152433,New York Stock Exchange,XRX,computer industry,,,18045000000,2015-01-01T00:00:00Z
http://www.wikidata.org/entity/Q8044589,Xinhua Finance Media,Q8044589,Nasdaq,XFML,Media,,,,
http://www.wikidata.org/entity/Q8044687,Xinyuan Real Estate,Q8044687,New York Stock Exchange,XIN,real estate development,,,,
http://www.wikidata.org/entity/Q5173965,Xively,Q5173965,Nasdaq,LOGM,software industry,,,,
http://www.wikidata.org/entity/Q8044926,Xoom Corporation,Q8044926,Nasdaq,XOOM,financial sector,,,,
http://www.wikidata.org/entity/Q126325758,"Xos, Inc.",Q126325758,Nasdaq,XOS,automotive industry,,,,
http://www.wikidata.org/entity/Q7705659,Xperi Corporation,Q7705659,Nasdaq,TSRA,technology company,,,,
http://www.wikidata.org/entity/Q15915960,Xunlei Limited,Q15915960,Nasdaq,XNET,Internet industry,,,,
http://www.wikidata.org/entity/Q3146975,Xylem Inc.,Q3146975,New York Stock Exchange,XYL,industrial manufacturing,,,5522000000,2022-01-01T00:00:00Z
http://www.wikidata.org/entity/Q22026369,YETI,Q22026369,New York Stock Exchange,YETI,,,,,
http://www.wikidata.org/entity/Q2006989,YPF,Q2006989,New York Stock Exchange,YPF,petroleum industry,,,,
http://www.wikidata.org/entity/Q8046570,Yadkin Valley Bank and Trust,Q8046570,Nasdaq,,,,,,
http://www.wikidata.org/entity/Q8046570,Yadkin Valley Bank and Trust,Q8046570,New York Stock Exchange,,,,,,
http://www.wikidata.org/entity/Q835370,Yamana Gold,Q835370,New York Stock Exchange,AUY,mining,,,,
http://www.wikidata.org/entity/Q7569447,Yandex Labs,Q7569447,Nasdaq,YNDX,,,,,
http://www.wikidata.org/entity/Q850451,Yanzhou Coal Mining Company,Q850451,New York Stock Exchange,YZC,mining,,,,
http://www.wikidata.org/entity/Q16968189,Yatra.com,Q16968189,Nasdaq,YTRA,travel agency,,,,
http://www.wikidata.org/entity/Q8046013,Yellow Corporation,Q8046013,Nasdaq,YRCW,trucking industry,,,,
http://www.wikidata.org/entity/Q2299611,Yelp,Q2299611,New York Stock Exchange,YELP,information technology,,,500000000,2014-01-01T00:00:00Z
http://www.wikidata.org/entity/Q8053341,Yext,Q8053341,New York Stock Exchange,YEXT,technology industry,,,,
http://www.wikidata.org/entity/Q6822359,Yield10 Bioscience,Q6822359,Nasdaq,YTEN,,,,,
http://www.wikidata.org/entity/Q1572831,Yingli,Q1572831,New York Stock Exchange,,photovoltaics,,,,
http://www.wikidata.org/entity/Q151135,Youku,Q151135,New York Stock Exchange,YOKU,Internet industry,,,,
http://www.wikidata.org/entity/Q8058700,Younkers,Q8058700,Nasdaq,,retail,,,,
http://www.wikidata.org/entity/Q8059885,YuMe,Q8059885,New York Stock Exchange,YUME,,,,,
http://www.wikidata.org/entity/Q30645592,Yum China,Q30645592,New York Stock Exchange,YUMC,fast food,,,6622000000,2016-01-01T00:00:00Z
http://www.wikidata.org/entity/Q668737,Yum! Brands,Q668737,New York Stock Exchange,YUM,retail; system catering; fast food industry,,,6842000000,2022-01-01T00:00:00Z
http://www.wikidata.org/entity/Q17125902,ZIOPHARM Oncology,Q17125902,Nasdaq,ZIOP,pharmaceutical industry,,,,
http://www.wikidata.org/entity/Q10876705,ZTO Express,Q10876705,New York Stock Exchange,ZTO,logistics,,,,
http://www.wikidata.org/entity/Q8064381,Zagg,Q8064381,Nasdaq,ZAGG,consumer electronics industry,,,521922000,2019-01-01T00:00:00Z
http://www.wikidata.org/entity/Q106221884,Zai Lab Limited,Q106221884,Nasdaq,ZLAB,pharmaceutical industry,,,,
http://www.wikidata.org/entity/Q2443609,Zebra Technologies,Q2443609,Nasdaq,ZBRA,computer hardware industry,,,,
http://www.wikidata.org/entity/Q16968424,Zeltiq Aesthetics,Q16968424,Nasdaq,ZLTQ,,,,,
http://www.wikidata.org/entity/Q15401349,Zendesk,Q15401349,New York Stock Exchange,zen,software industry,,,,
http://www.wikidata.org/entity/Q107725159,Zepp Health,Q107725159,New York Stock Exchange,ZEPP,,,,,
http://www.wikidata.org/entity/Q29096796,ZeroFox,Q29096796,Nasdaq,ZFOX,computer security,,,,
http://www.wikidata.org/entity/Q8069710,Zeta Interactive,Q8069710,New York Stock Exchange,ZETA,business software industry,,,,
http://www.wikidata.org/entity/Q8069865,Zevia,Q8069865,New York Stock Exchange,ZVIA,beverage industry,,,,
http://www.wikidata.org/entity/Q15898172,Zhihu,Q15898172,Nasdaq,ZH,,,,,
http://www.wikidata.org/entity/Q15898172,Zhihu,Q15898172,New York Stock Exchange,ZH,,,,,
http://www.wikidata.org/entity/Q8070896,Zhone Technologies,Q8070896,Nasdaq,ZHNE,,,,,
http://www.wikidata.org/entity/Q199296,Ziff Davis,Q199296,Nasdaq,ZD,Internet industry,,,,
http://www.wikidata.org/entity/Q8071921,Zillow,Q8071921,Nasdaq,Z,,,,,
http://www.wikidata.org/entity/Q203386,Zim Integrated Shipping Services Ltd,Q203386,New York Stock Exchange,ZIM,water transport,,,,
http://www.wikidata.org/entity/Q203552,Zimmer Biomet Holdings,Q203552,New York Stock Exchange,ZBH,biomedical engineering,,,,
http://www.wikidata.org/entity/Q2997279,Zindart International Limited,Q2997279,Nasdaq,CRGI,,,,,
http://www.wikidata.org/entity/Q205378,Zions Bancorporation,Q205378,Nasdaq,ZION,financial services,,,,
http://www.wikidata.org/entity/Q8072576,Zions Bank,Q8072576,Nasdaq,ZION,,,,,
http://www.wikidata.org/entity/Q8072579,Zions Direct,Q8072579,Nasdaq,ZION,,,,,
http://www.wikidata.org/entity/Q8072593,ZipRealty,Q8072593,Nasdaq,RLGY,,,,,
http://www.wikidata.org/entity/Q8072594,ZipRecruiter,Q8072594,New York Stock Exchange,ZIP,software industry,,,140000000,2016-01-01T00:00:00Z
http://www.wikidata.org/entity/Q1069924,Zipcar,Q1069924,Nasdaq,ZIP,carsharing,,,,
http://www.wikidata.org/entity/Q17144725,Zix Corp,Q17144725,Nasdaq,ZIXI,,,,,
http://www.wikidata.org/entity/Q8073337,Zoetis,Q8073337,New York Stock Exchange,ZTS,pharmaceutical industry,,,8080000000,2022-01-01T00:00:00Z
http://www.wikidata.org/entity/Q8073627,Zoltek,Q8073627,Nasdaq,,,,,,
http://www.wikidata.org/entity/Q8074159,Zoom Telephonics,Q8074159,Nasdaq,ZOOM,,,,,
http://www.wikidata.org/entity/Q17460900,Zoom Video Communications,Q17460900,Nasdaq,ZM,video conference,,,4392960000,2022-01-01T00:00:00Z
http://www.wikidata.org/entity/Q8074134,ZoomInfo,Q8074134,Nasdaq,GTM,competitive intelligence,,,,
http://www.wikidata.org/entity/Q220485,Zoran Corporation,Q220485,Nasdaq,ZRAN,electronics industry,,,,
http://www.wikidata.org/entity/Q4966553,Zovio,Q4966553,New York Stock Exchange,BPI,educational technology,,,,
http://www.wikidata.org/entity/Q4966553,Zovio,Q4966553,Nasdaq,ZVO,educational technology,,,,
http://www.wikidata.org/entity/Q8074747,Zoës Kitchen,Q8074747,New York Stock Exchange,ZOES,fast casual restaurant,,,,
http://www.wikidata.org/entity/Q8074786,Zscaler,Q8074786,Nasdaq,ZS,computer security; internet security,,,,
http://www.wikidata.org/entity/Q16968488,Zulily,Q16968488,Nasdaq,ZU,retail; e-commerce,,,,
http://www.wikidata.org/entity/Q8075252,Zumiez,Q8075252,Nasdaq,ZUMZ,clothing industry,,,,
http://www.wikidata.org/entity/Q8075320,Zuora,Q8075320,New York Stock Exchange,ZUO,,,,,
http://www.wikidata.org/entity/Q8075855,Zygo Corporation,Q8075855,Nasdaq,ZIGO,,,,,
http://www.wikidata.org/entity/Q16968498,Zymeworks,Q16968498,New York Stock Exchange,ZYME,pharmaceutical industry,,,,
http://www.wikidata.org/entity/Q30283745,Zynerba Pharmaceuticals,Q30283745,Nasdaq,ZYNE,,,,,
http://www.wikidata.org/entity/Q17147182,Zynex,Q17147182,Nasdaq,ZYXI,health technology,,,,
http://www.wikidata.org/entity/Q245772,Zynga,Q245772,Nasdaq,ZNGA,video game industry,,,,
http://www.wikidata.org/entity/Q4813401,athenahealth,Q4813401,Nasdaq,ATHN,,,,,
http://www.wikidata.org/entity/Q30256843,bluebird bio,Q30256843,Nasdaq,BLUE,biotechnology,,,,
http://www.wikidata.org/entity/Q5046846,cars.com,Q5046846,New York Stock Exchange,CARS,,,,,
http://www.wikidata.org/entity/Q493712,deCODE genetics,Q493712,Nasdaq,DCGN,biopharmaceutical,,,,
http://www.wikidata.org/entity/Q5272335,dice.com,Q5272335,New York Stock Exchange,DHX,,,,,
http://www.wikidata.org/entity/Q5422801,e.l.f. Cosmetics,Q5422801,New York Stock Exchange,ELF,cosmetics industry,,,,
http://www.wikidata.org/entity/Q58024,eBay,Q58024,Nasdaq,EBAY,retail; e-commerce,70600000000,2014-01-01T00:00:00Z,11100000000,2025-01-01T00:00:00Z
http://www.wikidata.org/entity/Q17068984,eGain,Q17068984,Nasdaq,EGAN,,,,,
http://www.wikidata.org/entity/Q5323107,eHealthInsurance,Q5323107,Nasdaq,EHTH,insurance,,,,
http://www.wikidata.org/entity/Q120755508,eHi,Q120755508,New York Stock Exchange,EHIC,,,,,
http://www.wikidata.org/entity/Q5323340,eLong,Q5323340,Nasdaq,LONG,travel agency,,,,
http://www.wikidata.org/entity/Q5324511,eTelecare,Q5324511,Nasdaq,ETEL,business process outsourcing,,,,
http://www.wikidata.org/entity/Q5324516,eToro,Q5324516,Nasdaq,ETOR,information technology; financial services,,,217000000,2025-05-01T00:00:00Z
http://www.wikidata.org/entity/Q96574751,foresight automotive LTD,Q96574751,Nasdaq,FRSX,automotive industry,145287000,2022-11-15T00:00:00Z,,
http://www.wikidata.org/entity/Q5968481,iAsiaWorks,Q5968481,Nasdaq,IAWK,,,,,
http://www.wikidata.org/entity/Q5969311,iCAD Inc.,Q5969311,Nasdaq,,,,,,
http://www.wikidata.org/entity/Q477993,iHeartMedia,Q477993,Nasdaq,IHRT,radio broadcasting; music industry; media industry,,,,
http://www.wikidata.org/entity/Q3266649,iPass,Q3266649,Nasdaq,IPAS,,,,,
http://www.wikidata.org/entity/Q15913890,iQIYI,Q15913890,Nasdaq,IQ,video on demand,,,,
http://www.wikidata.org/entity/Q285161,iRobot,Q285161,Nasdaq,IRBT,robotics,,,,
http://www.wikidata.org/entity/Q692041,monster.com,Q692041,New York Stock Exchange,,,,,,
http://www.wikidata.org/entity/Q6955544,nTelos,Q6955544,Nasdaq,NTLS,telecommunications,,,,
http://www.wikidata.org/entity/Q1671509,onsemi,Q1671509,Nasdaq,ON,semiconductor industry,,,7082300000,2024-01-01T00:00:00Z
http://www.wikidata.org/entity/Q7242653,priceline.com,Q7242653,Nasdaq,BKNG,travel agency,,,,
http://www.wikidata.org/entity/Q140676,rediff.com,Q140676,Nasdaq,REDF,online service,,,,
http://www.wikidata.org/entity/Q7597506,stamps.com,Q7597506,Nasdaq,STMP,service,,,,
http://www.wikidata.org/entity/Q23680003,vroom.com,Q23680003,Nasdaq,VRM,e-commerce,,,,
http://www.wikidata.org/entity/Q295774,"ANSYS, Inc.",Q295774,Nasdaq,ANSS,software publishing,,,,
http://www.wikidata.org/entity/Q4674399,Acme Packet,Q4674399,Nasdaq,APKT,networking hardware,,,,
http://www.wikidata.org/entity/Q27963459,Astronics,Q27963459,Nasdaq,ATRO,,,,,
http://www.wikidata.org/entity/Q12306354,Chrysler Corporation,Q12306354,New York Stock Exchange,C,,,,,
http://www.wikidata.org/entity/Q5254843,Deltek,Q5254843,Nasdaq,PROJ,cloud computing; software development; software industry,,,,
http://www.wikidata.org/entity/Q1280748,EchoStar,Q1280748,Nasdaq,SATS,telecommunications,,,,
http://www.wikidata.org/entity/Q22243729,Ferrari N.V.,Q22243729,New York Stock Exchange,RACE,automotive industry,,,,
http://www.wikidata.org/entity/Q689791,ISS,Q689791,Nasdaq,,facility management,,,79137000000,2016-01-01T00:00:00Z
http://www.wikidata.org/entity/Q30297996,Integer,Q30297996,New York Stock Exchange,ITGR,,,,,
http://www.wikidata.org/entity/Q259011,Motorola,Q259011,New York Stock Exchange,MOT,telecommunications; electronics industry,,,,
http://www.wikidata.org/entity/Q934853,Motorola Mobility,Q934853,New York Stock Exchange,MMI,telecommunications,,,,
http://www.wikidata.org/entity/Q8093,Nintendo,Q8093,Nasdaq,NTDOY,video game industry,,,,
http://www.wikidata.org/entity/Q1418,Nokia,Q1418,New York Stock Exchange,NOK,computer network; telecommunications; networking hardware; International Standard Industrial Classification; telecommunications device; electrical appliance,26257000000,2016-12-31T00:00:00Z,24910000000,2022-01-01T00:00:00Z
http://www.wikidata.org/entity/Q1431486,Orange,Q1431486,Nasdaq,ORAN,,26526000000,2023-02-15T00:00:00Z,44122000000,2023-01-01T00:00:00Z
http://www.wikidata.org/entity/Q1431486,Orange,Q1431486,New York Stock Exchange,ORAN,,26526000000,2023-02-15T00:00:00Z,44122000000,2023-01-01T00:00:00Z
http://www.wikidata.org/entity/Q7168080,Perfect World,Q7168080,Nasdaq,PWRD,video game industry,,,,
http://www.wikidata.org/entity/Q154037,TotalEnergies,Q154037,New York Stock Exchange,TOT,petroleum industry; energy industry; extraction of crude petroleum and natural gas; activities of head offices,128000000000,2024-12-31T00:00:00Z,214550000000,2024-01-01T00:00:00Z
http://www.wikidata.org/entity/Q483551,Walmart,Q483551,Nasdaq,WMT,retail; wholesale; retail chain; big-box store,779367000000,2025-05-01T00:00:00Z,680985000000,2024-01-01T00:00:00Z
http://www.wikidata.org/entity/Q3259819,d2h,Q3259819,Nasdaq,VDTH,subscription television,,,,
