company_id,company,exchange,ticker,industry,market_cap,market_cap_date,company_url,revenue,revenue_date,primary_ticker
Q1001788,Buenaventura,New York Stock Exchange,BVN,mining,,,http://www.wikidata.org/entity/Q1001788,,,BVN
Q1002992,Build-A-Bear Workshop,New York Stock Exchange,BBW,retail,,,http://www.wikidata.org/entity/Q1002992,,,BBW
Q100321332,United Nuclear Corporation,New York Stock Exchange,UNC,mining,,,http://www.wikidata.org/entity/Q100321332,,,UNC
Q100323973,Whitestone REIT,New York Stock Exchange,WSR,,,,http://www.wikidata.org/entity/Q100323973,,,WSR
Q1007000,Genpact,New York Stock Exchange,G,professional service,,,http://www.wikidata.org/entity/Q1007000,,,G
Q1009458,Bunge Limited,New York Stock Exchange,BG,food industry,,,http://www.wikidata.org/entity/Q1009458,67232000000.0,2022-01-01 00:00:00+00:00,BG
Q101209811,Pool Corporation,New York Stock Exchange,POOL,,,,http://www.wikidata.org/entity/Q101209811,,,POOL
Q101209850,Vontier,New York Stock Exchange,VNT,,,,http://www.wikidata.org/entity/Q101209850,,,VNT
Q101429880,Adecoagro,New York Stock Exchange,AGRO,agribusiness,,,http://www.wikidata.org/entity/Q101429880,,,AGRO
Q101606525,Aurora Innovation,Nasdaq,AUR,autonomous car,,,http://www.wikidata.org/entity/Q101606525,,,AUR
Q101983981,Viatris,Nasdaq,VTRS,pharmaceutical industry,,,http://www.wikidata.org/entity/Q101983981,,,VTRS
Q1022711,CACI,New York Stock Exchange,CACI,professional services industry,,,http://www.wikidata.org/entity/Q1022711,3490000000.0,2018-01-01 00:00:00+00:00,CACI
Q1023013,"CBRE, Inc.",New York Stock Exchange,CBRE,real estate industry,,,http://www.wikidata.org/entity/Q1023013,30828246000.0,2022-01-01 00:00:00+00:00,CBRE
Q1023155,CDW,Nasdaq,CDW,business-to-business,,,http://www.wikidata.org/entity/Q1023155,,,CDW
Q1023765,CIT Group,New York Stock Exchange,,financial services,,,http://www.wikidata.org/entity/Q1023765,,,
Q1023876,CME Group,Nasdaq,CME,finance,,,http://www.wikidata.org/entity/Q1023876,5019400000.0,2022-01-01 00:00:00+00:00,CME
Q1024454,CSX Corporation,Nasdaq; New York Stock Exchange,CSX,rail transport,58799000000.0,2025-05-15 00:00:00+00:00,http://www.wikidata.org/entity/Q1024454,14853000000.0,2022-01-01 00:00:00+00:00,CSX
Q1027181,Callaway Golf Company,New York Stock Exchange,MODG,,,,http://www.wikidata.org/entity/Q1027181,,,MODG
Q1028449,Cameco,New York Stock Exchange,CCJ,mining,,,http://www.wikidata.org/entity/Q1028449,1475000000.0,2021-01-01 00:00:00+00:00,CCJ
Q10291918,Rio Tinto plc,New York Stock Exchange,RIO,,,,http://www.wikidata.org/entity/Q10291918,,,RIO
Q1030096,Orbital Sciences Corporation,New York Stock Exchange,ORB,aerospace industry,,,http://www.wikidata.org/entity/Q1030096,1370000000.0,2013-01-01 00:00:00+00:00,ORB
Q1030544,Campbell's,New York Stock Exchange,CPB,food industry,,,http://www.wikidata.org/entity/Q1030544,,,CPB
Q1032229,Canadian Natural Resources,New York Stock Exchange,CNQ,,,,http://www.wikidata.org/entity/Q1032229,,,CNQ
Q1032244,Canadian Oil Sands Limited,New York Stock Exchange,SU,,,,http://www.wikidata.org/entity/Q1032244,,,SU
Q1032353,Canadian Solar,Nasdaq,CSIQ,,,,http://www.wikidata.org/entity/Q1032353,,,CSIQ
Q1034654,Capital One,New York Stock Exchange,COF,financial services,,,http://www.wikidata.org/entity/Q1034654,34250000000.0,2022-01-01 00:00:00+00:00,COF
Q103793759,Cardlytics,Nasdaq,CDLX,loyalty marketing,,,http://www.wikidata.org/entity/Q103793759,,,CDLX
Q10382234,ThoughtWorks,Nasdaq,TWKS,technology,,,http://www.wikidata.org/entity/Q10382234,,,TWKS
Q10394124,XP Investimentos,Nasdaq,XP,,,,http://www.wikidata.org/entity/Q10394124,,,XP
Q10397787,"Aaron's, Inc.",New York Stock Exchange,AAN,furniture,,,http://www.wikidata.org/entity/Q10397787,,,AAN
Q104081972,C3.ai,Nasdaq,AI,software industry,,,http://www.wikidata.org/entity/Q104081972,,,AI
Q104158381,Vistra,New York Stock Exchange,VST,,,,http://www.wikidata.org/entity/Q104158381,,,VST
Q104188375,Legend Biotech,Nasdaq,LEGN,biotechnology,,,http://www.wikidata.org/entity/Q104188375,,,LEGN
Q1044059,Carnival Corporation & plc,New York Stock Exchange,CCL,,,,http://www.wikidata.org/entity/Q1044059,,,CCL
Q104480012,Axsome Therapeutics,Nasdaq,AXSM,,,,http://www.wikidata.org/entity/Q104480012,,,AXSM
Q104480051,BioAtla,Nasdaq,BCAB,,,,http://www.wikidata.org/entity/Q104480051,,,BCAB
Q104480207,CRISPR Therapeutics,Nasdaq,CRSP,biotechnology industry,,,http://www.wikidata.org/entity/Q104480207,,,CRSP
Q104480383,Eagle Pharmaceuticals,Nasdaq,EGRX,pharmaceutical industry,,,http://www.wikidata.org/entity/Q104480383,,,EGRX
Q104480795,Insulet (United States),Nasdaq,PODD,,,,http://www.wikidata.org/entity/Q104480795,,,PODD
Q104481262,Alpine Immune Sciences,Nasdaq,ALPN,pharmaceutical industry,,,http://www.wikidata.org/entity/Q104481262,,,ALPN
Q1045758,United Technologies Corporation,New York Stock Exchange,UTX,holding company,,,http://www.wikidata.org/entity/Q1045758,13100000000.0,2019-01-01 00:00:00+00:00,UTX
Q1045842,The Cheesecake Factory,Nasdaq,CAKE,gastronomy,,,http://www.wikidata.org/entity/Q1045842,,,CAKE
Q104664954,Delek US,New York Stock Exchange,DK,petroleum industry,,,http://www.wikidata.org/entity/Q104664954,,,DK
Q1046951,Target Corporation,New York Stock Exchange,TGT,retail,,,http://www.wikidata.org/entity/Q1046951,109120000000.0,2022-01-01 00:00:00+00:00,TGT
Q104765127,Rumble,Nasdaq,RUM,,,,http://www.wikidata.org/entity/Q104765127,,,RUM
Q104822216,Penumbra,New York Stock Exchange,,,,,http://www.wikidata.org/entity/Q104822216,,,
Q104839226,Luokong Technology,Nasdaq,LKCO,,,,http://www.wikidata.org/entity/Q104839226,,,LKCO
Q104842834,Avantor,New York Stock Exchange,AVTR,,,,http://www.wikidata.org/entity/Q104842834,,,AVTR
Q104844406,SentinelOne,New York Stock Exchange,S,computer security,,,http://www.wikidata.org/entity/Q104844406,,,S
Q104845916,California Water Service Group,New York Stock Exchange,CWT,water supply,,,http://www.wikidata.org/entity/Q104845916,846431000.0,2022-01-01 00:00:00+00:00,CWT
Q104868523,Niu Technologies,Nasdaq,NIU,transport industry,,,http://www.wikidata.org/entity/Q104868523,,,NIU
Q104875961,GRAIL,Nasdaq,GRAL,biotechnology industry,,,http://www.wikidata.org/entity/Q104875961,,,GRAL
Q1049080,Juniper Networks,New York Stock Exchange,JNPR,technology,,,http://www.wikidata.org/entity/Q1049080,,,JNPR
Q105038141,Tri Pointe Homes,New York Stock Exchange,TPH,,,,http://www.wikidata.org/entity/Q105038141,,,TPH
Q105062637,Ideanomics,Nasdaq,IDEX,,,,http://www.wikidata.org/entity/Q105062637,,,IDEX
Q105099852,Seritage Growth Properties,New York Stock Exchange,SRG,,,,http://www.wikidata.org/entity/Q105099852,,,SRG
Q1053299,CRH,New York Stock Exchange,CRH,building material,,,http://www.wikidata.org/entity/Q1053299,,,CRH
Q1053348,Cemex,New York Stock Exchange,LR,construction materials industry,,,http://www.wikidata.org/entity/Q1053348,,,LR
Q1053372,Cencosud,New York Stock Exchange,,retail,,,http://www.wikidata.org/entity/Q1053372,,,
Q1053422,Cenovus Energy,New York Stock Exchange,CVE,petroleum industry,,,http://www.wikidata.org/entity/Q1053422,,,CVE
Q10534742,Immersion Corporation,Nasdaq,IMMR,,,,http://www.wikidata.org/entity/Q10534742,,,IMMR
Q1053560,CenterPoint Energy,New York Stock Exchange,CNP,electricity generation,,,http://www.wikidata.org/entity/Q1053560,9321000000.0,2022-01-01 00:00:00+00:00,CNP
Q105375474,Sphere 3D,Nasdaq,ANY,,,,http://www.wikidata.org/entity/Q105375474,,,ANY
Q1053787,Central European Media Enterprises,Nasdaq,CETV,mass media,,,http://www.wikidata.org/entity/Q1053787,,,CETV
Q1054787,"NTT, Inc.",New York Stock Exchange,NTT,telecommunications,,,http://www.wikidata.org/entity/Q1054787,,,NTT
Q1055390,Cerner,Nasdaq,CERN,health care,,,http://www.wikidata.org/entity/Q1055390,,,CERN
Q105557,Embraer,New York Stock Exchange,ERJ,weapons industry,,,http://www.wikidata.org/entity/Q105557,5300000000.0,2023-01-01 00:00:00+00:00,ERJ
Q105563992,MP Materials,New York Stock Exchange,MP,,,,http://www.wikidata.org/entity/Q105563992,,,MP
Q105580834,Adams Funds,New York Stock Exchange,ADX,investment,,,http://www.wikidata.org/entity/Q105580834,,,ADX
Q105602379,Five9 Inc.,Nasdaq,FIVN,software industry,,,http://www.wikidata.org/entity/Q105602379,,,FIVN
Q1056637,The Hershey Company,New York Stock Exchange,HSY,"manufacture of cocoa, chocolate and sugar confectionery",,,http://www.wikidata.org/entity/Q1056637,10419294000.0,2022-01-01 00:00:00+00:00,HSY
Q1056839,DirecTV,Nasdaq,,telecommunications,,,http://www.wikidata.org/entity/Q1056839,,,
Q1057464,Hilton Worldwide,New York Stock Exchange,HLT,hospitality industry,,,http://www.wikidata.org/entity/Q1057464,,,HLT
Q105751519,Thredup,Nasdaq,TDUP,online shopping,,,http://www.wikidata.org/entity/Q105751519,,,TDUP
Q105760370,Alamos Gold,New York Stock Exchange,AGI,,,,http://www.wikidata.org/entity/Q105760370,,,AGI
Q105853613,Pershing Square Tontine Holdings,New York Stock Exchange,PSTH,,,,http://www.wikidata.org/entity/Q105853613,,,PSTH
Q1058722,Shake Shack,New York Stock Exchange,SHAK,restaurant,,,http://www.wikidata.org/entity/Q1058722,,,SHAK
Q105886736,Beike,New York Stock Exchange,BEKE,,,,http://www.wikidata.org/entity/Q105886736,,,BEKE
Q105887484,Rocket Companies,New York Stock Exchange,RKT,,,,http://www.wikidata.org/entity/Q105887484,,,RKT
Q105964823,Liberty Broadband Corp,Nasdaq,LBRDA,,,,http://www.wikidata.org/entity/Q105964823,,,LBRDA
Q105965623,RLX Technology Inc.,New York Stock Exchange,RLX,,,,http://www.wikidata.org/entity/Q105965623,,,RLX
Q105965677,MPLX,New York Stock Exchange,MPLX,,,,http://www.wikidata.org/entity/Q105965677,11613000000.0,2022-01-01 00:00:00+00:00,MPLX
Q105966359,StoneCo Ltd.,Nasdaq,STNE,,,,http://www.wikidata.org/entity/Q105966359,,,STNE
Q105985613,Kaleyra,New York Stock Exchange,KLR,,,,http://www.wikidata.org/entity/Q105985613,,,KLR
Q106024170,UWM Holdings,New York Stock Exchange,UWMC,financial sector,,,http://www.wikidata.org/entity/Q106024170,,,UWMC
Q10605824,Oatly AB,Nasdaq,OTLY,beverage industry,,,http://www.wikidata.org/entity/Q10605824,,,OTLY
Q106070945,Hall of Fame Resort & Entertainment Co,Nasdaq,HOFV,,,,http://www.wikidata.org/entity/Q106070945,,,HOFV
Q106158,S&P Global Ratings,New York Stock Exchange,,financial services,,,http://www.wikidata.org/entity/Q106158,5661000001.0,2016-01-01 00:00:00+00:00,
Q1061903,Live Nation Entertainment,New York Stock Exchange,LYV,show business,38930000000.0,2026-03-09 00:00:00+00:00,http://www.wikidata.org/entity/Q1061903,25201406000.0,2025-01-01 00:00:00+00:00,LYV
Q106207298,"Oak Street Health, Inc.",New York Stock Exchange,OSH,,,,http://www.wikidata.org/entity/Q106207298,,,OSH
Q106219885,Kaspi.kz Joint Stock Company,Nasdaq,KSPI,fintech,,,http://www.wikidata.org/entity/Q106219885,,,KSPI
Q106221634,U-Haul Holding Company,Nasdaq; New York Stock Exchange,UHAL; UHAL.B,,,,http://www.wikidata.org/entity/Q106221634,,,UHAL
Q106221884,Zai Lab Limited,Nasdaq,ZLAB,pharmaceutical industry,,,http://www.wikidata.org/entity/Q106221884,,,ZLAB
Q106238038,Western Alliance Bancorporation,New York Stock Exchange,WAL,bank,,,http://www.wikidata.org/entity/Q106238038,,,WAL
Q106238343,BridgeBio,Nasdaq,BBIO,pharmaceutical industry,,,http://www.wikidata.org/entity/Q106238343,,,BBIO
Q106238577,Athene Holding,New York Stock Exchange,ATH-A,,,,http://www.wikidata.org/entity/Q106238577,,,ATH-A
Q106239511,New Fortress Energy,Nasdaq,NFE,energy industry,,,http://www.wikidata.org/entity/Q106239511,,,NFE
Q106240666,Luminar Technologies,Nasdaq,LAZR,automotive industry,,,http://www.wikidata.org/entity/Q106240666,,,LAZR
Q106241909,Starwood Property Trust,New York Stock Exchange,STWD,,,,http://www.wikidata.org/entity/Q106241909,,,STWD
Q106253502,TopBuild Corp.,New York Stock Exchange,BLD,,,,http://www.wikidata.org/entity/Q106253502,,,BLD
Q106253770,Lumentum Holdings,Nasdaq,LITE,,,,http://www.wikidata.org/entity/Q106253770,,,LITE
Q106295041,Digital Turbine,Nasdaq,APPS,,,,http://www.wikidata.org/entity/Q106295041,,,APPS
Q106295182,Envista Holdings Corporation,New York Stock Exchange,NVST,,,,http://www.wikidata.org/entity/Q106295182,,,NVST
Q106301317,TG Therapeutics,Nasdaq,TGTX,,,,http://www.wikidata.org/entity/Q106301317,,,TGTX
Q106301464,Reynolds Consumer Products,Nasdaq,REYN,,,,http://www.wikidata.org/entity/Q106301464,,,REYN
Q106301656,Dada Nexus Limited,Nasdaq,DADA,,,,http://www.wikidata.org/entity/Q106301656,,,DADA
Q106301677,WillScot Mobile Mini Holdings Corp.,Nasdaq,WSC,construction,,,http://www.wikidata.org/entity/Q106301677,,,WSC
Q106309492,"Agora, Inc.",Nasdaq,API,,,,http://www.wikidata.org/entity/Q106309492,,,API
Q106411735,Relay Therapeutics,Nasdaq,RLAY,,,,http://www.wikidata.org/entity/Q106411735,,,RLAY
Q106411749,Ensysce Biosciences,Nasdaq,ENSC,biotechnology industry,,,http://www.wikidata.org/entity/Q106411749,,,ENSC
Q106411771,ShockWave Medical (United States),Nasdaq,SWAV,,,,http://www.wikidata.org/entity/Q106411771,,,SWAV
Q106432676,Redwire,New York Stock Exchange,RDW,aerospace industry,,,http://www.wikidata.org/entity/Q106432676,,,RDW
Q106435940,Exagen Inc.,Nasdaq,XGN,Medical Laboratories,,,http://www.wikidata.org/entity/Q106435940,42000000.0,2020-01-01 00:00:00+00:00,XGN
Q1065090,Intersil,Nasdaq,ISIL,semiconductor industry,,,http://www.wikidata.org/entity/Q1065090,,,ISIL
Q106522144,VBI Vaccines,Nasdaq,VBIV,pharmaceutical industry,,,http://www.wikidata.org/entity/Q106522144,,,VBIV
Q106581385,Kyndryl,New York Stock Exchange,KD,,,,http://www.wikidata.org/entity/Q106581385,,,KD
Q10659632,SPX FLOW,New York Stock Exchange,FLOW,,,,http://www.wikidata.org/entity/Q10659632,,,FLOW
Q1066028,Charles Schwab Corporation,New York Stock Exchange,SCHW,financial services,,,http://www.wikidata.org/entity/Q1066028,20762000000.0,2022-01-01 00:00:00+00:00,SCHW
Q106615428,MindMed,Nasdaq,MNMD,pharmaceutical industry,,,http://www.wikidata.org/entity/Q106615428,,,MNMD
Q106615565,Elys Game Technology,Nasdaq,ELYS,Other Gambling Industries,,,http://www.wikidata.org/entity/Q106615565,,,ELYS
Q106623027,TPI Composites,Nasdaq,TPIC,,,,http://www.wikidata.org/entity/Q106623027,,,TPIC
Q106631196,Klaviyo,New York Stock Exchange,KVYO,information technology,,,http://www.wikidata.org/entity/Q106631196,,,KVYO
Q106641474,WRAP Technologies,Nasdaq,WRAP,,,,http://www.wikidata.org/entity/Q106641474,,,WRAP
Q1066858,Tiffany & Co.,New York Stock Exchange,TIF,retail,,,http://www.wikidata.org/entity/Q1066858,,,TIF
Q106698278,Ocugen,Nasdaq,OCGN,pharmaceutical industry,,,http://www.wikidata.org/entity/Q106698278,,,OCGN
Q106760435,Jounce Therapeutics,Nasdaq,JNCE,pharmaceutical industry,,,http://www.wikidata.org/entity/Q106760435,,,JNCE
Q106768814,AppHarvest,Nasdaq,APPH,agriculture,,,http://www.wikidata.org/entity/Q106768814,,,APPH
Q1067998,Cirrus Logic,Nasdaq,CRUS,semiconductor industry,,,http://www.wikidata.org/entity/Q1067998,,,CRUS
Q1068485,China Unicom,New York Stock Exchange,CHU,telecommunications,,,http://www.wikidata.org/entity/Q1068485,292185290000.0,2018-01-01 00:00:00+00:00,CHU
Q106900660,Eneti,New York Stock Exchange,NETI,,,,http://www.wikidata.org/entity/Q106900660,,,NETI
Q1069924,Zipcar,Nasdaq,ZIP,carsharing,,,http://www.wikidata.org/entity/Q1069924,,,ZIP
Q107074885,Warner Bros. Discovery,Nasdaq,WBD,mass media,,,http://www.wikidata.org/entity/Q107074885,,,WBD
Q107183498,Wallbox,New York Stock Exchange,WBX,,,,http://www.wikidata.org/entity/Q107183498,,,WBX
Q1073306,China Life Insurance Company,New York Stock Exchange,LFC,insurance industry,,,http://www.wikidata.org/entity/Q1073306,768438310000.0,2018-01-01 00:00:00+00:00,LFC
Q1073540,China Telecommunications Corporation,New York Stock Exchange,CHA,terrestrial television,,,http://www.wikidata.org/entity/Q1073540,454492060000.0,2018-01-01 00:00:00+00:00,CHA
Q107364296,Orchard Therapeutics,Nasdaq,ORTX,pharmaceutical industry,,,http://www.wikidata.org/entity/Q107364296,,,ORTX
Q107400411,Rocket Pharmaceuticals Inc.,Nasdaq,RCKT,pharmaceutical industry,,,http://www.wikidata.org/entity/Q107400411,,,RCKT
Q107453017,Nu Holdings Ltd.,New York Stock Exchange,NU,,,,http://www.wikidata.org/entity/Q107453017,,,NU
Q107457363,Beam Therapeutics,Nasdaq,BEAM,biotechnology,,,http://www.wikidata.org/entity/Q107457363,,,BEAM
Q1074666,Chiquita Brands International,New York Stock Exchange,CQB,agribusiness,,,http://www.wikidata.org/entity/Q1074666,,,CQB
Q107518637,Nkarta Therapeutics (United States),Nasdaq,NKTX,biotechnology industry,,,http://www.wikidata.org/entity/Q107518637,,,NKTX
Q107520260,Matterport,Nasdaq,MTTR,,,,http://www.wikidata.org/entity/Q107520260,157748000.0,2023-12-31 00:00:00+00:00,MTTR
Q107526370,Kismet Acquisition Two Corp,Nasdaq,KII,special-purpose acquisition company,,,http://www.wikidata.org/entity/Q107526370,,,KII
Q107526548,Kismet Acquisition One Corp,Nasdaq,KSMTU,,,,http://www.wikidata.org/entity/Q107526548,,,KSMTU
Q107526885,Kismet Acquisition Three Corp,Nasdaq,KIII,,,,http://www.wikidata.org/entity/Q107526885,,,KIII
Q107571756,MindMed Inc.,Nasdaq,MNMD,biotechnology industry,,,http://www.wikidata.org/entity/Q107571756,,,MNMD
Q1075788,Choice Hotels,New York Stock Exchange,CHH,hospitality industry,,,http://www.wikidata.org/entity/Q1075788,,,CHH
Q107623842,Herc Holdings Inc.,New York Stock Exchange,HRI,,,,http://www.wikidata.org/entity/Q107623842,,,HRI
Q107657476,Proteon,Nasdaq,PTON,computer hardware industry,,,http://www.wikidata.org/entity/Q107657476,,,PTON
Q107725159,Zepp Health,New York Stock Exchange,ZEPP,,,,http://www.wikidata.org/entity/Q107725159,,,ZEPP
Q107740188,"SoundThinking, Inc.",Nasdaq,SSTI,,,,http://www.wikidata.org/entity/Q107740188,,,SSTI
Q108076472,Hyzon Motors,Nasdaq,HYZN,fuel cell,,,http://www.wikidata.org/entity/Q108076472,,,HYZN
Q10819817,Silicom,Nasdaq,SILC,communication,,,http://www.wikidata.org/entity/Q10819817,,,SILC
Q1083470,Echelon Corporation,Nasdaq,ELON,building automation,,,http://www.wikidata.org/entity/Q1083470,,,ELON
Q108415503,Kura Sushi USA,Nasdaq,KRUS,,,,http://www.wikidata.org/entity/Q108415503,,,KRUS
Q108415683,Jowell Global,Nasdaq,JWEL,e-commerce,,,http://www.wikidata.org/entity/Q108415683,,,JWEL
Q108426195,"Enveric Biosciences, Inc.",Nasdaq,ENVM,,,,http://www.wikidata.org/entity/Q108426195,,,ENVM
Q108426662,Esports Entertainment Group,Nasdaq,GMBL,,,,http://www.wikidata.org/entity/Q108426662,,,GMBL
Q10846071,36Kr,Nasdaq,KRKR,,,,http://www.wikidata.org/entity/Q10846071,,,KRKR
Q10856243,Newegg,Nasdaq,NEGG,retail,,,http://www.wikidata.org/entity/Q10856243,,,NEGG
Q108670343,"BRC Group Holdings, Inc",Nasdaq,RILY,,,,http://www.wikidata.org/entity/Q108670343,,,RILY
Q10876705,ZTO Express,New York Stock Exchange,ZTO,logistics,,,http://www.wikidata.org/entity/Q10876705,,,ZTO
Q108770716,Samsara,New York Stock Exchange,IOT,,,,http://www.wikidata.org/entity/Q108770716,,,IOT
Q108837504,Pagaya technologies,Nasdaq,PGY,,,,http://www.wikidata.org/entity/Q108837504,,,PGY
Q10884844,"Ibero-America Fund, Inc.",New York Stock Exchange,SNF,,,,http://www.wikidata.org/entity/Q10884844,,,SNF
Q108888216,English,Nasdaq,TCBK,online banking,,,http://www.wikidata.org/entity/Q108888216,,,TCBK
Q108895028,ELMS,New York Stock Exchange,ELMS,,,,http://www.wikidata.org/entity/Q108895028,,,ELMS
Q1089060,Chubb Corp.,New York Stock Exchange,CB,insurance,,,http://www.wikidata.org/entity/Q1089060,55753000000.0,2024-01-01 00:00:00+00:00,CB
Q10896530,O2Micro International Limited,Nasdaq,OIIM,,,,http://www.wikidata.org/entity/Q10896530,,,OIIM
Q109030760,Trump Media & Technology Group,Nasdaq,DJT,technology industry,,,http://www.wikidata.org/entity/Q109030760,,,DJT
Q1091783,Ciena,Nasdaq; New York Stock Exchange,CIEN,telecommunications,,,http://www.wikidata.org/entity/Q1091783,,,CIEN
Q10921659,Hutchison China Meditech,Nasdaq,HCM,biomedicine,,,http://www.wikidata.org/entity/Q10921659,,,HCM
Q1092571,Cintas,Nasdaq,CTAS,tertiary sector of the economy,,,http://www.wikidata.org/entity/Q1092571,8815769000.0,2022-01-01 00:00:00+00:00,CTAS
Q109291018,ArcBest,Nasdaq,ARCB,freight transport industry,,,http://www.wikidata.org/entity/Q109291018,,,ARCB
Q109307156,Volta Charging,New York Stock Exchange,VLTA,electric vehicle charging network,,,http://www.wikidata.org/entity/Q109307156,,,VLTA
Q109369035,Archer Aviation,New York Stock Exchange,ACHR,aviation,,,http://www.wikidata.org/entity/Q109369035,,,ACHR
Q109412509,Hesai Technology,Nasdaq,HSAI,,,,http://www.wikidata.org/entity/Q109412509,,,HSAI
Q1094313,Banco Santander-Chile,New York Stock Exchange,BSAC,financial services,,,http://www.wikidata.org/entity/Q1094313,,,BSAC
Q109539474,TD SYNNEX,New York Stock Exchange,SNX,IT service management,,,http://www.wikidata.org/entity/Q109539474,,,SNX
Q109565934,Opiant Pharmaceuticals,Nasdaq,OPNT,,,,http://www.wikidata.org/entity/Q109565934,,,OPNT
Q1096013,Fairchild Semiconductor,Nasdaq,FCS,semiconductor industry,,,http://www.wikidata.org/entity/Q1096013,,,FCS
Q109609566,REE Automotive,Nasdaq,,automotive industry,,,http://www.wikidata.org/entity/Q109609566,,,
Q109619213,Orion Office REIT,New York Stock Exchange,ONL,real estate investment trust,,,http://www.wikidata.org/entity/Q109619213,,,ONL
Q109648854,Nano-X Imaging,Nasdaq,NNOX,medical technology industry,,,http://www.wikidata.org/entity/Q109648854,,,NNOX
Q109680037,Franchise Group,Nasdaq,FRG,,,,http://www.wikidata.org/entity/Q109680037,,,FRG
Q110186196,Encore Wire,Nasdaq,WIRE,industrial manufacturing,,,http://www.wikidata.org/entity/Q110186196,,,WIRE
Q110220617,Matthews International,Nasdaq,MATW,,,,http://www.wikidata.org/entity/Q110220617,,,MATW
Q110360228,Corporacion America Airports,New York Stock Exchange,CAAP,,,,http://www.wikidata.org/entity/Q110360228,,,CAAP
Q110401429,FAT Brands,Nasdaq,FAT,restaurant,,,http://www.wikidata.org/entity/Q110401429,,,FAT
Q110422580,Joyy,Nasdaq,YY,,,,http://www.wikidata.org/entity/Q110422580,,,YY
Q110443096,Resideo,New York Stock Exchange,REZI,,,,http://www.wikidata.org/entity/Q110443096,,,REZI
Q1104787,Coty,New York Stock Exchange,COTY,,,,http://www.wikidata.org/entity/Q1104787,,,COTY
Q110597561,Embark Technology,Nasdaq,EMBK,,,,http://www.wikidata.org/entity/Q110597561,,,EMBK
Q110670454,Digital World Acquisition Corp.,Nasdaq,DWACW,,,,http://www.wikidata.org/entity/Q110670454,,,DWACW
Q1106938,Cogent Communications,Nasdaq,CCOI,telecommunications,,,http://www.wikidata.org/entity/Q1106938,,,CCOI
Q1107035,Cognizant,Nasdaq,CTSH,IT service management,,,http://www.wikidata.org/entity/Q1107035,19428000000.0,2022-01-01 00:00:00+00:00,CTSH
Q110706493,Oklo,New York Stock Exchange,OKLO,nuclear industry,,,http://www.wikidata.org/entity/Q110706493,,,OKLO
Q1107088,"Coherent, Inc.",Nasdaq,COHR,,,,http://www.wikidata.org/entity/Q1107088,,,COHR
Q110723009,Eve Air Mobility,New York Stock Exchange,EVEX,aerospace industry,,,http://www.wikidata.org/entity/Q110723009,,,EVEX
Q11074156,ONEOK,New York Stock Exchange,OKE,public utility,,,http://www.wikidata.org/entity/Q11074156,22386892000.0,2022-01-01 00:00:00+00:00,OKE
Q11074158,Silicon Motion,Nasdaq,SIMO,,,,http://www.wikidata.org/entity/Q11074158,,,SIMO
Q110761625,LiveWire,New York Stock Exchange,LVWR,,,,http://www.wikidata.org/entity/Q110761625,,,LVWR
Q110778747,"Block, Inc.",New York Stock Exchange,SQ,financial services,33136000000.0,2026-02-26 00:00:00+00:00,http://www.wikidata.org/entity/Q110778747,24193683000.0,2025-01-01 00:00:00+00:00,SQ
Q110877094,United Wholesale Mortgage,New York Stock Exchange,UWMC,,,,http://www.wikidata.org/entity/Q110877094,,,UWMC
Q1111020,DigitalBridge,New York Stock Exchange,DBRG,asset management,,,http://www.wikidata.org/entity/Q1111020,,,DBRG
Q111143924,Cyxtera,Nasdaq,CYXT,telecommunications,,,http://www.wikidata.org/entity/Q111143924,,,CYXT
Q1112588,Columbia Sportswear Company,Nasdaq,COLM,textile industry,,,http://www.wikidata.org/entity/Q1112588,,,COLM
Q1113804,Comcast,Nasdaq,CMCSA,telecommunications,,,http://www.wikidata.org/entity/Q1113804,123731000000.0,2024-01-01 00:00:00+00:00,CMCSA
Q111384689,"Argan, Inc.",New York Stock Exchange,AGX,,,,http://www.wikidata.org/entity/Q111384689,,,AGX
Q111384715,Bank First Corporation,Nasdaq,BFC,,,,http://www.wikidata.org/entity/Q111384715,,,BFC
Q111384721,Meridian Corporation,Nasdaq,MRBK,,,,http://www.wikidata.org/entity/Q111384721,,,MRBK
Q111384730,Stem Inc.,New York Stock Exchange,STEM,,,,http://www.wikidata.org/entity/Q111384730,,,STEM
Q111384774,Cactus Inc.,New York Stock Exchange,WHD,,,,http://www.wikidata.org/entity/Q111384774,,,WHD
Q111387671,"Frontdoor, Inc.",Nasdaq,FTDR,,,,http://www.wikidata.org/entity/Q111387671,,,FTDR
Q111387693,Cerence Inc.,Nasdaq,CRNC,artificial intelligence,,,http://www.wikidata.org/entity/Q111387693,,,CRNC
Q111387847,Gibraltar Industries,Nasdaq,ROCK,,,,http://www.wikidata.org/entity/Q111387847,,,ROCK
Q111411592,Asana Inc.,New York Stock Exchange,ASAN,software industry,,,http://www.wikidata.org/entity/Q111411592,,,ASAN
Q1114148,Comerica,New York Stock Exchange,CMA,financial services,,,http://www.wikidata.org/entity/Q1114148,,,CMA
Q11159866,Gilat Satellite Networks Ltd.,Nasdaq,GILT,telecommunications,1110649000.0,2022-11-15 00:00:00+00:00,http://www.wikidata.org/entity/Q11159866,,,GILT
Q111759432,Reddit Inc.,New York Stock Exchange,RDDT,,21916000000.0,2025-05-01 00:00:00+00:00,http://www.wikidata.org/entity/Q111759432,,,RDDT
Q1117943,TRW Automotive,New York Stock Exchange,TRW,automotive industry,,,http://www.wikidata.org/entity/Q1117943,,,TRW
Q111804995,Innoviz Technologies,Nasdaq,INVZ,automotive industry,,,http://www.wikidata.org/entity/Q111804995,,,INVZ
Q111821048,Argo Blockchain,Nasdaq,ARBK,cryptocurrency mining,,,http://www.wikidata.org/entity/Q111821048,,,ARBK
Q111839764,SVB Financial Group,Nasdaq,SIVBP,financial services,,,http://www.wikidata.org/entity/Q111839764,,,SIVBP
Q111948614,Equitrans Midstream,New York Stock Exchange,ETRN,petroleum industry,,,http://www.wikidata.org/entity/Q111948614,,,ETRN
Q111982872,Cassava Sciences,Nasdaq,SAVA,pharmaceutical industry,,,http://www.wikidata.org/entity/Q111982872,,,SAVA
Q112038007,Leonardo DRS,Nasdaq,DRS,weapons industry,,,http://www.wikidata.org/entity/Q112038007,,,DRS
Q1121202,CEMIG,New York Stock Exchange,CIG,,,,http://www.wikidata.org/entity/Q1121202,,,CIG
Q1121216,CPFL Energia,New York Stock Exchange,CPL,,,,http://www.wikidata.org/entity/Q1121216,,,CPL
Q1122299,"Computer Task Group, Incorporated",Nasdaq,CTG,,,,http://www.wikidata.org/entity/Q1122299,,,CTG
Q1122329,Computer Sciences Corporation,New York Stock Exchange,CSC,IT service management,,,http://www.wikidata.org/entity/Q1122329,,,CSC
Q1122747,Compuware,Nasdaq,,information technology,,,http://www.wikidata.org/entity/Q1122747,,,
Q1123366,Con-way,New York Stock Exchange,CNW,transport,,,http://www.wikidata.org/entity/Q1123366,,,CNW
Q1123399,"Conagra Brands, Inc.",New York Stock Exchange,CAG,food industry,,,http://www.wikidata.org/entity/Q1123399,,,CAG
Q11235714,NIS Group,New York Stock Exchange,NIS,,,,http://www.wikidata.org/entity/Q11235714,,,NIS
Q1123957,Concha y Toro,New York Stock Exchange,vco,,,,http://www.wikidata.org/entity/Q1123957,,,vco
Q112583437,Serve Robotics,Nasdaq,SERV,,,,http://www.wikidata.org/entity/Q112583437,,,SERV
Q112659289,AST SpaceMobile,Nasdaq,ASTS,space industry,,,http://www.wikidata.org/entity/Q112659289,,,ASTS
Q1127536,Consolidated Edison,New York Stock Exchange,ED,energy industry,,,http://www.wikidata.org/entity/Q1127536,15670000000.0,2022-01-01 00:00:00+00:00,ED
Q1128160,Constellation Brands,New York Stock Exchange,STZ,alcohol industry,,,http://www.wikidata.org/entity/Q1128160,9452600000.0,2022-01-01 00:00:00+00:00,STZ
Q112860932,Haleon,New York Stock Exchange,HLN,,,,http://www.wikidata.org/entity/Q112860932,,,HLN
Q112871910,Great Plains Software,Nasdaq,GPSI,software industry,,,http://www.wikidata.org/entity/Q112871910,,,GPSI
Q112892574,Symbotic,Nasdaq,SYM,robotics,,,http://www.wikidata.org/entity/Q112892574,,,SYM
Q112892633,WeRide,Nasdaq,WRD,autonomous car,,,http://www.wikidata.org/entity/Q112892633,,,WRD
Q1129117,Tupperware,New York Stock Exchange,TUP,direct selling,,,http://www.wikidata.org/entity/Q1129117,1300000000.0,2022-01-01 00:00:00+00:00,TUP
Q1129426,Convergys,New York Stock Exchange,CVG,customer relationship management,,,http://www.wikidata.org/entity/Q1129426,,,CVG
Q1129792,The Cooper Companies,New York Stock Exchange,COO,medical device,,,http://www.wikidata.org/entity/Q1129792,,,COO
Q1129847,Cooper Tire & Rubber Company,New York Stock Exchange,CTB,industrial manufacturing,,,http://www.wikidata.org/entity/Q1129847,,,CTB
Q11301445,Sparklight,New York Stock Exchange,CABO,telecommunications,,,http://www.wikidata.org/entity/Q11301445,,,CABO
Q11306218,Service Corporation International,New York Stock Exchange,SCI,funeral services industry,,,http://www.wikidata.org/entity/Q11306218,,,SCI
Q1130970,Copel,New York Stock Exchange,ELP,,,,http://www.wikidata.org/entity/Q1130970,,,ELP
Q113153195,DiDi Global,New York Stock Exchange,DIDI,transport industry,,,http://www.wikidata.org/entity/Q113153195,173827000000.0,2021-01-01 00:00:00+00:00,DIDI
Q1131835,Sealy Corporation,New York Stock Exchange,ZZ,mattress,,,http://www.wikidata.org/entity/Q1131835,,,ZZ
Q1132272,PVH Corp.,New York Stock Exchange,PVH,fashion,,,http://www.wikidata.org/entity/Q1132272,,,PVH
Q113279646,Livent Corp.,New York Stock Exchange,LTHM,mining,,,http://www.wikidata.org/entity/Q113279646,,,LTHM
Q11337413,Pepper Food Service,Nasdaq,KPFS,food service,,,http://www.wikidata.org/entity/Q11337413,,,KPFS
Q1134069,Otis Worldwide Corporation,New York Stock Exchange,OTIS,,,,http://www.wikidata.org/entity/Q1134069,13685000000.0,2022-01-01 00:00:00+00:00,OTIS
Q113459125,AMTD Digital,New York Stock Exchange,HKD,fintech,,,http://www.wikidata.org/entity/Q113459125,,,HKD
Q1134746,Legg Mason,New York Stock Exchange,,financial services,3210000000.0,2017-01-01 00:00:00+00:00,http://www.wikidata.org/entity/Q1134746,2660000000.0,2015-01-01 00:00:00+00:00,
Q113503453,Summit Therapeutics,Nasdaq,SMMT,,,,http://www.wikidata.org/entity/Q113503453,,,SMMT
Q113503520,Kymera Therapeutics,Nasdaq,KYMR,pharmaceutical industry,,,http://www.wikidata.org/entity/Q113503520,,,KYMR
Q113503524,Karuna Therapeutics,Nasdaq,KRTX,pharmaceutical industry,,,http://www.wikidata.org/entity/Q113503524,,,KRTX
Q113503532,Mirum Pharmaceuticals,Nasdaq,MIRM,pharmaceutical industry,,,http://www.wikidata.org/entity/Q113503532,,,MIRM
Q113503877,Arcus Biosciences,New York Stock Exchange,RCUS,pharmaceutical industry,,,http://www.wikidata.org/entity/Q113503877,,,RCUS
Q113510355,Hutchison MediPharma Limited,Nasdaq,HCM,pharmaceutical industry,,,http://www.wikidata.org/entity/Q113510355,,,HCM
Q113510380,Plus Therapeutics,Nasdaq,PSTV,,,,http://www.wikidata.org/entity/Q113510380,,,PSTV
Q1135278,CoreCivic,New York Stock Exchange,CXW,industrial sector,,,http://www.wikidata.org/entity/Q1135278,,,CXW
Q113530745,Arrowhead Pharmaceuticals,Nasdaq,ARWR,pharmaceutical industry,,,http://www.wikidata.org/entity/Q113530745,,,ARWR
Q1136433,Costamare,New York Stock Exchange,CMRE,water transport,,,http://www.wikidata.org/entity/Q1136433,,,CMRE
Q1137289,Nuance Communications,Nasdaq,NUAN,software industry,,,http://www.wikidata.org/entity/Q1137289,,,NUAN
Q113754376,Snap One,Nasdaq,SNPO,,,,http://www.wikidata.org/entity/Q113754376,,,SNPO
Q1138073,Coventry Health Care,New York Stock Exchange,CVH,health insurance,,,http://www.wikidata.org/entity/Q1138073,,,CVH
Q1138291,Curtiss-Wright,New York Stock Exchange,CW,weapons industry,,,http://www.wikidata.org/entity/Q1138291,970000000.0,2018-01-01 00:00:00+00:00,CW
Q113840664,"Riot Platforms, Inc.",Nasdaq,RIOT,,,,http://www.wikidata.org/entity/Q113840664,,,RIOT
Q1138662,Wunderman Thompson,Nasdaq,WPPGY,marketing,,,http://www.wikidata.org/entity/Q1138662,,,WPPGY
Q1138888,First Solar,Nasdaq,FSLR,photovoltaics,,,http://www.wikidata.org/entity/Q1138888,,,FSLR
Q1139541,Frontier Airlines,Nasdaq,ULCC,,,,http://www.wikidata.org/entity/Q1139541,,,ULCC
Q1139852,Riverbed Technology,Nasdaq,RVBD,information technology,,,http://www.wikidata.org/entity/Q1139852,,,RVBD
Q1140680,Flex Ltd.,Nasdaq,FLEX,electronics,,,http://www.wikidata.org/entity/Q1140680,25813000000.0,2025-01-01 00:00:00+00:00,FLEX
Q11407,VMware,New York Stock Exchange,VMW,software industry,,,http://www.wikidata.org/entity/Q11407,13350000000.0,2022-01-01 00:00:00+00:00,VMW
Q1141173,Marriott International,Nasdaq,MAR,hospitality industry,,,http://www.wikidata.org/entity/Q1141173,20773000000.0,2022-01-01 00:00:00+00:00,MAR
Q1141267,Thomson Reuters,New York Stock Exchange,TRI,media industry,45900000000.0,2021-08-24 00:00:00+00:00,http://www.wikidata.org/entity/Q1141267,5984000000.0,2020-01-01 00:00:00+00:00,TRI
Q114422270,On Holding AG,New York Stock Exchange,ONON,retail,,,http://www.wikidata.org/entity/Q114422270,,,ONON
Q1144473,CureVac,Nasdaq,CVAC,biotechnology industry,,,http://www.wikidata.org/entity/Q1144473,,,CVAC
Q1144929,Lafarge,New York Stock Exchange,LR,cement industry,,,http://www.wikidata.org/entity/Q1144929,12843000000.0,2014-01-01 00:00:00+00:00,LR
Q1145004,Randgold Resources,Nasdaq,GOLD,mining,,,http://www.wikidata.org/entity/Q1145004,,,GOLD
Q1146061,Cushman & Wakefield,New York Stock Exchange,CWK,real estate industry,3960000000.0,2018-11-15 00:00:00+00:00,http://www.wikidata.org/entity/Q1146061,6900000000.0,2017-01-01 00:00:00+00:00,CWK
Q11463,Adobe,Nasdaq,ADBE,information technology,252820000000.0,2022-02-02 00:00:00+00:00,http://www.wikidata.org/entity/Q11463,17606000000.0,2022-01-01 00:00:00+00:00,ADBE
Q114795591,Blue Owl Capital,New York Stock Exchange,OWL,financial services,,,http://www.wikidata.org/entity/Q114795591,,,OWL
Q114820617,Cadence Bancorporation,New York Stock Exchange,CADE,,,,http://www.wikidata.org/entity/Q114820617,,,CADE
Q114821698,"BancorpSouth, Inc.",New York Stock Exchange,BXS,,,,http://www.wikidata.org/entity/Q114821698,,,BXS
Q115011580,Monte Rosa Therapeutics,Nasdaq,GLUE,biotechnology,,,http://www.wikidata.org/entity/Q115011580,,,GLUE
Q115056594,Cohen & Steers,New York Stock Exchange,CNS,,,,http://www.wikidata.org/entity/Q115056594,,,CNS
Q115225388,Amylyx Pharmaceuticals,Nasdaq,AMLX,,,,http://www.wikidata.org/entity/Q115225388,,,AMLX
Q1152374,GE HealthCare,Nasdaq,GEHC,electronics,,,http://www.wikidata.org/entity/Q1152374,,,GEHC
Q115258245,Viant Technology,Nasdaq,DSP,,,,http://www.wikidata.org/entity/Q115258245,,,DSP
Q1152764,Lloyds Banking Group,New York Stock Exchange,LYG,financial services,,,http://www.wikidata.org/entity/Q1152764,,,LYG
Q115446257,"Seer, Inc",Nasdaq,SEER,,,,http://www.wikidata.org/entity/Q115446257,,,SEER
Q1155668,NXP Semiconductors,Nasdaq,NXPI,electronics,,,http://www.wikidata.org/entity/Q1155668,13276000000.0,2023-01-01 00:00:00+00:00,NXPI
Q1155729,Scholastic Corporation,Nasdaq,SCHL,,,,http://www.wikidata.org/entity/Q1155729,,,SCHL
Q1156045,Public Storage,New York Stock Exchange,PSA,self storage,,,http://www.wikidata.org/entity/Q1156045,4182163000.0,2022-01-01 00:00:00+00:00,PSA
Q115625249,Silvergate Capital,New York Stock Exchange,,,,,http://www.wikidata.org/entity/Q115625249,,,
Q1157767,Daktronics,Nasdaq,DAKT,electronics,,,http://www.wikidata.org/entity/Q1157767,,,DAKT
Q115792001,IceCure Medical,Nasdaq,ICCM,medical device,,,http://www.wikidata.org/entity/Q115792001,,,ICCM
Q115803672,Corebridge Financial,New York Stock Exchange,CRBG,financial services,,,http://www.wikidata.org/entity/Q115803672,26679000000.0,2022-01-01 00:00:00+00:00,CRBG
Q1159256,Danaher Corporation,New York Stock Exchange,DHR,conglomerate,,,http://www.wikidata.org/entity/Q1159256,31471000000.0,2022-01-01 00:00:00+00:00,DHR
Q115978123,"One Stop Systems, Inc.",Nasdaq,OSS,high-performance computing,,,http://www.wikidata.org/entity/Q115978123,,,OSS
Q116056726,Precision BioSciences,Nasdaq,DTIL,biotechnology industry,,,http://www.wikidata.org/entity/Q116056726,,,DTIL
Q116275554,Geospace Technologies,Nasdaq,GEOS,,,,http://www.wikidata.org/entity/Q116275554,,,GEOS
Q116319,Rocket Lab,Nasdaq,RKLB,aerospace industry,,,http://www.wikidata.org/entity/Q116319,,,RKLB
Q1164386,FMC Technologies,New York Stock Exchange,FTI,list of oilfield service companies,,,http://www.wikidata.org/entity/Q1164386,,,FTI
Q116452644,"Netflix, Inc.",Nasdaq,NFLX,streaming media,170640000000.0,2022-01-31 00:00:00+00:00,http://www.wikidata.org/entity/Q116452644,45183036000.0,2025-01-01 00:00:00+00:00,NFLX
Q116550003,"GXO, Inc.",New York Stock Exchange,GXO,logistics,,,http://www.wikidata.org/entity/Q116550003,,,GXO
Q116985634,Mobileye Global,Nasdaq,MBLY,,,,http://www.wikidata.org/entity/Q116985634,,,MBLY
Q117061817,Boston Private Financial Holdings,Nasdaq,BPFH,,,,http://www.wikidata.org/entity/Q117061817,,,BPFH
Q117169721,Azenta Life Sciences,Nasdaq,AZTA,biotechnology,,,http://www.wikidata.org/entity/Q117169721,555498000.0,2022-01-01 00:00:00+00:00,AZTA
Q117187407,Bank of the Sierra,Nasdaq,BSRR,,,,http://www.wikidata.org/entity/Q117187407,,,BSRR
Q1172038,Dassault Systèmes,Nasdaq,DASTY,enterprise software,,,http://www.wikidata.org/entity/Q1172038,6213700000.0,2024-01-01 00:00:00+00:00,DASTY
Q117359471,Q117359471,Nasdaq,SPCB,,,,http://www.wikidata.org/entity/Q117359471,,,SPCB
Q117392567,Global Ship Lease,New York Stock Exchange,GSL,,,,http://www.wikidata.org/entity/Q117392567,,,GSL
Q117461845,TowneBank,Nasdaq,TOWN,,,,http://www.wikidata.org/entity/Q117461845,,,TOWN
Q117706368,Canadian Pacific Kansas City,New York Stock Exchange,CP,logistics,,,http://www.wikidata.org/entity/Q117706368,,,CP
Q1181953,Deckers Outdoor Corporation,Nasdaq; New York Stock Exchange,DECK,,,,http://www.wikidata.org/entity/Q1181953,,,DECK
Q118327775,Bridge Investment Group,New York Stock Exchange,BRDG,investment management,,,http://www.wikidata.org/entity/Q118327775,,,BRDG
Q1183818,Del Taco,Nasdaq,TACO,system catering,,,http://www.wikidata.org/entity/Q1183818,,,TACO
Q118663,Baldwin Piano Company,Nasdaq,,,,,http://www.wikidata.org/entity/Q118663,,,
Q118725786,Terran Orbital Corporation,New York Stock Exchange,LLAP,,,,http://www.wikidata.org/entity/Q118725786,,,LLAP
Q118905009,CONMED Corporation,Nasdaq,CNMD,,,,http://www.wikidata.org/entity/Q118905009,,,CNMD
Q118905792,Kenvue,New York Stock Exchange,KVUE,,,,http://www.wikidata.org/entity/Q118905792,,,KVUE
Q118957699,GE Vernova,New York Stock Exchange,GEV,,,,http://www.wikidata.org/entity/Q118957699,,,GEV
Q1189695,Denny's,Nasdaq,DENN,gastronomy,,,http://www.wikidata.org/entity/Q1189695,,,DENN
Q1190598,Spirit Airlines,Nasdaq; New York Stock Exchange,SAVE,,,,http://www.wikidata.org/entity/Q1190598,,,SAVE
Q119072338,Burke & Herbert Bank,Nasdaq,BHRB,,,,http://www.wikidata.org/entity/Q119072338,,,BHRB
Q119075727,Citizens & Farmers Bank,Nasdaq,CFFI,,,,http://www.wikidata.org/entity/Q119075727,,,CFFI
Q1192211,Strategy,Nasdaq,MSTR,analytics,79460000000.0,2025-01-01 00:00:00+00:00,http://www.wikidata.org/entity/Q1192211,477233000.0,2025-01-01 00:00:00+00:00,MSTR
Q1192654,Spansion,New York Stock Exchange,CODE,,,,http://www.wikidata.org/entity/Q1192654,,,CODE
Q1192805,Krispy Kreme,Nasdaq; New York Stock Exchange,DNUT; KKD,gastronomy,,,http://www.wikidata.org/entity/Q1192805,,,DNUT
Q1193833,Trident Microsystems,Nasdaq,TRID,computer hardware industry,,,http://www.wikidata.org/entity/Q1193833,,,TRID
Q1194832,Toronto-Dominion Bank,New York Stock Exchange,TD,financial services,,,http://www.wikidata.org/entity/Q1194832,,,TD
Q1195490,RadioShack,New York Stock Exchange,,retail,,,http://www.wikidata.org/entity/Q1195490,,,
Q1196431,Pandora,New York Stock Exchange,P,software industry,,,http://www.wikidata.org/entity/Q1196431,,,P
Q1196745,Rambus,Nasdaq,RMBS,,,,http://www.wikidata.org/entity/Q1196745,,,RMBS
Q1197548,Micron Technology,Nasdaq,MU,,,,http://www.wikidata.org/entity/Q1197548,30758000000.0,2022-01-01 00:00:00+00:00,MU
Q119844805,Hamilton Lane,Nasdaq,HLNE,,,,http://www.wikidata.org/entity/Q119844805,,,HLNE
Q11991273,Newsmax Media,New York Stock Exchange,NMAX,news media,,,http://www.wikidata.org/entity/Q11991273,,,NMAX
Q1199757,Dish,Nasdaq,DISH,satellite television,,,http://www.wikidata.org/entity/Q1199757,,,DISH
Q119991,APA Corporation,New York Stock Exchange,APA,petroleum industry,,,http://www.wikidata.org/entity/Q119991,11938000000.0,2022-01-01 00:00:00+00:00,APA
Q120007567,Vishay Precision Group,Nasdaq; New York Stock Exchange,VPG,electronics,,,http://www.wikidata.org/entity/Q120007567,,,VPG
Q1200840,"Energizer Holdings, Inc.",New York Stock Exchange,ENR,,,,http://www.wikidata.org/entity/Q1200840,,,ENR
Q12010467,Weibo Corporation,Nasdaq,WB,Internet,,,http://www.wikidata.org/entity/Q12010467,,,WB
Q120435068,TKO Group Holdings,New York Stock Exchange,TKO,mass media,,,http://www.wikidata.org/entity/Q120435068,,,TKO
Q120467527,Revvity,New York Stock Exchange,RVTY,biotechnology,,,http://www.wikidata.org/entity/Q120467527,,,RVTY
Q12058769,Golden Flake,Nasdaq,GLDC,,,,http://www.wikidata.org/entity/Q12058769,,,GLDC
Q12063032,DRDGOLD Limited,New York Stock Exchange,DRD,,,,http://www.wikidata.org/entity/Q12063032,,,DRD
Q1206686,DDR Corp.,New York Stock Exchange,DDR,real estate investment trust,,,http://www.wikidata.org/entity/Q1206686,,,DDR
Q1206980,Devon Energy,New York Stock Exchange,DVN,petroleum industry,,,http://www.wikidata.org/entity/Q1206980,19169000000.0,2022-01-01 00:00:00+00:00,DVN
Q120755508,eHi,New York Stock Exchange,EHIC,,,,http://www.wikidata.org/entity/Q120755508,,,EHIC
Q120761341,Freyr Battery,New York Stock Exchange,FREY,battery industry,,,http://www.wikidata.org/entity/Q120761341,,,FREY
Q120877642,Recursion Pharmaceuticals,Nasdaq,RXRX,,,,http://www.wikidata.org/entity/Q120877642,,,RXRX
Q120908465,Kinnate Biopharma Inc.,Nasdaq,KNTE,pharmaceutical industry,,,http://www.wikidata.org/entity/Q120908465,,,KNTE
Q120946412,Limbach Holdings,Nasdaq,LMB,,,,http://www.wikidata.org/entity/Q120946412,,,LMB
Q120984885,Garmin Cayman,Nasdaq,GRMN,,,,http://www.wikidata.org/entity/Q120984885,,,GRMN
Q120997607,908 Devices Inc.,Nasdaq,MASS,,,,http://www.wikidata.org/entity/Q120997607,,,MASS
Q121001340,Noah Holdings,New York Stock Exchange,NOAH,financial services,,,http://www.wikidata.org/entity/Q121001340,,,NOAH
Q121002697,Perion Network Ltd.,Nasdaq,PERI,advertising,3945080000.0,2022-11-15 00:00:00+00:00,http://www.wikidata.org/entity/Q121002697,,,PERI
Q121032877,CBAK Energy Technology Inc.,Nasdaq,CBAT,battery industry,,,http://www.wikidata.org/entity/Q121032877,,,CBAT
Q121033088,Standard Lithium Ltd,New York Stock Exchange,SLI,lithium,,,http://www.wikidata.org/entity/Q121033088,,,SLI
Q121096624,Vita Coco,Nasdaq,,,,,http://www.wikidata.org/entity/Q121096624,,,
Q12123536,MHP,Nasdaq,MHPSY,agriculture,,,http://www.wikidata.org/entity/Q12123536,,,MHPSY
Q121323756,Canadian Solar Inc.,Nasdaq,CSIQ,,,,http://www.wikidata.org/entity/Q121323756,,,CSIQ
Q121816947,Victory Capital,Nasdaq,VCTR,financial services,,,http://www.wikidata.org/entity/Q121816947,,,VCTR
Q121832886,Maxeon Solar Technologies,Nasdaq,MAXN,,,,http://www.wikidata.org/entity/Q121832886,,,MAXN
Q1220078,Diebold Nixdorf,New York Stock Exchange,DBD,,,,http://www.wikidata.org/entity/Q1220078,,,DBD
Q122141,Vodafone,Nasdaq; New York Stock Exchange,VOD,telecommunications,49958000000.0,2022-02-22 00:00:00+00:00,http://www.wikidata.org/entity/Q122141,43809000000.0,2021-03-31 00:00:00+00:00,VOD
Q122166676,Invesco QQQ,Nasdaq,QQQ,,,,http://www.wikidata.org/entity/Q122166676,,,QQQ
Q1224697,DigitalGlobe,New York Stock Exchange,DGI,geospatial industry,,,http://www.wikidata.org/entity/Q1224697,,,DGI
Q122522934,Janover,Nasdaq,JNVR,,,,http://www.wikidata.org/entity/Q122522934,,,JNVR
Q1225892,Sonim Technologies,Nasdaq,SONM,telecommunications,,,http://www.wikidata.org/entity/Q1225892,,,SONM
Q122947676,Vestis Corporation,New York Stock Exchange,VSTS,,,,http://www.wikidata.org/entity/Q122947676,,,VSTS
Q1230295,Genesee & Wyoming,New York Stock Exchange,GWR,,,,http://www.wikidata.org/entity/Q1230295,,,GWR
Q123112141,WK Kellogg Co,New York Stock Exchange,KLG,,,,http://www.wikidata.org/entity/Q123112141,,,KLG
Q123269714,TTM Technologies,Nasdaq,TTMI,microelectronics,,,http://www.wikidata.org/entity/Q123269714,,,TTMI
Q1232862,Eldorado Gold,New York Stock Exchange,EGO,mining,,,http://www.wikidata.org/entity/Q1232862,,,EGO
Q123382157,NKGen Biotech Inc. (United States),Nasdaq,NKGN,biotechnology industry,,,http://www.wikidata.org/entity/Q123382157,,,NKGN
Q123481906,Banco Popular de Puerto Rico,Nasdaq,BPOP,financial services,,,http://www.wikidata.org/entity/Q123481906,,,BPOP
Q1235669,Dollar Thrifty Automotive Group,New York Stock Exchange,DTG,tourism industry,,,http://www.wikidata.org/entity/Q1235669,,,DTG
Q123616697,Camden National Corporation,Nasdaq,CAC,,,,http://www.wikidata.org/entity/Q123616697,,,CAC
Q1238739,Domtar,New York Stock Exchange,UFS,pulp and paper industry,,,http://www.wikidata.org/entity/Q1238739,,,UFS
Q123982663,Baldwin-United,New York Stock Exchange,,,,,http://www.wikidata.org/entity/Q123982663,,,
Q124031426,Cullinan Oncology,Nasdaq,CGEM,,,,http://www.wikidata.org/entity/Q124031426,,,CGEM
Q124036729,Sidus Space,Nasdaq,SIDU,space industry,,,http://www.wikidata.org/entity/Q124036729,,,SIDU
Q124039436,"Nova LifeStyle, Inc",Nasdaq,NVFY,,,,http://www.wikidata.org/entity/Q124039436,,,NVFY
Q124039716,"Neumora Therapeutics, Inc.",Nasdaq,NMRA,pharmaceutical industry,,,http://www.wikidata.org/entity/Q124039716,,,NMRA
Q124040368,Castor Maritime,New York Stock Exchange,CTRM,,,,http://www.wikidata.org/entity/Q124040368,,,CTRM
Q124054377,Rithm Capital,New York Stock Exchange,RITM,financial services,,,http://www.wikidata.org/entity/Q124054377,,,RITM
Q124060486,CleanSpark,Nasdaq,CLSK,,,,http://www.wikidata.org/entity/Q124060486,,,CLSK
Q124129932,Fidelity D & D Bancorp,Nasdaq,FDBC,,,,http://www.wikidata.org/entity/Q124129932,,,FDBC
Q124130142,Omega Therapeutics,Nasdaq,OMGA,pharmaceutical industry,,,http://www.wikidata.org/entity/Q124130142,,,OMGA
Q124224170,Aehr Test Systems,Nasdaq,AEHR,,,,http://www.wikidata.org/entity/Q124224170,,,AEHR
Q124249546,Hut 8,Nasdaq,HUT,,,,http://www.wikidata.org/entity/Q124249546,,,HUT
Q124258509,HarborOne Bancorp,Nasdaq,HONE,,,,http://www.wikidata.org/entity/Q124258509,,,HONE
Q124343800,Rail Vision,Nasdaq,RVSN,transport industry,,,http://www.wikidata.org/entity/Q124343800,,,RVSN
Q124343843,Nuvve Holding Corp,Nasdaq,NVVE,,,,http://www.wikidata.org/entity/Q124343843,,,NVVE
Q124352446,Acutus Medical,Nasdaq,AFIB,health technology,,,http://www.wikidata.org/entity/Q124352446,,,AFIB
Q124352463,SciSparc,Nasdaq,SPRC,pharmaceutical industry,,,http://www.wikidata.org/entity/Q124352463,,,SPRC
Q124361729,Richtech Robotics,Nasdaq,RR,,,,http://www.wikidata.org/entity/Q124361729,,,RR
Q124377649,Li-Cycle Holdings Corp.,New York Stock Exchange,LICY,,,,http://www.wikidata.org/entity/Q124377649,,,LICY
Q124407382,Comtech,Nasdaq,CMTL,,,,http://www.wikidata.org/entity/Q124407382,,,CMTL
Q124433826,"4D Molecular Therapeutics, Inc.",Nasdaq,FDMT,,,,http://www.wikidata.org/entity/Q124433826,,,FDMT
Q124445202,Jeffs' Brands Ltd,Nasdaq,JFBR,e-commerce,,,http://www.wikidata.org/entity/Q124445202,,,JFBR
Q124461238,PDD Holdings,New York Stock Exchange,PDD,e-commerce,,,http://www.wikidata.org/entity/Q124461238,53955324000.0,2024-01-01 00:00:00+00:00,PDD
Q124461283,MicroCloud Hologram Inc.,Nasdaq,HOLO,,,,http://www.wikidata.org/entity/Q124461283,,,HOLO
Q124528304,Perfect Corp,New York Stock Exchange,PERF,,,,http://www.wikidata.org/entity/Q124528304,,,PERF
Q124545138,BigBear.ai,New York Stock Exchange,BBAI,software industry,,,http://www.wikidata.org/entity/Q124545138,,,BBAI
Q124624329,Enovix Corporation,Nasdaq,ENVX,,,,http://www.wikidata.org/entity/Q124624329,,,ENVX
Q124635501,La Rosa Holdings,Nasdaq,LRHC,real estate industry,,,http://www.wikidata.org/entity/Q124635501,,,LRHC
Q124635521,Monopar Therapeutics,Nasdaq,MNPR,pharmaceutical industry,,,http://www.wikidata.org/entity/Q124635521,,,MNPR
Q124637557,Duolingo Inc,Nasdaq,DUOL,,,,http://www.wikidata.org/entity/Q124637557,,,DUOL
Q124665205,"Krystal Biotech, Inc.",Nasdaq,KRYS,biotechnology industry,,,http://www.wikidata.org/entity/Q124665205,,,KRYS
Q124668353,Surgery Partners,Nasdaq,SGRY,health care industry,,,http://www.wikidata.org/entity/Q124668353,,,SGRY
Q124721239,Veralto Corporation,New York Stock Exchange,VLTO,,,,http://www.wikidata.org/entity/Q124721239,,,VLTO
Q124723353,American National Bankshares,Nasdaq,AMNB,,,,http://www.wikidata.org/entity/Q124723353,,,AMNB
Q124723674,Ameresco,New York Stock Exchange,AMRC,energy industry,,,http://www.wikidata.org/entity/Q124723674,,,AMRC
Q124724103,Eagle Bulk Shipping Inc.,New York Stock Exchange,EGLE,transport industry,,,http://www.wikidata.org/entity/Q124724103,,,EGLE
Q124724566,Employers Holdings Inc,New York Stock Exchange,EIG,,,,http://www.wikidata.org/entity/Q124724566,,,EIG
Q124724948,"GulfMark Offshore, Inc",New York Stock Exchange,GLF,,,,http://www.wikidata.org/entity/Q124724948,,,GLF
Q124795355,Solventum,New York Stock Exchange,SOLV,health care,,,http://www.wikidata.org/entity/Q124795355,,,SOLV
Q124813960,EHang,Nasdaq,EH,aerospace industry,,,http://www.wikidata.org/entity/Q124813960,,,EH
Q125003256,Fusion Pharmaceuticals,Nasdaq,FUSN,pharmaceutical industry,,,http://www.wikidata.org/entity/Q125003256,,,FUSN
Q125028873,Astera Labs,Nasdaq,ALAB,semiconductor industry,,,http://www.wikidata.org/entity/Q125028873,,,ALAB
Q12521253,The Howard Hughes Corporation,New York Stock Exchange,HHH,real estate development,,,http://www.wikidata.org/entity/Q12521253,,,HHH
Q125269695,SITHE Energies Inc,New York Stock Exchange,,,,,http://www.wikidata.org/entity/Q125269695,,,
Q125352505,LiveRamp,New York Stock Exchange,RAMP,,,,http://www.wikidata.org/entity/Q125352505,,,RAMP
Q1254149,Dr Pepper Snapple Group,New York Stock Exchange,DPS,beverage industry,,,http://www.wikidata.org/entity/Q1254149,14057000000.0,2022-01-01 00:00:00+00:00,DPS
Q125427741,Rallybio,Nasdaq,RLYB,biotechnology industry,,,http://www.wikidata.org/entity/Q125427741,,,RLYB
Q125447264,Abacus Life,Nasdaq,ABL,,,,http://www.wikidata.org/entity/Q125447264,,,ABL
Q125862778,"Progyny, Inc.",Nasdaq,PGNY,,,,http://www.wikidata.org/entity/Q125862778,,,PGNY
Q125886451,BBB Foods,New York Stock Exchange,TBBB,retail,,,http://www.wikidata.org/entity/Q125886451,,,TBBB
Q1260606,Estée Lauder,New York Stock Exchange,EL,cosmetics industry,,,http://www.wikidata.org/entity/Q1260606,17737000000.0,2022-01-01 00:00:00+00:00,EL
Q12620655,Coupang,New York Stock Exchange,CPNG,e-commerce,,,http://www.wikidata.org/entity/Q12620655,,,CPNG
Q126325758,"Xos, Inc.",Nasdaq,XOS,automotive industry,,,http://www.wikidata.org/entity/Q126325758,,,XOS
Q1264404,Duke Energy,New York Stock Exchange,DUK,electricity generation,,,http://www.wikidata.org/entity/Q1264404,28675000000.0,2022-01-01 00:00:00+00:00,DUK
Q1265181,Dun & Bradstreet,New York Stock Exchange,DNB,,,,http://www.wikidata.org/entity/Q1265181,,,DNB
Q126559,Credicorp,New York Stock Exchange,bap,insurance,,,http://www.wikidata.org/entity/Q126559,,,bap
Q1269170,Dynegy,New York Stock Exchange,DYN,energy industry,,,http://www.wikidata.org/entity/Q1269170,,,DYN
Q126958107,Koala Corporation,Nasdaq,KARE,,,,http://www.wikidata.org/entity/Q126958107,,,KARE
Q127040202,Tempus AI,Nasdaq,TEM,,,,http://www.wikidata.org/entity/Q127040202,,,TEM
Q127074,Albemarle Corporation,New York Stock Exchange,ALB,chemical industry,,,http://www.wikidata.org/entity/Q127074,7320104000.0,2022-01-01 00:00:00+00:00,ALB
Q127278673,LinkedIn Corporation,New York Stock Exchange,LNKD,Internet,,,http://www.wikidata.org/entity/Q127278673,,,LNKD
Q127324768,Six Flags,New York Stock Exchange,FUN,hospitality industry,1613000000.0,2026-02-15 00:00:00+00:00,http://www.wikidata.org/entity/Q127324768,3100289000.0,2025-12-31 00:00:00+00:00,FUN
Q1275577,EOG Resources,New York Stock Exchange,EOG,petroleum industry,,,http://www.wikidata.org/entity/Q1275577,25702000000.0,2022-01-01 00:00:00+00:00,EOG
Q1275613,EPAM Systems,New York Stock Exchange,EPAM,outsourcing,,,http://www.wikidata.org/entity/Q1275613,2290000000.0,2019-01-01 00:00:00+00:00,EPAM
Q127690442,First Financial Bancorp,Nasdaq,FFBC,bank,,,http://www.wikidata.org/entity/Q127690442,,,FFBC
Q127708419,DZS,Nasdaq,DZSI,,,,http://www.wikidata.org/entity/Q127708419,,,DZSI
Q127962,Levi Strauss & Co.,New York Stock Exchange,LEVI,clothing industry,,,http://www.wikidata.org/entity/Q127962,,,LEVI
Q128050179,"Aeva, Inc",New York Stock Exchange,AEVA,,,,http://www.wikidata.org/entity/Q128050179,,,AEVA
Q1280748,EchoStar,Nasdaq,SATS,telecommunications,,,http://www.wikidata.org/entity/Q1280748,,,SATS
Q1282031,Ecolab,New York Stock Exchange,ECL,conglomerate,,,http://www.wikidata.org/entity/Q1282031,,,ECL
Q1282130,Ecopetrol,New York Stock Exchange,EC,petroleum industry,,,http://www.wikidata.org/entity/Q1282130,32800000000.0,2024-01-01 00:00:00+00:00,EC
Q1283291,Valero Energy,New York Stock Exchange,VLO,petroleum industry,,,http://www.wikidata.org/entity/Q1283291,176383000000.0,2022-01-01 00:00:00+00:00,VLO
Q12857502,Mondelez International,Nasdaq,MDLZ,food industry,,,http://www.wikidata.org/entity/Q12857502,31496000000.0,2022-01-01 00:00:00+00:00,MDLZ
Q1285819,TJX Companies,New York Stock Exchange,TJX,retail,,,http://www.wikidata.org/entity/Q1285819,49936000000.0,2022-01-01 00:00:00+00:00,TJX
Q12859164,National Fuel Gas,New York Stock Exchange,NFG,fossil fuel,,,http://www.wikidata.org/entity/Q12859164,,,NFG
Q128738,Anheuser-Busch InBev,New York Stock Exchange,BUD,brewing industry,,,http://www.wikidata.org/entity/Q128738,57786000000.0,2022-01-01 00:00:00+00:00,BUD
Q1287771,Caesarstone Sdot-Yam,Nasdaq,CSTE,industrial manufacturing,,,http://www.wikidata.org/entity/Q1287771,,,CSTE
Q128896,AMD,Nasdaq; New York Stock Exchange,AMD,computer industry,185240000000.0,2022-02-18 00:00:00+00:00,http://www.wikidata.org/entity/Q128896,34639000000.0,2025-01-01 00:00:00+00:00,AMD
Q1295105,Nomura Holdings,New York Stock Exchange,NMR,financial services,,,http://www.wikidata.org/entity/Q1295105,,,NMR
Q1295969,TransMontaigne,New York Stock Exchange,TLP,petroleum industry,,,http://www.wikidata.org/entity/Q1295969,,,TLP
Q130244078,Chicken Soup for the Soul Entertainment,Nasdaq,CSSE,,,,http://www.wikidata.org/entity/Q130244078,,,CSSE
Q130281150,OppFi Inc.,New York Stock Exchange,OPFI,fintech,,,http://www.wikidata.org/entity/Q130281150,,,OPFI
Q130318284,Q130318284,Nasdaq,SLM,,,,http://www.wikidata.org/entity/Q130318284,,,SLM
Q130326112,Kellogg’s,New York Stock Exchange,K,food processing,,,http://www.wikidata.org/entity/Q130326112,,,K
Q130331887,Natura & Co,New York Stock Exchange,NTCO,cosmetics industry,,,http://www.wikidata.org/entity/Q130331887,,,NTCO
Q130482377,FirstSun Capital,Nasdaq,FSUN,,,,http://www.wikidata.org/entity/Q130482377,,,FSUN
Q130624258,Fifth Third Bancorp,Nasdaq,FITB,,,,http://www.wikidata.org/entity/Q130624258,,,FITB
Q131121068,TNL Mediagene,Nasdaq,TNMG,,,,http://www.wikidata.org/entity/Q131121068,,,TNMG
Q131308915,Arcadium Lithium,New York Stock Exchange,ALTM,chemical industry,,,http://www.wikidata.org/entity/Q131308915,,,ALTM
Q1315706,Symetra,New York Stock Exchange,,insurance industry,,,http://www.wikidata.org/entity/Q1315706,,,
Q1318049,WPP plc,Nasdaq; New York Stock Exchange,WPP,marketing,,,http://www.wikidata.org/entity/Q1318049,,,WPP
Q131870561,Inter&Co,Nasdaq,INTR,financial sector,,,http://www.wikidata.org/entity/Q131870561,,,INTR
Q1318848,Intuit,Nasdaq,INTU,enterprise software,,,http://www.wikidata.org/entity/Q1318848,12726000000.0,2022-01-01 00:00:00+00:00,INTU
Q1319505,Nathan's Famous,Nasdaq,NATH,fast food,,,http://www.wikidata.org/entity/Q1319505,,,NATH
Q1319601,Allegiant Air,Nasdaq,ALGT,civil aviation,,,http://www.wikidata.org/entity/Q1319601,,,ALGT
Q1321054,Norfolk Southern Railway,New York Stock Exchange,NSC,transport,,,http://www.wikidata.org/entity/Q1321054,,,NSC
Q13218598,NatWest Group,New York Stock Exchange,RBS,financial sector,,,http://www.wikidata.org/entity/Q13218598,,,RBS
Q1322011,Waters Corporation,New York Stock Exchange,WAT,manufacturing of scientific and technical instrumentation,,,http://www.wikidata.org/entity/Q1322011,,,WAT
Q1325369,Elbit Systems Ltd.,Nasdaq,ESLT,weapons industry,29085365000.0,2022-11-15 00:00:00+00:00,http://www.wikidata.org/entity/Q1325369,3500000000.0,2018-01-01 00:00:00+00:00,ESLT
Q132544684,Claritev,New York Stock Exchange,CTEV,,,,http://www.wikidata.org/entity/Q132544684,,,CTEV
Q1325987,Tyson Foods,New York Stock Exchange,TSN,agriculture,,,http://www.wikidata.org/entity/Q1325987,54400000000.0,2025-01-01 00:00:00+00:00,TSN
Q132775404,"Resolute Holdings Management, Inc",Nasdaq,RHLD,financial services,,,http://www.wikidata.org/entity/Q132775404,,,RHLD
Q1327874,RealNetworks,Nasdaq,RNWK,software industry,,,http://www.wikidata.org/entity/Q1327874,,,RNWK
Q1328252,Eletrobras,Nasdaq; New York Stock Exchange,EBR,,,,http://www.wikidata.org/entity/Q1328252,,,EBR
Q132852489,Q132852489,Nasdaq,WYHG,,,,http://www.wikidata.org/entity/Q132852489,,,WYHG
Q1328736,GFI Brokers,New York Stock Exchange,GFIG,financial services,,,http://www.wikidata.org/entity/Q1328736,,,GFIG
Q1329463,Quiksilver,New York Stock Exchange,ZQK,textile industry,,,http://www.wikidata.org/entity/Q1329463,1810000000.0,2013-01-01 00:00:00+00:00,ZQK
Q1329524,Russell 2000,Nasdaq; New York Stock Exchange,RUT,,,,http://www.wikidata.org/entity/Q1329524,,,RUT
Q133296253,Gentoo Media,Nasdaq,,online gambling,,,http://www.wikidata.org/entity/Q133296253,,,
Q1335585,Emerson Electric,New York Stock Exchange,EMR,electrical industry,,,http://www.wikidata.org/entity/Q1335585,19629000000.0,2022-01-01 00:00:00+00:00,EMR
Q1337797,Office Depot,Nasdaq,ODP,retail,,,http://www.wikidata.org/entity/Q1337797,,,ODP
Q133806332,Flagstar Bancorp,Nasdaq; New York Stock Exchange,FBC,,,,http://www.wikidata.org/entity/Q133806332,,,FBC
Q133812186,BillionToOne (United States),Nasdaq,BLLN,,,,http://www.wikidata.org/entity/Q133812186,,,BLLN
Q1339966,Enbridge,New York Stock Exchange,ENB,petroleum industry,,,http://www.wikidata.org/entity/Q1339966,,,ENB
Q134008655,Southside Bank,New York Stock Exchange,SBSI,,,,http://www.wikidata.org/entity/Q134008655,,,SBSI
Q13403399,Kirin Holdings,Nasdaq,KNBWY,beverage industry,,,http://www.wikidata.org/entity/Q13403399,,,KNBWY
Q1341588,EnerSys,New York Stock Exchange,ENS,,,,http://www.wikidata.org/entity/Q1341588,,,ENS
Q1341590,Enerplus,New York Stock Exchange,ERF,,,,http://www.wikidata.org/entity/Q1341590,,,ERF
Q1342041,Lam Research,Nasdaq,LRCX,,,,http://www.wikidata.org/entity/Q1342041,17428516000.0,2022-01-01 00:00:00+00:00,LRCX
Q134298823,Porch Group,Nasdaq,PRCH,,627858000.0,2025-05-01 00:00:00+00:00,http://www.wikidata.org/entity/Q134298823,,,PRCH
Q1344587,Entergy,New York Stock Exchange,ETR,energy company,,,http://www.wikidata.org/entity/Q1344587,13764237000.0,2022-01-01 00:00:00+00:00,ETR
Q1345971,USA Today Co.,New York Stock Exchange,GCI,mass media,,,http://www.wikidata.org/entity/Q1345971,2900000000.0,2022-01-01 00:00:00+00:00,GCI
Q1347782,Marvell Technology,Nasdaq,MRVL,semiconductor industry,,,http://www.wikidata.org/entity/Q1347782,,,MRVL
Q1348664,Rockwell International,New York Stock Exchange,ROK,aerospace industry,,,http://www.wikidata.org/entity/Q1348664,,,ROK
Q135181390,GCL,Nasdaq,GCL,video game industry,,,http://www.wikidata.org/entity/Q135181390,,,GCL
Q13522860,Helicos Biosciences,Nasdaq,HLCS,biotechnology,,,http://www.wikidata.org/entity/Q13522860,,,HLCS
Q135281,Alexander & Baldwin,New York Stock Exchange,ALEX,conglomerate,,,http://www.wikidata.org/entity/Q135281,,,ALEX
Q13529408,Brookfield Infrastructure Partners,New York Stock Exchange,BIP,Infrastructure asset management,,,http://www.wikidata.org/entity/Q13529408,,,BIP
Q13529431,Methanex,Nasdaq,MEOH,,,,http://www.wikidata.org/entity/Q13529431,,,MEOH
Q13529435,New Gold,New York Stock Exchange,,mining,,,http://www.wikidata.org/entity/Q13529435,,,
Q13529450,Oncolytics Biotech,Nasdaq,ONCY,pharmaceutical industry,,,http://www.wikidata.org/entity/Q13529450,,,ONCY
Q13529476,Sierra Wireless,Nasdaq,SWIR,,,,http://www.wikidata.org/entity/Q13529476,,,SWIR
Q135325,Alcoa,New York Stock Exchange,AA,Aluminium production,,,http://www.wikidata.org/entity/Q135325,,,AA
Q1353939,Etsy,Nasdaq,ETSY,e-commerce,,,http://www.wikidata.org/entity/Q1353939,,,ETSY
Q135579976,Uniti,Nasdaq,UNIT,telecommunications,,,http://www.wikidata.org/entity/Q135579976,,,UNIT
Q135683211,PayPal Holdings,Nasdaq,PYPL,financial services,295490000000.0,2021-05-21 00:00:00+00:00,http://www.wikidata.org/entity/Q135683211,27518000000.0,2022-01-01 00:00:00+00:00,PYPL
Q13576574,Ituran,Nasdaq,ITRN,transport,,,http://www.wikidata.org/entity/Q13576574,,,ITRN
Q135832869,Versant,Nasdaq,VSNT,cable television,,,http://www.wikidata.org/entity/Q135832869,,,VSNT
Q13583352,Aircastle,New York Stock Exchange,AYR,aircraft lease,,,http://www.wikidata.org/entity/Q13583352,,,AYR
Q1359568,Alibaba Group,New York Stock Exchange,BABA,e-commerce,657500000000.0,2022-02-01 00:00:00+00:00,http://www.wikidata.org/entity/Q1359568,137300000000.0,2024-01-01 00:00:00+00:00,BABA
Q1361648,Allegheny Technologies,New York Stock Exchange,ATI,,,,http://www.wikidata.org/entity/Q1361648,,,ATI
Q13631921,New Oriental,New York Stock Exchange,EDU,educational system,,,http://www.wikidata.org/entity/Q13631921,,,EDU
Q13636126,Hilton Grand Vacations,New York Stock Exchange,HGV,timeshare,,,http://www.wikidata.org/entity/Q13636126,,,HGV
Q1364176,Wipro,New York Stock Exchange,WIT,IT service management,,,http://www.wikidata.org/entity/Q1364176,,,WIT
Q1364494,Medco Health Solutions,New York Stock Exchange,MHS,pharmacy benefits manager,,,http://www.wikidata.org/entity/Q1364494,,,MHS
Q136452293,Regencell Bioscience,Nasdaq,RGC,,,,http://www.wikidata.org/entity/Q136452293,,,RGC
Q136565240,Simply Good,Nasdaq,SMPL,food industry,,,http://www.wikidata.org/entity/Q136565240,,,SMPL
Q136654090,ProPhase Labs,Nasdaq,PRPH,pharmaceutical industry,,,http://www.wikidata.org/entity/Q136654090,,,PRPH
Q136656600,TierOne Bank,Nasdaq,TONE,financial services,,,http://www.wikidata.org/entity/Q136656600,,,TONE
Q136659556,USA Rare Earth,Nasdaq,USAR,,,,http://www.wikidata.org/entity/Q136659556,,,USAR
Q136676211,Metsera Inc,Nasdaq,MTSR,biotechnology industry,,,http://www.wikidata.org/entity/Q136676211,,,MTSR
Q136684502,Fiverr International Ltd.,New York Stock Exchange,FVRR,,,,http://www.wikidata.org/entity/Q136684502,,,FVRR
Q136815592,Heartland Express,Nasdaq,HTDL,,,,http://www.wikidata.org/entity/Q136815592,,,HTDL
Q13683,NYSE Euronext Liffe,New York Stock Exchange,NYX,stock exchange,,,http://www.wikidata.org/entity/Q13683,,,NYX
Q1368919,Mobile TeleSystems,Nasdaq; New York Stock Exchange,MBT,telecommunications,430000000000.0,2025-01-01 00:00:00+00:00,http://www.wikidata.org/entity/Q1368919,807186000000.0,2025-01-01 00:00:00+00:00,MBT
Q136959566,High Voltage Engineering Corporation,New York Stock Exchange,HVE,,,,http://www.wikidata.org/entity/Q136959566,,,HVE
Q1369955,W. R. Berkley,New York Stock Exchange,WRB,insurance,,,http://www.wikidata.org/entity/Q1369955,,,WRB
Q137009694,Marten Transport,Nasdaq,MRTN,,,,http://www.wikidata.org/entity/Q137009694,,,MRTN
Q137117770,NB Bancorp,Nasdaq,NBBK,,,,http://www.wikidata.org/entity/Q137117770,,,NBBK
Q13715273,Atotech,New York Stock Exchange,ATC,,,,http://www.wikidata.org/entity/Q13715273,,,ATC
Q1371852,MBIA,New York Stock Exchange,MBI,finance,,,http://www.wikidata.org/entity/Q1371852,,,MBI
Q137259905,China Mobile Games and Entertainment Group Limited,Nasdaq,CMGE,video game industry,,,http://www.wikidata.org/entity/Q137259905,,,CMGE
Q1373493,Lowe's,New York Stock Exchange,LOW,hardware store,,,http://www.wikidata.org/entity/Q1373493,97059000000.0,2022-01-01 00:00:00+00:00,LOW
Q137397138,Fermi Inc,Nasdaq,FRMI,,,,http://www.wikidata.org/entity/Q137397138,,,FRMI
Q1374135,Prudential plc,New York Stock Exchange,PUK,insurance,,,http://www.wikidata.org/entity/Q1374135,,,PUK
Q137596590,Navitas Semiconductor,Nasdaq,NVTS,,,,http://www.wikidata.org/entity/Q137596590,,,NVTS
Q137754661,Q137754661,Nasdaq,GSIT,,,,http://www.wikidata.org/entity/Q137754661,,,GSIT
Q137920048,Avidity Biosciences,Nasdaq,RNA,,,,http://www.wikidata.org/entity/Q137920048,,,RNA
Q137983503,BitMine Immersion,New York Stock Exchange,BMNR,,,,http://www.wikidata.org/entity/Q137983503,,,BMNR
Q138161948,D-Wave Quantum,New York Stock Exchange,QBTS,,,,http://www.wikidata.org/entity/Q138161948,,,QBTS
Q1381973,Everest Re,New York Stock Exchange,RE,financial services,,,http://www.wikidata.org/entity/Q1381973,,,RE
Q1383669,Exelon,New York Stock Exchange,EXC,energy industry,43000000000.0,2023-04-23 00:00:00+00:00,http://www.wikidata.org/entity/Q1383669,36347000000.0,2021-01-01 00:00:00+00:00,EXC
Q1384324,Expeditors International,Nasdaq,EXPD,logistics,,,http://www.wikidata.org/entity/Q1384324,,,EXPD
Q1384784,Express,New York Stock Exchange,EXPR,fashion retail industry,,,http://www.wikidata.org/entity/Q1384784,,,EXPR
Q138548226,Figma Inc,New York Stock Exchange,FIG,software industry,,,http://www.wikidata.org/entity/Q138548226,,,FIG
Q138588656,"Brand Engagement Network, Inc",Nasdaq,,,,,http://www.wikidata.org/entity/Q138588656,,,
Q138611424,Q138611424,Nasdaq,VWAV,,,,http://www.wikidata.org/entity/Q138611424,,,VWAV
Q138635611,English,Nasdaq,TCBK,,,,http://www.wikidata.org/entity/Q138635611,,,TCBK
Q138816278,Ondas,Nasdaq,ONDS,,,,http://www.wikidata.org/entity/Q138816278,,,ONDS
Q138932758,BNB Plus Corp,Nasdaq,,financial services,,,http://www.wikidata.org/entity/Q138932758,,,
Q1389504,"Morningstar, Inc.",Nasdaq,MORN,financial services,,,http://www.wikidata.org/entity/Q1389504,,,MORN
Q1390577,"Twitter, Inc.",New York Stock Exchange,TWTR,Internet industry,,,http://www.wikidata.org/entity/Q1390577,,,TWTR
Q1391599,Mercer,Nasdaq,MERC,risk management,,,http://www.wikidata.org/entity/Q1391599,5021000000.0,2019-01-01 00:00:00+00:00,MERC
Q1392999,FICO,New York Stock Exchange,FICO,data analysis,,,http://www.wikidata.org/entity/Q1392999,,,FICO
Q139545572,LuxExperience,New York Stock Exchange,LUXE,fashion,,,http://www.wikidata.org/entity/Q139545572,,,LUXE
Q1400073,Federal Signal Corporation,New York Stock Exchange,FSS,automotive supplier,,,http://www.wikidata.org/entity/Q1400073,,,FSS
Q140676,rediff.com,Nasdaq,REDF,online service,,,http://www.wikidata.org/entity/Q140676,,,REDF
Q1407601,Grupo Aeroportuario del Sureste,New York Stock Exchange,ASR,aviation,,,http://www.wikidata.org/entity/Q1407601,,,ASR
Q1410137,Houlihan Lokey,New York Stock Exchange,HLI,financial services,,,http://www.wikidata.org/entity/Q1410137,,,HLI
Q1410766,Fibria,New York Stock Exchange,fbr,pulp and paper industry,,,http://www.wikidata.org/entity/Q1410766,,,fbr
Q1411295,Fidelity National Information Services,New York Stock Exchange,FIS,financial services,,,http://www.wikidata.org/entity/Q1411295,,,FIS
Q1413997,Quantum Corporation,Nasdaq,QMCO,computer storage media,,,http://www.wikidata.org/entity/Q1413997,402680000.0,2019-01-01 00:00:00+00:00,QMCO
Q1415501,Lexmark,New York Stock Exchange,LXK,computer industry,,,http://www.wikidata.org/entity/Q1415501,,,LXK
Q1416215,GoDaddy,Nasdaq; New York Stock Exchange,GDDY,web hosting service,,,http://www.wikidata.org/entity/Q1416215,2231900000.0,2017-01-01 00:00:00+00:00,GDDY
Q1418,Nokia,New York Stock Exchange,NOK,computer network,26257000000.0,2016-12-31 00:00:00+00:00,http://www.wikidata.org/entity/Q1418,24910000000.0,2022-01-01 00:00:00+00:00,NOK
Q1419248,FirstEnergy,New York Stock Exchange,FE,electricity supply company,,,http://www.wikidata.org/entity/Q1419248,12459000000.0,2022-01-01 00:00:00+00:00,FE
Q1419446,First Horizon National Corporation,New York Stock Exchange,FHN,financial services,,,http://www.wikidata.org/entity/Q1419446,,,FHN
Q1420513,Fiserv,Nasdaq; New York Stock Exchange,FI; FISV,financial services,,,http://www.wikidata.org/entity/Q1420513,17737000000.0,2022-01-01 00:00:00+00:00,FI
Q1423218,Sunoco,New York Stock Exchange,SUN,petroleum industry,,,http://www.wikidata.org/entity/Q1423218,,,SUN
Q1424293,Itaú Unibanco,New York Stock Exchange,ITUB,economics of banking,,,http://www.wikidata.org/entity/Q1424293,50920000000.0,2016-01-01 00:00:00+00:00,ITUB
Q1424962,IHG Hotels & Resorts,New York Stock Exchange,IHG,hotel industry,,,http://www.wikidata.org/entity/Q1424962,,,IHG
Q1425063,Hyatt Hotels Corporation,New York Stock Exchange,H,hospitality industry,,,http://www.wikidata.org/entity/Q1425063,,,H
Q1425316,SLB,New York Stock Exchange,SLB,petroleum industry,,,http://www.wikidata.org/entity/Q1425316,28091000000.0,2022-01-01 00:00:00+00:00,SLB
Q1428656,Vivo,New York Stock Exchange,,telecommunications,,,http://www.wikidata.org/entity/Q1428656,,,
Q14289857,News Corp,Nasdaq,NWSA,journalism,19546479629.0,2021-11-18 00:00:00+00:00,http://www.wikidata.org/entity/Q14289857,8292000000.0,2016-01-01 00:00:00+00:00,NWSA
Q1430331,Flowserve,New York Stock Exchange,FLS,,,,http://www.wikidata.org/entity/Q1430331,,,FLS
Q1431486,Orange,Nasdaq; New York Stock Exchange,ORAN,,26526000000.0,2023-02-15 00:00:00+00:00,http://www.wikidata.org/entity/Q1431486,44122000000.0,2023-01-01 00:00:00+00:00,ORAN
Q1431991,Hyperion Solutions Corporation,Nasdaq,HYSL,,,,http://www.wikidata.org/entity/Q1431991,,,HYSL
Q1433308,Harris Corporation,New York Stock Exchange,,aerospace industry,,,http://www.wikidata.org/entity/Q1433308,4970000000.0,2018-01-01 00:00:00+00:00,
Q143435,Unum,New York Stock Exchange,UNM,,,,http://www.wikidata.org/entity/Q143435,11991000000.0,2022-01-01 00:00:00+00:00,UNM
Q1435010,Luxoft,New York Stock Exchange,LXFT,software development,,,http://www.wikidata.org/entity/Q1435010,,,LXFT
Q1435628,FEMSA,New York Stock Exchange,FMX,brewing industry,,,http://www.wikidata.org/entity/Q1435628,,,FMX
Q143616,United Microelectronics Corporation,New York Stock Exchange,UMC,semiconductor industry,,,http://www.wikidata.org/entity/Q143616,,,UMC
Q144060,Cray,Nasdaq,CRAY,information technology,,,http://www.wikidata.org/entity/Q144060,,,CRAY
Q1444583,Alvarion,Nasdaq,,electronics,,,http://www.wikidata.org/entity/Q1444583,,,
Q144617,TIM Group,New York Stock Exchange,TI,telecommunications,,,http://www.wikidata.org/entity/Q144617,14442000000.0,2024-01-01 00:00:00+00:00,TI
Q145168,Dollar General,New York Stock Exchange,DG,retail,,,http://www.wikidata.org/entity/Q145168,37844863000.0,2022-01-01 00:00:00+00:00,DG
Q1453620,Freeport-McMoRan,New York Stock Exchange,FCX,mining,,,http://www.wikidata.org/entity/Q1453620,,,FCX
Q1454852,Hormel,New York Stock Exchange,HRL,food processing,,,http://www.wikidata.org/entity/Q1454852,12458806000.0,2022-01-01 00:00:00+00:00,HRL
Q1459595,Revlon,New York Stock Exchange,REV,cosmetics industry,,,http://www.wikidata.org/entity/Q1459595,,,REV
Q14647,Sun Microsystems,Nasdaq,,computing,,,http://www.wikidata.org/entity/Q14647,,,
Q1465461,National Grid,New York Stock Exchange,NGG,electric power industry,,,http://www.wikidata.org/entity/Q1465461,,,NGG
Q14662364,AbbVie,New York Stock Exchange,ABBV,biotechnology,,,http://www.wikidata.org/entity/Q14662364,58054000000.0,2022-01-01 00:00:00+00:00,ABBV
Q1470525,Hospira,New York Stock Exchange,HSP,pharmaceutical industry,,,http://www.wikidata.org/entity/Q1470525,,,HSP
Q14705393,Solidscape,Nasdaq,SSYS,peripheral,,,http://www.wikidata.org/entity/Q14705393,,,SSYS
Q1470619,Parker Hannifin,New York Stock Exchange,PH,industrial manufacturing,,,http://www.wikidata.org/entity/Q1470619,15861608000.0,2022-01-01 00:00:00+00:00,PH
Q1471346,Whirlpool,New York Stock Exchange,WHR,home appliance industry,,,http://www.wikidata.org/entity/Q1471346,,,WHR
Q147224,HRG Group,New York Stock Exchange,HRG,,,,http://www.wikidata.org/entity/Q147224,,,HRG
Q1472539,Alpha Tomo Global Resoures Sdn Bhd,New York Stock Exchange,MAN,staffing industry,,,http://www.wikidata.org/entity/Q1472539,,,MAN
Q1472929,"Nasdaq, Inc.",Nasdaq,NDAQ,financial services,,,http://www.wikidata.org/entity/Q1472929,6226000000.0,2022-01-01 00:00:00+00:00,NDAQ
Q1476080,Private Media Group,Nasdaq,PRVT,pornography industry,,,http://www.wikidata.org/entity/Q1476080,,,PRVT
Q1477156,Seadrill,New York Stock Exchange,SDRL,petroleum industry,,,http://www.wikidata.org/entity/Q1477156,,,SDRL
Q14772,Baidu,Nasdaq,BIDU,Internet,,,http://www.wikidata.org/entity/Q14772,18238000000.0,2024-01-01 00:00:00+00:00,BIDU
Q1477575,Smithfield Foods,New York Stock Exchange,,agriculture,,,http://www.wikidata.org/entity/Q1477575,,,
Q1477661,PACCAR,Nasdaq,PCAR,automotive industry,,,http://www.wikidata.org/entity/Q1477661,28819700000.0,2022-01-01 00:00:00+00:00,PCAR
Q1479654,Wiley,New York Stock Exchange,WLY,,,,http://www.wikidata.org/entity/Q1479654,,,WLY
Q1485061,GE Aerospace,New York Stock Exchange,GE,aerospace industry,,,http://www.wikidata.org/entity/Q1485061,,,GE
Q1486956,Xcel Energy,Nasdaq; New York Stock Exchange,XEL,public utility,,,http://www.wikidata.org/entity/Q1486956,15310000000.0,2022-01-01 00:00:00+00:00,XEL
Q14903417,Delhaize Le Lion,New York Stock Exchange,DEG,food retail sector,,,http://www.wikidata.org/entity/Q14903417,,,DEG
Q14914829,"Thryv, Inc.",Nasdaq,THRY,communications media,,,http://www.wikidata.org/entity/Q14914829,,,THRY
Q1494132,Gardner Denver,New York Stock Exchange,,mechanical engineering,,,http://www.wikidata.org/entity/Q1494132,,,
Q14993631,Science Applications International Corporation,New York Stock Exchange,SAIC,information technology,,,http://www.wikidata.org/entity/Q14993631,2800000000.0,2018-01-01 00:00:00+00:00,SAIC
Q1501630,Interpublic Group of Companies,New York Stock Exchange,IPG,marketing,,,http://www.wikidata.org/entity/Q1501630,,,IPG
Q1502712,Genworth Financial,New York Stock Exchange,GNW,financial services,,,http://www.wikidata.org/entity/Q1502712,,,GNW
Q1502794,GEO Group,New York Stock Exchange,GEO,real estate investment trust,,,http://www.wikidata.org/entity/Q1502794,,,GEO
Q15030582,CooperVision,New York Stock Exchange,,,,,http://www.wikidata.org/entity/Q15030582,,,
Q1503728,Rowan Companies,New York Stock Exchange,,petroleum industry,,,http://www.wikidata.org/entity/Q1503728,,,
Q1503753,Vedanta Resources,New York Stock Exchange,VEDL,mining,,,http://www.wikidata.org/entity/Q1503753,,,VEDL
Q1506045,Las Vegas Sands,New York Stock Exchange,LVS,gambling,,,http://www.wikidata.org/entity/Q1506045,4110000000.0,2022-01-01 00:00:00+00:00,LVS
Q1507228,Harmony Gold,New York Stock Exchange,HMY,,,,http://www.wikidata.org/entity/Q1507228,,,HMY
Q1507642,Huaneng Power International,New York Stock Exchange,HNP,electric power industry,,,http://www.wikidata.org/entity/Q1507642,113814236000.0,2016-01-01 00:00:00+00:00,HNP
Q1508234,Safeway,New York Stock Exchange,SWY,retail,,,http://www.wikidata.org/entity/Q1508234,,,SWY
Q1508526,"Sturm, Ruger & Co.",Nasdaq; New York Stock Exchange,RGR,weapons industry,,,http://www.wikidata.org/entity/Q1508526,,,RGR
Q1509038,Tenneco,New York Stock Exchange,TEN,automotive part,,,http://www.wikidata.org/entity/Q1509038,,,TEN
Q1510378,Illinois Tool Works,New York Stock Exchange,ITW,industrial manufacturing,,,http://www.wikidata.org/entity/Q1510378,,,ITW
Q15109846,Sarepta Therapeutics,Nasdaq,SRPT,pharmaceutical industry,,,http://www.wikidata.org/entity/Q15109846,,,SRPT
Q15109850,Brooktree,Nasdaq,CNXT,,,,http://www.wikidata.org/entity/Q15109850,,,CNXT
Q15109854,California Pizza Kitchen,Nasdaq,,hospitality industry,,,http://www.wikidata.org/entity/Q15109854,,,
Q15109862,Craft Brew Alliance,Nasdaq,BREW,brewing industry,,,http://www.wikidata.org/entity/Q15109862,,,BREW
Q15109865,Dexcom,Nasdaq,DXCM,,,,http://www.wikidata.org/entity/Q15109865,,,DXCM
Q15109878,GTSI Corp.,Nasdaq,,,,,http://www.wikidata.org/entity/Q15109878,,,
Q15109880,Harmonic Inc.,Nasdaq,HLIT,,,,http://www.wikidata.org/entity/Q15109880,,,HLIT
Q15109885,I.D. Systems,Nasdaq,IDSY,,,,http://www.wikidata.org/entity/Q15109885,,,IDSY
Q15109887,II-VI Incorporated,Nasdaq,COHR,,,,http://www.wikidata.org/entity/Q15109887,,,COHR
Q15109891,Innospec,Nasdaq,IOSP,petroleum,,,http://www.wikidata.org/entity/Q15109891,,,IOSP
Q15109895,International Display Works,Nasdaq,IDWK,technology,,,http://www.wikidata.org/entity/Q15109895,,,IDWK
Q15109896,Investors Bank,Nasdaq,ISBC,economics of banking,,,http://www.wikidata.org/entity/Q15109896,,,ISBC
Q15109897,J.W. Mays,Nasdaq,MAYS,,,,http://www.wikidata.org/entity/Q15109897,,,MAYS
Q15109901,Learning Tree International,Nasdaq,,,,,http://www.wikidata.org/entity/Q15109901,,,
Q15109903,Luna Innovations,Nasdaq,LUNA,,,,http://www.wikidata.org/entity/Q15109903,,,LUNA
Q15109904,Magnetek,Nasdaq,MAG,,,,http://www.wikidata.org/entity/Q15109904,,,MAG
Q15109905,Maxygen,Nasdaq,MAXY,biotechnology,,,http://www.wikidata.org/entity/Q15109905,,,MAXY
Q15109906,Mazor Robotics,Nasdaq,MZOR,health technology,,,http://www.wikidata.org/entity/Q15109906,,,MZOR
Q15109907,Medivation,Nasdaq,MDVN,pharmaceutical industry,,,http://www.wikidata.org/entity/Q15109907,,,MDVN
Q15109909,Mindspeed Technologies,Nasdaq,MSPD,electronics,,,http://www.wikidata.org/entity/Q15109909,,,MSPD
Q15109910,National Beverage,Nasdaq,FIZZ,beverage industry,,,http://www.wikidata.org/entity/Q15109910,,,FIZZ
Q15109912,Natural Alternatives International,Nasdaq,NAII,,,,http://www.wikidata.org/entity/Q15109912,,,NAII
Q15109913,Netlist Inc.,Nasdaq,NLST,computer hardware industry,,,http://www.wikidata.org/entity/Q15109913,,,NLST
Q15109914,NewBridge Bank,Nasdaq,NBBC,bank,,,http://www.wikidata.org/entity/Q15109914,,,NBBC
Q15109916,Otelco,Nasdaq,OTEL,telecommunications,,,http://www.wikidata.org/entity/Q15109916,,,OTEL
Q15109925,Tractor Supply Company,Nasdaq,TSCO,retail,,,http://www.wikidata.org/entity/Q15109925,,,TSCO
Q15109932,WiLAN,Nasdaq,WILN,,,,http://www.wikidata.org/entity/Q15109932,,,WILN
Q1511043,Gerdau,New York Stock Exchange,GGB,iron and steel industry,,,http://www.wikidata.org/entity/Q1511043,,,GGB
Q151135,Youku,New York Stock Exchange,YOKU,Internet industry,,,http://www.wikidata.org/entity/Q151135,,,YOKU
Q15138136,Mindray,New York Stock Exchange,MR,,,,http://www.wikidata.org/entity/Q15138136,1300000000.0,2014-01-01 00:00:00+00:00,MR
Q1514221,Kubota,Nasdaq,KUBTY,manufacture of machinery and equipment,,,http://www.wikidata.org/entity/Q1514221,,,KUBTY
Q1515039,WME Group,New York Stock Exchange,EDR,talent agent,,,http://www.wikidata.org/entity/Q1515039,,,EDR
Q1516108,TC Energy,New York Stock Exchange,TRP,petroleum industry,,,http://www.wikidata.org/entity/Q1516108,,,TRP
Q1516410,Suncor Energy,New York Stock Exchange,SU,petroleum industry,,,http://www.wikidata.org/entity/Q1516410,,,SU
Q1516562,Liberty Media,Nasdaq,,mass media,,,http://www.wikidata.org/entity/Q1516562,,,
Q151670,Alleghany Corporation,New York Stock Exchange,Y,insurance,,,http://www.wikidata.org/entity/Q151670,,,Y
Q1516849,Shaw Communications,New York Stock Exchange,SJR,telecommunications,,,http://www.wikidata.org/entity/Q1516849,,,SJR
Q1519267,Omnicom Group,New York Stock Exchange,OMC,mass media,,,http://www.wikidata.org/entity/Q1519267,14289100000.0,2022-01-01 00:00:00+00:00,OMC
Q1520122,Getty Images,New York Stock Exchange,GETY,publishing,,,http://www.wikidata.org/entity/Q1520122,,,GETY
Q152057,BP,New York Stock Exchange,BP,petroleum industry,,,http://www.wikidata.org/entity/Q152057,194630000000.0,2024-01-01 00:00:00+00:00,BP
Q15211487,CallidusCloud,Nasdaq,CALD,enterprise software,,,http://www.wikidata.org/entity/Q15211487,,,CALD
Q15238661,CNH Industrial,New York Stock Exchange,CNHI,automotive industry,,,http://www.wikidata.org/entity/Q15238661,23551000000.0,2022-01-01 00:00:00+00:00,CNHI
Q1524197,Gildan Activewear,New York Stock Exchange,GIL,textile industry,,,http://www.wikidata.org/entity/Q1524197,,,GIL
Q152433,Xerox,New York Stock Exchange,XRX,computer industry,,,http://www.wikidata.org/entity/Q152433,18045000000.0,2015-01-01 00:00:00+00:00,XRX
Q1526456,Kimball International,Nasdaq,KBAL,furniture industry,,,http://www.wikidata.org/entity/Q1526456,,,KBAL
Q152695,Amer Sports,New York Stock Exchange,AS,sporting goods industry,,,http://www.wikidata.org/entity/Q152695,,,AS
Q15272375,RetailMeNot,Nasdaq,SALE,coupon,,,http://www.wikidata.org/entity/Q15272375,,,SALE
Q1529234,Rockwell Automation,New York Stock Exchange,ROK,,,,http://www.wikidata.org/entity/Q1529234,7760400000.0,2022-01-01 00:00:00+00:00,ROK
Q15302718,Exelis Inc.,New York Stock Exchange,,weapons industry,,,http://www.wikidata.org/entity/Q15302718,2230000000.0,2014-01-01 00:00:00+00:00,
Q1531473,Plantronics,New York Stock Exchange,,electronics,,,http://www.wikidata.org/entity/Q1531473,,,
Q1532489,Pall Corporation,New York Stock Exchange,,biotechnology,,,http://www.wikidata.org/entity/Q1532489,,,
Q153417,Kroger,New York Stock Exchange,KR,retail,,,http://www.wikidata.org/entity/Q153417,148258000000.0,2022-01-01 00:00:00+00:00,KR
Q1534597,Gold Fields,New York Stock Exchange,GFI,gold mining,,,http://www.wikidata.org/entity/Q1534597,,,GFI
Q1536176,Smurfit Westrock,New York Stock Exchange,SW,product packaging industry,,,http://www.wikidata.org/entity/Q1536176,,,SW
Q1536457,Republic Airways Holdings,Nasdaq,RJET,transport,,,http://www.wikidata.org/entity/Q1536457,,,RJET
Q1538507,Jack in the Box,Nasdaq,JACK,restaurant,,,http://www.wikidata.org/entity/Q1538507,,,JACK
Q1538585,Kelly Services,Nasdaq,KELYA,employment services industry,,,http://www.wikidata.org/entity/Q1538585,,,KELYA
Q1538731,Oi,New York Stock Exchange,,telecommunications,,,http://www.wikidata.org/entity/Q1538731,,,
Q1539185,The Timberland Company,New York Stock Exchange,,fashion,,,http://www.wikidata.org/entity/Q1539185,,,
Q15401349,Zendesk,New York Stock Exchange,zen,software industry,,,http://www.wikidata.org/entity/Q15401349,,,zen
Q154037,TotalEnergies,New York Stock Exchange,TOT,petroleum industry,122700000000.0,2025-12-31 00:00:00+00:00,http://www.wikidata.org/entity/Q154037,201196000000.0,2025-01-01 00:00:00+00:00,TOT
Q1541470,GPA,New York Stock Exchange,CBD,retail,,,http://www.wikidata.org/entity/Q1541470,,,CBD
Q1542175,Mitsubishi UFJ Financial Group,New York Stock Exchange,MTU,financial services,,,http://www.wikidata.org/entity/Q1542175,,,MTU
Q154387,Iridium Communications,Nasdaq,IRDM,telecommunications,,,http://www.wikidata.org/entity/Q154387,,,IRDM
Q1543874,The Hertz Corporation,Nasdaq,HTZ,tourism industry,,,http://www.wikidata.org/entity/Q1543874,,,HTZ
Q1544312,Telecom Argentina,New York Stock Exchange,TEO,telecommunications,,,http://www.wikidata.org/entity/Q1544312,,,TEO
Q1544413,National Instruments,Nasdaq,NATI,information technology,,,http://www.wikidata.org/entity/Q1544413,,,NATI
Q1545076,Microchip Technology,Nasdaq,MCHP,electronics,,,http://www.wikidata.org/entity/Q1545076,5440000000.0,2021-01-01 00:00:00+00:00,MCHP
Q1545542,OM Group,New York Stock Exchange,OMG,chemical industry,,,http://www.wikidata.org/entity/Q1545542,,,OMG
Q1546793,S&P 100,Nasdaq; New York Stock Exchange,OEX,,,,http://www.wikidata.org/entity/Q1546793,,,OEX
Q1548363,Magic Software Enterprises Ltd.,Nasdaq,MGIC,software industry,2835615000.0,2022-11-15 00:00:00+00:00,http://www.wikidata.org/entity/Q1548363,,,MGIC
Q154950,Shell,New York Stock Exchange,RDS.B,petroleum industry,,,http://www.wikidata.org/entity/Q154950,316620000000.0,2023-01-01 00:00:00+00:00,RDS.B
Q1549511,Ormat Technologies,Nasdaq; New York Stock Exchange,ORA; ORBK,,18943313000.0,2022-11-15 00:00:00+00:00,http://www.wikidata.org/entity/Q1549511,,,ORA
Q155026,United Parcel Service,New York Stock Exchange,UPS,logistics,,,http://www.wikidata.org/entity/Q155026,91070000000.0,2024-01-01 00:00:00+00:00,UPS
Q15507516,Triumph Group,New York Stock Exchange,TGI,industrial manufacturing,,,http://www.wikidata.org/entity/Q15507516,770000000.0,2016-01-01 00:00:00+00:00,TGI
Q15589464,Dropbox Inc.,Nasdaq,DBX,,,,http://www.wikidata.org/entity/Q15589464,,,DBX
Q15606898,Danaos Corporation,New York Stock Exchange,,,,,http://www.wikidata.org/entity/Q15606898,,,
Q156238,ExxonMobil,New York Stock Exchange,XOM,petroleum industry,474414000000.0,2025-08-22 00:00:00+00:00,http://www.wikidata.org/entity/Q156238,349585000000.0,2024-01-01 00:00:00+00:00,XOM
Q1562826,VEON,Nasdaq,VEON,telecommunications,,,http://www.wikidata.org/entity/Q1562826,,,VEON
Q156376,Vimeo,Nasdaq,VMEO,online video platform,,,http://www.wikidata.org/entity/Q156376,,,VMEO
Q156644,Raytheon,New York Stock Exchange,RTN,aerospace industry,42080000000.0,2016-01-01 00:00:00+00:00,http://www.wikidata.org/entity/Q156644,29176000000.0,2019-01-01 00:00:00+00:00,RTN
Q15678788,Fiat Chrysler Automobiles,New York Stock Exchange,FCAU,automotive industry,,,http://www.wikidata.org/entity/Q15678788,108000000000.0,2019-01-01 00:00:00+00:00,FCAU
Q157062,Unilever,New York Stock Exchange,UL,food industry,,,http://www.wikidata.org/entity/Q157062,60073000000.0,2022-01-01 00:00:00+00:00,UL
Q1570773,Kohlberg Kravis Roberts,New York Stock Exchange,KKR,asset management,,,http://www.wikidata.org/entity/Q1570773,42300000000.0,2020-01-01 00:00:00+00:00,KKR
Q1571490,Synaptics,Nasdaq,SYNA,computer hardware industry,,,http://www.wikidata.org/entity/Q1571490,,,SYNA
Q15727302,Arcos Dorados Holdings,New York Stock Exchange,ARCO,food industry,,,http://www.wikidata.org/entity/Q15727302,,,ARCO
Q1572831,Yingli,New York Stock Exchange,,photovoltaics,,,http://www.wikidata.org/entity/Q1572831,,,
Q15734041,Corcept Therapeutics,Nasdaq,CORT,pharmaceutical industry,,,http://www.wikidata.org/entity/Q15734041,,,CORT
Q1573416,Madison Square Garden Sports,Nasdaq,MSG,professional sport,,,http://www.wikidata.org/entity/Q1573416,,,MSG
Q1576191,PGi,New York Stock Exchange,,,,,http://www.wikidata.org/entity/Q1576191,,,
Q1577587,Marathon Oil,New York Stock Exchange,MRO,petroleum industry,,,http://www.wikidata.org/entity/Q1577587,8036000000.0,2022-01-01 00:00:00+00:00,MRO
Q1577907,Lionbridge,Nasdaq,LIOX,financial services,,,http://www.wikidata.org/entity/Q1577907,,,LIOX
Q1579222,Ultrapar,New York Stock Exchange,UGP,petroleum industry,,,http://www.wikidata.org/entity/Q1579222,,,UGP
Q1581434,Invitrogen,Nasdaq,IVGN,,,,http://www.wikidata.org/entity/Q1581434,,,IVGN
Q158205,Sanofi,New York Stock Exchange,SNY,pharmaceutical industry,,,http://www.wikidata.org/entity/Q158205,43070000000.0,2023-01-01 00:00:00+00:00,SNY
Q15831130,Infoblox,New York Stock Exchange,BLOX,computer network,,,http://www.wikidata.org/entity/Q15831130,,,BLOX
Q1583606,Monotype,Nasdaq,TYPE,pre-press and pre-media services,,,http://www.wikidata.org/entity/Q1583606,,,TYPE
Q15845093,Credit Acceptance,Nasdaq,CACC,finance,,,http://www.wikidata.org/entity/Q15845093,,,CACC
Q1585599,Harman International Industries,New York Stock Exchange,,electronics,,,http://www.wikidata.org/entity/Q1585599,,,
Q1586955,Enviri,New York Stock Exchange,HSC,engineering,,,http://www.wikidata.org/entity/Q1586955,,,HSC
Q1587129,LSI Corporation,Nasdaq,,semiconductor industry,,,http://www.wikidata.org/entity/Q1587129,,,
Q15898172,Zhihu,Nasdaq; New York Stock Exchange,ZH,,,,http://www.wikidata.org/entity/Q15898172,,,ZH
Q15913890,iQIYI,Nasdaq,IQ,video on demand,,,http://www.wikidata.org/entity/Q15913890,,,IQ
Q15915960,Xunlei Limited,Nasdaq,XNET,Internet industry,,,http://www.wikidata.org/entity/Q15915960,,,XNET
Q15917534,FutureFuel,New York Stock Exchange,FF,,,,http://www.wikidata.org/entity/Q15917534,,,FF
Q15917582,Quidel,Nasdaq,QDEL,health care industry,,,http://www.wikidata.org/entity/Q15917582,,,QDEL
Q1591889,Walgreens,New York Stock Exchange,WAG,retail,,,http://www.wikidata.org/entity/Q1591889,67420000000.0,2010-01-01 00:00:00+00:00,WAG
Q1591976,Haynes International,Nasdaq,HAYN,metal,,,http://www.wikidata.org/entity/Q1591976,,,HAYN
Q1592340,Tivity Health,Nasdaq,HWAY,health care,,,http://www.wikidata.org/entity/Q1592340,,,HWAY
Q15926208,H World Group Limited,Nasdaq,HTHT,hotel manager,,,http://www.wikidata.org/entity/Q15926208,,,HTHT
Q159433,3M,New York Stock Exchange,MMM,mining industry,50101328208.0,2024-04-05 00:00:00+00:00,http://www.wikidata.org/entity/Q159433,34229000000.0,2022-01-01 00:00:00+00:00,MMM
Q15964713,Cepheid,Nasdaq,CPHD,,,,http://www.wikidata.org/entity/Q15964713,,,CPHD
Q15964806,ImmunoGen Inc.,Nasdaq,IMGN,,,,http://www.wikidata.org/entity/Q15964806,,,IMGN
Q16002190,Airborne Maintenance & Engineering Services,Nasdaq,ATSG,aerospace industry,,,http://www.wikidata.org/entity/Q16002190,,,ATSG
Q16013760,Enpro Industries,New York Stock Exchange,NPO,industrial manufacturing,,,http://www.wikidata.org/entity/Q16013760,,,NPO
Q160229,Telefónica,New York Stock Exchange,TEF,telecommunications,22390000000.0,2025-01-23 00:00:00+00:00,http://www.wikidata.org/entity/Q160229,40652000000.0,2023-01-01 00:00:00+00:00,TEF
Q1602881,Publicis Sapient,Nasdaq,SAPE,,,,http://www.wikidata.org/entity/Q1602881,,,SAPE
Q16078481,Giant Interactive,New York Stock Exchange,,video game industry,,,http://www.wikidata.org/entity/Q16078481,,,
Q161086,JetBlue Airways,Nasdaq,JBLU,,,,http://www.wikidata.org/entity/Q161086,,,JBLU
Q161140,Diageo,New York Stock Exchange,DEO,beverage industry,,,http://www.wikidata.org/entity/Q161140,27964000000.0,2025-01-01 00:00:00+00:00,DEO
Q1612593,Jeld-Wen,New York Stock Exchange,JELD,,,,http://www.wikidata.org/entity/Q1612593,,,JELD
Q16131515,TARO Pharmaceuticals,New York Stock Exchange,TARO,pharmaceutical industry,,,http://www.wikidata.org/entity/Q16131515,,,TARO
Q16154750,Isle of Capri Casinos,Nasdaq,ISLE,gambling,,,http://www.wikidata.org/entity/Q16154750,,,ISLE
Q1615684,Hess Corporation,New York Stock Exchange,HES,petroleum industry,,,http://www.wikidata.org/entity/Q1615684,11570000000.0,2022-01-01 00:00:00+00:00,HES
Q16157155,A10 Networks,New York Stock Exchange,ATEN,computer network,,,http://www.wikidata.org/entity/Q16157155,,,ATEN
Q16162525,Auburn National Bancorporation,Nasdaq,AUBN,finance,,,http://www.wikidata.org/entity/Q16162525,,,AUBN
Q16240807,AutoWeb,Nasdaq,ABTL,,,,http://www.wikidata.org/entity/Q16240807,,,ABTL
Q1624295,Knoll,New York Stock Exchange,KNL,industrial manufacturing,,,http://www.wikidata.org/entity/Q1624295,,,KNL
Q16245358,Berry Petroleum Company,Nasdaq,BRY,petroleum industry,,,http://www.wikidata.org/entity/Q16245358,,,BRY
Q16247191,Carvana,New York Stock Exchange,CVNA,e-commerce,,,http://www.wikidata.org/entity/Q16247191,,,CVNA
Q16247698,Cineverse,Nasdaq,CIDM,outline of entertainment,,,http://www.wikidata.org/entity/Q16247698,,,CIDM
Q16248637,Datadog,Nasdaq,DDOG,IT performance management,,,http://www.wikidata.org/entity/Q16248637,,,DDOG
Q16249409,Eagle Materials,New York Stock Exchange,EXP,,,,http://www.wikidata.org/entity/Q16249409,,,EXP
Q16249833,Enzon Pharmaceuticals,Nasdaq,ENZN,pharmaceutical industry,,,http://www.wikidata.org/entity/Q16249833,,,ENZN
Q16250432,Fidelity Southern Corporation,Nasdaq,LION,financial services,,,http://www.wikidata.org/entity/Q16250432,,,LION
Q16251015,Gaming and Leisure Properties,Nasdaq,GLPI,,,,http://www.wikidata.org/entity/Q16251015,,,GLPI
Q16255113,Jazz Pharmaceuticals,Nasdaq,JAZZ,pharmaceutical industry,,,http://www.wikidata.org/entity/Q16255113,,,JAZZ
Q16255259,Span-America Medical Systems,Nasdaq,SPAN,,,,http://www.wikidata.org/entity/Q16255259,,,SPAN
Q1627894,W. W. Grainger,New York Stock Exchange,GWW,,,,http://www.wikidata.org/entity/Q1627894,,,GWW
Q162852,SurveyMonkey,Nasdaq,SVMK,software as a service,,,http://www.wikidata.org/entity/Q162852,,,SVMK
Q1630431,HCA Corporation,New York Stock Exchange,HCA,health care,,,http://www.wikidata.org/entity/Q1630431,60233000000.0,2022-01-01 00:00:00+00:00,HCA
Q1630559,Host Hotels & Resorts,New York Stock Exchange,HST,hotel industry,,,http://www.wikidata.org/entity/Q1630559,,,HST
Q1631922,Snap-on,New York Stock Exchange,SNA,industrial manufacturing,,,http://www.wikidata.org/entity/Q1631922,,,SNA
Q1632461,Veolia,New York Stock Exchange,VE,waste management,,,http://www.wikidata.org/entity/Q1632461,45351000000.0,2023-01-01 00:00:00+00:00,VE
Q16335785,Pivotal Software,New York Stock Exchange,,software industry,,,http://www.wikidata.org/entity/Q16335785,,,
Q16338433,Internet Gold Golden Lines Ltd,Nasdaq,IGLD,telecommunications,21462000.0,2022-11-15 00:00:00+00:00,http://www.wikidata.org/entity/Q16338433,,,IGLD
Q1641437,Ralph Lauren Corporation,New York Stock Exchange,RL,commerce,,,http://www.wikidata.org/entity/Q1641437,,,RL
Q1645081,Nucor,New York Stock Exchange,NUE,iron and steel industry,27600000000.0,2025-05-01 00:00:00+00:00,http://www.wikidata.org/entity/Q1645081,41512467000.0,2022-01-01 00:00:00+00:00,NUE
Q16510256,Country Style Cooking,New York Stock Exchange,CCSC,food industry,,,http://www.wikidata.org/entity/Q16510256,,,CCSC
Q1652574,Manulife Financial,New York Stock Exchange,MFC,insurance industry,,,http://www.wikidata.org/entity/Q1652574,,,MFC
Q16526979,Anghami,Nasdaq,ANGH,,,,http://www.wikidata.org/entity/Q16526979,,,ANGH
Q16531742,Valvoline,New York Stock Exchange,VVV,chemical industry,,,http://www.wikidata.org/entity/Q16531742,,,VVV
Q1653258,ICICI Bank,New York Stock Exchange,IBN,economics of banking,,,http://www.wikidata.org/entity/Q1653258,,,IBN
Q1654103,IMAX Corporation,New York Stock Exchange,IMAX,Motion Picture Production and Services,,,http://www.wikidata.org/entity/Q1654103,,,IMAX
Q1655409,Iamgold,New York Stock Exchange,IAG,mining,,,http://www.wikidata.org/entity/Q1655409,,,IAG
Q1656230,Phillips 66,New York Stock Exchange,PSX,petroleum industry,,,http://www.wikidata.org/entity/Q1656230,175702000000.0,2022-01-01 00:00:00+00:00,PSX
Q165684,Rogers Communications,New York Stock Exchange,RCI,telecommunications,,,http://www.wikidata.org/entity/Q165684,,,RCI
Q165858,Telus Communications,New York Stock Exchange,TU,telecommunications,,,http://www.wikidata.org/entity/Q165858,,,TU
Q1660027,The McClatchy Company,New York Stock Exchange,MNI,publishing,,,http://www.wikidata.org/entity/Q1660027,,,MNI
Q1662481,IHS Inc.,New York Stock Exchange,INFO,Information Services,,,http://www.wikidata.org/entity/Q1662481,,,INFO
Q1663044,Ingersoll Rand,New York Stock Exchange,TT,conglomerate,,,http://www.wikidata.org/entity/Q1663044,,,TT
Q1665429,Integrated Device Technology,Nasdaq,IDTI,semiconductor industry,,,http://www.wikidata.org/entity/Q1665429,,,IDTI
Q1665653,Veeco,Nasdaq,VECO,industrial manufacturing,,,http://www.wikidata.org/entity/Q1665653,,,VECO
Q1666040,"Interface, Inc.",Nasdaq,TILE,textile industry,,,http://www.wikidata.org/entity/Q1666040,,,TILE
Q166621,Mizuho Financial Group,New York Stock Exchange,MFG,financial services,,,http://www.wikidata.org/entity/Q166621,,,MFG
Q1666331,StoneX,Nasdaq,SNEX,financial services,,,http://www.wikidata.org/entity/Q1666331,40961600000.0,2021-01-01 00:00:00+00:00,SNEX
Q1666568,International Flavor & Fragrances,New York Stock Exchange,IFF,specialty chemicals,,,http://www.wikidata.org/entity/Q1666568,,,IFF
Q1666600,International Game Technology,New York Stock Exchange,IGT,gambling,,,http://www.wikidata.org/entity/Q1666600,,,IGT
Q1667971,Internet Initiative Japan,Nasdaq,IIJI,,,,http://www.wikidata.org/entity/Q1667971,,,IIJI
Q1668265,US Foods,New York Stock Exchange,USFD,foodservice distributor,,,http://www.wikidata.org/entity/Q1668265,,,USFD
Q1671436,Interval Leisure Group,Nasdaq,IILG,hospitality industry,,,http://www.wikidata.org/entity/Q1671436,,,IILG
Q1671509,ON Semiconductor,Nasdaq,ON,semiconductor industry,,,http://www.wikidata.org/entity/Q1671509,7082300000.0,2024-01-01 00:00:00+00:00,ON
Q1672602,Koss Corporation,Nasdaq,KOSS,electronics,,,http://www.wikidata.org/entity/Q1672602,,,KOSS
Q1673079,Iron Mountain Incorporated,New York Stock Exchange,IRM,computer storage media,,,http://www.wikidata.org/entity/Q1673079,,,IRM
Q16733729,Kosmos Energy,New York Stock Exchange,KOS,petroleum industry,,,http://www.wikidata.org/entity/Q16733729,,,KOS
Q16738121,Allegion,New York Stock Exchange,ALLE,,,,http://www.wikidata.org/entity/Q16738121,,,ALLE
Q16766290,ReachLocal,Nasdaq,RLOC,digital marketing,,,http://www.wikidata.org/entity/Q16766290,,,RLOC
Q1676726,J. Walter Thompson,Nasdaq,WPPGY,,,,http://www.wikidata.org/entity/Q1676726,,,WPPGY
Q16824238,Acceleron Pharma,Nasdaq,XLRN,pharmaceutical industry,,,http://www.wikidata.org/entity/Q16824238,,,XLRN
Q16824303,Advanced Accelerator Applications,Nasdaq,AAAP,,,,http://www.wikidata.org/entity/Q16824303,,,AAAP
Q16824426,Agios Pharmaceuticals,Nasdaq,AGIO,pharmaceutical industry,,,http://www.wikidata.org/entity/Q16824426,,,AGIO
Q16824882,Alliance One International,New York Stock Exchange,,,,,http://www.wikidata.org/entity/Q16824882,,,
Q16825098,Andatee China Marine Fuel,Nasdaq,AMCF,,,,http://www.wikidata.org/entity/Q16825098,,,AMCF
Q16826875,BBCN,Nasdaq,BBCN,economics of banking,,,http://www.wikidata.org/entity/Q16826875,,,BBCN
Q16827821,Ambit Biosciences,Nasdaq,AMBI,pharmaceutical industry,,,http://www.wikidata.org/entity/Q16827821,,,AMBI
Q16828730,Annaly Capital Management,New York Stock Exchange,NLY,real estate investment trust,,,http://www.wikidata.org/entity/Q16828730,,,NLY
Q16829282,Charm Communications,Nasdaq,CHRM,advertising,,,http://www.wikidata.org/entity/Q16829282,,,CHRM
Q16829606,Cimarex Energy,New York Stock Exchange,XEC,petroleum industry,,,http://www.wikidata.org/entity/Q16829606,,,XEC
Q16829833,Cobalt International Energy,New York Stock Exchange,,petroleum industry,,,http://www.wikidata.org/entity/Q16829833,,,
Q1683034,Janus Capital Group,New York Stock Exchange,JHG,finance,,,http://www.wikidata.org/entity/Q1683034,,,JHG
Q16834334,CVR Partners,New York Stock Exchange,,,,,http://www.wikidata.org/entity/Q16834334,,,
Q16835875,AuthenTec,Nasdaq,AUTH,semiconductor industry,,,http://www.wikidata.org/entity/Q16835875,,,AUTH
Q16836218,AXIS Capital,New York Stock Exchange,AXS,reinsurance,,,http://www.wikidata.org/entity/Q16836218,,,AXS
Q16838618,Corpay,New York Stock Exchange,FLT,,,,http://www.wikidata.org/entity/Q16838618,,,FLT
Q16839584,Galyan's,Nasdaq,GLYN,retail,,,http://www.wikidata.org/entity/Q16839584,,,GLYN
Q16840288,Griffon Corporation,New York Stock Exchange,GFF,conglomerate,,,http://www.wikidata.org/entity/Q16840288,,,GFF
Q16844753,Horizon Therapeutics,Nasdaq,HZNP,pharmaceutical industry,,,http://www.wikidata.org/entity/Q16844753,,,HZNP
Q16850385,Calavo Growers,Nasdaq,CVGW,,,,http://www.wikidata.org/entity/Q16850385,,,CVGW
Q1685287,Vulcan Materials Company,New York Stock Exchange,VMC,list of building materials,,,http://www.wikidata.org/entity/Q1685287,,,VMC
Q16858667,Kratos Defense & Security Solutions,Nasdaq,KTOS,weapons industry,,,http://www.wikidata.org/entity/Q16858667,,,KTOS
Q16858748,"Ceres, Inc.",Nasdaq,CERE,biotechnology,,,http://www.wikidata.org/entity/Q16858748,,,CERE
Q16874768,Grant Prideco,New York Stock Exchange,GRP,oilfield service company,,,http://www.wikidata.org/entity/Q16874768,,,GRP
Q16885315,Mueller Industries,New York Stock Exchange,MLI,,,,http://www.wikidata.org/entity/Q16885315,,,MLI
Q1689717,Jive Software,Nasdaq,JIVE,collaborative software,,,http://www.wikidata.org/entity/Q1689717,,,JIVE
Q16920636,United Bank,Nasdaq,UBSI,economics of banking,,,http://www.wikidata.org/entity/Q16920636,,,UBSI
Q16932392,Roper Technologies,New York Stock Exchange,ROP,conglomerate,,,http://www.wikidata.org/entity/Q16932392,5371800000.0,2022-01-01 00:00:00+00:00,ROP
Q16932650,Rubicon Technology,Nasdaq,RBCN,,,,http://www.wikidata.org/entity/Q16932650,,,RBCN
Q16933746,SEACOR Holdings,New York Stock Exchange,,petroleum industry,,,http://www.wikidata.org/entity/Q16933746,,,
Q16950619,Community West Bancshares,Nasdaq,CWBC,financial services,,,http://www.wikidata.org/entity/Q16950619,,,CWBC
Q16950815,Beacon Roofing Supply,Nasdaq,BECN,,,,http://www.wikidata.org/entity/Q16950815,,,BECN
Q16951448,Copart,Nasdaq,CPRT,automotive industry,,,http://www.wikidata.org/entity/Q16951448,,,CPRT
Q16952393,TD Cowen,Nasdaq,COWN,financial services,,,http://www.wikidata.org/entity/Q16952393,,,COWN
Q16953039,Moelis & Company,New York Stock Exchange,MC,financial services,,,http://www.wikidata.org/entity/Q16953039,,,MC
Q16953751,CyrusOne,Nasdaq,CONE,real estate investment trust,,,http://www.wikidata.org/entity/Q16953751,,,CONE
Q16955055,CAMCO FINANCIAL,Nasdaq,CAFI,financial services,,,http://www.wikidata.org/entity/Q16955055,,,CAFI
Q16956136,Cato Corporation,New York Stock Exchange,CATO,retail,,,http://www.wikidata.org/entity/Q16956136,,,CATO
Q16956471,Cenveo,New York Stock Exchange,,,,,http://www.wikidata.org/entity/Q16956471,,,
Q16957733,China Yuchai International,New York Stock Exchange,CYD,automotive part,,,http://www.wikidata.org/entity/Q16957733,,,CYD
Q16958009,Isac,New York Stock Exchange,THS,food industry,,,http://www.wikidata.org/entity/Q16958009,,,THS
Q16958140,Niska Gas Storage Partners,New York Stock Exchange,NKA,,,,http://www.wikidata.org/entity/Q16958140,,,NKA
Q16958713,Clarcor,New York Stock Exchange,CLC,gas turbine,,,http://www.wikidata.org/entity/Q16958713,,,CLC
Q16959074,United Financial Bancorp,Nasdaq,UBNK,financial services,,,http://www.wikidata.org/entity/Q16959074,,,UBNK
Q16959092,United Security Bancshares,Nasdaq,UBFO,bank,,,http://www.wikidata.org/entity/Q16959092,,,UBFO
Q16959310,CST Brands,New York Stock Exchange,CST,convenience store,,,http://www.wikidata.org/entity/Q16959310,,,CST
Q16959629,Nutanix,Nasdaq,NTNX,Hyper-converged infrastructure,,,http://www.wikidata.org/entity/Q16959629,,,NTNX
Q16964955,NetLogic Microsystems,Nasdaq,NETL,electronics,,,http://www.wikidata.org/entity/Q16964955,,,NETL
Q16966841,Edwards Lifesciences,New York Stock Exchange,EW,medical device,,,http://www.wikidata.org/entity/Q16966841,,,EW
Q16967024,Web.com,Nasdaq,WSPI,web hosting service,,,http://www.wikidata.org/entity/Q16967024,,,WSPI
Q16967103,Castlight Health,New York Stock Exchange,CSLT,,,,http://www.wikidata.org/entity/Q16967103,,,CSLT
Q16968189,Yatra.com,Nasdaq,YTRA,travel agency,,,http://www.wikidata.org/entity/Q16968189,,,YTRA
Q16968424,Zeltiq Aesthetics,Nasdaq,ZLTQ,,,,http://www.wikidata.org/entity/Q16968424,,,ZLTQ
Q16968488,Zulily,Nasdaq,ZU,retail,,,http://www.wikidata.org/entity/Q16968488,,,ZU
Q16968498,Zymeworks,New York Stock Exchange,ZYME,pharmaceutical industry,,,http://www.wikidata.org/entity/Q16968498,,,ZYME
Q16968655,Rocket Fuel Inc.,Nasdaq,FUEL,,,,http://www.wikidata.org/entity/Q16968655,,,FUEL
Q16972754,Coinbase,Nasdaq,COIN,Bitcoin,,,http://www.wikidata.org/entity/Q16972754,3194208000.0,2022-01-01 00:00:00+00:00,COIN
Q16973267,DAQO,New York Stock Exchange,DQ,photovoltaics,,,http://www.wikidata.org/entity/Q16973267,,,DQ
Q16974144,DragonWave,Nasdaq,DRWI,,,,http://www.wikidata.org/entity/Q16974144,,,DRWI
Q16974527,Dover Corporation,New York Stock Exchange,DOV,mechanical engineering,,,http://www.wikidata.org/entity/Q16974527,,,DOV
Q16974631,Ellie Mae,New York Stock Exchange,,software industry,,,http://www.wikidata.org/entity/Q16974631,,,
Q16974682,Alnylam Pharmaceuticals,Nasdaq,ALNY,pharmaceutical industry,,,http://www.wikidata.org/entity/Q16974682,,,ALNY
Q16974697,Exterran Holdings,New York Stock Exchange,EXTN,,,,http://www.wikidata.org/entity/Q16974697,,,EXTN
Q16974741,AMAG Pharmaceuticals,Nasdaq,AMAG,pharmaceutical industry,,,http://www.wikidata.org/entity/Q16974741,,,AMAG
Q16974884,American States Water,New York Stock Exchange,AWR,"water collection, treatment and supply",,,http://www.wikidata.org/entity/Q16974884,,,AWR
Q16974955,ERM Telematics,Nasdaq,ITRN,telematics,,,http://www.wikidata.org/entity/Q16974955,,,ITRN
Q16975278,Green Dot Corporation,New York Stock Exchange,GDOT,financial services,,,http://www.wikidata.org/entity/Q16975278,,,GDOT
Q16975402,Euroseas,Nasdaq,ESEA,,,,http://www.wikidata.org/entity/Q16975402,,,ESEA
Q16975567,Healthpeak Properties,New York Stock Exchange,DOC,real estate investment trust,,,http://www.wikidata.org/entity/Q16975567,,,DOC
Q16975645,Hersha Hospitality Trust,New York Stock Exchange,HT,real estate investment trust,,,http://www.wikidata.org/entity/Q16975645,,,HT
Q16979157,PBF Energy,New York Stock Exchange,PBF,petroleum industry,,,http://www.wikidata.org/entity/Q16979157,46830300000.0,2022-01-01 00:00:00+00:00,PBF
Q16980281,Haemonetics,New York Stock Exchange,HAE,biomedical engineering,,,http://www.wikidata.org/entity/Q16980281,,,HAE
Q16980395,Hornbeck Offshore Services,New York Stock Exchange,HOS,,,,http://www.wikidata.org/entity/Q16980395,,,HOS
Q16980428,K. Hovnanian Homes,New York Stock Exchange,HOV,construction,,,http://www.wikidata.org/entity/Q16980428,,,HOV
Q16980616,Insperity,New York Stock Exchange,NSP,professional service,,,http://www.wikidata.org/entity/Q16980616,,,NSP
Q16980647,InterOil,New York Stock Exchange,IOC),petroleum industry,,,http://www.wikidata.org/entity/Q16980647,,,IOC)
Q16980871,Kadant,New York Stock Exchange,KAI,,,,http://www.wikidata.org/entity/Q16980871,,,KAI
Q16980898,Kansas City Southern,New York Stock Exchange,KSU,,,,http://www.wikidata.org/entity/Q16980898,,,KSU
Q16980911,KCG Holdings,New York Stock Exchange,KCG,financial services,,,http://www.wikidata.org/entity/Q16980911,,,KCG
Q16981100,Vital Energy,New York Stock Exchange,VTLE,petroleum industry,,,http://www.wikidata.org/entity/Q16981100,,,VTLE
Q16981175,Lennar Corporation,New York Stock Exchange,LEN,construction,,,http://www.wikidata.org/entity/Q16981175,33671010000.0,2022-01-01 00:00:00+00:00,LEN
Q16981738,MarkWest Energy,New York Stock Exchange,,petroleum industry,,,http://www.wikidata.org/entity/Q16981738,,,
Q16981865,Pediatrix Medical Group,New York Stock Exchange,MD,,,,http://www.wikidata.org/entity/Q16981865,,,MD
Q16981897,Mercury Insurance Group,New York Stock Exchange,MCY,insurance,,,http://www.wikidata.org/entity/Q16981897,,,MCY
Q16982326,Mueller Water Products,New York Stock Exchange,MWA,,,,http://www.wikidata.org/entity/Q16982326,,,MWA
Q16982478,NCI Building Systems,New York Stock Exchange,NCS,,,,http://www.wikidata.org/entity/Q16982478,,,NCS
Q16983192,ONE Gas,New York Stock Exchange,OGS,public utility,,,http://www.wikidata.org/entity/Q16983192,,,OGS
Q16983204,Amwell,New York Stock Exchange,AMWL,health care,,,http://www.wikidata.org/entity/Q16983204,,,AMWL
Q16983334,Packaging Corporation of America,New York Stock Exchange,PKG,paper mill,,,http://www.wikidata.org/entity/Q16983334,,,PKG
Q16983368,Park Electrochemical Corp,New York Stock Exchange,PKE,,,,http://www.wikidata.org/entity/Q16983368,,,PKE
Q16983374,Parkway Properties,New York Stock Exchange,,real estate investment trust,,,http://www.wikidata.org/entity/Q16983374,,,
Q16983765,Prologis,New York Stock Exchange,PLD,real estate investment trust,,,http://www.wikidata.org/entity/Q16983765,5973692000.0,2022-01-01 00:00:00+00:00,PLD
Q16983837,Quaker Chemical Corporation,New York Stock Exchange,KWR,chemical industry,,,http://www.wikidata.org/entity/Q16983837,,,KWR
Q16984071,RenaissanceRe,New York Stock Exchange,RNR,,,,http://www.wikidata.org/entity/Q16984071,,,RNR
Q16984125,Rio Alto Mining,New York Stock Exchange,RIOM,gold mining,,,http://www.wikidata.org/entity/Q16984125,,,RIOM
Q16984162,Robbins & Myers,New York Stock Exchange,,,,,http://www.wikidata.org/entity/Q16984162,,,
Q16984188,Rogers Corporation,New York Stock Exchange,ROG,,,,http://www.wikidata.org/entity/Q16984188,,,ROG
Q16984522,Select Medical,New York Stock Exchange,SEM,health care,,,http://www.wikidata.org/entity/Q16984522,,,SEM
Q16984598,Siemens Mexico,New York Stock Exchange,SI,conglomerate,,,http://www.wikidata.org/entity/Q16984598,,,SI
Q16984687,SM Energy,New York Stock Exchange,SM,petroleum industry,,,http://www.wikidata.org/entity/Q16984687,,,SM
Q16985220,Swift Transportation,New York Stock Exchange,SWFT,,,,http://www.wikidata.org/entity/Q16985220,,,SWFT
Q16985313,TC PipeLines,New York Stock Exchange,TCP,,,,http://www.wikidata.org/entity/Q16985313,,,TCP
Q16985436,Terra Nitrogen Company,New York Stock Exchange,,,,,http://www.wikidata.org/entity/Q16985436,,,
Q16985452,Brooks Automation,Nasdaq,BRKS,,,,http://www.wikidata.org/entity/Q16985452,,,BRKS
Q16985465,Textainer Group Holdings,New York Stock Exchange,TGH,,,,http://www.wikidata.org/entity/Q16985465,,,TGH
Q16985644,Titanium Metals,New York Stock Exchange,TIE,,,,http://www.wikidata.org/entity/Q16985644,,,TIE
Q16985774,"Trex Company, Inc.",New York Stock Exchange,TREX,,,,http://www.wikidata.org/entity/Q16985774,,,TREX
Q16985829,Tupperware Brands,New York Stock Exchange,TUP,,,,http://www.wikidata.org/entity/Q16985829,,,TUP
Q16985911,California First National Bancorp,Nasdaq,CFNB,,,,http://www.wikidata.org/entity/Q16985911,,,CFNB
Q16986288,Vail Resorts,New York Stock Exchange,MTN,ski industry,,,http://www.wikidata.org/entity/Q16986288,,,MTN
Q16986355,"Insignia Systems, Inc.",Nasdaq,ISIG,,,,http://www.wikidata.org/entity/Q16986355,,,ISIG
Q16986417,Versar,New York Stock Exchange,VSR,,,,http://www.wikidata.org/entity/Q16986417,,,VSR
Q16986877,Wausau Paper,New York Stock Exchange,WPP,pulp and paper industry,,,http://www.wikidata.org/entity/Q16986877,,,WPP
Q16988318,Clean Diesel Technologies,Nasdaq,CDTI,,,,http://www.wikidata.org/entity/Q16988318,,,CDTI
Q16988355,Cloud Peak Energy,New York Stock Exchange,CLD,,,,http://www.wikidata.org/entity/Q16988355,,,CLD
Q16988699,Copano Energy,Nasdaq,CPNO,natural gas,,,http://www.wikidata.org/entity/Q16988699,,,CPNO
Q16988748,CoStar Group,Nasdaq,CSGP,information technology,,,http://www.wikidata.org/entity/Q16988748,,,CSGP
Q16991690,Assertio Therapeutics,Nasdaq,ASRT,pharmaceutical industry,,,http://www.wikidata.org/entity/Q16991690,,,ASRT
Q16992353,Electro Rent,Nasdaq,ELRC,,,,http://www.wikidata.org/entity/Q16992353,,,ELRC
Q16992684,EPlus Inc,Nasdaq,PLUS,,,,http://www.wikidata.org/entity/Q16992684,,,PLUS
Q16993447,Avadel Pharmaceuticals,Nasdaq,AVDL,,,,http://www.wikidata.org/entity/Q16993447,,,AVDL
Q16993862,FuelCell Energy,Nasdaq,FCEL,,,,http://www.wikidata.org/entity/Q16993862,,,FCEL
Q16994021,Gentherm Incorporated,Nasdaq,THRM,automotive industry,,,http://www.wikidata.org/entity/Q16994021,,,THRM
Q16994357,GrabCAD,Nasdaq,SSYS,mechanical engineering,,,http://www.wikidata.org/entity/Q16994357,,,SSYS
Q16994588,Guaranty Federal Bancshares,Nasdaq,GFED,financial services,,,http://www.wikidata.org/entity/Q16994588,,,GFED
Q16994702,Hagerty Insurance Agency,New York Stock Exchange,HGTY,insurance,,,http://www.wikidata.org/entity/Q16994702,,,HGTY
Q16994890,Harvard Bioscience,Nasdaq,HBIO,life sciences,,,http://www.wikidata.org/entity/Q16994890,,,HBIO
Q16995338,Hickory Tech,Nasdaq,HTCO,,,,http://www.wikidata.org/entity/Q16995338,,,HTCO
Q16995776,HomeTrust Bancshares,Nasdaq,HTBI,financial sector,,,http://www.wikidata.org/entity/Q16995776,,,HTBI
Q16996000,Houston Wire & Cable,Nasdaq,HWCC,,,,http://www.wikidata.org/entity/Q16996000,,,HWCC
Q16996073,Hudson City Bancorp,Nasdaq,HCBK,,,,http://www.wikidata.org/entity/Q16996073,,,HCBK
Q16996714,"Amneal Pharmaceuticals, Inc.",Nasdaq; New York Stock Exchange,AMRX; IPXL,pharmaceutical industry,,,http://www.wikidata.org/entity/Q16996714,,,AMRX
Q16996938,InfoSonics Corporation,Nasdaq,IFON,,,,http://www.wikidata.org/entity/Q16996938,,,IFON
Q16997126,Intercept Pharmaceuticals,Nasdaq,ICPT,biotechnology,,,http://www.wikidata.org/entity/Q16997126,,,ICPT
Q16997218,Intersect ENT,Nasdaq,XENT,health technology,,,http://www.wikidata.org/entity/Q16997218,,,XENT
Q16997283,IPC Healthcare,Nasdaq,IPCM,,,,http://www.wikidata.org/entity/Q16997283,,,IPCM
Q16997309,Ironwood Pharmaceuticals,Nasdaq,IRWD,,,,http://www.wikidata.org/entity/Q16997309,,,IRWD
Q16997495,J. Alexander's,New York Stock Exchange,JAX,food service,,,http://www.wikidata.org/entity/Q16997495,,,JAX
Q16997523,J2 Global,Nasdaq,JCOM,digital media,,,http://www.wikidata.org/entity/Q16997523,,,JCOM
Q16997846,Mimecast,Nasdaq,MIME,information security,,,http://www.wikidata.org/entity/Q16997846,,,MIME
Q16997963,Juno Online Services,Nasdaq,JWEB,,,,http://www.wikidata.org/entity/Q16997963,,,JWEB
Q16998439,Kingstone Companies,Nasdaq,KINS,,,,http://www.wikidata.org/entity/Q16998439,,,KINS
Q16998645,Kopin Corporation,Nasdaq,KOPN,,,,http://www.wikidata.org/entity/Q16998645,,,KOPN
Q16999030,Lakeland Industries,Nasdaq,LAKE,,,,http://www.wikidata.org/entity/Q16999030,,,LAKE
Q17001319,Benitec Biopharma Ltd,Nasdaq,BNTC,,,,http://www.wikidata.org/entity/Q17001319,,,BNTC
Q17006727,Kandi Technologies,Nasdaq,KNDI,automotive industry,,,http://www.wikidata.org/entity/Q17006727,,,KNDI
Q1700871,Bausch Health,New York Stock Exchange,BHC,pharmaceutical industry,,,http://www.wikidata.org/entity/Q1700871,,,BHC
Q17012234,Enphase Energy,Nasdaq,ENPH,renewable energy industry,,,http://www.wikidata.org/entity/Q17012234,,,ENPH
Q17017007,Library Bureau,Nasdaq,LBUR,,,,http://www.wikidata.org/entity/Q17017007,,,LBUR
Q17018954,Ocean Power Technologies Australasia,Nasdaq,OPTT,,,,http://www.wikidata.org/entity/Q17018954,,,OPTT
Q17020720,SoFi,New York Stock Exchange,SOFI,financial services,,,http://www.wikidata.org/entity/Q17020720,,,SOFI
Q17025895,HSBC USA,New York Stock Exchange,HBAPRD,,,,http://www.wikidata.org/entity/Q17025895,,,HBAPRD
Q1703389,Jones Lang LaSalle,New York Stock Exchange,JLL,,,,http://www.wikidata.org/entity/Q1703389,,,JLL
Q170416,Koninklijke Philips Electronics N.V.,New York Stock Exchange,PHG,electrical industry,25730000000.0,2022-02-02 00:00:00+00:00,http://www.wikidata.org/entity/Q170416,17156000000.0,2021-12-31 00:00:00+00:00,PHG
Q17049669,Argo Group,Nasdaq,AGII,insurance,,,http://www.wikidata.org/entity/Q17049669,,,AGII
Q17050423,CarGurus,Nasdaq,CARG,,,,http://www.wikidata.org/entity/Q17050423,,,CARG
Q17050559,IronSource,New York Stock Exchange,,,,,http://www.wikidata.org/entity/Q17050559,,,
Q17051348,Comverse,Nasdaq,MESG,,,,http://www.wikidata.org/entity/Q17051348,,,MESG
Q17051868,Poshmark,Nasdaq,POSH,e-commerce,,,http://www.wikidata.org/entity/Q17051868,,,POSH
Q17052116,DigitalOcean,New York Stock Exchange,DOCN,cloud computing,,,http://www.wikidata.org/entity/Q17052116,,,DOCN
Q17061030,Jumià,New York Stock Exchange,JMIA,retail,,,http://www.wikidata.org/entity/Q17061030,,,JMIA
Q170614,Ryanair,Nasdaq,RYAAY,,3286000.0,2014-01-01 00:00:00+00:00,http://www.wikidata.org/entity/Q170614,10775200000.0,2022-01-01 00:00:00+00:00,RYAAY
Q17062565,Hyundai Motor America,Nasdaq,HYMTF,automotive industry,,,http://www.wikidata.org/entity/Q17062565,,,HYMTF
Q1706317,Southern California Edison,New York Stock Exchange,,"electric power generation, transmission and distribution",,,http://www.wikidata.org/entity/Q1706317,,,
Q17063707,Kulicke & Soffa Industries,Nasdaq,KLIC,semiconductor industry,,,http://www.wikidata.org/entity/Q17063707,,,KLIC
Q17068000,Mackinac Financial Corporation,Nasdaq,MFNC,finance,,,http://www.wikidata.org/entity/Q17068000,,,MFNC
Q17068094,Hostess Brands,Nasdaq,TWNK,food industry,,,http://www.wikidata.org/entity/Q17068094,,,TWNK
Q17068557,Mattson Technology,Nasdaq,MTSN,,,,http://www.wikidata.org/entity/Q17068557,,,MTSN
Q17068666,MedAssets,Nasdaq,MDAS,,,,http://www.wikidata.org/entity/Q17068666,,,MDAS
Q17068931,East Boston Savings Bank,Nasdaq,EBSB,financial services,,,http://www.wikidata.org/entity/Q17068931,,,EBSB
Q17068984,eGain,Nasdaq,EGAN,,,,http://www.wikidata.org/entity/Q17068984,,,EGAN
Q17070831,National Research Corporation,Nasdaq,NRCIA,,,,http://www.wikidata.org/entity/Q17070831,,,NRCIA
Q17072102,North Valley Bancorp,Nasdaq,NOVB,bank,,,http://www.wikidata.org/entity/Q17072102,,,NOVB
Q17072200,Novavax,Nasdaq,NVAX,pharmaceutical industry,,,http://www.wikidata.org/entity/Q17072200,,,NVAX
Q17072593,ON24,New York Stock Exchange,ONTF,software as a service,,,http://www.wikidata.org/entity/Q17072593,,,ONTF
Q17073430,Organovo,Nasdaq,ONVO,biotechnology,,,http://www.wikidata.org/entity/Q17073430,,,ONVO
Q17074260,Patriot National Bancorp,Nasdaq,PNBK,financial services,,,http://www.wikidata.org/entity/Q17074260,,,PNBK
Q17075854,Powerwave Technologies,Nasdaq,PWAV,telecommunications,,,http://www.wikidata.org/entity/Q17075854,,,PWAV
Q17077936,Lyft,Nasdaq,LYFT,transport,,,http://www.wikidata.org/entity/Q17077936,,,LYFT
Q17078090,Repligen,Nasdaq,RGEN,pharmaceutical industry,,,http://www.wikidata.org/entity/Q17078090,,,RGEN
Q17078915,Marchex,Nasdaq,MCHX,digital marketing,,,http://www.wikidata.org/entity/Q17078915,,,MCHX
Q17078981,Carrols Restaurant Group,Nasdaq,TAST,,,,http://www.wikidata.org/entity/Q17078981,,,TAST
Q17079580,SciQuest,Nasdaq,SQI,,,,http://www.wikidata.org/entity/Q17079580,,,SQI
Q17080510,Mattersight Corporation,Nasdaq,MATR,,,,http://www.wikidata.org/entity/Q17080510,,,MATR
Q17080741,Silgan Holdings,Nasdaq,SLGN,product packaging industry,,,http://www.wikidata.org/entity/Q17080741,,,SLGN
Q17080768,Silicon Graphics International,Nasdaq,SGI,,,,http://www.wikidata.org/entity/Q17080768,,,SGI
Q17081612,Moderna,Nasdaq,MRNA,pharmaceutical industry,9456000000.0,2025-05-08 00:00:00+00:00,http://www.wikidata.org/entity/Q17081612,3236000000.0,2024-01-01 00:00:00+00:00,MRNA
Q17082992,SPS Commerce,Nasdaq,SPSC,,,,http://www.wikidata.org/entity/Q17082992,,,SPSC
Q17084327,OmniVision Technologies,Nasdaq,OVTI,,,,http://www.wikidata.org/entity/Q17084327,,,OVTI
Q17084959,Paycom,New York Stock Exchange,PAYC,human resource management,,,http://www.wikidata.org/entity/Q17084959,,,PAYC
Q17085620,Planet Labs,New York Stock Exchange,PL,space industry,,,http://www.wikidata.org/entity/Q17085620,,,PL
Q17086475,Ultralife Corporation,Nasdaq,ULBI,,,,http://www.wikidata.org/entity/Q17086475,106795000.0,2019-01-01 00:00:00+00:00,ULBI
Q17086854,Uranium Resources,Nasdaq,URRE,,,,http://www.wikidata.org/entity/Q17086854,,,URRE
Q17086972,Huron Consulting Group,Nasdaq,HURN,business and other management consultancy activities,,,http://www.wikidata.org/entity/Q17086972,,,HURN
Q17087047,VirnetX,New York Stock Exchange,VHC,internet security,,,http://www.wikidata.org/entity/Q17087047,,,VHC
Q17087372,Willdan Group,Nasdaq,WLDN,,,,http://www.wikidata.org/entity/Q17087372,,,WLDN
Q17088705,Spanish Broadcasting System,Nasdaq,SBSA,radio,,,http://www.wikidata.org/entity/Q17088705,,,SBSA
Q17089427,Tallgrass Energy Partners,New York Stock Exchange,TGE,,,,http://www.wikidata.org/entity/Q17089427,,,TGE
Q17091062,Vision Sciences Inc.,Nasdaq,VSCI,,,,http://www.wikidata.org/entity/Q17091062,,,VSCI
Q17091125,Voltari,Nasdaq,VLTC,,,,http://www.wikidata.org/entity/Q17091125,,,VLTC
Q17091323,Weingarten Realty,New York Stock Exchange,WRI,real estate investment trust,,,http://www.wikidata.org/entity/Q17091323,,,WRI
Q17092519,PRA Health Sciences,Nasdaq,PRAH,pharmaceutical industry,,,http://www.wikidata.org/entity/Q17092519,,,PRAH
Q17103838,Markit,Nasdaq,MRKT,financial services,,,http://www.wikidata.org/entity/Q17103838,1113400000.0,2015-01-01 00:00:00+00:00,MRKT
Q17107854,MAKO Surgical Corp.,Nasdaq,MAKO,,,,http://www.wikidata.org/entity/Q17107854,,,MAKO
Q17107938,IMRIS,Nasdaq,IMRS,medical equipment,,,http://www.wikidata.org/entity/Q17107938,,,IMRS
Q17108492,Middleby Corporation,Nasdaq,MIDD,oven,,,http://www.wikidata.org/entity/Q17108492,,,MIDD
Q17108701,Medpace,Nasdaq,MEDP,,,,http://www.wikidata.org/entity/Q17108701,,,MEDP
Q17108752,Taylor Corporation,New York Stock Exchange,,,,,http://www.wikidata.org/entity/Q17108752,,,
Q17108791,Mississippi Power,New York Stock Exchange,mpj,public utility,,,http://www.wikidata.org/entity/Q17108791,,,mpj
Q17109447,M/A-COM Technology Solutions,Nasdaq,MTSI,Semiconductor industry in the US,,,http://www.wikidata.org/entity/Q17109447,,,MTSI
Q17109460,Mack-Cali Realty Corporation,New York Stock Exchange,VRE,real estate investment trust,,,http://www.wikidata.org/entity/Q17109460,,,VRE
Q17109642,Sandy Spring Bank,Nasdaq,SASR,economics of banking,,,http://www.wikidata.org/entity/Q17109642,,,SASR
Q17109683,JBG Smith,New York Stock Exchange,JBGS,real property,,,http://www.wikidata.org/entity/Q17109683,,,JBGS
Q17109731,NextGen Healthcare Information Systems,Nasdaq,QSII,health information technology,,,http://www.wikidata.org/entity/Q17109731,,,QSII
Q17110569,Hatteras Financial Corp,New York Stock Exchange,HTS,real estate investment trust,,,http://www.wikidata.org/entity/Q17110569,,,HTS
Q17110635,Heidrick & Struggles,Nasdaq,HSII,executive search,,,http://www.wikidata.org/entity/Q17110635,,,HSII
Q17112054,Silicon Valley Bank,Nasdaq,,financial services,,,http://www.wikidata.org/entity/Q17112054,,,
Q17112434,LayerOne,Nasdaq,SDXC,Internet,,,http://www.wikidata.org/entity/Q17112434,,,SDXC
Q17113726,Meridian Bioscience,Nasdaq,VIVO,medical equipment,,,http://www.wikidata.org/entity/Q17113726,,,VIVO
Q17113762,MFRI,Nasdaq,MFRI,,,,http://www.wikidata.org/entity/Q17113762,,,MFRI
Q17113791,Middlesex Water Company,Nasdaq,MSEX,,,,http://www.wikidata.org/entity/Q17113791,,,MSEX
Q17114067,MWI Veterinary Supply,Nasdaq,MWIV,,,,http://www.wikidata.org/entity/Q17114067,,,MWIV
Q17114199,NeoGen,Nasdaq,NEOG,,,,http://www.wikidata.org/entity/Q17114199,,,NEOG
Q17114287,Newpark Resources,New York Stock Exchange,NR,,,,http://www.wikidata.org/entity/Q17114287,,,NR
Q17114308,Nektar Therapeutics,Nasdaq,NKTR,,,,http://www.wikidata.org/entity/Q17114308,,,NKTR
Q17114312,NIC Inc.,Nasdaq,EGOV,quaternary sector of the economy,,,http://www.wikidata.org/entity/Q17114312,,,EGOV
Q17121792,Unilife,Nasdaq,UNIS,pharmaceutical industry,,,http://www.wikidata.org/entity/Q17121792,,,UNIS
Q17125822,Phazar Corp.,Nasdaq,ANTP,,,,http://www.wikidata.org/entity/Q17125822,,,ANTP
Q17125902,ZIOPHARM Oncology,Nasdaq,ZIOP,pharmaceutical industry,,,http://www.wikidata.org/entity/Q17125902,,,ZIOP
Q17131128,Rockwell Medical Inc.,Nasdaq,RMTI,pharmaceutical industry,,,http://www.wikidata.org/entity/Q17131128,,,RMTI
Q17138182,Opko Health Inc.,Nasdaq,OPK,,4002148000.0,2022-11-15 00:00:00+00:00,http://www.wikidata.org/entity/Q17138182,,,OPK
Q17141146,CareCloud,Nasdaq,MTBC,health information technology,,,http://www.wikidata.org/entity/Q17141146,,,MTBC
Q17141393,SJW Group,New York Stock Exchange,SJW,"water collection, treatment and supply",,,http://www.wikidata.org/entity/Q17141393,,,SJW
Q17141691,Pixelworks,Nasdaq,PXLW,semiconductor,,,http://www.wikidata.org/entity/Q17141691,,,PXLW
Q17142127,Pernix Therapeutics Holdings,Nasdaq,PTX,pharmaceutical industry,,,http://www.wikidata.org/entity/Q17142127,,,PTX
Q17143142,REX American Resources,New York Stock Exchange,REX,,,,http://www.wikidata.org/entity/Q17143142,,,REX
Q17143144,PacWest Bancorp,Nasdaq,PACW,bank,,,http://www.wikidata.org/entity/Q17143144,,,PACW
Q17143508,Catabasis Pharmaceuticals,Nasdaq,CATB,,,,http://www.wikidata.org/entity/Q17143508,,,CATB
Q17144598,Unitil Corporation,New York Stock Exchange,UTL,public utility,,,http://www.wikidata.org/entity/Q17144598,,,UTL
Q17144725,Zix Corp,Nasdaq,ZIXI,,,,http://www.wikidata.org/entity/Q17144725,,,ZIXI
Q17145596,Tesco Corporation,Nasdaq,TESO,,,,http://www.wikidata.org/entity/Q17145596,,,TESO
Q17145638,National Rural Utilities Cooperative Finance Corporation,New York Stock Exchange,NRUC,financial services,,,http://www.wikidata.org/entity/Q17145638,,,NRUC
Q17145997,UFP Technologies,Nasdaq,UFPT,,,,http://www.wikidata.org/entity/Q17145997,,,UFPT
Q17146135,Sirona Dental Systems,Nasdaq,SIRO,,,,http://www.wikidata.org/entity/Q17146135,,,SIRO
Q17146520,Natural Grocers,New York Stock Exchange,NGVC,retail,,,http://www.wikidata.org/entity/Q17146520,,,NGVC
Q17147182,Zynex,Nasdaq,ZYXI,health technology,,,http://www.wikidata.org/entity/Q17147182,,,ZYXI
Q17149417,U.S. Concrete,Nasdaq,USCR,,,,http://www.wikidata.org/entity/Q17149417,,,USCR
Q17152492,Proto Labs,New York Stock Exchange,PRLB,,,,http://www.wikidata.org/entity/Q17152492,,,PRLB
Q17153461,Civeo Corporation,New York Stock Exchange,CVEO,petroleum industry,,,http://www.wikidata.org/entity/Q17153461,,,CVEO
Q17154829,Melco PBL Holdings,Nasdaq,MLCO,hospitality industry,,,http://www.wikidata.org/entity/Q17154829,,,MLCO
Q17155112,Seagen,Nasdaq,SGEN,pharmaceutical industry,,,http://www.wikidata.org/entity/Q17155112,,,SGEN
Q1715931,Tech Data,Nasdaq,TECD,wholesale,,,http://www.wikidata.org/entity/Q1715931,,,TECD
Q17182243,Oil States International,New York Stock Exchange,OIS,petroleum industry,,,http://www.wikidata.org/entity/Q17182243,,,OIS
Q17182820,Cytosorbents,Nasdaq,CTSO,Critical care,,,http://www.wikidata.org/entity/Q17182820,,,CTSO
Q17183462,"Glacier Bancorp, Inc",Nasdaq,GBCI,,,,http://www.wikidata.org/entity/Q17183462,,,GBCI
Q17183768,Hub Group,Nasdaq,HUBG,,,,http://www.wikidata.org/entity/Q17183768,,,HUBG
Q1722848,Kaman Corporation,Nasdaq,KAMN,aerospace industry,,,http://www.wikidata.org/entity/Q1722848,1206000000.0,2006-01-01 00:00:00+00:00,KAMN
Q1723912,Kansas City Life Insurance Company,Nasdaq,KCLI,insurance,,,http://www.wikidata.org/entity/Q1723912,,,KCLI
Q1728446,Korn Ferry,New York Stock Exchange,KFY,professional service,,,http://www.wikidata.org/entity/Q1728446,,,KFY
Q17326957,Westlake Corporation,New York Stock Exchange,WLK,petroleum industry,,,http://www.wikidata.org/entity/Q17326957,15794000000.0,2022-01-01 00:00:00+00:00,WLK
Q173395,Cisco,Nasdaq,CSCO,telecommunications,234790000000.0,2022-02-01 00:00:00+00:00,http://www.wikidata.org/entity/Q173395,56654000000.0,2025-01-01 00:00:00+00:00,CSCO
Q173476,Cummins,New York Stock Exchange,CMI,manufacture of machinery and equipment,,,http://www.wikidata.org/entity/Q173476,,,CMI
Q173941,Electronic Arts,Nasdaq,EA,video game industry,37816000000.0,2025-05-01 00:00:00+00:00,http://www.wikidata.org/entity/Q173941,7426000000.0,2022-01-01 00:00:00+00:00,EA
Q1740314,KeyBank,New York Stock Exchange,KEY,economics of banking,,,http://www.wikidata.org/entity/Q1740314,7272000000.0,2022-01-01 00:00:00+00:00,KEY
Q1740323,Key Tronic,Nasdaq,KTCC,peripheral,,,http://www.wikidata.org/entity/Q1740323,,,KTCC
Q1741634,Kimberly-Clark,New York Stock Exchange,KMB,personal care product,,,http://www.wikidata.org/entity/Q1741634,20175000000.0,2022-01-01 00:00:00+00:00,KMB
Q174198,Gartner,New York Stock Exchange,IT,market research,,,http://www.wikidata.org/entity/Q174198,,,IT
Q174310,Nordstrom,New York Stock Exchange,JWN,retail,,,http://www.wikidata.org/entity/Q174310,,,JWN
Q17460900,Zoom Video Communications,Nasdaq,ZM,video conference,,,http://www.wikidata.org/entity/Q17460900,4392960000.0,2022-01-01 00:00:00+00:00,ZM
Q1747133,Wheaton Precious Metals,New York Stock Exchange,SLW,mining,,,http://www.wikidata.org/entity/Q1747133,,,SLW
Q174769,United Airlines,Nasdaq,UAL,air transport,22900000000.0,2019-01-24 00:00:00+00:00,http://www.wikidata.org/entity/Q174769,,,UAL
Q17499083,58.com,New York Stock Exchange,WUBA,,,,http://www.wikidata.org/entity/Q17499083,,,WUBA
Q17509919,Clearwater Analytics,New York Stock Exchange,CWAN,financial services,,,http://www.wikidata.org/entity/Q17509919,,,CWAN
Q17510106,Agilysys,Nasdaq,AGYS,,,,http://www.wikidata.org/entity/Q17510106,,,AGYS
Q1751032,Plum Creek Timber,New York Stock Exchange,PCL,real estate investment trust,,,http://www.wikidata.org/entity/Q1751032,,,PCL
Q175106,Tim Hortons,New York Stock Exchange,THI,fast food,,,http://www.wikidata.org/entity/Q175106,,,THI
Q17512182,Brixmor Property Group,New York Stock Exchange,BRX,real estate investment trust,,,http://www.wikidata.org/entity/Q17512182,,,BRX
Q17513511,Accelera,Nasdaq,HYGS,,,,http://www.wikidata.org/entity/Q17513511,,,HYGS
Q17514215,Vacasa,Nasdaq,VCSA,,,,http://www.wikidata.org/entity/Q17514215,,,VCSA
Q17538813,Similarweb,New York Stock Exchange,SMWB,information technology,,,http://www.wikidata.org/entity/Q17538813,,,SMWB
Q17551096,Keysight Technologies,New York Stock Exchange,KEYS,,,,http://www.wikidata.org/entity/Q17551096,,,KEYS
Q17562023,NewMarket Corporation,New York Stock Exchange,NEU,chemical industry,,,http://www.wikidata.org/entity/Q17562023,,,NEU
Q1756920,Tempur-Pedic,New York Stock Exchange,,mattress,,,http://www.wikidata.org/entity/Q1756920,,,
Q1758392,"IDEXX Laboratories, Inc.",Nasdaq,IDXX,health care,,,http://www.wikidata.org/entity/Q1758392,,,IDXX
Q1760641,Parametric Technology Corporation,Nasdaq,PTC,software industry,,,http://www.wikidata.org/entity/Q1760641,,,PTC
Q17622888,Bio Pappel,Nasdaq,CDURQ,,,,http://www.wikidata.org/entity/Q17622888,,,CDURQ
Q1764040,Nu Skin Enterprises,New York Stock Exchange,NUS,personal care product,,,http://www.wikidata.org/entity/Q1764040,,,NUS
Q1765036,West Fraser Timber,New York Stock Exchange,WFG,forestry,,,http://www.wikidata.org/entity/Q1765036,,,WFG
Q176587,Check Point,Nasdaq,CHKP,computer security software,,,http://www.wikidata.org/entity/Q176587,,,CHKP
Q1770325,TIBCO Spotfire Analytics,Nasdaq,TIBX,software industry,,,http://www.wikidata.org/entity/Q1770325,,,TIBX
Q1770710,Tripadvisor,Nasdaq,TRIP,tourism,,,http://www.wikidata.org/entity/Q1770710,,,TRIP
Q17747021,Arbutus Biopharma,Nasdaq,ABUS,pharmaceutical industry,,,http://www.wikidata.org/entity/Q17747021,,,ABUS
Q1776022,Equinor ASA,New York Stock Exchange,EQNR,petroleum industry,98810000000.0,2023-02-01 00:00:00+00:00,http://www.wikidata.org/entity/Q1776022,103770000000.0,2024-01-01 00:00:00+00:00,EQNR
Q1780382,Weyerhaeuser,New York Stock Exchange,WY,pulp and paper industry,,,http://www.wikidata.org/entity/Q1780382,10184000000.0,2022-01-01 00:00:00+00:00,WY
Q1781428,L3 Technologies,New York Stock Exchange,LLL,telecommunications,,,http://www.wikidata.org/entity/Q1781428,8250000000.0,2018-01-01 00:00:00+00:00,LLL
Q1784126,Koppers,New York Stock Exchange,KOP,,,,http://www.wikidata.org/entity/Q1784126,,,KOP
Q1784671,Maxim Integrated,Nasdaq,MXIM,,,,http://www.wikidata.org/entity/Q1784671,,,MXIM
Q1785405,Newmont Mining Corporation,New York Stock Exchange,NEM,metal,,,http://www.wikidata.org/entity/Q1785405,11915000000.0,2022-01-01 00:00:00+00:00,NEM
Q1785549,Peabody Energy,New York Stock Exchange,BTU,mining of coal,,,http://www.wikidata.org/entity/Q1785549,,,BTU
Q1786345,Marsh & McLennan Companies,New York Stock Exchange,MMC,,,,http://www.wikidata.org/entity/Q1786345,20720000000.0,2022-01-01 00:00:00+00:00,MMC
Q1793182,Reinsurance Group of America,New York Stock Exchange,RGA,insurance industry,,,http://www.wikidata.org/entity/Q1793182,,,RGA
Q1798370,CGI,New York Stock Exchange,GIB,information technology consulting,,,http://www.wikidata.org/entity/Q1798370,,,GIB
Q17985413,Advanced Computer Techniques,Nasdaq,ACTP,,,,http://www.wikidata.org/entity/Q17985413,,,ACTP
Q17986287,"Carver Bancorp, Inc.",Nasdaq,CARV,,,,http://www.wikidata.org/entity/Q17986287,,,CARV
Q180106,Owens-Illinois,New York Stock Exchange,OI,product packaging industry,,,http://www.wikidata.org/entity/Q180106,,,OI
Q180816,Dow Jones Industrial Average,Nasdaq; New York Stock Exchange,DJI,,,,http://www.wikidata.org/entity/Q180816,,,DJI
Q180922,CAE Inc.,New York Stock Exchange,CAE,aerospace engineering,,,http://www.wikidata.org/entity/Q180922,1010000000.0,2018-01-01 00:00:00+00:00,CAE
Q1809448,Whole Foods Market,Nasdaq,WFM,food industry,,,http://www.wikidata.org/entity/Q1809448,,,WFM
Q18111091,Cheetah Mobile,New York Stock Exchange,CMCM,mobile app,,,http://www.wikidata.org/entity/Q18111091,,,CMCM
Q181114,Stellantis North America,New York Stock Exchange,C,automotive industry,,,http://www.wikidata.org/entity/Q181114,,,C
Q1812208,Woodside Energy,New York Stock Exchange,WDS,petroleum industry,21700360266.0,2021-11-18 00:00:00+00:00,http://www.wikidata.org/entity/Q1812208,,,WDS
Q18124524,EHang,Nasdaq,EH,aerospace industry,660000000.0,2020-01-01 00:00:00+00:00,http://www.wikidata.org/entity/Q18124524,,,EH
Q1812489,Odyssey Marine Exploration,Nasdaq,OMEX,,,,http://www.wikidata.org/entity/Q1812489,,,OMEX
Q1812555,Leggett & Platt,New York Stock Exchange,LEG,bedding,,,http://www.wikidata.org/entity/Q1812555,,,LEG
Q18148411,Esterline,New York Stock Exchange,ESL,aerospace industry,,,http://www.wikidata.org/entity/Q18148411,800000000.0,2012-01-01 00:00:00+00:00,ESL
Q18148458,Farmer Brothers,Nasdaq,FARM,food service,,,http://www.wikidata.org/entity/Q18148458,,,FARM
Q18149200,Catalyst Pharmaceuticals,Nasdaq,CPRX,biotechnology,,,http://www.wikidata.org/entity/Q18149200,,,CPRX
Q1815011,Pacific Gas and Electric Company,New York Stock Exchange,PCG,,,,http://www.wikidata.org/entity/Q1815011,,,PCG
Q18150216,Eaton Partners,New York Stock Exchange,,,,,http://www.wikidata.org/entity/Q18150216,,,
Q18150455,Envivio,Nasdaq,ENVI,,,,http://www.wikidata.org/entity/Q18150455,,,ENVI
Q181507,SunTrust Banks,New York Stock Exchange,STI,economics of banking,,,http://www.wikidata.org/entity/Q181507,,,STI
Q18150963,ForgeRock,New York Stock Exchange,FORG,enterprise software,,,http://www.wikidata.org/entity/Q18150963,,,FORG
Q18151094,Kirby Corporation,New York Stock Exchange,KEX,water transport,,,http://www.wikidata.org/entity/Q18151094,,,KEX
Q18151484,Methode Electronics,New York Stock Exchange,MEI,electronics,,,http://www.wikidata.org/entity/Q18151484,,,MEI
Q18153430,Syneos Health,Nasdaq,SYNH,pharmaceutical industry,,,http://www.wikidata.org/entity/Q18153430,,,SYNH
Q18154756,Taboola,Nasdaq,TBLA,software industry,,,http://www.wikidata.org/entity/Q18154756,,,TBLA
Q18155123,Robinhood,Nasdaq,HOOD,financial services,,,http://www.wikidata.org/entity/Q18155123,,,HOOD
Q18156655,Bryn Mawr Trust,Nasdaq,BMTC,financial services,,,http://www.wikidata.org/entity/Q18156655,,,BMTC
Q18156798,Astra,Nasdaq,ASTR,space industry,,,http://www.wikidata.org/entity/Q18156798,,,ASTR
Q18156998,Workiva,New York Stock Exchange,WK,,,,http://www.wikidata.org/entity/Q18156998,,,WK
Q18158741,Habit Burger & Grill,Nasdaq,HABT,fast casual restaurant,,,http://www.wikidata.org/entity/Q18158741,,,HABT
Q1816028,National Bank of Greece,New York Stock Exchange,NBG,financial services,,,http://www.wikidata.org/entity/Q1816028,,,NBG
Q18168364,Sears Hometown and Outlet Stores,Nasdaq,SHOS,,,,http://www.wikidata.org/entity/Q18168364,,,SHOS
Q18169198,Qorvo,Nasdaq,QRVO,,,,http://www.wikidata.org/entity/Q18169198,,,QRVO
Q1817174,Supermicro,Nasdaq,SMCI,computer industry,,,http://www.wikidata.org/entity/Q1817174,,,SMCI
Q1817417,National Oilwell Varco,New York Stock Exchange,NOV,,,,http://www.wikidata.org/entity/Q1817417,,,NOV
Q1818970,Telkom,New York Stock Exchange,,telecommunications,,,http://www.wikidata.org/entity/Q1818970,,,
Q18191351,Elbit Limited,Nasdaq,ELBT,electronics,,,http://www.wikidata.org/entity/Q18191351,,,ELBT
Q18205509,Beyond Meat,Nasdaq,BYND,food industry,,,http://www.wikidata.org/entity/Q18205509,,,BYND
Q18205529,"Bill.com, LLC",New York Stock Exchange,BILL,,,,http://www.wikidata.org/entity/Q18205529,,,BILL
Q18205935,ChannelAdvisor,New York Stock Exchange,,e-commerce,,,http://www.wikidata.org/entity/Q18205935,,,
Q18208141,VMware Carbon Black,Nasdaq,CBLK,computer security,,,http://www.wikidata.org/entity/Q18208141,,,CBLK
Q18217462,Tandy Leather Factory,Nasdaq,TLF,retail,,,http://www.wikidata.org/entity/Q18217462,,,TLF
Q18228597,Element Solutions,New York Stock Exchange,ESI,chemical industry,,,http://www.wikidata.org/entity/Q18228597,,,ESI
Q1824441,Life Technologies,Nasdaq,LIFE,,,,http://www.wikidata.org/entity/Q1824441,,,LIFE
Q182477,Nvidia,Nasdaq,NVDA,semiconductor industry,4752000000000.0,2026-02-25 00:00:00+00:00,http://www.wikidata.org/entity/Q182477,215938000000.0,2025-01-01 00:00:00+00:00,NVDA
Q1825763,Lincoln National Corporation,New York Stock Exchange,LNC,insurance,,,http://www.wikidata.org/entity/Q1825763,18784000000.0,2022-01-01 00:00:00+00:00,LNC
Q183184,Sabesp,New York Stock Exchange,sbs,water supply,,,http://www.wikidata.org/entity/Q183184,,,sbs
Q18324720,Cnova,Nasdaq,CNV,e-commerce,,,http://www.wikidata.org/entity/Q18324720,,,CNV
Q18343414,Kite Pharma,Nasdaq,KITE,biomedical engineering,,,http://www.wikidata.org/entity/Q18343414,,,KITE
Q18344949,Globus Medical,New York Stock Exchange,GMED,health technology,,,http://www.wikidata.org/entity/Q18344949,,,GMED
Q18349283,Hertz Car Sales,New York Stock Exchange,HTZ,car dealership,,,http://www.wikidata.org/entity/Q18349283,,,HTZ
Q18354527,Trinseo,New York Stock Exchange,TSE,industrial manufacturing,,,http://www.wikidata.org/entity/Q18354527,,,TSE
Q1835753,Splunk Inc.,Nasdaq,SPLK,,,,http://www.wikidata.org/entity/Q1835753,,,SPLK
Q18378515,Skillz,New York Stock Exchange,SKLZ,technology,,,http://www.wikidata.org/entity/Q18378515,,,SKLZ
Q18385610,Stitch Fix,Nasdaq,SFIX,retail,,,http://www.wikidata.org/entity/Q18385610,,,SFIX
Q18387139,Synchrony Financial,New York Stock Exchange,SYF,financial services,,,http://www.wikidata.org/entity/Q18387139,15625000000.0,2022-01-01 00:00:00+00:00,SYF
Q18392800,Quality Technology Services,New York Stock Exchange,,real estate investment trust,,,http://www.wikidata.org/entity/Q18392800,,,
Q18394708,Wealthfront,Nasdaq,WLTH,financial services,,,http://www.wikidata.org/entity/Q18394708,,,WLTH
Q1850587,Polaris,New York Stock Exchange,PII,automotive industry,,,http://www.wikidata.org/entity/Q1850587,,,PII
Q1852556,Philip Morris International,New York Stock Exchange,PM,tobacco industry,,,http://www.wikidata.org/entity/Q1852556,31762000000.0,2022-01-01 00:00:00+00:00,PM
Q185278,News Corporation,Nasdaq,NWSA,mass media,,,http://www.wikidata.org/entity/Q185278,,,NWSA
Q18534725,The Honest Company,Nasdaq,HNST,retail,,,http://www.wikidata.org/entity/Q18534725,,,HNST
Q18619272,Greenhill & Co.,New York Stock Exchange,GHL,investment bank,,,http://www.wikidata.org/entity/Q18619272,,,GHL
Q18619467,Rayonier Advanced Materials,New York Stock Exchange,RYAM,,,,http://www.wikidata.org/entity/Q18619467,,,RYAM
Q18619470,Restaurant Brands International,New York Stock Exchange,QSR,food service,,,http://www.wikidata.org/entity/Q18619470,,,QSR
Q18619982,Century Aluminum,Nasdaq,CENX,,,,http://www.wikidata.org/entity/Q18619982,,,CENX
Q18635265,Lightspeed,New York Stock Exchange,LSPD,,,,http://www.wikidata.org/entity/Q18635265,,,LSPD
Q18635282,OncoMed,Nasdaq,OMED,,,,http://www.wikidata.org/entity/Q18635282,,,OMED
Q18636301,Patriot Transportation,Nasdaq,FRPH,transport,,,http://www.wikidata.org/entity/Q18636301,,,FRPH
Q18636342,Amicus Therapeutics,Nasdaq,FOLD,pharmaceutical industry,,,http://www.wikidata.org/entity/Q18636342,,,FOLD
Q18636367,Extreme Reach,Nasdaq,SZMK,,,,http://www.wikidata.org/entity/Q18636367,,,SZMK
Q18636409,Sprinklr,New York Stock Exchange,CXM,marketing software industry,,,http://www.wikidata.org/entity/Q18636409,,,CXM
Q18636413,Sweetgreen,New York Stock Exchange,SG,restaurant industry,,,http://www.wikidata.org/entity/Q18636413,,,SG
Q18636524,Caesars Entertainment,Nasdaq,CZR,gambling,,,http://www.wikidata.org/entity/Q18636524,,,CZR
Q18636683,Global Industrial,Nasdaq,SYX,,,,http://www.wikidata.org/entity/Q18636683,,,SYX
Q18636688,Atlantic Coast Financial,Nasdaq,ACFC,bank,,,http://www.wikidata.org/entity/Q18636688,,,ACFC
Q18643660,Fifth Street Asset Management,Nasdaq,FSAM,asset management,,,http://www.wikidata.org/entity/Q18643660,,,FSAM
Q18656,Manchester United F.C.,New York Stock Exchange,,,,,http://www.wikidata.org/entity/Q18656,,,
Q18674747,Booking Holdings,Nasdaq,BKNG,travel industry,,,http://www.wikidata.org/entity/Q18674747,,,BKNG
Q1869672,LookSmart,Nasdaq,LOOK,,,,http://www.wikidata.org/entity/Q1869672,,,LOOK
Q18712620,Walgreens Boots Alliance,Nasdaq,WBA,retail,,,http://www.wikidata.org/entity/Q18712620,132703000000.0,2022-01-01 00:00:00+00:00,WBA
Q18712957,Farfetch,New York Stock Exchange,FTCH,e-commerce,,,http://www.wikidata.org/entity/Q18712957,,,FTCH
Q187212,SolarEdge,Nasdaq,SEDG,photovoltaics,,,http://www.wikidata.org/entity/Q187212,,,SEDG
Q1872227,Louisiana-Pacific,New York Stock Exchange,LPX,construction,,,http://www.wikidata.org/entity/Q1872227,,,LPX
Q18754966,Tradeweb Llc,Nasdaq,TW,,,,http://www.wikidata.org/entity/Q18754966,,,TW
Q187740,Equity Residential,New York Stock Exchange,EQR,real estate industry,,,http://www.wikidata.org/entity/Q187740,,,EQR
Q1881941,MTS Systems Corporation,Nasdaq,MTSC,,,,http://www.wikidata.org/entity/Q1881941,,,MTSC
Q1884246,Granite Real Estate,New York Stock Exchange,,,,,http://www.wikidata.org/entity/Q1884246,,,
Q1885099,Time Warner Cable,New York Stock Exchange,TWC,telecommunications,,,http://www.wikidata.org/entity/Q1885099,,,TWC
Q188514,Tata Motors Ltd,New York Stock Exchange,TTM,automotive industry,,,http://www.wikidata.org/entity/Q188514,,,TTM
Q1885491,FactSet,New York Stock Exchange,FDS,software industry,,,http://www.wikidata.org/entity/Q1885491,,,FDS
Q1889100,University of Phoenix,New York Stock Exchange,PXED,,,,http://www.wikidata.org/entity/Q1889100,,,PXED
Q188920,Delta Air Lines,New York Stock Exchange,DAL,aviation,32580000000.0,2019-01-24 00:00:00+00:00,http://www.wikidata.org/entity/Q188920,61643000000.0,2024-01-01 00:00:00+00:00,DAL
Q1902726,Marshall & Ilsley,Nasdaq,FINB,bank,,,http://www.wikidata.org/entity/Q1902726,,,FINB
Q190464,HSBC,New York Stock Exchange,HSBC,insurance,185400000000.0,2018-08-12 00:00:00+00:00,http://www.wikidata.org/entity/Q190464,62440000000.0,2024-01-01 00:00:00+00:00,HSBC
Q1915049,McCormick & Company,New York Stock Exchange,MKC,food industry,,,http://www.wikidata.org/entity/Q1915049,,,MKC
Q1915079,McDermott International,New York Stock Exchange,,,,,http://www.wikidata.org/entity/Q1915079,,,
Q1915579,Mechel,New York Stock Exchange,MTL,iron and steel industry,,,http://www.wikidata.org/entity/Q1915579,286977000000.0,2025-01-01 00:00:00+00:00,MTL
Q1916402,Pearson plc,New York Stock Exchange,PSO,construction,,,http://www.wikidata.org/entity/Q1916402,,,PSO
Q191715,WarnerMedia,New York Stock Exchange,TWX,telecommunications,74530000000.0,2017-01-01 00:00:00+00:00,http://www.wikidata.org/entity/Q191715,44700000000.0,2006-01-01 00:00:00+00:00,TWX
Q1921579,Meredith Corporation,New York Stock Exchange,MDP,media company,,,http://www.wikidata.org/entity/Q1921579,,,MDP
Q1922290,Mesa Air Group,Nasdaq,MESA,aviation,,,http://www.wikidata.org/entity/Q1922290,,,MESA
Q192314,JPMorgan Chase,New York Stock Exchange,JPM,economics of banking,686132000000.0,2025-05-01 00:00:00+00:00,http://www.wikidata.org/entity/Q192314,177556000000.0,2024-01-01 00:00:00+00:00,JPM
Q1925384,IDT Corporation,New York Stock Exchange,IDT,telecommunications,,,http://www.wikidata.org/entity/Q1925384,,,IDT
Q192814,Harley-Davidson,New York Stock Exchange,HOG,mechanical engineering,,,http://www.wikidata.org/entity/Q192814,,,HOG
Q1929466,WW International,Nasdaq,WW,,,,http://www.wikidata.org/entity/Q1929466,,,WW
Q1931458,Micro Focus International,New York Stock Exchange,MFGP,information technology,,,http://www.wikidata.org/entity/Q1931458,3000000000000.0,2021-01-01 00:00:00+00:00,MFGP
Q1931557,Micros Systems,Nasdaq,MCRS,computer hardware industry,,,http://www.wikidata.org/entity/Q1931557,,,MCRS
Q193199,UBS,New York Stock Exchange,UBS,economics of banking,,,http://www.wikidata.org/entity/Q193199,34563000000.0,2022-01-01 00:00:00+00:00,UBS
Q193326,Goldman Sachs,New York Stock Exchange,GS,financial services,91700000000.0,2017-02-02 00:00:00+00:00,http://www.wikidata.org/entity/Q193326,53512000000.0,2024-01-01 00:00:00+00:00,GS
Q193412,Texas Instruments,Nasdaq,TXN,electronics,153992000000.0,2022-02-18 00:00:00+00:00,http://www.wikidata.org/entity/Q193412,20028000000.0,2022-01-01 00:00:00+00:00,TXN
Q1937503,Terex,New York Stock Exchange,TEX,manufacture of machinery and equipment,,,http://www.wikidata.org/entity/Q1937503,,,TEX
Q1943468,Molex,Nasdaq,,electronics,,,http://www.wikidata.org/entity/Q1943468,,,
Q194360,American Express,New York Stock Exchange,AXP,financial services,118000000000.0,2022-08-05 00:00:00+00:00,http://www.wikidata.org/entity/Q194360,38825000000.0,2024-01-01 00:00:00+00:00,AXP
Q1944412,MoneyGram,Nasdaq,MGI,wire transfer,,,http://www.wikidata.org/entity/Q1944412,2107300000.0,2017-01-01 00:00:00+00:00,MGI
Q1945295,Monster Beverage,Nasdaq,MNST,beverage industry,,,http://www.wikidata.org/entity/Q1945295,,,MNST
Q19572527,First Merchants Bank,Nasdaq,FRME,,,,http://www.wikidata.org/entity/Q19572527,,,FRME
Q19572998,Capri Holdings,Nasdaq; New York Stock Exchange,CPRI; KORS,clothing industry,,,http://www.wikidata.org/entity/Q19572998,,,CPRI
Q1957521,Mitel,Nasdaq,MITL,telecommunications,,,http://www.wikidata.org/entity/Q1957521,,,MITL
Q19604285,Adams Resources & Energy Inc.,New York Stock Exchange,AE,petroleum industry,,,http://www.wikidata.org/entity/Q19604285,,,AE
Q19604418,Helmerich & Payne,New York Stock Exchange,HP,,,,http://www.wikidata.org/entity/Q19604418,,,HP
Q19604459,Murphy USA,New York Stock Exchange,MUSA,petroleum industry,,,http://www.wikidata.org/entity/Q19604459,,,MUSA
Q19604569,Sucampo Pharmaceuticals,Nasdaq,SCMP,pharmaceutical industry,,,http://www.wikidata.org/entity/Q19604569,,,SCMP
Q19604577,Tempur Sealy International,New York Stock Exchange,TPX,mattress,,,http://www.wikidata.org/entity/Q19604577,,,TPX
Q19604609,Vericel,Nasdaq,VCEL,biotechnology,,,http://www.wikidata.org/entity/Q19604609,,,VCEL
Q19605389,Kenon Holdings Ltd,New York Stock Exchange,KEN,,7107716000.0,2022-11-15 00:00:00+00:00,http://www.wikidata.org/entity/Q19605389,,,KEN
Q1961658,NV Energy,New York Stock Exchange,,energy supply,,,http://www.wikidata.org/entity/Q1961658,,,
Q1961738,HUI Gold Index,Nasdaq,GOLD,,,,http://www.wikidata.org/entity/Q1961738,,,GOLD
Q1962059,Nabors Industries,New York Stock Exchange,NBR,,,,http://www.wikidata.org/entity/Q1962059,,,NBR
Q196259,NetEase,Nasdaq,NTES,technology industry,,,http://www.wikidata.org/entity/Q196259,,,NTES
Q19647855,Standard BioTools Inc.,Nasdaq,FLDM,,,,http://www.wikidata.org/entity/Q19647855,,,FLDM
Q19654979,Johnson Outdoors,Nasdaq,JOUT,,,,http://www.wikidata.org/entity/Q19654979,,,JOUT
Q19681433,Kraft Heinz,Nasdaq,KHC,food industry,49440000000.0,2022-02-23 00:00:00+00:00,http://www.wikidata.org/entity/Q19681433,26485000000.0,2022-01-01 00:00:00+00:00,KHC
Q1969091,Oshkosh Corporation,New York Stock Exchange,OSK,automotive industry,,,http://www.wikidata.org/entity/Q1969091,1850000000.0,2018-01-01 00:00:00+00:00,OSK
Q19730939,Plains GP Holdings,New York Stock Exchange,PAGP,,,,http://www.wikidata.org/entity/Q19730939,,,PAGP
Q19757566,Pluralsight,Nasdaq,PS,software as a service,,,http://www.wikidata.org/entity/Q19757566,,,PS
Q1975799,Penske Automotive Group,New York Stock Exchange,PAG,automotive industry,,,http://www.wikidata.org/entity/Q1975799,11100000000.0,2006-01-01 00:00:00+00:00,PAG
Q1977666,Paysafe Group,New York Stock Exchange,PSFE,,,,http://www.wikidata.org/entity/Q1977666,,,PSFE
Q19799775,Voxeljet,New York Stock Exchange,VJET,,,,http://www.wikidata.org/entity/Q19799775,,,VJET
Q19840382,Lufax,New York Stock Exchange,LU,financial services,,,http://www.wikidata.org/entity/Q19840382,,,LU
Q1984481,NiSource,New York Stock Exchange,NI,public utility,,,http://www.wikidata.org/entity/Q1984481,,,NI
Q19854317,Vipshop,New York Stock Exchange,VIPS,e-commerce,,,http://www.wikidata.org/entity/Q19854317,,,VIPS
Q19863999,Team Health Holdings,New York Stock Exchange,TMH,health care,,,http://www.wikidata.org/entity/Q19863999,,,TMH
Q19865135,Meredian Holdings Group Inc.,New York Stock Exchange,DNMR,biotechnology,,,http://www.wikidata.org/entity/Q19865135,,,DNMR
Q19865696,Vapotherm,New York Stock Exchange,VAPO,,,,http://www.wikidata.org/entity/Q19865696,,,VAPO
Q19865761,"Ventas, Inc.",New York Stock Exchange,VTR,real estate investment trust,,,http://www.wikidata.org/entity/Q19865761,,,VTR
Q19866242,Catalent,New York Stock Exchange,CTLT,pharmaceutical industry,,,http://www.wikidata.org/entity/Q19866242,,,CTLT
Q19866632,ClearSign Combustion,Nasdaq,CLIR,,,,http://www.wikidata.org/entity/Q19866632,,,CLIR
Q19866912,NSTAR,New York Stock Exchange,,public utility,,,http://www.wikidata.org/entity/Q19866912,,,
Q19867294,WPX Energy,New York Stock Exchange,WPX,extraction of petroleum,,,http://www.wikidata.org/entity/Q19867294,,,WPX
Q19867417,SeaChange International,Nasdaq,SEAC,telecommunications,,,http://www.wikidata.org/entity/Q19867417,,,SEAC
Q19868026,PRA Group,Nasdaq,PRAA,,,,http://www.wikidata.org/entity/Q19868026,,,PRAA
Q19868261,STX Entertainment,Nasdaq,SFXE,electronic dance music,,,http://www.wikidata.org/entity/Q19868261,,,SFXE
Q19873469,Bio-Techne,Nasdaq,TECH,biotechnology,,,http://www.wikidata.org/entity/Q19873469,,,TECH
Q19876423,Hyster-Yale Materials Handling,New York Stock Exchange,HY,,,,http://www.wikidata.org/entity/Q19876423,,,HY
Q19877253,Immutep,Nasdaq,immp,pharmaceutical industry,482438133.0,2021-11-18 00:00:00+00:00,http://www.wikidata.org/entity/Q19877253,,,immp
Q19877982,Spire Global,New York Stock Exchange,SPIR,,,,http://www.wikidata.org/entity/Q19877982,,,SPIR
Q19878105,Strategic Hotels & Resorts,New York Stock Exchange,,,,,http://www.wikidata.org/entity/Q19878105,,,
Q19880591,Gogoro,Nasdaq,GGR,,,,http://www.wikidata.org/entity/Q19880591,3.5,2023-01-01 00:00:00+00:00,GGR
Q19882011,Synageva,Nasdaq,GEVA,pharmaceutical industry,,,http://www.wikidata.org/entity/Q19882011,,,GEVA
Q19884156,Tennant Company,New York Stock Exchange,TNC,,,,http://www.wikidata.org/entity/Q19884156,,,TNC
Q19893981,Milacron,New York Stock Exchange,,plastics industry,,,http://www.wikidata.org/entity/Q19893981,,,
Q19900,Oracle Corporation,Nasdaq; New York Stock Exchange,ORCL,software development,216730000000.0,2022-02-01 00:00:00+00:00,http://www.wikidata.org/entity/Q19900,57399000000.0,2024-01-01 00:00:00+00:00,ORCL
Q19903490,Navient,Nasdaq,NAVI,financial services,,,http://www.wikidata.org/entity/Q19903490,,,NAVI
Q19903773,Varonis Systems,Nasdaq,VRNS,software industry,,,http://www.wikidata.org/entity/Q19903773,,,VRNS
Q19923099,Hewlett Packard Enterprise,New York Stock Exchange,HPE,software industry,27800000000.0,2017-07-14 00:00:00+00:00,http://www.wikidata.org/entity/Q19923099,28496000000.0,2022-01-01 00:00:00+00:00,HPE
Q199296,Ziff Davis,Nasdaq,ZD,Internet industry,,,http://www.wikidata.org/entity/Q199296,,,ZD
Q1998662,Nordson Corporation,Nasdaq,NDSN,,,,http://www.wikidata.org/entity/Q1998662,,,NDSN
Q19995004,WeWork,New York Stock Exchange,WE,coworking industry,,,http://www.wikidata.org/entity/Q19995004,,,WE
Q2000500,Partner Communications Company Ltd.,Nasdaq,PTNR,telecommunications,4747692000.0,2022-11-15 00:00:00+00:00,http://www.wikidata.org/entity/Q2000500,,,PTNR
Q20022777,Sanderson Farms,Nasdaq,SAFM,poultry farming,,,http://www.wikidata.org/entity/Q20022777,,,SAFM
Q2003999,Silicon Image,Nasdaq,SIMG,integrated device manufacturer,,,http://www.wikidata.org/entity/Q2003999,,,SIMG
Q2004423,FEI Company,Nasdaq,FEIC,,,,http://www.wikidata.org/entity/Q2004423,927500000.0,2013-01-01 00:00:00+00:00,FEIC
Q20047296,Magellan Health,Nasdaq,MGLN,managed care,,,http://www.wikidata.org/entity/Q20047296,,,MGLN
Q20059505,Telefônica Brasil,New York Stock Exchange,VIV,telecommunications,,,http://www.wikidata.org/entity/Q20059505,11.1,2018-01-01 00:00:00+00:00,VIV
Q20065324,Pharmacyclics,Nasdaq,PCYC,,,,http://www.wikidata.org/entity/Q20065324,,,PCYC
Q2006989,YPF,New York Stock Exchange,YPF,petroleum industry,,,http://www.wikidata.org/entity/Q2006989,,,YPF
Q2007484,Oklahoma Gas & Electric,New York Stock Exchange,OGE,,,,http://www.wikidata.org/entity/Q2007484,,,OGE
Q2008551,Oaktree Capital Management,New York Stock Exchange,OAK-B,financial services,,,http://www.wikidata.org/entity/Q2008551,,,OAK-B
Q2013357,Occidental Petroleum,New York Stock Exchange,OXY,petroleum industry,,,http://www.wikidata.org/entity/Q2013357,36634000000.0,2022-01-01 00:00:00+00:00,OXY
Q2013404,Ocean Rig,Nasdaq,ORIG,oil platform,,,http://www.wikidata.org/entity/Q2013404,,,ORIG
Q20136005,Skillsoft,Nasdaq,SKIL,software industry,,,http://www.wikidata.org/entity/Q20136005,,,SKIL
Q20165,Nissan,Nasdaq,NSANY,automotive industry,,,http://www.wikidata.org/entity/Q20165,11951169000000.0,2018-01-01 00:00:00+00:00,NSANY
Q20182011,Jinko Solar,New York Stock Exchange,JKS,photovoltaics,,,http://www.wikidata.org/entity/Q20182011,,,JKS
Q20183163,Union Pacific Corporation,New York Stock Exchange,UNP,transport,,,http://www.wikidata.org/entity/Q20183163,24875000000.0,2022-01-01 00:00:00+00:00,UNP
Q2021416,Volcom,Nasdaq,VLCM,textile industry,,,http://www.wikidata.org/entity/Q2021416,,,VLCM
Q202210,GameStop,New York Stock Exchange,GME,retail,7770000000.0,2022-01-06 00:00:00+00:00,http://www.wikidata.org/entity/Q202210,5272800000.0,2024-02-03 00:00:00+00:00,GME
Q2025791,Open Text,Nasdaq,OTEX,software industry,,,http://www.wikidata.org/entity/Q2025791,,,OTEX
Q202972,International Paper,New York Stock Exchange,IP,pulp and paper industry,,,http://www.wikidata.org/entity/Q202972,21161000000.0,2022-01-01 00:00:00+00:00,IP
Q20311716,Axovant Sciences,Nasdaq,AXGT,pharmaceutical industry,,,http://www.wikidata.org/entity/Q20311716,,,AXGT
Q2031485,Under Armour,New York Stock Exchange,UA,clothing industry,,,http://www.wikidata.org/entity/Q2031485,,,UA
Q2031726,Westpac,New York Stock Exchange,WBK,financial services,82066398745.0,2021-11-18 00:00:00+00:00,http://www.wikidata.org/entity/Q2031726,,,WBK
Q2032800,Ally Financial,New York Stock Exchange,ALLY,financial services,,,http://www.wikidata.org/entity/Q2032800,8428000000.0,2022-01-01 00:00:00+00:00,ALLY
Q203386,Zim Integrated Shipping Services Ltd,New York Stock Exchange,ZIM,water transport,,,http://www.wikidata.org/entity/Q203386,,,ZIM
Q2034659,Extreme Networks,Nasdaq,EXTR,networking hardware,,,http://www.wikidata.org/entity/Q2034659,519500000.0,2014-01-01 00:00:00+00:00,EXTR
Q203552,Zimmer Biomet Holdings,New York Stock Exchange,ZBH,biomedical engineering,,,http://www.wikidata.org/entity/Q203552,,,ZBH
Q2036530,Allison Transmission,New York Stock Exchange,ALSN,,,,http://www.wikidata.org/entity/Q2036530,,,ALSN
Q2037080,Tesoro Corporation,New York Stock Exchange,ANDV,petroleum industry,,,http://www.wikidata.org/entity/Q2037080,34975000000.0,2017-01-01 00:00:00+00:00,ANDV
Q2037125,State Street Corporation,New York Stock Exchange,STT,financial services,26930000000.0,2023-04-14 00:00:00+00:00,http://www.wikidata.org/entity/Q2037125,12148000000.0,2022-01-01 00:00:00+00:00,STT
Q2044512,PPL,New York Stock Exchange,PPL,electricity supply company,,,http://www.wikidata.org/entity/Q2044512,7902000000.0,2022-01-01 00:00:00+00:00,PPL
Q204727,Alexion Pharmaceuticals,Nasdaq,ALXN,pharmaceutical industry,,,http://www.wikidata.org/entity/Q204727,6100000000.0,2021-01-01 00:00:00+00:00,ALXN
Q2047336,Palantir Technologies,New York Stock Exchange,PLTR,computer and network surveillance,,,http://www.wikidata.org/entity/Q2047336,2865507000.0,2024-01-01 00:00:00+00:00,PLTR
Q20486914,"Greif, Inc.",New York Stock Exchange,GEF,product packaging industry,,,http://www.wikidata.org/entity/Q20486914,,,GEF
Q20486915,H.B. Fuller,New York Stock Exchange,FUL,chemical industry,,,http://www.wikidata.org/entity/Q20486915,,,FUL
Q20486917,Welltower,New York Stock Exchange,WELL,real estate investment trust,,,http://www.wikidata.org/entity/Q20486917,,,WELL
Q20486931,Northern Tier Energy,New York Stock Exchange,NTI,petroleum industry,,,http://www.wikidata.org/entity/Q20486931,,,NTI
Q20486933,Chord Energy Corporation,Nasdaq,CHRD,petroleum industry,,,http://www.wikidata.org/entity/Q20486933,,,CHRD
Q20486937,Superior Energy Services,New York Stock Exchange,SPN,petroleum industry,,,http://www.wikidata.org/entity/Q20486937,,,SPN
Q20486949,Chord Energy Corporation,New York Stock Exchange,WLL,petroleum industry,,,http://www.wikidata.org/entity/Q20486949,3646794000.0,2022-01-01 00:00:00+00:00,WLL
Q20502124,Alon Blue Square Israel Ltd,New York Stock Exchange,BSI,food retail sector,,,http://www.wikidata.org/entity/Q20502124,,,BSI
Q205378,Zions Bancorporation,Nasdaq,ZION,financial services,,,http://www.wikidata.org/entity/Q205378,,,ZION
Q20539272,IVISYS,Nasdaq,IVISYS,,,,http://www.wikidata.org/entity/Q20539272,,,IVISYS
Q20539294,Casper,New York Stock Exchange,CSPR,bedding,,,http://www.wikidata.org/entity/Q20539294,,,CSPR
Q2056977,IGATE Patni,Nasdaq,IGTE,information technology,,,http://www.wikidata.org/entity/Q2056977,,,IGTE
Q2059537,Arrow Electronics,New York Stock Exchange,ARW,product distribution,,,http://www.wikidata.org/entity/Q2059537,,,ARW
Q2062132,Arch Resources,New York Stock Exchange,ARCH,mining of coal,,,http://www.wikidata.org/entity/Q2062132,,,ARCH
Q2063056,NASDAQ Biotechnology Index,Nasdaq,NBI,,,,http://www.wikidata.org/entity/Q2063056,,,NBI
Q20630716,Chemours,New York Stock Exchange,CC,chemical industry,,,http://www.wikidata.org/entity/Q20630716,,,CC
Q20642307,Fleetmatics,New York Stock Exchange,FLTX,fleet management,,,http://www.wikidata.org/entity/Q20642307,,,FLTX
Q20648663,Tegna Inc.,New York Stock Exchange,TGNA,,,,http://www.wikidata.org/entity/Q20648663,2.91,2023-01-01 00:00:00+00:00,TGNA
Q20667333,NextEra Energy Partners,New York Stock Exchange,NEP,,,,http://www.wikidata.org/entity/Q20667333,,,NEP
Q206678,OTE,New York Stock Exchange,OTE,telecommunications,,,http://www.wikidata.org/entity/Q206678,3906100000.0,2016-01-01 00:00:00+00:00,OTE
Q2066858,PerkinElmer,New York Stock Exchange,PKI,health technology,,,http://www.wikidata.org/entity/Q2066858,,,PKI
Q20687182,Talen Energy,New York Stock Exchange,TLN,energy industry,,,http://www.wikidata.org/entity/Q20687182,,,TLN
Q2068984,Illumina,Nasdaq,ILMN,biotechnology,,,http://www.wikidata.org/entity/Q2068984,,,ILMN
Q2069106,Pacific Biosciences,Nasdaq,PACB,biotechnology industry,,,http://www.wikidata.org/entity/Q2069106,,,PACB
Q206921,Pfizer,New York Stock Exchange,PFE,pharmaceutical industry,128489000000.0,2025-05-15 00:00:00+00:00,http://www.wikidata.org/entity/Q206921,63627000000.0,2024-01-01 00:00:00+00:00,PFE
Q2069413,Complete Genomics,Nasdaq,GNOM,biotechnology,,,http://www.wikidata.org/entity/Q2069413,,,GNOM
Q2070689,Performance Food Group,New York Stock Exchange,PFGC,,,,http://www.wikidata.org/entity/Q2070689,,,PFGC
Q20708193,Live Oak Bank,Nasdaq,LOB,bank,,,http://www.wikidata.org/entity/Q20708193,,,LOB
Q20708639,Forum Energy Technologies,New York Stock Exchange,FET,list of oilfield service companies,,,http://www.wikidata.org/entity/Q20708639,,,FET
Q20708654,Bank OZK,Nasdaq,OZK,financial services,,,http://www.wikidata.org/entity/Q20708654,,,OZK
Q20709176,Alico,Nasdaq,ALCO,,,,http://www.wikidata.org/entity/Q20709176,,,ALCO
Q2071102,Primo Water,New York Stock Exchange,PRMW,business service,,,http://www.wikidata.org/entity/Q2071102,,,PRMW
Q20711490,LKQ Corporation,Nasdaq,LKQ,automotive industry,,,http://www.wikidata.org/entity/Q20711490,,,LKQ
Q20714323,DoorDash,Nasdaq; New York Stock Exchange,DASH,logistics,,,http://www.wikidata.org/entity/Q20714323,,,DASH
Q20714863,Coca-Cola FEMSA,New York Stock Exchange,KOF,beverage industry,,,http://www.wikidata.org/entity/Q20714863,,,KOF
Q20714950,Primoris Services Corporation,Nasdaq,PRIM,,,,http://www.wikidata.org/entity/Q20714950,,,PRIM
Q20715093,Teladoc,New York Stock Exchange,TDOC,medicine,,,http://www.wikidata.org/entity/Q20715093,,,TDOC
Q2071877,CHC Helicopter,New York Stock Exchange,HELI,transport,,,http://www.wikidata.org/entity/Q2071877,,,HELI
Q20732498,Miniso,New York Stock Exchange,MNSO,retail,,,http://www.wikidata.org/entity/Q20732498,2500000000.0,2018-01-01 00:00:00+00:00,MNSO
Q2079243,TIM Brasil,New York Stock Exchange,TIMB,telecommunications,,,http://www.wikidata.org/entity/Q2079243,,,TIMB
Q207983,Monsanto,New York Stock Exchange,MON,biotechnology,,,http://www.wikidata.org/entity/Q207983,15000000000.0,2015-01-01 00:00:00+00:00,MON
Q20800404,Alphabet Inc.,Nasdaq,GOOG,information technology,1961000000000.0,2025-05-01 00:00:00+00:00,http://www.wikidata.org/entity/Q20800404,402836000000.0,2025-01-01 00:00:00+00:00,GOOG
Q20857833,"Oregon Tool, Inc.",New York Stock Exchange,BLT,manufacture of machinery and equipment,,,http://www.wikidata.org/entity/Q20857833,,,BLT
Q20858163,Norfolk Southern Corporation,New York Stock Exchange,NSC,,54988000000.0,2025-05-15 00:00:00+00:00,http://www.wikidata.org/entity/Q20858163,12745000000.0,2022-01-01 00:00:00+00:00,NSC
Q20858221,PROS,New York Stock Exchange,PRO,,,,http://www.wikidata.org/entity/Q20858221,,,PRO
Q20873932,Grab,Nasdaq,GRAB,information technology,,,http://www.wikidata.org/entity/Q20873932,,,GRAB
Q2087612,Tucows,Nasdaq,TCX,,,,http://www.wikidata.org/entity/Q2087612,,,TCX
Q2091479,Nice Ltd,Nasdaq,NICE,software industry,44154487000.0,2022-11-15 00:00:00+00:00,http://www.wikidata.org/entity/Q2091479,,,NICE
Q2094989,Sumitomo Mitsui Financial Group,New York Stock Exchange,SMFG,financial sector,,,http://www.wikidata.org/entity/Q2094989,,,SMFG
Q20979194,American Homes 4 Rent,New York Stock Exchange,AMH,real estate investment trust,,,http://www.wikidata.org/entity/Q20979194,,,AMH
Q20979249,Everi Holdings,New York Stock Exchange,EVRI,financial services,,,http://www.wikidata.org/entity/Q20979249,,,EVRI
Q2099437,Plexus Corporation,Nasdaq,PLXS,,,,http://www.wikidata.org/entity/Q2099437,,,PLXS
Q210047,Petrobras,New York Stock Exchange,PBR,petroleum industry,,,http://www.wikidata.org/entity/Q210047,88827000000.0,2018-04-15 00:00:00+00:00,PBR
Q21010691,Westwood Holdings Group,New York Stock Exchange,WHG,,,,http://www.wikidata.org/entity/Q21010691,,,WHG
Q21016487,"WRKCo, Inc.",New York Stock Exchange,WRK,corrugated fiberboard,,,http://www.wikidata.org/entity/Q21016487,,,WRK
Q21021003,Xenia Hotels and Resorts,New York Stock Exchange,XHR,real estate investment trust,,,http://www.wikidata.org/entity/Q21021003,,,XHR
Q21036456,Hubbell Incorporated,New York Stock Exchange,HUBB,electronics industry,,,http://www.wikidata.org/entity/Q21036456,,,HUBB
Q2103926,UnitedHealth Group,New York Stock Exchange,UNH,health insurance company,,,http://www.wikidata.org/entity/Q2103926,400278000000.0,2024-01-01 00:00:00+00:00,UNH
Q2105426,Altice Portugal,New York Stock Exchange,,telecommunications,,,http://www.wikidata.org/entity/Q2105426,,,
Q21070725,Del Frisco's Restaurant Group,Nasdaq,DFRG,restaurant,,,http://www.wikidata.org/entity/Q21070725,,,DFRG
Q21072695,Vista Outdoor,New York Stock Exchange,VSTO,shooting sports,,,http://www.wikidata.org/entity/Q21072695,,,VSTO
Q21077,Warner Music Group,Nasdaq,WMG,music industry,,,http://www.wikidata.org/entity/Q21077,6037000000.0,2023-01-01 00:00:00+00:00,WMG
Q210780,Focus Media Holding,Nasdaq,FMCN,service,,,http://www.wikidata.org/entity/Q210780,,,FMCN
Q2108251,Precision Drilling,New York Stock Exchange,PDS,petroleum industry,,,http://www.wikidata.org/entity/Q2108251,,,PDS
Q2112884,Ethyl Corporation,New York Stock Exchange,,chemical industry,,,http://www.wikidata.org/entity/Q2112884,,,
Q2113906,Providence and Worcester Railroad,Nasdaq,PWX,,,,http://www.wikidata.org/entity/Q2113906,,,PWX
Q2114414,Prudential Financial,New York Stock Exchange,PRU,life insurance,,,http://www.wikidata.org/entity/Q2114414,60050000000.0,2022-01-01 00:00:00+00:00,PRU
Q21161576,FaZe Clan,Nasdaq,FAZE,,,,http://www.wikidata.org/entity/Q21161576,,,FAZE
Q21177770,CYNGN Inc.,Nasdaq,CYN,software development,,,http://www.wikidata.org/entity/Q21177770,,,CYN
Q21189117,WD-40 Company,Nasdaq,WDFC,chemical industry,,,http://www.wikidata.org/entity/Q21189117,,,WDFC
Q21189310,DraftKings,Nasdaq,DKNG,sports betting,,,http://www.wikidata.org/entity/Q21189310,,,DKNG
Q21189883,Willis Towers Watson,Nasdaq,WTW,insurance broker,,,http://www.wikidata.org/entity/Q21189883,8866000000.0,2022-01-01 00:00:00+00:00,WTW
Q21196367,Black Stone Minerals,New York Stock Exchange,BSM,petroleum industry,,,http://www.wikidata.org/entity/Q21196367,,,BSM
Q21198484,Alamo Group,New York Stock Exchange,ALG,,,,http://www.wikidata.org/entity/Q21198484,,,ALG
Q2119898,Denbury Resources,New York Stock Exchange,DNR,petroleum industry,,,http://www.wikidata.org/entity/Q2119898,,,DNR
Q212235,American International Group,New York Stock Exchange,AIG,financial services,,,http://www.wikidata.org/entity/Q212235,56437000000.0,2022-01-01 00:00:00+00:00,AIG
Q212322,GSK,New York Stock Exchange,GSK,biotechnology,,,http://www.wikidata.org/entity/Q212322,,,GSK
Q21233433,Bumble,Nasdaq,BMBL,Internet dating industry,,,http://www.wikidata.org/entity/Q21233433,,,BMBL
Q212405,Procter & Gamble,New York Stock Exchange,PG,fast-moving consumer goods,,,http://www.wikidata.org/entity/Q212405,84284000000.0,2025-01-01 00:00:00+00:00,PG
Q212433,Avaya,New York Stock Exchange,AVYA,mechanical engineering,,,http://www.wikidata.org/entity/Q212433,2970000000.0,2021-01-01 00:00:00+00:00,AVYA
Q2124539,RR Donnelley,Nasdaq; New York Stock Exchange,RRD,,,,http://www.wikidata.org/entity/Q2124539,,,RRD
Q2128566,Vistaprint,Nasdaq,CMPR,e-commerce,,,http://www.wikidata.org/entity/Q2128566,,,CMPR
Q212900,Lehman Brothers,New York Stock Exchange,LEH,investment,,,http://www.wikidata.org/entity/Q212900,19257000000.0,2008-01-01 00:00:00+00:00,LEH
Q213849,ATI Technologies,Nasdaq,ATYT,semiconductor industry,,,http://www.wikidata.org/entity/Q213849,1996700000.0,2004-01-01 00:00:00+00:00,ATYT
Q2140077,Tribune Media,New York Stock Exchange,TRCO,media industry,,,http://www.wikidata.org/entity/Q2140077,,,TRCO
Q2140315,Textron,New York Stock Exchange,TXT,automotive industry,,,http://www.wikidata.org/entity/Q2140315,13702000000.0,2024-01-01 00:00:00+00:00,TXT
Q21404084,HP Inc.,New York Stock Exchange,HPQ,software industry,29000000000.0,2017-07-08 00:00:00+00:00,http://www.wikidata.org/entity/Q21404084,53559000000.0,2024-01-01 00:00:00+00:00,HPQ
Q21410960,Cornerstone OnDemand Inc.,Nasdaq,CSOD,,,,http://www.wikidata.org/entity/Q21410960,,,CSOD
Q2142669,AmBev,New York Stock Exchange,ABEV,beverage industry,,,http://www.wikidata.org/entity/Q2142669,,,ABEV
Q214346,Viacom,Nasdaq,VIA,media industry,26560000000.0,2021-04-22 00:00:00+00:00,http://www.wikidata.org/entity/Q214346,25285000000.0,2020-01-01 00:00:00+00:00,VIA
Q2144525,Scripps Networks Interactive,New York Stock Exchange,SNI,broadcasting,,,http://www.wikidata.org/entity/Q2144525,,,SNI
Q21463167,HashiCorp,Nasdaq,HCP,IT infrastructure,,,http://www.wikidata.org/entity/Q21463167,,,HCP
Q214763,ConocoPhillips,New York Stock Exchange,COP,petroleum industry,,,http://www.wikidata.org/entity/Q214763,54745000000.0,2024-01-01 00:00:00+00:00,COP
Q215639,Opera,Nasdaq,OPRA,marketing,,,http://www.wikidata.org/entity/Q215639,99200000.0,2017-01-01 00:00:00+00:00,OPRA
Q2157448,Robert Half,New York Stock Exchange,RHI,employment services industry,,,http://www.wikidata.org/entity/Q2157448,,,RHI
Q2162158,BOK Financial Corporation,Nasdaq,BOKF,bank,,,http://www.wikidata.org/entity/Q2162158,,,BOKF
Q21639712,Sibanye-Stillwater,New York Stock Exchange,SBSW,mining,,,http://www.wikidata.org/entity/Q21639712,,,SBSW
Q2167391,Gateway,New York Stock Exchange,GTW,computer hardware industry,,,http://www.wikidata.org/entity/Q2167391,,,GTW
Q2171646,Jabil,New York Stock Exchange,JBL,electronics,,,http://www.wikidata.org/entity/Q2171646,,,JBL
Q217583,Berkshire Hathaway,New York Stock Exchange,BRK.A,insurance,65050000000.0,2021-08-26 00:00:00+00:00,http://www.wikidata.org/entity/Q217583,371433000000.0,2024-01-01 00:00:00+00:00,BRK.A
Q2178198,Ryder,New York Stock Exchange,R,logistics,,,http://www.wikidata.org/entity/Q2178198,,,R
Q21843099,Freedom Holding,Nasdaq,FRHC,,,,http://www.wikidata.org/entity/Q21843099,,,FRHC
Q21874220,"Atara Biotherapeutics, Inc.",Nasdaq,ATRA,biotechnology,,,http://www.wikidata.org/entity/Q21874220,,,ATRA
Q2188613,CMB.TECH,New York Stock Exchange,CMBT,water transport,,,http://www.wikidata.org/entity/Q2188613,,,CMBT
Q219508,Citigroup,New York Stock Exchange,C,bank,141873000000.0,2025-05-16 00:00:00+00:00,http://www.wikidata.org/entity/Q219508,81139000000.0,2024-01-01 00:00:00+00:00,C
Q219635,BlackRock,New York Stock Exchange,BLK,asset management,120500000000.0,2018-09-14 00:00:00+00:00,http://www.wikidata.org/entity/Q219635,17860000000.0,2023-01-01 00:00:00+00:00,BLK
Q21992261,"American Public Education, Inc.",Nasdaq,APEI,,,,http://www.wikidata.org/entity/Q21992261,,,APEI
Q22022108,"Clearfield, Inc.",Nasdaq; New York Stock Exchange,CLFD,,,,http://www.wikidata.org/entity/Q22022108,,,CLFD
Q22025568,Stone Energy Corporation,New York Stock Exchange,SGY,petroleum industry,,,http://www.wikidata.org/entity/Q22025568,,,SGY
Q22026369,YETI,New York Stock Exchange,YETI,,,,http://www.wikidata.org/entity/Q22026369,,,YETI
Q220485,Zoran Corporation,Nasdaq,ZRAN,electronics industry,,,http://www.wikidata.org/entity/Q220485,,,ZRAN
Q22058448,Monolithic Power Systems,Nasdaq,MPWR,semiconductor industry,,,http://www.wikidata.org/entity/Q22058448,,,MPWR
Q22060267,Aegion,Nasdaq,AEGN,,,,http://www.wikidata.org/entity/Q22060267,,,AEGN
Q22074922,Elastic,New York Stock Exchange,ESTC,software industry,,,http://www.wikidata.org/entity/Q22074922,,,ESTC
Q2207539,SPDR Gold Shares,New York Stock Exchange,,,,,http://www.wikidata.org/entity/Q2207539,,,
Q2207629,SPX Corporation,New York Stock Exchange,SPXC,conglomerate,,,http://www.wikidata.org/entity/Q2207629,,,SPXC
Q22078063,Snowflake Inc.,New York Stock Exchange,SNOW,cloud computing,,,http://www.wikidata.org/entity/Q22078063,,,SNOW
Q22079519,Clover Health,Nasdaq,CLOV,health care,,,http://www.wikidata.org/entity/Q22079519,,,CLOV
Q22079529,Harrow Health,Nasdaq,HROW,pharmaceutical industry,,,http://www.wikidata.org/entity/Q22079529,,,HROW
Q221062,DuPont,New York Stock Exchange,DD,chemical industry,,,http://www.wikidata.org/entity/Q221062,13020000000.0,2022-12-01 00:00:00+00:00,DD
Q22121862,Applied Genetic Technologies Corporation,Nasdaq,AGTC,biotechnology,,,http://www.wikidata.org/entity/Q22121862,,,AGTC
Q22121863,Arrowhead Research,Nasdaq,ARWR,biotechnology,,,http://www.wikidata.org/entity/Q22121863,,,ARWR
Q22121865,Cimpress,Nasdaq,CMPR,,,,http://www.wikidata.org/entity/Q22121865,,,CMPR
Q22121866,Exact Sciences,Nasdaq,EXAS,health care industry,,,http://www.wikidata.org/entity/Q22121866,,,EXAS
Q22121871,Scansource,Nasdaq,SCSC,,,,http://www.wikidata.org/entity/Q22121871,,,SCSC
Q22121872,"Tandem Diabetes Care, Inc.",Nasdaq,TNDM,,,,http://www.wikidata.org/entity/Q22121872,,,TNDM
Q22243729,Ferrari,New York Stock Exchange,RACE,automotive industry,,,http://www.wikidata.org/entity/Q22243729,,,RACE
Q2228136,Resources Global Professionals,Nasdaq,RECN,,,,http://www.wikidata.org/entity/Q2228136,,,RECN
Q223127,Logitech,Nasdaq,LOGI,computer hardware industry,,,http://www.wikidata.org/entity/Q223127,4298467000.0,2024-03-31 00:00:00+00:00,LOGI
Q223407,Novell,Nasdaq,NOVL,software industry,,,http://www.wikidata.org/entity/Q223407,956000000.0,2008-01-01 00:00:00+00:00,NOVL
Q2241604,Pandora,Nasdaq,PANDORA,retail,,,http://www.wikidata.org/entity/Q2241604,26463000000.0,2022-01-01 00:00:00+00:00,PANDORA
Q224751,Lennox International,New York Stock Exchange,LII,,,,http://www.wikidata.org/entity/Q224751,,,LII
Q225440,Celestica,New York Stock Exchange,CLS,electronics,,,http://www.wikidata.org/entity/Q225440,,,CLS
Q22661749,"Chart Industries, Inc",Nasdaq,GTLS,medical device,,,http://www.wikidata.org/entity/Q22661749,,,GTLS
Q2266483,AVG Technologies,New York Stock Exchange,AVG,software industry,,,http://www.wikidata.org/entity/Q2266483,,,AVG
Q22671405,B2Gold,New York Stock Exchange,BTG,mining,,,http://www.wikidata.org/entity/Q22671405,,,BTG
Q22674043,Compass Diversified,New York Stock Exchange,CODI,,,,http://www.wikidata.org/entity/Q22674043,,,CODI
Q22674048,Main Street Capital Corp,New York Stock Exchange,MAIN,,,,http://www.wikidata.org/entity/Q22674048,,,MAIN
Q2274089,Wynn Resorts,Nasdaq,WYNN,,,,http://www.wikidata.org/entity/Q2274089,,,WYNN
Q2274161,ServiceSource,Nasdaq,,,,,http://www.wikidata.org/entity/Q2274161,,,
Q2283,Microsoft,Nasdaq,MSFT,software development,3162000000000.0,2025-05-01 00:00:00+00:00,http://www.wikidata.org/entity/Q2283,281724000000.0,2025-01-01 00:00:00+00:00,MSFT
Q2286044,Silicon Laboratories,Nasdaq,SLAB,,,,http://www.wikidata.org/entity/Q2286044,,,SLAB
Q2287759,Simon Property Group,New York Stock Exchange,SPG,real estate investment trust,,,http://www.wikidata.org/entity/Q2287759,,,SPG
Q2288792,Sinclair Broadcast Group,Nasdaq,SBGI,telecommunications,,,http://www.wikidata.org/entity/Q2288792,3928000000.0,2022-01-01 00:00:00+00:00,SBGI
Q22906645,Magellan Midstream Partners,New York Stock Exchange,MMP,petroleum industry,,,http://www.wikidata.org/entity/Q22906645,,,MMP
Q22908338,Riskified,New York Stock Exchange,RSKD,e-commerce,,,http://www.wikidata.org/entity/Q22908338,,,RSKD
Q22909236,Instacart,Nasdaq,CART,retail,,,http://www.wikidata.org/entity/Q22909236,,,CART
Q22909604,"Valhi, Inc.",New York Stock Exchange,VHI,holding company,,,http://www.wikidata.org/entity/Q22909604,,,VHI
Q2297063,Trimble,Nasdaq,TRMB,,,,http://www.wikidata.org/entity/Q2297063,1300000000.0,2008-01-01 00:00:00+00:00,TRMB
Q2299611,Yelp,New York Stock Exchange,YELP,information technology,,,http://www.wikidata.org/entity/Q2299611,500000000.0,2014-01-01 00:00:00+00:00,YELP
Q2300605,Com21,Nasdaq,CMTO,computer network,,,http://www.wikidata.org/entity/Q2300605,,,CMTO
Q23018189,Albany International,New York Stock Exchange,AIN,,,,http://www.wikidata.org/entity/Q23018189,,,AIN
Q23022611,Flutter Entertainment,New York Stock Exchange,FLUT,bookmaker,,,http://www.wikidata.org/entity/Q23022611,,,FLUT
Q2302402,Grindr,New York Stock Exchange,GRND,Internet dating industry,4556000000.0,2025-06-05 00:00:00+00:00,http://www.wikidata.org/entity/Q2302402,,,GRND
Q2303478,Synopsys,Nasdaq,SNPS,software industry,,,http://www.wikidata.org/entity/Q2303478,,,SNPS
Q2304693,Southern Company,New York Stock Exchange,SO,electric power industry,,,http://www.wikidata.org/entity/Q2304693,,,SO
Q2305438,PT Telkom Indonesia (Persero),New York Stock Exchange,TLK,telecommunications,,,http://www.wikidata.org/entity/Q2305438,,,TLK
Q2308517,Speedway Motorsports,New York Stock Exchange,TRK,motorsport,,,http://www.wikidata.org/entity/Q2308517,,,TRK
Q23090931,Outfront Media,New York Stock Exchange,OUT,out-of-home advertising,,,http://www.wikidata.org/entity/Q23090931,,,OUT
Q23131313,Editas Medicine,Nasdaq,EDIT,pharmaceutical industry,,,http://www.wikidata.org/entity/Q23131313,,,EDIT
Q23133268,Match Group,Nasdaq,MTCH,online dating service,,,http://www.wikidata.org/entity/Q23133268,,,MTCH
Q23134166,RealPage,Nasdaq,RP,property management,,,http://www.wikidata.org/entity/Q23134166,,,RP
Q2319810,St. Jude Medical,New York Stock Exchange,STJ,,,,http://www.wikidata.org/entity/Q2319810,,,STJ
Q2325665,Molycorp,New York Stock Exchange,,mining,,,http://www.wikidata.org/entity/Q2325665,,,
Q2331913,Stantec,New York Stock Exchange,STN,,,,http://www.wikidata.org/entity/Q2331913,,,STN
Q2335199,Macro Bank,New York Stock Exchange,BMA,financial services,,,http://www.wikidata.org/entity/Q2335199,,,BMA
Q2353849,El Pollo Loco,Nasdaq,LOCO,fast food,,,http://www.wikidata.org/entity/Q2353849,,,LOCO
Q2357515,Stryker Corporation,New York Stock Exchange,SYK,health technology,,,http://www.wikidata.org/entity/Q2357515,18449000000.0,2022-01-01 00:00:00+00:00,SYK
Q2365235,Ozon,Nasdaq,OZON,retail,,,http://www.wikidata.org/entity/Q2365235,424291000000.0,2023-01-01 00:00:00+00:00,OZON
Q23679974,Avalanche Biotechnologies,Nasdaq,ADVM,biotechnology,,,http://www.wikidata.org/entity/Q23679974,,,ADVM
Q23680003,vroom.com,Nasdaq,VRM,e-commerce,,,http://www.wikidata.org/entity/Q23680003,,,VRM
Q23680018,Wintrust Financial,Nasdaq,WTFC,financial services,,,http://www.wikidata.org/entity/Q23680018,,,WTFC
Q23680028,DuPont Fabros Technology Inc.,New York Stock Exchange,,real estate investment trust,,,http://www.wikidata.org/entity/Q23680028,,,
Q23680081,PJT Partners,New York Stock Exchange,PJT,investment bank,,,http://www.wikidata.org/entity/Q23680081,,,PJT
Q2373884,Sykes Enterprises,Nasdaq,SYKE,,,,http://www.wikidata.org/entity/Q2373884,,,SYKE
Q2376711,Sysco,New York Stock Exchange,SYY,wholesale,,,http://www.wikidata.org/entity/Q2376711,68636146000.0,2022-01-01 00:00:00+00:00,SYY
Q23781052,Dentsply Sirona,Nasdaq,XRAY,dentistry,,,http://www.wikidata.org/entity/Q23781052,,,XRAY
Q23786068,Clovis Oncology,Nasdaq,CLVS,pharmaceutical industry,,,http://www.wikidata.org/entity/Q23786068,,,CLVS
Q238765,Alliant Techsystems,New York Stock Exchange,ATK,aerospace industry,,,http://www.wikidata.org/entity/Q238765,2340000000.0,2014-01-01 00:00:00+00:00,ATK
Q2388717,Comverse,Nasdaq,CMVT,software industry,,,http://www.wikidata.org/entity/Q2388717,,,CMVT
Q2393592,Indosat,New York Stock Exchange,IIT,telecommunications,,,http://www.wikidata.org/entity/Q2393592,,,IIT
Q240333,Actel,Nasdaq,,integrated circuit,,,http://www.wikidata.org/entity/Q240333,,,
Q2404292,Teradyne,Nasdaq; New York Stock Exchange,TER,,,,http://www.wikidata.org/entity/Q2404292,,,TER
Q24083464,Babylon Health,New York Stock Exchange,BBLN,health care,,,http://www.wikidata.org/entity/Q24083464,,,BBLN
Q24110304,Brookfield Property Partners,Nasdaq; New York Stock Exchange,BPY; BPYPP,real estate industry,,,http://www.wikidata.org/entity/Q24110304,,,BPY
Q2414097,The Scotts Miracle-Gro Company,New York Stock Exchange,SMG,horticulture,,,http://www.wikidata.org/entity/Q2414097,,,SMG
Q2417728,Kraton Polymers,New York Stock Exchange,KRA,,,,http://www.wikidata.org/entity/Q2417728,,,KRA
Q24197334,Americold,New York Stock Exchange,COLD,,,,http://www.wikidata.org/entity/Q24197334,,,COLD
Q24204272,Burford Capital,New York Stock Exchange,BUR,financial services,,,http://www.wikidata.org/entity/Q24204272,,,BUR
Q24204297,Oscar Health,New York Stock Exchange,OSCR,insurance industry,,,http://www.wikidata.org/entity/Q24204297,,,OSCR
Q24204493,Veeva Systems,New York Stock Exchange,VEEV,software industry,,,http://www.wikidata.org/entity/Q24204493,,,VEEV
Q24204571,Signature Bank,Nasdaq,SBNY,financial services,,,http://www.wikidata.org/entity/Q24204571,,,SBNY
Q24204582,OnDeck Capital,New York Stock Exchange,ONDK,fintech,,,http://www.wikidata.org/entity/Q24204582,,,ONDK
Q2423252,Banco Itaú Corpbanca,New York Stock Exchange,ITCL,bank,,,http://www.wikidata.org/entity/Q2423252,,,ITCL
Q242345,S&P 500,Nasdaq; New York Stock Exchange,S500,,,,http://www.wikidata.org/entity/Q242345,,,S500
Q2424396,Brocade Communications Systems,Nasdaq,BRCD,,,,http://www.wikidata.org/entity/Q2424396,,,BRCD
Q2438391,Chuck E. Cheese,New York Stock Exchange,CEC,quick service restaurant sector,,,http://www.wikidata.org/entity/Q2438391,,,CEC
Q2443320,PHLX Semiconductor Sector,Nasdaq,SOXX,,,,http://www.wikidata.org/entity/Q2443320,,,SOXX
Q2443609,Zebra Technologies,Nasdaq,ZBRA,computer hardware industry,,,http://www.wikidata.org/entity/Q2443609,,,ZBRA
Q2448801,TransAlta Corporation,New York Stock Exchange,TAC,electricity generation,,,http://www.wikidata.org/entity/Q2448801,,,TAC
Q2449642,Transportadora de Gas del Sur,New York Stock Exchange,TGS,,,,http://www.wikidata.org/entity/Q2449642,,,TGS
Q2450081,Glu Mobile,Nasdaq,GLUU,video game industry,,,http://www.wikidata.org/entity/Q2450081,,,GLUU
Q2450722,Cellcom Israel Ltd.,New York Stock Exchange,CEL,telecommunications,2931770000.0,2022-11-15 00:00:00+00:00,http://www.wikidata.org/entity/Q2450722,,,CEL
Q24525746,BCE Inc.,New York Stock Exchange,BCE,telecommunications,,,http://www.wikidata.org/entity/Q24525746,,,BCE
Q2453426,Trina Solar,New York Stock Exchange,,photovoltaics,,,http://www.wikidata.org/entity/Q2453426,,,
Q245343,Barclays plc,New York Stock Exchange,BCS,economics of banking,,,http://www.wikidata.org/entity/Q245343,,,BCS
Q245772,Zynga,Nasdaq,ZNGA,video game industry,,,http://www.wikidata.org/entity/Q245772,,,ZNGA
Q2466256,U.S. Cellular,New York Stock Exchange,USM,telecommunications,,,http://www.wikidata.org/entity/Q2466256,,,USM
Q2466838,SMART Technologies,Nasdaq,SMT,computing,,,http://www.wikidata.org/entity/Q2466838,,,SMT
Q2470307,Guess,New York Stock Exchange,GES,retail,,,http://www.wikidata.org/entity/Q2470307,,,GES
Q24705550,Brookfield Business Partners,New York Stock Exchange,BBU,,,,http://www.wikidata.org/entity/Q24705550,,,BBU
Q247489,Merck & Co.,New York Stock Exchange,MRK,pharmaceutical industry,178400000000.0,2017-01-01 00:00:00+00:00,http://www.wikidata.org/entity/Q247489,64168000000.0,2024-01-01 00:00:00+00:00,MRK
Q248,Intel,Nasdaq,INTC,electrical industry,183400000000.0,2022-02-18 00:00:00+00:00,http://www.wikidata.org/entity/Q248,52853000000.0,2025-01-01 00:00:00+00:00,INTC
Q2480102,L-1 Identity Solutions,New York Stock Exchange,,,,,http://www.wikidata.org/entity/Q2480102,,,
Q2483225,DallasNews Corporation,Nasdaq; New York Stock Exchange,AHC; DALN,,,,http://www.wikidata.org/entity/Q2483225,,,AHC
Q24834296,China Telecom,New York Stock Exchange,CHA,telecommunications,,,http://www.wikidata.org/entity/Q24834296,,,CHA
Q24887050,Nikola Corporation,Nasdaq,NKLA,automotive industry,,,http://www.wikidata.org/entity/Q24887050,,,NKLA
Q24890758,CrowdStrike,Nasdaq,CRWD,computer security,,,http://www.wikidata.org/entity/Q24890758,3060000000.0,2024-01-01 00:00:00+00:00,CRWD
Q24896598,Gulf Island Fabrication,Nasdaq,GIFI,,,,http://www.wikidata.org/entity/Q24896598,303308000.0,2019-01-01 00:00:00+00:00,GIFI
Q24908086,Washington Prime Group,New York Stock Exchange,WPG,real estate investment trust,,,http://www.wikidata.org/entity/Q24908086,,,WPG
Q24909030,Canaan Creative,Nasdaq,CAN,consumer electronics industry,,,http://www.wikidata.org/entity/Q24909030,,,CAN
Q24915031,Envestnet,New York Stock Exchange,ENV,financial services,,,http://www.wikidata.org/entity/Q24915031,,,ENV
Q2494842,ESAB,New York Stock Exchange,ESAB,,,,http://www.wikidata.org/entity/Q2494842,,,ESAB
Q2495283,United Online,Nasdaq,UNTD,Internet,,,http://www.wikidata.org/entity/Q2495283,,,UNTD
Q24960003,Nicolet Bankshares,New York Stock Exchange,NIC,,,,http://www.wikidata.org/entity/Q24960003,,,NIC
Q25004808,Diplomat Pharmacy,New York Stock Exchange,DPLO,pharmaceutical industry,,,http://www.wikidata.org/entity/Q25004808,,,DPLO
Q2502355,USANA Health Sciences,New York Stock Exchange,USNA,food industry,,,http://www.wikidata.org/entity/Q2502355,,,USNA
Q25025312,"Toast, Inc.",New York Stock Exchange,TOST,,,,http://www.wikidata.org/entity/Q25025312,,,TOST
Q2504058,Golden Ocean,Nasdaq,GOGL,freight transport,,,http://www.wikidata.org/entity/Q2504058,,,GOGL
Q25046191,New Senior Investment Group,New York Stock Exchange,SNR,real estate investment trust,,,http://www.wikidata.org/entity/Q25046191,,,SNR
Q25048844,Dynatrace,New York Stock Exchange,DT,application performance management,,,http://www.wikidata.org/entity/Q25048844,,,DT
Q2506396,Voxx International,Nasdaq,VOXX,,,,http://www.wikidata.org/entity/Q2506396,,,VOXX
Q25100315,Transphorm,Nasdaq,TGAN,power electronics,,,http://www.wikidata.org/entity/Q25100315,,,TGAN
Q25103752,UMH Properties,New York Stock Exchange,UMH,,,,http://www.wikidata.org/entity/Q25103752,,,UMH
Q25104482,Banco Latinoamericano de Comercio Exterior,New York Stock Exchange,BLX,,,,http://www.wikidata.org/entity/Q25104482,,,BLX
Q25104597,Howmet Aerospace,New York Stock Exchange,ARNC,aerospace industry,,,http://www.wikidata.org/entity/Q25104597,,,ARNC
Q25111982,Heat Biologics,Nasdaq,HTBX,biotechnology,,,http://www.wikidata.org/entity/Q25111982,,,HTBX
Q2515994,Verigy,Nasdaq,,,,,http://www.wikidata.org/entity/Q2515994,,,
Q2516971,Virtusa,Nasdaq,VRTU,information technology,,,http://www.wikidata.org/entity/Q2516971,,,VRTU
Q25230554,21Vianet,Nasdaq,VNET,,,,http://www.wikidata.org/entity/Q25230554,,,VNET
Q25231005,Kartoon Studios,Nasdaq,GNUS,entertainment,,,http://www.wikidata.org/entity/Q25231005,,,GNUS
Q25245312,Rush Enterprises,Nasdaq,RUSHA,automotive industry,,,http://www.wikidata.org/entity/Q25245312,,,RUSHA
Q25245434,Aerie Pharmaceuticals,Nasdaq,AERI,pharmaceutical industry,,,http://www.wikidata.org/entity/Q25245434,,,AERI
Q25245477,Clear Secure,New York Stock Exchange,YOU,,,,http://www.wikidata.org/entity/Q25245477,,,YOU
Q2528284,Vishay Intertechnology,New York Stock Exchange,VSH,electronics,,,http://www.wikidata.org/entity/Q2528284,,,VSH
Q2529982,The New York Times Company,New York Stock Exchange,NYT,journalism,,,http://www.wikidata.org/entity/Q2529982,,,NYT
Q25326524,Mesoblast,Nasdaq,MESO,,1167652926.0,2021-11-18 00:00:00+00:00,http://www.wikidata.org/entity/Q25326524,,,MESO
Q25339988,Via,New York Stock Exchange,VIA,taxi service,,,http://www.wikidata.org/entity/Q25339988,,,VIA
Q25422888,Nubank,New York Stock Exchange,NU,financial services,,,http://www.wikidata.org/entity/Q25422888,,,NU
Q2552219,"Waste Management, Inc",New York Stock Exchange,WM,waste management industry,,,http://www.wikidata.org/entity/Q2552219,19698000000.0,2022-01-01 00:00:00+00:00,WM
Q2559267,Wendy's Company,Nasdaq,WEN,restaurant,,,http://www.wikidata.org/entity/Q2559267,,,WEN
Q256598,SemGroup,Nasdaq; New York Stock Exchange,RRMS; SEMG,petroleum industry,,,http://www.wikidata.org/entity/Q256598,,,RRMS
Q25775,Affiliated Managers Group,New York Stock Exchange,AMG,financial services,,,http://www.wikidata.org/entity/Q25775,,,AMG
Q2579502,Colfax Corporation,New York Stock Exchange,ENOV,health technology,,,http://www.wikidata.org/entity/Q2579502,,,ENOV
Q25796,AGL Resources,New York Stock Exchange,GAS,natural gas,,,http://www.wikidata.org/entity/Q25796,,,GAS
Q2581220,"Williams-Sonoma, Inc.",New York Stock Exchange,WSM,home furnishing,,,http://www.wikidata.org/entity/Q2581220,,,WSM
Q25831309,Procore,New York Stock Exchange,PCOR,construction,,,http://www.wikidata.org/entity/Q25831309,,,PCOR
Q25831370,AppFolio,Nasdaq,APPF,software industry,,,http://www.wikidata.org/entity/Q25831370,,,APPF
Q259011,Motorola,New York Stock Exchange,MOT,telecommunications,,,http://www.wikidata.org/entity/Q259011,,,MOT
Q259195,Constellation Energy,Nasdaq; New York Stock Exchange,CEG,,,,http://www.wikidata.org/entity/Q259195,,,CEG
Q2594130,Worthington Industries,New York Stock Exchange,WOR,,,,http://www.wikidata.org/entity/Q2594130,,,WOR
Q2597501,XL Group,New York Stock Exchange,,holding company activities,,,http://www.wikidata.org/entity/Q2597501,,,
Q26049,Aetna,New York Stock Exchange,AET,insurance,,,http://www.wikidata.org/entity/Q26049,,,AET
Q2607502,E-Trade,Nasdaq,ETFC,financial services,,,http://www.wikidata.org/entity/Q2607502,,,ETFC
Q260833,SanDisk,Nasdaq,SNDK,semiconductor industry,,,http://www.wikidata.org/entity/Q260833,,,SNDK
Q2609162,Ticketmaster,New York Stock Exchange,ACE,entertainment,,,http://www.wikidata.org/entity/Q2609162,,,ACE
Q26110522,Pinnacle West Capital Corporation,New York Stock Exchange,PNW,electricity supply company,,,http://www.wikidata.org/entity/Q26110522,,,PNW
Q261288,Dolby,New York Stock Exchange,DLB,audio signal processing,,,http://www.wikidata.org/entity/Q261288,,,DLB
Q26215536,Axalta Coating Systems,New York Stock Exchange,AXTA,,,,http://www.wikidata.org/entity/Q26215536,,,AXTA
Q2622493,Rentokil Initial,New York Stock Exchange,RTO,pest control,,,http://www.wikidata.org/entity/Q2622493,,,RTO
Q26311,Aflac,New York Stock Exchange,AFL,,37700000000.0,2021-11-14 00:00:00+00:00,http://www.wikidata.org/entity/Q26311,19502000000.0,2022-01-01 00:00:00+00:00,AFL
Q2645636,Allstate,New York Stock Exchange,ALL,insurance,,,http://www.wikidata.org/entity/Q2645636,51412000000.0,2022-01-01 00:00:00+00:00,ALL
Q2648305,Allen-Bradley,New York Stock Exchange,,,,,http://www.wikidata.org/entity/Q2648305,,,
Q265176,Qcells,Nasdaq,HQCL,engineering,,,http://www.wikidata.org/entity/Q265176,,,HQCL
Q265286,Trivago,Nasdaq,TRVG,tourism,,,http://www.wikidata.org/entity/Q265286,535004000.0,2022-01-01 00:00:00+00:00,TRVG
Q2659099,Noble Energy,New York Stock Exchange,NBL,petroleum industry,,,http://www.wikidata.org/entity/Q2659099,3901000000.0,2008-01-01 00:00:00+00:00,NBL
Q2662418,American Research and Development Corporation,New York Stock Exchange,ARD,,,,http://www.wikidata.org/entity/Q2662418,,,ARD
Q266423,Bristol-Myers Squibb,New York Stock Exchange,BMY,pharmaceutical industry,,,http://www.wikidata.org/entity/Q266423,46159000000.0,2022-01-01 00:00:00+00:00,BMY
Q26678,BMW Group,Nasdaq,BMWYY,automotive industry,59907000000.0,2019-01-01 00:00:00+00:00,http://www.wikidata.org/entity/Q26678,142380000000.0,2024-01-01 00:00:00+00:00,BMWYY
Q2668128,S&P Global Commodity Insights,New York Stock Exchange,MHFI,agriculture,,,http://www.wikidata.org/entity/Q2668128,,,MHFI
Q267313,"McAfee, LLC",Nasdaq,MCFE,antivirus software,,,http://www.wikidata.org/entity/Q267313,,,MCFE
Q26832896,Adient,New York Stock Exchange,ADNT,,,,http://www.wikidata.org/entity/Q26832896,,,ADNT
Q26913624,Blue Apron,New York Stock Exchange,APRN,online food ordering,,,http://www.wikidata.org/entity/Q26913624,,,APRN
Q26989,Infosys,Nasdaq; New York Stock Exchange,INFY,IT service management,,,http://www.wikidata.org/entity/Q26989,,,INFY
Q27022329,Snap Inc.,New York Stock Exchange,SNAP,photography,,,http://www.wikidata.org/entity/Q27022329,,,SNAP
Q27065,Gogo Inflight Internet,Nasdaq,GOGO,aerospace industry,,,http://www.wikidata.org/entity/Q27065,,,GOGO
Q27146006,Empire State Realty Trust,New York Stock Exchange,ESRT,,,,http://www.wikidata.org/entity/Q27146006,657634000.0,2015-01-01 00:00:00+00:00,ESRT
Q27150140,Ameris Bancorp,Nasdaq,ABCB,bank,,,http://www.wikidata.org/entity/Q27150140,,,ABCB
Q2721586,Spelling Television,New York Stock Exchange,SP,television,,,http://www.wikidata.org/entity/Q2721586,,,SP
Q2722179,Advantest,New York Stock Exchange,ATE,,,,http://www.wikidata.org/entity/Q2722179,,,ATE
Q27346316,Fortress Biotech,Nasdaq,,health care,,,http://www.wikidata.org/entity/Q27346316,,,
Q27346385,Manchester United plc,New York Stock Exchange,MANU,sports industry,,,http://www.wikidata.org/entity/Q27346385,627122000.0,2019-01-01 00:00:00+00:00,MANU
Q2740047,Weber-Stephen Products,New York Stock Exchange,WEBR,industrial manufacturing,,,http://www.wikidata.org/entity/Q2740047,,,WEBR
Q2743863,Intuitive Surgical,Nasdaq,ISRG,,,,http://www.wikidata.org/entity/Q2743863,6222200000.0,2022-01-01 00:00:00+00:00,ISRG
Q2744099,Vertex Pharmaceuticals,Nasdaq,VRTX,pharmaceutical industry,,,http://www.wikidata.org/entity/Q2744099,8930700000.0,2022-01-01 00:00:00+00:00,VRTX
Q2747818,Sarcos,Nasdaq,STRC,robotics,,,http://www.wikidata.org/entity/Q2747818,,,STRC
Q2748407,Shapeways,New York Stock Exchange,SHPW,3D printing,,,http://www.wikidata.org/entity/Q2748407,,,SHPW
Q2749364,Fortinet,Nasdaq,FTNT,computer security,,,http://www.wikidata.org/entity/Q2749364,1010000000.0,2015-01-01 00:00:00+00:00,FTNT
Q27500963,Dell Technologies,New York Stock Exchange,DELL,information technology,,,http://www.wikidata.org/entity/Q27500963,,,DELL
Q27530,Mercedes-Benz Group,New York Stock Exchange,,automotive industry,,,http://www.wikidata.org/entity/Q27530,145594000000.0,2024-12-31 00:00:00+00:00,
Q2759586,Papa John's,Nasdaq,PZZA,,,,http://www.wikidata.org/entity/Q2759586,,,PZZA
Q276345,Millicom,Nasdaq,TIGO,telecommunications,,,http://www.wikidata.org/entity/Q276345,,,TIGO
Q27686100,Builders FirstSource,New York Stock Exchange,BLDR,building materials trade,,,http://www.wikidata.org/entity/Q27686100,22726418000.0,2022-01-01 00:00:00+00:00,BLDR
Q27704930,Azure Power,New York Stock Exchange,,,,,http://www.wikidata.org/entity/Q27704930,,,
Q27893,ArcelorMittal,New York Stock Exchange,MT,iron and steel industry,21950000000.0,2022-12-29 00:00:00+00:00,http://www.wikidata.org/entity/Q27893,61352000000.0,2025-01-01 00:00:00+00:00,MT
Q27919383,Fortive,New York Stock Exchange,FTV,,,,http://www.wikidata.org/entity/Q27919383,,,FTV
Q27963459,Astronics,Nasdaq,ATRO,,,,http://www.wikidata.org/entity/Q27963459,,,ATRO
Q27963938,Long Blockchain Corp.,Nasdaq,LBCC,,,,http://www.wikidata.org/entity/Q27963938,,,LBCC
Q27964091,"Essex Property Trust, Inc.",New York Stock Exchange,ESS,real estate investment trust,,,http://www.wikidata.org/entity/Q27964091,,,ESS
Q27988145,Post Holdings,New York Stock Exchange,POST,food processing,,,http://www.wikidata.org/entity/Q27988145,,,POST
Q27988152,Federal Realty Investment Trust,New York Stock Exchange,FRT,real estate investment trust,,,http://www.wikidata.org/entity/Q27988152,,,FRT
Q27988153,UDR,New York Stock Exchange,UDR,real estate investment trust,,,http://www.wikidata.org/entity/Q27988153,,,UDR
Q27988208,Veritiv,New York Stock Exchange,VRTV,pulp and paper industry,,,http://www.wikidata.org/entity/Q27988208,,,VRTV
Q27988239,MAA,New York Stock Exchange,MAA,real estate investment trust,,,http://www.wikidata.org/entity/Q27988239,,,MAA
Q28027517,Lucid Motors,Nasdaq,LCID,battery,,,http://www.wikidata.org/entity/Q28027517,595000000.0,2023-01-01 00:00:00+00:00,LCID
Q28048853,Winmark,Nasdaq,WINA,,,,http://www.wikidata.org/entity/Q28048853,,,WINA
Q28127133,ElectraMeccanica,Nasdaq,SOLO,automotive industry,,,http://www.wikidata.org/entity/Q28127133,,,SOLO
Q28130158,Chewy,New York Stock Exchange,CHWY,retail,,,http://www.wikidata.org/entity/Q28130158,,,CHWY
Q28133993,Ibotta,New York Stock Exchange,IBTA,technology,,,http://www.wikidata.org/entity/Q28133993,,,IBTA
Q2814507,CRITEO TECHNOLOGY SERVICES,Nasdaq,CRTO,IT systems and software consulting,,,http://www.wikidata.org/entity/Q2814507,,,CRTO
Q28154806,MINDBODY,Nasdaq,MB,software industry,,,http://www.wikidata.org/entity/Q28154806,,,MB
Q28155430,Arch Capital Group,Nasdaq,ACGL,insurance,,,http://www.wikidata.org/entity/Q28155430,9614808000.0,2022-01-01 00:00:00+00:00,ACGL
Q28172340,ErosSTX,New York Stock Exchange,EMWP,mass media,,,http://www.wikidata.org/entity/Q28172340,,,EMWP
Q28175069,Genomic Health,Nasdaq,GHDX,,,,http://www.wikidata.org/entity/Q28175069,,,GHDX
Q28209837,Lundbeck Seattle Biopharmaceuticals,Nasdaq,ALDR,pharmaceutical industry,,,http://www.wikidata.org/entity/Q28209837,,,ALDR
Q28222763,VIAVI Solutions,Nasdaq,VIAV,,,,http://www.wikidata.org/entity/Q28222763,,,VIAV
Q28222794,BlackLine,Nasdaq,BL,,,,http://www.wikidata.org/entity/Q28222794,,,BL
Q28228105,"Purple Innovation, Inc.",Nasdaq,PRPL,,,,http://www.wikidata.org/entity/Q28228105,,,PRPL
Q2825507,AECOM,New York Stock Exchange,ACM,construction,,,http://www.wikidata.org/entity/Q2825507,2770000000.0,2018-01-01 00:00:00+00:00,ACM
Q2826104,en,Nasdaq,AFFX,biotechnology,,,http://www.wikidata.org/entity/Q2826104,,,AFFX
Q282997,Fox Factory,Nasdaq,FOXF,automotive industry,,,http://www.wikidata.org/entity/Q282997,1464178000.0,2023-01-01 00:00:00+00:00,FOXF
Q2831861,Albertsons,New York Stock Exchange,ACI,retail,,,http://www.wikidata.org/entity/Q2831861,77649700000.0,2022-01-01 00:00:00+00:00,ACI
Q283457,E. W. Scripps Company,New York Stock Exchange,SSP,broadcast television system,,,http://www.wikidata.org/entity/Q283457,1.42,2019-01-01 00:00:00+00:00,SSP
Q2837996,Alliance Data,New York Stock Exchange,ADS,financial services,,,http://www.wikidata.org/entity/Q2837996,,,ADS
Q283852,Turkcell,New York Stock Exchange,TKC,telecommunications,,,http://www.wikidata.org/entity/Q283852,,,TKC
Q2838738,Pampa Energía,New York Stock Exchange,pam,energy supply,,,http://www.wikidata.org/entity/Q2838738,,,pam
Q2839213,Alon USA,New York Stock Exchange,,energy supply,,,http://www.wikidata.org/entity/Q2839213,,,
Q2839509,Alpha Natural Resources,New York Stock Exchange,AMR,mining,,,http://www.wikidata.org/entity/Q2839509,,,AMR
Q28402389,Simmons Bank,Nasdaq,SFNC,economics of banking,,,http://www.wikidata.org/entity/Q28402389,,,SFNC
Q28402394,Home BancShares,Nasdaq; New York Stock Exchange,HOMB,financial services,,,http://www.wikidata.org/entity/Q28402394,,,HOMB
Q28404490,Conduent,New York Stock Exchange,,,,,http://www.wikidata.org/entity/Q28404490,,,
Q28404585,DCP Midstream Partners,New York Stock Exchange,DCP,petroleum industry,,,http://www.wikidata.org/entity/Q28404585,,,DCP
Q28405615,Arrival,Nasdaq,ARVL,automotive industry,,,http://www.wikidata.org/entity/Q28405615,,,ARVL
Q28405655,EverQuote,Nasdaq,EVER,,,,http://www.wikidata.org/entity/Q28405655,,,EVER
Q28406599,Workhorse Group,Nasdaq,WKHS,automotive industry,,,http://www.wikidata.org/entity/Q28406599,,,WKHS
Q28407181,Acadia Healthcare,Nasdaq,ACHC,health care,,,http://www.wikidata.org/entity/Q28407181,,,ACHC
Q28408034,Fubo,New York Stock Exchange,FUBO,subscription television,,,http://www.wikidata.org/entity/Q28408034,,,FUBO
Q2842931,American Eagle Outfitters,New York Stock Exchange,AEO,retail,,,http://www.wikidata.org/entity/Q2842931,,,AEO
Q2843029,American Superconductor,Nasdaq,AMSC,,,,http://www.wikidata.org/entity/Q2843029,,,AMSC
Q2843129,Ameriprise Financial,New York Stock Exchange,AMP,financial services,,,http://www.wikidata.org/entity/Q2843129,14347000000.0,2022-01-01 00:00:00+00:00,AMP
Q2843192,Edenor S.A.,New York Stock Exchange,EDN,public utility,,,http://www.wikidata.org/entity/Q2843192,,,EDN
Q28444592,OneMain Financial,New York Stock Exchange,OMF,financial services,,,http://www.wikidata.org/entity/Q28444592,,,OMF
Q28446528,Renasant Bank,Nasdaq,RNST,financial services,,,http://www.wikidata.org/entity/Q28446528,,,RNST
Q285161,iRobot,Nasdaq,IRBT,robotics,,,http://www.wikidata.org/entity/Q285161,,,IRBT
Q2852632,UGI Corporation,New York Stock Exchange,UGI,energy industry,,,http://www.wikidata.org/entity/Q2852632,,,UGI
Q285931,GlassBridge Enterprises,New York Stock Exchange,GLAE,investment,,,http://www.wikidata.org/entity/Q285931,,,GLAE
Q2861324,Arista Networks,New York Stock Exchange,ANET,computer network,,,http://www.wikidata.org/entity/Q2861324,,,ANET
Q286214,AAON,Nasdaq,AAON,central heating,,,http://www.wikidata.org/entity/Q286214,,,AAON
Q2866017,Aruba Networks,Nasdaq,,computer network,,,http://www.wikidata.org/entity/Q2866017,,,
Q2874395,Avis Budget Group,Nasdaq,CAR,car rental company,7018650000.0,2023-04-14 00:00:00+00:00,http://www.wikidata.org/entity/Q2874395,11994000000.0,2022-01-01 00:00:00+00:00,CAR
Q28760388,Oramed Pharmaceuticals,Nasdaq,,pharmaceutical industry,,,http://www.wikidata.org/entity/Q28760388,,,
Q2876788,BBVA Argentina,New York Stock Exchange,BFR,financial services,,,http://www.wikidata.org/entity/Q2876788,,,BFR
Q28776959,Richardson Electronics,Nasdaq,RELL,electronic component,,,http://www.wikidata.org/entity/Q28776959,,,RELL
Q28782856,DXC Technology,New York Stock Exchange,DXC,quaternary sector of the economy,,,http://www.wikidata.org/entity/Q28782856,1000000000.0,2017-01-01 00:00:00+00:00,DXC
Q288129,ACCO Brands,New York Stock Exchange,ACCO,industrial manufacturing,,,http://www.wikidata.org/entity/Q288129,,,ACCO
Q2882085,Banco de Chile,New York Stock Exchange,BCH,economics of banking,,,http://www.wikidata.org/entity/Q2882085,2100000000.0,2010-01-01 00:00:00+00:00,BCH
Q2882087,Banco Santander (Brasil),New York Stock Exchange,BSBR,economics of banking,,,http://www.wikidata.org/entity/Q2882087,,,BSBR
Q28877490,Puma Biotechnology,Nasdaq,PBYI,pharmaceutical industry,,,http://www.wikidata.org/entity/Q28877490,,,PBYI
Q2892812,Suntory Global Spirits,New York Stock Exchange,,beverage industry,,,http://www.wikidata.org/entity/Q2892812,,,
Q2894362,Essential Utilities,New York Stock Exchange,WTRG,,,,http://www.wikidata.org/entity/Q2894362,,,WTRG
Q2895117,Audiocodes Ltd.,Nasdaq,AUDC,telecommunications,2195729000.0,2022-11-15 00:00:00+00:00,http://www.wikidata.org/entity/Q2895117,200287000.0,2019-12-31 00:00:00+00:00,AUDC
Q2895160,Commtouch,Nasdaq,CYRN,software industry,,,http://www.wikidata.org/entity/Q2895160,,,CYRN
Q289761,Federal-Mogul,Nasdaq,FDML,automotive supplier,,,http://www.wikidata.org/entity/Q289761,,,FDML
Q2899735,QAD Inc,Nasdaq,QADA,software industry,,,http://www.wikidata.org/entity/Q2899735,,,QADA
Q2901365,Mobileye,Nasdaq; New York Stock Exchange,MBLY,automotive industry,,,http://www.wikidata.org/entity/Q2901365,,,MBLY
Q2902305,Brink's,New York Stock Exchange,BCO,logistics,4340000000.0,0017-10-10 00:00:00+00:00,http://www.wikidata.org/entity/Q2902305,3942000000.0,2013-01-01 00:00:00+00:00,BCO
Q29026065,Ginkgo Bioworks,New York Stock Exchange,DNA,biotechnology,,,http://www.wikidata.org/entity/Q29026065,,,DNA
Q2904022,Bio-Rad Laboratories,New York Stock Exchange,BIO,biotechnology,,,http://www.wikidata.org/entity/Q2904022,,,BIO
Q2905359,Black Diamond Equipment,Nasdaq,BDE,climbing,,,http://www.wikidata.org/entity/Q2905359,,,BDE
Q2905535,Blackboard Inc.,Nasdaq,,educational technology,,,http://www.wikidata.org/entity/Q2905535,,,
Q290680,ADT Inc.,New York Stock Exchange,ADT,,,,http://www.wikidata.org/entity/Q290680,,,ADT
Q2907743,Radware,Nasdaq,RDWR,computer security,,,http://www.wikidata.org/entity/Q2907743,,,RDWR
Q2909088,Boise Cascade,New York Stock Exchange,BCC,,,,http://www.wikidata.org/entity/Q2909088,,,BCC
Q29096796,ZeroFox,Nasdaq,ZFOX,computer security,,,http://www.wikidata.org/entity/Q29096796,,,ZFOX
Q29098065,SomaLogic,Nasdaq,SLGC,,,,http://www.wikidata.org/entity/Q29098065,,,SLGC
Q291171,Aegon,New York Stock Exchange,AEG,insurance,,,http://www.wikidata.org/entity/Q291171,,,AEG
Q2912154,VeriFone,Nasdaq; New York Stock Exchange,PAY,electronics,,,http://www.wikidata.org/entity/Q2912154,,,PAY
Q2913953,Brainsway Ltd.,Nasdaq,BWAY,health technology,131459000.0,2022-11-15 00:00:00+00:00,http://www.wikidata.org/entity/Q2913953,,,BWAY
Q291508,AES Corporation,New York Stock Exchange,AES,electricity generation,,,http://www.wikidata.org/entity/Q291508,,,AES
Q2916067,Aladdin Knowledge Systems,Nasdaq,ALDN,computer security,,,http://www.wikidata.org/entity/Q2916067,,,ALDN
Q2916497,Perrigo Company Plc,New York Stock Exchange,PRGO,pharmaceutical industry,,,http://www.wikidata.org/entity/Q2916497,,,PRGO
Q2918112,Isramco Negev 2 Limited Partnership,Nasdaq,ISRL,petroleum industry,3284700000.0,2022-11-15 00:00:00+00:00,http://www.wikidata.org/entity/Q2918112,,,ISRL
Q29207993,MicNode,Nasdaq,,e-commerce,,,http://www.wikidata.org/entity/Q29207993,,,
Q292292,AGCO,New York Stock Exchange,AGCO,industrial manufacturing,,,http://www.wikidata.org/entity/Q292292,11138000000.0,2021-01-01 00:00:00+00:00,AGCO
Q2923022,Boyd Gaming,New York Stock Exchange,BYD,,,,http://www.wikidata.org/entity/Q2923022,,,BYD
Q2925856,Broadvision,Nasdaq,BVSN,,,,http://www.wikidata.org/entity/Q2925856,,,BVSN
Q2926166,Brooklyn Rapid Transit Company,New York Stock Exchange,B,,,,http://www.wikidata.org/entity/Q2926166,,,B
Q2931412,Viridien,New York Stock Exchange,CGG,petroleum industry,,,http://www.wikidata.org/entity/Q2931412,,,CGG
Q2934771,Cameron International,New York Stock Exchange,CAM,,,,http://www.wikidata.org/entity/Q2934771,,,CAM
Q293796,Aimco,New York Stock Exchange,AIV,real estate investment trust,,,http://www.wikidata.org/entity/Q293796,,,AIV
Q2939652,Carmike Cinemas,Nasdaq,CKEC,entertainment industry,,,http://www.wikidata.org/entity/Q2939652,,,CKEC
Q2940968,Casey's General Stores,Nasdaq,CASY,retail,,,http://www.wikidata.org/entity/Q2940968,,,CASY
Q2943995,Cellectis,Nasdaq,CLLS,research and development in biotechnology,,,http://www.wikidata.org/entity/Q2943995,,,CLLS
Q2945643,Skechers,New York Stock Exchange,SKX,clothing industry,,,http://www.wikidata.org/entity/Q2945643,3563311000.0,2016-01-01 00:00:00+00:00,SKX
Q29469208,Simpson Manufacturing Company,New York Stock Exchange,SSD,construction,,,http://www.wikidata.org/entity/Q29469208,,,SSD
Q294721,AMC Theatres,New York Stock Exchange,AMC,entertainment,,,http://www.wikidata.org/entity/Q294721,,,AMC
Q29526078,Bloom Energy,New York Stock Exchange,BE,electronics industry,,,http://www.wikidata.org/entity/Q29526078,,,BE
Q295774,"ANSYS, Inc.",Nasdaq,ANSS,software publishing,,,http://www.wikidata.org/entity/Q295774,,,ANSS
Q2961234,Charter Communications,Nasdaq,CHTR,telecommunications,,,http://www.wikidata.org/entity/Q2961234,54022000000.0,2022-01-01 00:00:00+00:00,CHTR
Q2962826,Expand Energy,Nasdaq; New York Stock Exchange,CHK; EXE,petroleum industry,,,http://www.wikidata.org/entity/Q2962826,11743000000.0,2022-01-01 00:00:00+00:00,CHK
Q29641502,"Aware, Inc.",Nasdaq,AWRE,,,,http://www.wikidata.org/entity/Q29641502,,,AWRE
Q296782,Arm Holdings,Nasdaq,ARMH,,,,http://www.wikidata.org/entity/Q296782,,,ARMH
Q29739,International,New York Stock Exchange,NAV,automotive industry,,,http://www.wikidata.org/entity/Q29739,1000000000.0,2012-01-01 00:00:00+00:00,NAV
Q2974454,Frontier Communications,Nasdaq,FYBR,telecommunications,,,http://www.wikidata.org/entity/Q2974454,,,FYBR
Q297879,ASML,Nasdaq,ASML,semiconductor industry,,,http://www.wikidata.org/entity/Q297879,28262900000.0,2024-01-01 00:00:00+00:00,ASML
Q2979728,Cloudera,New York Stock Exchange,CLDR,data analytics software industry,,,http://www.wikidata.org/entity/Q2979728,,,CLDR
Q2981188,Coca-Cola Enterprises,New York Stock Exchange,,beverage industry,,,http://www.wikidata.org/entity/Q2981188,,,
Q2981857,Cognex Corporation,Nasdaq,CGNX,,,,http://www.wikidata.org/entity/Q2981857,,,CGNX
Q2982090,Skullcandy,Nasdaq,SKUL,headphone,,,http://www.wikidata.org/entity/Q2982090,,,SKUL
Q2985356,NDTV,New York Stock Exchange,NDTV,mass media,,,http://www.wikidata.org/entity/Q2985356,,,NDTV
Q2990393,CCU,New York Stock Exchange,ccu,brewing industry,,,http://www.wikidata.org/entity/Q2990393,,,ccu
Q2990586,Rackspace Technology,New York Stock Exchange,RXT,cloud computing,,,http://www.wikidata.org/entity/Q2990586,,,RXT
Q29921278,Nio Inc.,New York Stock Exchange,NIO,automotive industry,,,http://www.wikidata.org/entity/Q29921278,16.258,2020-01-01 00:00:00+00:00,NIO
Q2995071,Constellium,New York Stock Exchange,CSTM,aluminium industry,,,http://www.wikidata.org/entity/Q2995071,,,CSTM
Q2997279,Zindart International Limited,Nasdaq,CRGI,,,,http://www.wikidata.org/entity/Q2997279,,,CRGI
Q2998228,Cosan,New York Stock Exchange,CZZ,energy industry,,,http://www.wikidata.org/entity/Q2998228,,,CZZ
Q300120,AUO Corporation,New York Stock Exchange,AUO,electronics,,,http://www.wikidata.org/entity/Q300120,,,AUO
Q3009498,MSA Safety,New York Stock Exchange,MSA,,,,http://www.wikidata.org/entity/Q3009498,,,MSA
Q30100944,Rightside Group,Nasdaq,NAME,domain name,,,http://www.wikidata.org/entity/Q30100944,,,NAME
Q3019129,DavidsTea,Nasdaq,DTEA,,,,http://www.wikidata.org/entity/Q3019129,,,DTEA
Q301965,Sprint Corporation,New York Stock Exchange,S,telecommunications,,,http://www.wikidata.org/entity/Q301965,,,S
Q30256497,Perma-Fix Environmental Services,Nasdaq,PESI,,,,http://www.wikidata.org/entity/Q30256497,73459000.0,2019-01-01 00:00:00+00:00,PESI
Q30256699,BioNTech,Nasdaq,BNTX,pharmaceutical industry,,,http://www.wikidata.org/entity/Q30256699,108589000.0,2019-01-01 00:00:00+00:00,BNTX
Q30256843,bluebird bio,Nasdaq,BLUE,biotechnology,,,http://www.wikidata.org/entity/Q30256843,,,BLUE
Q30256960,Immatics Biotechnologies (Germany),Nasdaq,IMTX,,,,http://www.wikidata.org/entity/Q30256960,,,IMTX
Q30265338,BioNano Genomics,Nasdaq,BNGO,biotechnology industry,,,http://www.wikidata.org/entity/Q30265338,,,BNGO
Q30267502,Novocure (Jersey),Nasdaq,NVCR,,,,http://www.wikidata.org/entity/Q30267502,,,NVCR
Q30267644,Solid Power,Nasdaq,SLDP,,,,http://www.wikidata.org/entity/Q30267644,,,SLDP
Q30268745,AC Immune,Nasdaq,,,,,http://www.wikidata.org/entity/Q30268745,,,
Q30268897,Cidara Therapeutics,Nasdaq,CDTX,pharmaceutical industry,,,http://www.wikidata.org/entity/Q30268897,,,CDTX
Q30269121,Kura Oncology,Nasdaq,KURA,,,,http://www.wikidata.org/entity/Q30269121,,,KURA
Q30269284,Rhythm (United states),Nasdaq,RYTM,pharmaceutical industry,,,http://www.wikidata.org/entity/Q30269284,,,RYTM
Q30269384,Viking Therapeutics,Nasdaq,VKTX,biotechnology industry,,,http://www.wikidata.org/entity/Q30269384,,,VKTX
Q30272258,Align Technology,Nasdaq,ALGN,,,,http://www.wikidata.org/entity/Q30272258,,,ALGN
Q30273331,Alpha and Omega Semiconductor,Nasdaq,AOSL,,,,http://www.wikidata.org/entity/Q30273331,,,AOSL
Q30273389,Aptar,New York Stock Exchange,ATR,,,,http://www.wikidata.org/entity/Q30273389,,,ATR
Q30280160,Elanco,New York Stock Exchange,ELAN,pharmaceutical industry,,,http://www.wikidata.org/entity/Q30280160,,,ELAN
Q30281437,Celldex Therapeutics,Nasdaq,CLDX,,,,http://www.wikidata.org/entity/Q30281437,,,CLDX
Q30282590,"Precigen, Inc",Nasdaq,PGEN,biotechnology,,,http://www.wikidata.org/entity/Q30282590,,,PGEN
Q30283141,Superconductor Technologies,Nasdaq,SCON,,,,http://www.wikidata.org/entity/Q30283141,,,SCON
Q30283314,Cytokinetics,Nasdaq; New York Stock Exchange,CYTK,,,,http://www.wikidata.org/entity/Q30283314,,,CYTK
Q30283331,Inovio Pharmaceuticals,Nasdaq,,biotechnology,,,http://www.wikidata.org/entity/Q30283331,,,
Q30283420,Adaptive Biotechnologies,Nasdaq,ADPT,biotechnology industry,,,http://www.wikidata.org/entity/Q30283420,,,ADPT
Q30283508,Candel Therapeutics,Nasdaq,CADL,pharmaceutical industry,,,http://www.wikidata.org/entity/Q30283508,,,CADL
Q30283539,"Altimmune, Inc.",Nasdaq,ALT,,,,http://www.wikidata.org/entity/Q30283539,,,ALT
Q30283745,Zynerba Pharmaceuticals,Nasdaq,ZYNE,,,,http://www.wikidata.org/entity/Q30283745,,,ZYNE
Q30284052,Athersys,Nasdaq,ATHX,,,,http://www.wikidata.org/entity/Q30284052,5633000.0,2019-01-01 00:00:00+00:00,ATHX
Q30284075,Adamis Pharmaceuticals Corporation,Nasdaq,ADMP,,,,http://www.wikidata.org/entity/Q30284075,,,ADMP
Q30285756,Arcadia Biosciences (United States),Nasdaq,RKDA,,,,http://www.wikidata.org/entity/Q30285756,,,RKDA
Q30287734,Corbus Pharmaceuticals,Nasdaq,CRBP,pharmaceutical industry,,,http://www.wikidata.org/entity/Q30287734,,,CRBP
Q30289308,Verastem Oncology,Nasdaq,VSTM,pharmaceutical industry,,,http://www.wikidata.org/entity/Q30289308,,,VSTM
Q30290314,MaxCyte (United States),Nasdaq,MXCT,,,,http://www.wikidata.org/entity/Q30290314,,,MXCT
Q30291091,L3Harris Technologies,New York Stock Exchange,LHX,weapons industry,,,http://www.wikidata.org/entity/Q30291091,17062000000.0,2022-01-01 00:00:00+00:00,LHX
Q30292482,Vaxart,Nasdaq,VXRT,biotechnology,,,http://www.wikidata.org/entity/Q30292482,,,VXRT
Q3029296,"F5, Inc.",Nasdaq,FFIV,technology,,,http://www.wikidata.org/entity/Q3029296,,,FFIV
Q30297735,Applied Optoelectronics,Nasdaq,AAOI,semiconductor industry,,,http://www.wikidata.org/entity/Q30297735,,,AAOI
Q30297996,Integer,New York Stock Exchange,ITGR,,,,http://www.wikidata.org/entity/Q30297996,,,ITGR
Q30298277,Mirion Technologies,New York Stock Exchange,MIR,electronics,,,http://www.wikidata.org/entity/Q30298277,,,MIR
Q30298339,POET Technologies,Nasdaq,POET,,,,http://www.wikidata.org/entity/Q30298339,,,POET
Q3031783,Odwalla,Nasdaq,ODWA,beverage industry,,,http://www.wikidata.org/entity/Q3031783,,,ODWA
Q30321616,Altaba,Nasdaq,AABA,investment management,,,http://www.wikidata.org/entity/Q30321616,,,AABA
Q30324333,TechnipFMC,New York Stock Exchange,FTI,petroleum industry,,,http://www.wikidata.org/entity/Q30324333,6700400000.0,2022-01-01 00:00:00+00:00,FTI
Q30325409,Janus Henderson,New York Stock Exchange,JHG,investment management,12760967779.0,2021-11-18 00:00:00+00:00,http://www.wikidata.org/entity/Q30325409,,,JHG
Q303341,Wyndham Worldwide,New York Stock Exchange,WYN,hospitality industry,,,http://www.wikidata.org/entity/Q303341,,,WYN
Q30338243,West Pharmaceutical Services (United States),New York Stock Exchange,WST,,,,http://www.wikidata.org/entity/Q30338243,,,WST
Q30338591,Garmin Ltd.,Nasdaq; New York Stock Exchange,GRMN,,,,http://www.wikidata.org/entity/Q30338591,,,GRMN
Q304509,MCA Inc.,New York Stock Exchange,,music industry,,,http://www.wikidata.org/entity/Q304509,,,
Q3046549,East West Bank,Nasdaq,EWBC,financial services,,,http://www.wikidata.org/entity/Q3046549,,,EWBC
Q3052066,Coca-Cola Andina,New York Stock Exchange,ANDINA,beverage industry,,,http://www.wikidata.org/entity/Q3052066,,,ANDINA
Q3053992,Enel Generación Chile,New York Stock Exchange,EOC,public utility,,,http://www.wikidata.org/entity/Q3053992,,,EOC
Q305473,"IQVIA Holdings, Inc.",New York Stock Exchange,IQV,pharmaceutical industry,,,http://www.wikidata.org/entity/Q305473,,,IQV
Q30588251,Pacific Premier Bancorp,Nasdaq,PPBI,financial services,,,http://www.wikidata.org/entity/Q30588251,,,PPBI
Q30591074,Boxed.com,New York Stock Exchange,BOXD,retail,,,http://www.wikidata.org/entity/Q30591074,,,BOXD
Q30591272,"Halozyme, Inc.",Nasdaq,HALO,,,,http://www.wikidata.org/entity/Q30591272,,,HALO
Q3061734,Exa Corporation,Nasdaq,EXA,,,,http://www.wikidata.org/entity/Q3061734,,,EXA
Q30632958,Exar Corporation,New York Stock Exchange,EXAR,electronics,,,http://www.wikidata.org/entity/Q30632958,,,EXAR
Q30635731,"Cboe Global Markets, Inc.",Nasdaq,CBOE,,,,http://www.wikidata.org/entity/Q30635731,,,CBOE
Q3063918,Telecomunicações de São Paulo,New York Stock Exchange,,telecommunications,,,http://www.wikidata.org/entity/Q3063918,,,
Q30640316,GoodRx,Nasdaq,GDRX,health care industry,,,http://www.wikidata.org/entity/Q30640316,,,GDRX
Q3064078,Gafisa,New York Stock Exchange,GFA,,,,http://www.wikidata.org/entity/Q3064078,,,GFA
Q30645592,Yum China,New York Stock Exchange,YUMC,fast food,,,http://www.wikidata.org/entity/Q30645592,6622000000.0,2016-01-01 00:00:00+00:00,YUMC
Q3067064,Sociedad Química y Minera de Chile,New York Stock Exchange,SQM,mining,,,http://www.wikidata.org/entity/Q3067064,,,SQM
Q3067119,Fastenal,Nasdaq,FAST,,,,http://www.wikidata.org/entity/Q3067119,,,FAST
Q306764,Abbott Laboratories,New York Stock Exchange,ABT,medical technology industry,57000000000.0,2016-03-02 00:00:00+00:00,http://www.wikidata.org/entity/Q306764,41950000000.0,2024-01-01 00:00:00+00:00,ABT
Q30693638,Medical Properties Trust,New York Stock Exchange,MPW,real estate investment trust,,,http://www.wikidata.org/entity/Q30693638,,,MPW
Q3072937,First Hawaiian Bank,Nasdaq,FHB,bank,,,http://www.wikidata.org/entity/Q3072937,,,FHB
Q3077586,Bilibili,Nasdaq,BILI,Internet,,,http://www.wikidata.org/entity/Q3077586,,,BILI
Q30873,Dell Inc.,New York Stock Exchange,DELL,software industry,57000000000.0,2021-01-01 00:00:00+00:00,http://www.wikidata.org/entity/Q30873,102301000000.0,2022-01-01 00:00:00+00:00,DELL
Q3088784,Jamba,Nasdaq,JMBA,,,,http://www.wikidata.org/entity/Q3088784,,,JMBA
Q3093459,GW Pharmaceuticals,Nasdaq,GWPH,biotechnology,,,http://www.wikidata.org/entity/Q3093459,,,GWPH
Q3099664,Gaylord Hotels,New York Stock Exchange,,hospitality industry,,,http://www.wikidata.org/entity/Q3099664,,,
Q3100337,Gemplus,Nasdaq,GEM,,,,http://www.wikidata.org/entity/Q3100337,,,GEM
Q3116111,Keurig Dr Pepper,Nasdaq; New York Stock Exchange,GMCR; KDP,beverage industry,,,http://www.wikidata.org/entity/Q3116111,,,GMCR
Q3116307,Universal Display Corporation,Nasdaq,OLED,computer hardware industry,,,http://www.wikidata.org/entity/Q3116307,,,OLED
Q3118234,Galicia Financial Group,Nasdaq,GGAL,financial services,,,http://www.wikidata.org/entity/Q3118234,,,GGAL
Q312,Apple Inc.,Nasdaq,AAPL,digital distribution,3205000000000.0,2025-05-01 00:00:00+00:00,http://www.wikidata.org/entity/Q312,416161000000.0,2025-01-01 00:00:00+00:00,AAPL
Q3121014,Graham Holdings Company,New York Stock Exchange,GHC,conglomerate,,,http://www.wikidata.org/entity/Q3121014,,,GHC
Q3127944,Burgundy Diamond Mines,New York Stock Exchange,,,,,http://www.wikidata.org/entity/Q3127944,,,
Q3129010,Health Net,New York Stock Exchange,HNT,managed care,,,http://www.wikidata.org/entity/Q3129010,,,HNT
Q3146975,Xylem Inc.,New York Stock Exchange,XYL,industrial manufacturing,,,http://www.wikidata.org/entity/Q3146975,5522000000.0,2022-01-01 00:00:00+00:00,XYL
Q315287,Qiagen,New York Stock Exchange,QGEN,biotechnology,,,http://www.wikidata.org/entity/Q315287,,,QGEN
Q3153706,Intrawest,Nasdaq,SNOW,,,,http://www.wikidata.org/entity/Q3153706,,,SNOW
Q3156864,JBT Marel Corporation,New York Stock Exchange,JBT,food processing industry,,,http://www.wikidata.org/entity/Q3156864,,,JBT
Q3156887,JDSU,Nasdaq,JDSU,telecommunications device,,,http://www.wikidata.org/entity/Q3156887,,,JDSU
Q3157622,Jacobs Engineering Group,New York Stock Exchange,J,engineering,,,http://www.wikidata.org/entity/Q3157622,1370000000.0,2018-01-01 00:00:00+00:00,J
Q3191419,Piksel,Nasdaq,KITD,IPTV,,,http://www.wikidata.org/entity/Q3191419,,,KITD
Q319344,Abercrombie & Fitch,New York Stock Exchange,ANF,retail,,,http://www.wikidata.org/entity/Q319344,,,ANF
Q319642,Chevron Corporation,New York Stock Exchange,CVX,petroleum industry,,,http://www.wikidata.org/entity/Q319642,202792000000.0,2024-01-01 00:00:00+00:00,CVX
Q3197996,Knight Capital Group,New York Stock Exchange,KCG,financial services,,,http://www.wikidata.org/entity/Q3197996,,,KCG
Q3208192,Stepan Company,New York Stock Exchange,SCL,chemistry,,,http://www.wikidata.org/entity/Q3208192,,,SCL
Q3211367,Fresh Del Monte Produce,New York Stock Exchange,FDP,agriculture,,,http://www.wikidata.org/entity/Q3211367,,,FDP
Q32162422,JOYY,Nasdaq,YY,Internet industry,,,http://www.wikidata.org/entity/Q32162422,,,YY
Q3216588,Lamar Advertising Company,Nasdaq,LAMR,advertising,,,http://www.wikidata.org/entity/Q3216588,,,LAMR
Q3216600,Lamb Weston,New York Stock Exchange,LW,,,,http://www.wikidata.org/entity/Q3216600,,,LW
Q322153,Meritor,New York Stock Exchange,MTOR,,,,http://www.wikidata.org/entity/Q322153,,,MTOR
Q322320,Level 3 Communications,New York Stock Exchange,LVLT,telecommunications,,,http://www.wikidata.org/entity/Q322320,,,LVLT
Q32396,American Airlines,Nasdaq,AAL,,,,http://www.wikidata.org/entity/Q32396,,,AAL
Q324603,Compaq,Nasdaq,CPQ,computer industry,,,http://www.wikidata.org/entity/Q324603,,,CPQ
Q324616,Ingram Micro,New York Stock Exchange,INGM,"Wholesale of computers, computer peripheral equipment and software",,,http://www.wikidata.org/entity/Q324616,,,INGM
Q325789,Jefferies & Company,New York Stock Exchange,JEF,investment,,,http://www.wikidata.org/entity/Q325789,,,JEF
Q3259355,Loral Space & Communications,Nasdaq,LORL,aerospace industry,,,http://www.wikidata.org/entity/Q3259355,,,LORL
Q3259566,Lorillard Tobacco Company,New York Stock Exchange,,tobacco industry,,,http://www.wikidata.org/entity/Q3259566,,,
Q3259819,d2h,Nasdaq,VDTH,subscription television,,,http://www.wikidata.org/entity/Q3259819,,,VDTH
Q3266649,iPass,Nasdaq,IPAS,,,,http://www.wikidata.org/entity/Q3266649,,,IPAS
Q3272257,M&T Bank,New York Stock Exchange,MTB,economics of banking,,,http://www.wikidata.org/entity/Q3272257,8178559000.0,2022-01-01 00:00:00+00:00,MTB
Q327646,Enron,New York Stock Exchange,ENE,energy industry,,,http://www.wikidata.org/entity/Q327646,100789000000.0,2000-01-01 00:00:00+00:00,ENE
Q3277465,Sirius XM,Nasdaq,SIRI,radio broadcasting,,,http://www.wikidata.org/entity/Q3277465,8699000000.0,2024-01-01 00:00:00+00:00,SIRI
Q327751,Kraft Foods Group,Nasdaq,KRFT,food industry,,,http://www.wikidata.org/entity/Q327751,,,KRFT
Q3285819,Manhattan Associates,Nasdaq,MANH,,,,http://www.wikidata.org/entity/Q3285819,,,MANH
Q328840,Visa,New York Stock Exchange,V,financial services,657727000000.0,2025-05-01 00:00:00+00:00,http://www.wikidata.org/entity/Q328840,40000000000.0,2025-01-01 00:00:00+00:00,V
Q3295867,The Coca-Cola Company,New York Stock Exchange,KO,fast-moving consumer goods,,,http://www.wikidata.org/entity/Q3295867,47061000000.0,2024-01-01 00:00:00+00:00,KO
Q3297271,Masisa,Nasdaq,MYSZY,,,,http://www.wikidata.org/entity/Q3297271,,,MYSZY
Q3297582,Massey Energy,New York Stock Exchange,MEE,coal,,,http://www.wikidata.org/entity/Q3297582,,,MEE
Q329953,Northrop Grumman Corporation,New York Stock Exchange,NOC,weapons industry,100425000000.0,2026-02-26 00:00:00+00:00,http://www.wikidata.org/entity/Q329953,41033000000.0,2024-01-01 00:00:00+00:00,NOC
Q3301958,Overstock.com,Nasdaq,OSTK,retail,31000000.0,2012-01-01 00:00:00+00:00,http://www.wikidata.org/entity/Q3301958,1100000000.0,2012-01-01 00:00:00+00:00,OSTK
Q3303765,Mead Johnson,New York Stock Exchange,MJN,,,,http://www.wikidata.org/entity/Q3303765,,,MJN
Q3305660,Tailored Brands,New York Stock Exchange,MW,retail,,,http://www.wikidata.org/entity/Q3305660,,,MW
Q3312613,Midas,New York Stock Exchange,MDS,,,,http://www.wikidata.org/entity/Q3312613,,,MDS
Q33127130,TrueBlue,New York Stock Exchange,TBI,,,,http://www.wikidata.org/entity/Q33127130,,,TBI
Q33129672,Grand Canyon Education,Nasdaq,LOPE,education industry,,,http://www.wikidata.org/entity/Q33129672,,,LOPE
Q3319685,Molson Coors Brewing Company,New York Stock Exchange,TAP,brewing industry,,,http://www.wikidata.org/entity/Q3319685,,,TAP
Q332477,Victoria’s Secret,New York Stock Exchange,VSCO,clothing industry,,,http://www.wikidata.org/entity/Q332477,,,VSCO
Q3331496,Myriad Genetics,Nasdaq,MYGN,pharmaceutical industry,,,http://www.wikidata.org/entity/Q3331496,,,MYGN
Q333718,Johnson & Johnson,New York Stock Exchange,JNJ,pharmaceutical industry,430880000000.0,2021-06-23 00:00:00+00:00,http://www.wikidata.org/entity/Q333718,88821000000.0,2024-01-01 00:00:00+00:00,JNJ
Q3337196,"Nautilus, Inc.",New York Stock Exchange,NLS,,,,http://www.wikidata.org/entity/Q3337196,,,NLS
Q3341241,Nidec,New York Stock Exchange,NJ,,,,http://www.wikidata.org/entity/Q3341241,,,NJ
Q334204,Morgan Stanley,New York Stock Exchange,MS,financial services,,,http://www.wikidata.org/entity/Q334204,61761000000.0,2024-01-01 00:00:00+00:00,MS
Q3344170,Upwork,Nasdaq,UPWK,,,,http://www.wikidata.org/entity/Q3344170,,,UPWK
Q3344199,Eversource Energy,New York Stock Exchange,ES,public utility,,,http://www.wikidata.org/entity/Q3344199,12289336000.0,2022-01-01 00:00:00+00:00,ES
Q334800,PepsiCo,New York Stock Exchange,PEP,food industry,183670000000.0,2025-05-01 00:00:00+00:00,http://www.wikidata.org/entity/Q334800,91854000000.0,2024-01-01 00:00:00+00:00,PEP
Q3367020,"Blyth, Inc.",New York Stock Exchange,BTH,,,,http://www.wikidata.org/entity/Q3367020,,,BTH
Q3370152,"Patterson-UTI Energy, Inc",Nasdaq,PTEN,petroleum industry,,,http://www.wikidata.org/entity/Q3370152,,,PTEN
Q3372572,Mannatech,Nasdaq,MTEX,food industry,,,http://www.wikidata.org/entity/Q3372572,,,MTEX
Q3375007,Pep Boys,New York Stock Exchange,PBY,,,,http://www.wikidata.org/entity/Q3375007,,,PBY
Q3377614,Petrobras Argentina,New York Stock Exchange,PZE,petroleum industry,,,http://www.wikidata.org/entity/Q3377614,,,PZE
Q3378100,PharMerica,New York Stock Exchange,,,,,http://www.wikidata.org/entity/Q3378100,,,
Q338825,Accenture,New York Stock Exchange,ACN,information technology,151580000000.0,2025-10-01 00:00:00+00:00,http://www.wikidata.org/entity/Q338825,69672977000.0,2025-01-01 00:00:00+00:00,ACN
Q3388421,Pilgrim's Corp,Nasdaq,PPC,meatpacking industry,,,http://www.wikidata.org/entity/Q3388421,,,PPC
Q3389022,Piper Sandler Companies,New York Stock Exchange,PIPR,financial services,,,http://www.wikidata.org/entity/Q3389022,,,PIPR
Q3399307,Portillo's Restaurants,Nasdaq,PTLO,restaurant,,,http://www.wikidata.org/entity/Q3399307,,,PTLO
Q3403513,Principal Financial Group,Nasdaq,PFG,,,,http://www.wikidata.org/entity/Q3403513,17491600000.0,2022-01-01 00:00:00+00:00,PFG
Q34045622,Fastly,New York Stock Exchange,FSLY,computer security,,,http://www.wikidata.org/entity/Q34045622,,,FSLY
Q3406795,Resolute Forest Products,New York Stock Exchange,,pulp and paper industry,,,http://www.wikidata.org/entity/Q3406795,,,
Q3412325,QLogic,Nasdaq,QLGC,computer network,,,http://www.wikidata.org/entity/Q3412325,,,QLGC
Q3421578,RealD,New York Stock Exchange,RLD,,,,http://www.wikidata.org/entity/Q3421578,,,RLD
Q343204,Actavis,New York Stock Exchange,ACT,pharmaceutical industry,,,http://www.wikidata.org/entity/Q343204,,,ACT
Q3433273,Rite Aid,New York Stock Exchange,RAD,retail,,,http://www.wikidata.org/entity/Q3433273,,,RAD
Q3442791,Ross Dress for Less,Nasdaq,ROST,retail,,,http://www.wikidata.org/entity/Q3442791,18695829000.0,2022-01-01 00:00:00+00:00,ROST
Q344341,Activision Blizzard,Nasdaq,ATVI,video game industry,16400000000.0,2015-01-01 00:00:00+00:00,http://www.wikidata.org/entity/Q344341,7528000000.0,2022-01-01 00:00:00+00:00,ATVI
Q344839,Acushnet Company,New York Stock Exchange,GOLF,,,,http://www.wikidata.org/entity/Q344839,,,GOLF
Q3459777,Semtech Corporation,Nasdaq,SMTC,,,,http://www.wikidata.org/entity/Q3459777,,,SMTC
Q3482689,Shutterstock,New York Stock Exchange,SSTK,stock photography,,,http://www.wikidata.org/entity/Q3482689,875000000.0,2023-01-01 00:00:00+00:00,SSTK
Q3485048,Sinovac Biotech,Nasdaq,SVA,pharmaceutical industry,,,http://www.wikidata.org/entity/Q3485048,,,SVA
Q3492619,Sonos,Nasdaq,SONO,smart speaker,,,http://www.wikidata.org/entity/Q3492619,,,SONO
Q3493556,Spirit AeroSystems,New York Stock Exchange,SPR,aerospace industry,,,http://www.wikidata.org/entity/Q3493556,,,SPR
Q3508889,Synovus,New York Stock Exchange,SNV,bank,,,http://www.wikidata.org/entity/Q3508889,,,SNV
Q3511885,T-Mobile US,Nasdaq,TMUS,telecommunications,,,http://www.wikidata.org/entity/Q3511885,81400000000.0,2024-01-01 00:00:00+00:00,TMUS
Q3511946,T. Rowe Price,Nasdaq,TROW,asset management,18000000000.0,2017-01-01 00:00:00+00:00,http://www.wikidata.org/entity/Q3511946,6488400000.0,2022-01-01 00:00:00+00:00,TROW
Q3518066,Tenet Healthcare,New York Stock Exchange,THC,health care,,,http://www.wikidata.org/entity/Q3518066,,,THC
Q3520257,The Children's Place,Nasdaq,PLCE,,,,http://www.wikidata.org/entity/Q3520257,5369936.0,2023-01-01 00:00:00+00:00,PLCE
Q35339,WWE,New York Stock Exchange,TKO,professional wrestling,,,http://www.wikidata.org/entity/Q35339,,,TKO
Q3535948,Towerstream,Nasdaq,TWER,telecommunications,,,http://www.wikidata.org/entity/Q3535948,,,TWER
Q3535949,Towers Watson,Nasdaq; New York Stock Exchange,TW; WLTW,professional service,,,http://www.wikidata.org/entity/Q3535949,,,TW
Q3536160,WebMD,Nasdaq,WBMD,health care,,,http://www.wikidata.org/entity/Q3536160,,,WBMD
Q3540193,Wayfair,New York Stock Exchange,W,e-commerce,,,http://www.wikidata.org/entity/Q3540193,,,W
Q35476,AT&T,New York Stock Exchange,T,telecommunications,180020000000.0,2022-01-31 00:00:00+00:00,http://www.wikidata.org/entity/Q35476,122336000000.0,2024-01-01 00:00:00+00:00,T
Q3550736,USG Corporation,New York Stock Exchange,USG,industrial manufacturing,,,http://www.wikidata.org/entity/Q3550736,,,USG
Q3552193,Urban Outfitters,Nasdaq,URBN,retail,,,http://www.wikidata.org/entity/Q3552193,,,URBN
Q3552887,OneSpan,Nasdaq,OSPN,software industry,,,http://www.wikidata.org/entity/Q3552887,,,OSPN
Q3553552,Valens Semiconductor,New York Stock Exchange,VLN,,,,http://www.wikidata.org/entity/Q3553552,,,VLN
Q3561692,Vizio,New York Stock Exchange,VZIO,electronics,,,http://www.wikidata.org/entity/Q3561692,,,VZIO
Q356212,Fossil,Nasdaq,FOSL,bijou,,,http://www.wikidata.org/entity/Q356212,,,FOSL
Q356349,Adept Technology,Nasdaq,ADEP,robotics,,,http://www.wikidata.org/entity/Q356349,,,ADEP
Q3598926,JD.com,Nasdaq,JD,e-commerce,,,http://www.wikidata.org/entity/Q3598926,462019760000.0,2018-01-01 00:00:00+00:00,JD
Q3630923,MakeMyTrip,Nasdaq,MMYT,,,,http://www.wikidata.org/entity/Q3630923,,,MMYT
Q3648676,"Ceva, Inc.",Nasdaq,,,,,http://www.wikidata.org/entity/Q3648676,,,
Q368181,Vornado Realty Trust,New York Stock Exchange,VNO,real estate investment trust,,,http://www.wikidata.org/entity/Q368181,,,VNO
Q37019245,Lemonade,New York Stock Exchange,LMND,insurance,,,http://www.wikidata.org/entity/Q37019245,,,LMND
Q37156,IBM,New York Stock Exchange,IBM,software industry,282084000000.0,2025-12-02 00:00:00+00:00,http://www.wikidata.org/entity/Q37156,62753000000.0,2024-01-01 00:00:00+00:00,IBM
Q37158,Starbucks,Nasdaq,SBUX,coffee industry,107369000000.0,2022-02-18 00:00:00+00:00,http://www.wikidata.org/entity/Q37158,37184400000.0,2025-01-01 00:00:00+00:00,SBUX
Q372657,Credit Suisse,New York Stock Exchange,CS,economics of banking,,,http://www.wikidata.org/entity/Q372657,,,CS
Q373225,Virgin Galactic,New York Stock Exchange,SPCE,space tourism,9490000000.0,2021-06-23 00:00:00+00:00,http://www.wikidata.org/entity/Q373225,238000.0,2020-01-01 00:00:00+00:00,SPCE
Q373740,Black Box Corporation,Nasdaq,BBOX,technology,,,http://www.wikidata.org/entity/Q373740,,,BBOX
Q3742240,Centerra Gold,New York Stock Exchange,CGAU,mining,,,http://www.wikidata.org/entity/Q3742240,,,CGAU
Q3792482,Pendrell Corporation,Nasdaq,PCO,,,,http://www.wikidata.org/entity/Q3792482,,,PCO
Q380,Meta Platforms,Nasdaq,META,information technology,1445000000000.0,2025-05-01 00:00:00+00:00,http://www.wikidata.org/entity/Q380,200966000000.0,2025-01-01 00:00:00+00:00,META
Q38076,McDonald's,New York Stock Exchange,MCD,food service,173430000000.0,2021-04-08 00:00:00+00:00,http://www.wikidata.org/entity/Q38076,25920000000.0,2024-01-01 00:00:00+00:00,MCD
Q3853691,Mediacom,New York Stock Exchange,MCCC,telecommunications,,,http://www.wikidata.org/entity/Q3853691,,,MCCC
Q385452,Avid Technology,Nasdaq,AVID,computer hardware industry,,,http://www.wikidata.org/entity/Q385452,,,AVID
Q38589917,DowDuPont,New York Stock Exchange,DWDP,chemical industry,,,http://www.wikidata.org/entity/Q38589917,,,DWDP
Q386193,Coeur Mining,New York Stock Exchange,CDE,mining,,,http://www.wikidata.org/entity/Q386193,,,CDE
Q38676,Agnico Eagle Mines,New York Stock Exchange,AEM,mining industry,,,http://www.wikidata.org/entity/Q38676,,,AEM
Q3873359,Natuzzi,New York Stock Exchange,NTZ,industrial manufacturing,,,http://www.wikidata.org/entity/Q3873359,,,NTZ
Q3874960,Netezza,New York Stock Exchange,,,,,http://www.wikidata.org/entity/Q3874960,,,
Q3884,Amazon,Nasdaq,AMZN,retail,2018000000000.0,2025-05-01 00:00:00+00:00,http://www.wikidata.org/entity/Q3884,716924000000.0,2025-01-01 00:00:00+00:00,AMZN
Q38928,PNC Financial Services,New York Stock Exchange,PNC,economics of banking,,,http://www.wikidata.org/entity/Q38928,,,PNC
Q3893521,Centrus Energy,New York Stock Exchange,,,,,http://www.wikidata.org/entity/Q3893521,,,
Q3896512,Parsons Corporation,New York Stock Exchange,PSN,architecture,,,http://www.wikidata.org/entity/Q3896512,,,PSN
Q390074,Houghton Mifflin Harcourt,Nasdaq,HMHC,,,,http://www.wikidata.org/entity/Q390074,,,HMHC
Q3901581,Interactive Brokers LLC - ATS,Nasdaq,IBKR,,,,http://www.wikidata.org/entity/Q3901581,,,IBKR
Q39045496,BurgerFi,Nasdaq,BFI,restaurant,,,http://www.wikidata.org/entity/Q39045496,,,BFI
Q39046155,Antero Resources,New York Stock Exchange,AR,petroleum industry,,,http://www.wikidata.org/entity/Q39046155,,,AR
Q39052499,Tonix Pharmaceuticals,Nasdaq,TNXP,pharmaceutical industry,,,http://www.wikidata.org/entity/Q39052499,,,TNXP
Q39052929,Brighthouse Financial,Nasdaq,BHF,insurance,,,http://www.wikidata.org/entity/Q39052929,,,BHF
Q39052983,Nayax,Nasdaq,,fintech,2677535000.0,2022-11-15 00:00:00+00:00,http://www.wikidata.org/entity/Q39052983,,,
Q39055049,"Navan, Inc.",Nasdaq,NAVN,Corporate travel management,,,http://www.wikidata.org/entity/Q39055049,,,NAVN
Q39055285,Talos Energy,New York Stock Exchange,TALO,petroleum industry,,,http://www.wikidata.org/entity/Q39055285,,,TALO
Q39075113,Scorpio Tankers,New York Stock Exchange,,,,,http://www.wikidata.org/entity/Q39075113,,,
Q392221,Brown-Forman,New York Stock Exchange,BF.B,beverage industry,,,http://www.wikidata.org/entity/Q392221,3975000000.0,2024-01-01 00:00:00+00:00,BF.B
Q392445,Aerojet Rocketdyne Holdings,New York Stock Exchange,,,,,http://www.wikidata.org/entity/Q392445,1220000000.0,2018-01-01 00:00:00+00:00,
Q393762,Agilent Technologies,New York Stock Exchange,A,high-performance liquid chromatography,,,http://www.wikidata.org/entity/Q393762,6848000000.0,2022-01-01 00:00:00+00:00,A
Q3958138,Vedanta Limited,New York Stock Exchange,VEDL,mining,,,http://www.wikidata.org/entity/Q3958138,,,VEDL
Q397223,Agrium,New York Stock Exchange,AGU,,,,http://www.wikidata.org/entity/Q397223,,,AGU
Q3973262,Stericycle,Nasdaq,SRCL,tertiary sector of the economy,,,http://www.wikidata.org/entity/Q3973262,,,SRCL
Q3975878,Stratasys,Nasdaq,SSYS,3D printing,1101000000.0,2019-01-01 00:00:00+00:00,http://www.wikidata.org/entity/Q3975878,636080000.0,2019-01-01 00:00:00+00:00,SSYS
Q3996930,Tower International,New York Stock Exchange,TOWR,automotive industry,,,http://www.wikidata.org/entity/Q3996930,,,TOWR
Q3999691,Tronox,New York Stock Exchange,TROX,mining,,,http://www.wikidata.org/entity/Q3999691,,,TROX
Q400384,Companhia Siderúrgica Nacional,New York Stock Exchange,SID,metal industry,,,http://www.wikidata.org/entity/Q400384,,,SID
Q4019844,Wilhelmina Models,Nasdaq,WHLM,modeling agency,,,http://www.wikidata.org/entity/Q4019844,,,WHLM
Q402788,Orbcomm,Nasdaq,ORBC,telecommunications,,,http://www.wikidata.org/entity/Q402788,,,ORBC
Q4033073,Arris Group,Nasdaq,ARRS,communication,,,http://www.wikidata.org/entity/Q4033073,,,ARRS
Q4033665,Alaska Air Group,New York Stock Exchange,ALK,transport,,,http://www.wikidata.org/entity/Q4033665,,,ALK
Q4034815,Ball Corporation,New York Stock Exchange,BLL,mechanical engineering,,,http://www.wikidata.org/entity/Q4034815,930000000.0,2018-01-01 00:00:00+00:00,BLL
Q4035714,Coterra Energy,New York Stock Exchange,CTRA,petroleum industry,,,http://www.wikidata.org/entity/Q4035714,9051000000.0,2022-01-01 00:00:00+00:00,CTRA
Q4037686,Dunkin' Brands,Nasdaq,DNKN,gastronomy,,,http://www.wikidata.org/entity/Q4037686,,,DNKN
Q4040469,Headhunter,Nasdaq,HHR,E-recruitment,,,http://www.wikidata.org/entity/Q4040469,8282107000.0,2020-01-01 00:00:00+00:00,HHR
Q4041316,Impinj,Nasdaq,PI,,,,http://www.wikidata.org/entity/Q4041316,,,PI
Q4041486,Intermec,New York Stock Exchange,IN,,,,http://www.wikidata.org/entity/Q4041486,,,IN
Q4041705,J. B. Hunt,Nasdaq,JBHT,,,,http://www.wikidata.org/entity/Q4041705,12087000000.0,2024-01-01 00:00:00+00:00,JBHT
Q4043248,Lumenis,Nasdaq,LMNS,,,,http://www.wikidata.org/entity/Q4043248,,,LMNS
Q4043693,Manitowoc Cranes,New York Stock Exchange,MTW,industrial manufacturing,,,http://www.wikidata.org/entity/Q4043693,,,MTW
Q4045074,National Western Life,Nasdaq,NWLI,insurance industry,,,http://www.wikidata.org/entity/Q4045074,600000000.0,2011-01-01 00:00:00+00:00,NWLI
Q4045079,Nature's Sunshine Products,Nasdaq,NATR,food industry,,,http://www.wikidata.org/entity/Q4045079,324705000.0,2015-01-01 00:00:00+00:00,NATR
Q4045248,NetSuite,New York Stock Exchange,,cloud computing,,,http://www.wikidata.org/entity/Q4045248,,,
Q4045977,Belmond,New York Stock Exchange,BEL,hospitality industry,,,http://www.wikidata.org/entity/Q4045977,,,BEL
Q4046083,Outdoor Channel,Nasdaq,,,,,http://www.wikidata.org/entity/Q4046083,,,
Q4046987,Pioneer Natural Resources,New York Stock Exchange,PXD,petroleum industry,,,http://www.wikidata.org/entity/Q4046987,24294000000.0,2022-01-01 00:00:00+00:00,PXD
Q4047174,Polestar,Nasdaq,PSNY,automotive industry,,,http://www.wikidata.org/entity/Q4047174,,,PSNY
Q4047452,"Proofpoint, Inc.",Nasdaq,PFPT,computer security,,,http://www.wikidata.org/entity/Q4047452,,,PFPT
Q4047736,Qiwi,Nasdaq,QIWI,,,,http://www.wikidata.org/entity/Q4047736,40622000000.0,2020-01-01 00:00:00+00:00,QIWI
Q4048013,Range Resources,New York Stock Exchange,RRC,petroleum industry,,,http://www.wikidata.org/entity/Q4048013,,,RRC
Q4049749,Sonic Focus,Nasdaq,VIRL,,,,http://www.wikidata.org/entity/Q4049749,,,VIRL
Q407237,Air France-KLM,Nasdaq,AFRAF,holding company activities,,,http://www.wikidata.org/entity/Q407237,33007000000.0,2025-01-01 00:00:00+00:00,AFRAF
Q407744,Air Products & Chemicals,New York Stock Exchange,APD,,,,http://www.wikidata.org/entity/Q407744,12698600000.0,2022-01-01 00:00:00+00:00,APD
Q407859,Air Transport International,Nasdaq,ATSG,,,,http://www.wikidata.org/entity/Q407859,,,ATSG
Q4111575,Sify,Nasdaq,,Internet,,,http://www.wikidata.org/entity/Q4111575,,,
Q4112833,Caleres,New York Stock Exchange,CAL,retail,,,http://www.wikidata.org/entity/Q4112833,,,CAL
Q41187,Sony Group,New York Stock Exchange,SONY,video game industry,137300000000.0,2022-02-01 00:00:00+00:00,http://www.wikidata.org/entity/Q41187,7252766000000.0,2021-03-31 00:00:00+00:00,SONY
Q4118850,Pizza Inn,Nasdaq,RAVE,restaurant,,,http://www.wikidata.org/entity/Q4118850,,,RAVE
Q4119347,A. T. Cross Company,Nasdaq,ATX,,,,http://www.wikidata.org/entity/Q4119347,,,ATX
Q415598,Akamai Technologies,Nasdaq,AKAM,web hosting service,18640000000.0,2021-08-23 00:00:00+00:00,http://www.wikidata.org/entity/Q415598,3198149000.0,2020-01-01 00:00:00+00:00,AKAM
Q41590812,Artisan Partners,New York Stock Exchange,APAM,,,,http://www.wikidata.org/entity/Q41590812,,,APAM
Q4189507,Cathay Bank,Nasdaq,CATY,financial services,,,http://www.wikidata.org/entity/Q4189507,,,CATY
Q420506,Wix.com,Nasdaq,WIX,Internet,,,http://www.wikidata.org/entity/Q420506,203540000.0,2015-01-01 00:00:00+00:00,WIX
Q420597,City Telecom,Nasdaq,CTEL,telecommunications,,,http://www.wikidata.org/entity/Q420597,,,CTEL
Q420822,Gap Inc.,New York Stock Exchange,GAP,retail,,,http://www.wikidata.org/entity/Q420822,,,GAP
Q426583,Sanmina Corporation,Nasdaq,SANM,,,,http://www.wikidata.org/entity/Q426583,,,SANM
Q427881,Royal Caribbean Group,New York Stock Exchange,RCL,cruise line,,,http://www.wikidata.org/entity/Q427881,,,RCL
Q428977,Pitney Bowes,New York Stock Exchange,PBI,service,,,http://www.wikidata.org/entity/Q428977,,,PBI
Q430745,Teradata,New York Stock Exchange,TDC,,,,http://www.wikidata.org/entity/Q430745,,,TDC
Q431454,Bruker,Nasdaq,BRKR,,,,http://www.wikidata.org/entity/Q431454,,,BRKR
Q431757,Volaris,New York Stock Exchange,VLRS,,,,http://www.wikidata.org/entity/Q431757,,,VLRS
Q43303430,Twist Bioscience,Nasdaq,TWST,biotechnology,,,http://www.wikidata.org/entity/Q43303430,,,TWST
Q433896,Altairnano,Nasdaq,ALTI,electronics,,,http://www.wikidata.org/entity/Q433896,,,ALTI
Q43401341,Quanergy,New York Stock Exchange,,,,,http://www.wikidata.org/entity/Q43401341,,,
Q434017,Altair Engineering,Nasdaq,ALTR,artificial intelligence,,,http://www.wikidata.org/entity/Q434017,,,ALTR
Q43452224,RYB Education,New York Stock Exchange,RYB,educational system,,,http://www.wikidata.org/entity/Q43452224,,,RYB
Q4356115,ShopHQ,Nasdaq,IMBI,online shopping,,,http://www.wikidata.org/entity/Q4356115,,,IMBI
Q4376955,Sabre Corporation,Nasdaq; New York Stock Exchange,SABR; TSG,,,,http://www.wikidata.org/entity/Q4376955,1688880000.0,2021-12-31 00:00:00+00:00,SABR
Q43896231,MediWound (Israel),Nasdaq,MDWD,,,,http://www.wikidata.org/entity/Q43896231,,,MDWD
Q4403264,CTC Media,Nasdaq,CTCM,communication,,,http://www.wikidata.org/entity/Q4403264,27566612000.0,2017-01-01 00:00:00+00:00,CTCM
Q4411116,Rubicon Project,New York Stock Exchange,RUBI,advertising industry,,,http://www.wikidata.org/entity/Q4411116,,,RUBI
Q44294,Ford Motor Company,New York Stock Exchange,F,automotive industry,40481000000.0,2025-05-01 00:00:00+00:00,http://www.wikidata.org/entity/Q44294,176191000000.0,2023-01-01 00:00:00+00:00,F
Q444110,The Hartford,New York Stock Exchange,HIG,,17870000000.0,2016-10-02 00:00:00+00:00,http://www.wikidata.org/entity/Q444110,28368000000.0,2025-01-01 00:00:00+00:00,HIG
Q445007,Altria,New York Stock Exchange,MO,food industry,,,http://www.wikidata.org/entity/Q445007,24018000000.0,2024-01-01 00:00:00+00:00,MO
Q4465402,Tumi Inc.,New York Stock Exchange,TUMI,,,,http://www.wikidata.org/entity/Q4465402,,,TUMI
Q447403,Alumina Limited,New York Stock Exchange,AWC,aluminium industry,5353602214.0,2021-11-18 00:00:00+00:00,http://www.wikidata.org/entity/Q447403,,,AWC
Q4474231,Jakks Pacific,Nasdaq,JAKK,video game industry,,,http://www.wikidata.org/entity/Q4474231,,,JAKK
Q447855,Aluminum Corporation of China,New York Stock Exchange,ACH,aluminium industry,,,http://www.wikidata.org/entity/Q447855,,,ACH
Q4492609,Cracker Barrel,Nasdaq,CBRL,gastronomy,,,http://www.wikidata.org/entity/Q4492609,,,CBRL
Q451476,Scotiabank,New York Stock Exchange,BNS,economics of banking,,,http://www.wikidata.org/entity/Q451476,,,BNS
Q452340,HSN,Nasdaq,HSNI,cable television,,,http://www.wikidata.org/entity/Q452340,,,HSNI
Q4545752,1-800-Flowers,Nasdaq,FLWS,retail,,,http://www.wikidata.org/entity/Q4545752,,,FLWS
Q4546965,MongoDB Inc.,Nasdaq,MDB,software industry,,,http://www.wikidata.org/entity/Q4546965,2463797000.0,2026-01-31 00:00:00+00:00,MDB
Q45600,Bitstream Inc.,Nasdaq,BITS,type foundry,,,http://www.wikidata.org/entity/Q45600,,,BITS
Q456563,Ambac,Nasdaq; New York Stock Exchange,AMBC,financial services,,,http://www.wikidata.org/entity/Q456563,,,AMBC
Q45700,Konami,New York Stock Exchange,KNM,video game industry,,,http://www.wikidata.org/entity/Q45700,,,KNM
Q457960,VF Corporation,New York Stock Exchange,VFC,clothing industry,,,http://www.wikidata.org/entity/Q457960,,,VFC
Q458363,Marathon Petroleum,New York Stock Exchange,MPC,petroleum industry,,,http://www.wikidata.org/entity/Q458363,177453000000.0,2022-01-01 00:00:00+00:00,MPC
Q459477,FedEx,New York Stock Exchange,FDX,logistics,,,http://www.wikidata.org/entity/Q459477,93512000000.0,2022-01-01 00:00:00+00:00,FDX
Q4596288,1st Constitution Bancorp,Nasdaq,FCCY,bank,,,http://www.wikidata.org/entity/Q4596288,,,FCCY
Q4596612,1st Source,Nasdaq,,financial sector,,,http://www.wikidata.org/entity/Q4596612,,,
Q459965,Caterpillar,New York Stock Exchange,CAT,mechanical engineering,75000000000.0,2018-04-13 00:00:00+00:00,http://www.wikidata.org/entity/Q459965,59427000000.0,2022-01-01 00:00:00+00:00,CAT
Q460307,Amcor,New York Stock Exchange,AMCR,product packaging industry,25711242419.0,2021-11-18 00:00:00+00:00,http://www.wikidata.org/entity/Q460307,,,AMCR
Q460446,Amdocs,Nasdaq; New York Stock Exchange,DOX,communication,,,http://www.wikidata.org/entity/Q460446,,,DOX
Q461210,Rockwell Collins,New York Stock Exchange,COL,aerospace industry,,,http://www.wikidata.org/entity/Q461210,2630000000.0,2018-01-01 00:00:00+00:00,COL
Q462984,Ameren,New York Stock Exchange,AEE,public utility,,,http://www.wikidata.org/entity/Q462984,,,AEE
Q463090,Smith & Wesson,Nasdaq,SWHC,weapons industry,,,http://www.wikidata.org/entity/Q463090,,,SWHC
Q4633233,2U,Nasdaq,TWOU,,,,http://www.wikidata.org/entity/Q4633233,,,TWOU
Q4636301,3D Systems,New York Stock Exchange,DDD,computer-aided design,1036000000.0,2019-01-01 00:00:00+00:00,http://www.wikidata.org/entity/Q4636301,629000000.0,2019-01-01 00:00:00+00:00,DDD
Q464092,American Electric Power,New York Stock Exchange,AEP,electricity generation,,,http://www.wikidata.org/entity/Q464092,,,AEP
Q4643844,7 Days Inn,New York Stock Exchange,,hotel,,,http://www.wikidata.org/entity/Q4643844,,,
Q4645515,8x8,Nasdaq; New York Stock Exchange,EGHT,,,,http://www.wikidata.org/entity/Q4645515,,,EGHT
Q4646294,99 Cents Only Stores,New York Stock Exchange,NDN,discount store,,,http://www.wikidata.org/entity/Q4646294,,,NDN
Q464767,American Greetings,New York Stock Exchange,AM,greeting card,,,http://www.wikidata.org/entity/Q464767,,,AM
Q4648219,A. O. Smith,New York Stock Exchange,AOS,"water collection, treatment and supply",,,http://www.wikidata.org/entity/Q4648219,,,AOS
Q4649932,AAR Corp,New York Stock Exchange,AIR,aerospace industry,,,http://www.wikidata.org/entity/Q4649932,830000000.0,2013-01-01 00:00:00+00:00,AIR
Q464996,Nortel,New York Stock Exchange,NT,telecommunications,,,http://www.wikidata.org/entity/Q464996,,,NT
Q4650338,ABM Industries,New York Stock Exchange,ABM,facility management,,,http://www.wikidata.org/entity/Q4650338,,,ABM
Q4650685,ACI Worldwide,Nasdaq,ACIW,,,,http://www.wikidata.org/entity/Q4650685,,,ACIW
Q4651203,Adtran,Nasdaq,ADTN,telecommunications,,,http://www.wikidata.org/entity/Q4651203,,,ADTN
Q4652302,ALCO Stores,Nasdaq,,retail,,,http://www.wikidata.org/entity/Q4652302,,,
Q4652575,AMC Global Media,Nasdaq,AMCX,independent film,,,http://www.wikidata.org/entity/Q4652575,,,AMCX
Q4652899,ANADIGICS,Nasdaq,ANAD,,,,http://www.wikidata.org/entity/Q4652899,,,ANAD
Q4653724,ARIAD Pharmaceuticals,Nasdaq,ARIA,pharmaceutical industry,,,http://www.wikidata.org/entity/Q4653724,,,ARIA
Q4654872,ATP Oil and Gas,Nasdaq,,petroleum industry,,,http://www.wikidata.org/entity/Q4654872,,,
Q4654921,ATS Medical,Nasdaq,,health technology,,,http://www.wikidata.org/entity/Q4654921,,,
Q4655072,AVX Corporation,New York Stock Exchange,,electronics,,,http://www.wikidata.org/entity/Q4655072,,,
Q4655171,Equitable Holdings,New York Stock Exchange,EQH,insurance,,,http://www.wikidata.org/entity/Q4655171,,,EQH
Q465751,Chipotle Mexican Grill,New York Stock Exchange,CMG,fast food,,,http://www.wikidata.org/entity/Q465751,4500000000.0,2015-01-01 00:00:00+00:00,CMG
Q4667884,AbioMed,Nasdaq,ABMD,,,,http://www.wikidata.org/entity/Q4667884,,,ABMD
Q4670840,Acacia Research,Nasdaq,ACTG,,,,http://www.wikidata.org/entity/Q4670840,,,ACTG
Q4671580,Acadia Pharmaceuticals,Nasdaq,ACAD,pharmaceutical industry,,,http://www.wikidata.org/entity/Q4671580,,,ACAD
Q4671583,Acadia Realty Trust,New York Stock Exchange,AKR,,,,http://www.wikidata.org/entity/Q4671583,,,AKR
Q4672315,BIOVIA,Nasdaq,ACCL,industrial manufacturing,,,http://www.wikidata.org/entity/Q4672315,,,ACCL
Q467238,American Water Works,New York Stock Exchange,AWK,public utility,,,http://www.wikidata.org/entity/Q467238,,,AWK
Q4672868,R1 RCM,New York Stock Exchange,RCM,,,,http://www.wikidata.org/entity/Q4672868,,,RCM
Q4672920,Accuride Corporation,New York Stock Exchange,,,,,http://www.wikidata.org/entity/Q4672920,,,
Q4674399,Acme Packet,Nasdaq,APKT,networking hardware,,,http://www.wikidata.org/entity/Q4674399,,,APKT
Q4674531,Acorda Therapeutics,Nasdaq,ACOR,pharmaceutical industry,,,http://www.wikidata.org/entity/Q4674531,,,ACOR
Q4674547,Acorn Energy,Nasdaq,ACFN,energy industry,,,http://www.wikidata.org/entity/Q4674547,,,ACFN
Q4674790,Acquity Group,New York Stock Exchange,,digital marketing,,,http://www.wikidata.org/entity/Q4674790,,,
Q4676831,Actimize,Nasdaq,,,,,http://www.wikidata.org/entity/Q4676831,,,
Q4677436,Actions Technology,Nasdaq,ACTS,electronic component,,,http://www.wikidata.org/entity/Q4677436,,,ACTS
Q467752,Verizon Communications,Nasdaq; New York Stock Exchange,VZ,telecommunications,232130000000.0,2021-06-24 00:00:00+00:00,http://www.wikidata.org/entity/Q467752,134788000000.0,2024-01-01 00:00:00+00:00,VZ
Q4677840,Actuant,New York Stock Exchange,EPAC,conglomerate,,,http://www.wikidata.org/entity/Q4677840,,,EPAC
Q4677870,Acuity Brands,New York Stock Exchange,AYI,,,,http://www.wikidata.org/entity/Q4677870,,,AYI
Q4680345,Adams Express Company,New York Stock Exchange,ADX,investment,,,http://www.wikidata.org/entity/Q4680345,,,ADX
Q4680354,Adams Golf,Nasdaq,,,,,http://www.wikidata.org/entity/Q4680354,,,
Q4682079,Adelphia Communications Corporation,Nasdaq,ADELQ,telecommunications,,,http://www.wikidata.org/entity/Q4682079,,,ADELQ
Q4686044,Advance America,New York Stock Exchange,,,,,http://www.wikidata.org/entity/Q4686044,,,
Q4686051,Advance Auto Parts,New York Stock Exchange,AAP,,,,http://www.wikidata.org/entity/Q4686051,,,AAP
Q4686194,Advanced Energy,Nasdaq,AEIS,,,,http://www.wikidata.org/entity/Q4686194,,,AEIS
Q4686414,Advantage Oil & Gas,New York Stock Exchange,AAV,petroleum industry,,,http://www.wikidata.org/entity/Q4686414,,,AAV
Q4686419,Advaxis,Nasdaq,ADXS,biotechnology,,,http://www.wikidata.org/entity/Q4686419,,,ADXS
Q4686442,SS&C Advent,Nasdaq,ADVS,,,,http://www.wikidata.org/entity/Q4686442,,,ADVS
Q4687934,AerCap,New York Stock Exchange,AER,financial services,,,http://www.wikidata.org/entity/Q4687934,4937340000.0,2019-01-01 00:00:00+00:00,AER
Q4688254,Aeroflex,New York Stock Exchange,ARX,,,,http://www.wikidata.org/entity/Q4688254,,,ARX
Q4688284,Aerohive Networks,New York Stock Exchange,HIVE,information technology,,,http://www.wikidata.org/entity/Q4688284,,,HIVE
Q4688714,Aethlon Medical,Nasdaq,AEMD,,,,http://www.wikidata.org/entity/Q4688714,,,AEMD
Q4692116,Agenus,Nasdaq,AGEN,biotechnology,,,http://www.wikidata.org/entity/Q4692116,,,AGEN
Q469553,Timken Company,New York Stock Exchange,TKR,industrial manufacturing,,,http://www.wikidata.org/entity/Q469553,,,TKR
Q4698062,Air Lease,New York Stock Exchange,AL,financial services,,,http://www.wikidata.org/entity/Q4698062,,,AL
Q4698090,Air Methods,Nasdaq,AIRM,,,,http://www.wikidata.org/entity/Q4698090,,,AIRM
Q4698227,Air Transport Services Group,Nasdaq,ATSG,airline,,,http://www.wikidata.org/entity/Q4698227,,,ATSG
Q470156,Cencora,New York Stock Exchange,ABC,pharmaceutical industry,,,http://www.wikidata.org/entity/Q470156,238587006000.0,2022-01-01 00:00:00+00:00,ABC
Q47016300,Autohome,New York Stock Exchange,ATHM,,,,http://www.wikidata.org/entity/Q47016300,,,ATHM
Q470317,Ametek,New York Stock Exchange,AME,industrial manufacturing,,,http://www.wikidata.org/entity/Q470317,6150530000.0,2022-01-01 00:00:00+00:00,AME
Q470517,Amgen,Nasdaq,AMGN,pharmaceutical industry,,,http://www.wikidata.org/entity/Q470517,26323000000.0,2022-01-01 00:00:00+00:00,AMGN
Q4705296,Alabama Power,New York Stock Exchange,ALP-Q,electric power industry,,,http://www.wikidata.org/entity/Q4705296,,,ALP-Q
Q47080830,QEP Resources,New York Stock Exchange,QEP,petroleum industry,,,http://www.wikidata.org/entity/Q47080830,,,QEP
Q4708382,"Alarm.com, Inc.",Nasdaq,ALRM,retail,,,http://www.wikidata.org/entity/Q4708382,,,ALRM
Q4708516,Alaska Communications,Nasdaq,ALSK,telecommunications,,,http://www.wikidata.org/entity/Q4708516,,,ALSK
Q47099,Grupo Televisa,New York Stock Exchange,TV,mass media,,,http://www.wikidata.org/entity/Q47099,5300000000.0,2012-01-01 00:00:00+00:00,TV
Q47120756,Nebius Group,Nasdaq,YNDX,information technology industry,1117004321756.0,2024-02-16 00:00:00+00:00,http://www.wikidata.org/entity/Q47120756,117500000.0,2024-12-31 00:00:00+00:00,YNDX
Q4713807,Aldila,Nasdaq,,,,,http://www.wikidata.org/entity/Q4713807,,,
Q4718099,Alexander's,New York Stock Exchange,ALX,real estate investment trust,,,http://www.wikidata.org/entity/Q4718099,,,ALX
Q472536,Amkor Technology,Nasdaq,AMKR,,,,http://www.wikidata.org/entity/Q472536,,,AMKR
Q4726659,Alimera Sciences,Nasdaq,ALIM,pharmaceutical industry,,,http://www.wikidata.org/entity/Q4726659,,,ALIM
Q4727688,Alkermes,Nasdaq,ALKS,pharmaceutical industry,,,http://www.wikidata.org/entity/Q4727688,,,ALKS
Q4732268,AllianceBernstein,New York Stock Exchange,AB,asset management,,,http://www.wikidata.org/entity/Q4732268,,,AB
Q4732492,Alliant Energy,Nasdaq,LNT,public utility,,,http://www.wikidata.org/entity/Q4732492,,,LNT
Q4732707,Allis-Chalmers Energy,New York Stock Exchange,,,,,http://www.wikidata.org/entity/Q4732707,,,
Q4733161,Allot Ltd,Nasdaq,ALLT,media industry,538598000.0,2022-11-15 00:00:00+00:00,http://www.wikidata.org/entity/Q4733161,,,ALLT
Q4733274,Allscripts,Nasdaq,MDRX,information technology,,,http://www.wikidata.org/entity/Q4733274,,,MDRX
Q4736257,Alteon WebSystems,Nasdaq,ATON,computer network,,,http://www.wikidata.org/entity/Q4736257,,,ATON
Q4736965,Altos Computer Systems,Nasdaq,ALTO,computer hardware industry,,,http://www.wikidata.org/entity/Q4736965,,,ALTO
Q4738904,"AmTrust Financial Services, Inc.",Nasdaq,AFSI,reinsurance,,,http://www.wikidata.org/entity/Q4738904,,,AFSI
Q47394052,California Resources,New York Stock Exchange,CRC,petroleum industry,,,http://www.wikidata.org/entity/Q47394052,,,CRC
Q4740289,Amarin Corporation,Nasdaq,AMRN,pharmaceutical industry,,,http://www.wikidata.org/entity/Q4740289,,,AMRN
Q4741030,Ambarella Inc.,Nasdaq,AMBA,,,,http://www.wikidata.org/entity/Q4741030,,,AMBA
Q4741141,Ambassadors Group,Nasdaq,EPAX,education,,,http://www.wikidata.org/entity/Q4741141,,,EPAX
Q4742045,Amcol International Corporation,New York Stock Exchange,ACO,,,,http://www.wikidata.org/entity/Q4742045,,,ACO
Q4742102,Amedisys Home Health and Hospice Care,Nasdaq,AMED,health care industry,,,http://www.wikidata.org/entity/Q4742102,,,AMED
Q4742486,AmeriServ Financial,Nasdaq,ASRV,bank,,,http://www.wikidata.org/entity/Q4742486,,,ASRV
Q4742937,American Airlines Group,Nasdaq,AAL,aviation,,,http://www.wikidata.org/entity/Q4742937,52800000000.0,2023-01-01 00:00:00+00:00,AAL
Q4743120,American Axle,New York Stock Exchange,AXL,automotive industry,,,http://www.wikidata.org/entity/Q4743120,,,AXL
Q4743275,American Campus Communities,New York Stock Exchange,ACC,student housing,,,http://www.wikidata.org/entity/Q4743275,,,ACC
Q4743289,American Capital,Nasdaq,,,,,http://www.wikidata.org/entity/Q4743289,,,
Q4743779,American Financial Group,New York Stock Exchange,AFG,financial services,,,http://www.wikidata.org/entity/Q4743779,,,AFG
Q474383,Ballard Power Systems,Nasdaq,BLDP,,,,http://www.wikidata.org/entity/Q474383,,,BLDP
Q4744566,American National Insurance Company,Nasdaq,ANAT,insurance industry,,,http://www.wikidata.org/entity/Q4744566,,,ANAT
Q4744658,American Pathology Partners,Nasdaq,LPNT,health care industry,,,http://www.wikidata.org/entity/Q4744658,,,LPNT
Q4744822,American Reprographics Company,New York Stock Exchange,ARC,tertiary sector of the economy,,,http://www.wikidata.org/entity/Q4744822,,,ARC
Q4744841,American River Bank,Nasdaq,AMRB,bank,,,http://www.wikidata.org/entity/Q4744841,,,AMRB
Q4744953,American Science and Engineering,Nasdaq,ASEI,,,,http://www.wikidata.org/entity/Q4744953,,,ASEI
Q4745263,American Tower Corporation,New York Stock Exchange,AMT,real estate investment trust,,,http://www.wikidata.org/entity/Q4745263,10711100000.0,2022-01-01 00:00:00+00:00,AMT
Q4745391,American Woodmark,Nasdaq,AMWD,,,,http://www.wikidata.org/entity/Q4745391,,,AMWD
Q474570,TriQuint Semiconductor,Nasdaq,TQNT,,,,http://www.wikidata.org/entity/Q474570,,,TQNT
Q4745709,Amerigroup,New York Stock Exchange,,health insurance,,,http://www.wikidata.org/entity/Q4745709,,,
Q474621,Amphenol,New York Stock Exchange,APH,electronics,,,http://www.wikidata.org/entity/Q474621,12623000000.0,2022-01-01 00:00:00+00:00,APH
Q47462183,IONQ,New York Stock Exchange,IONQ,quantum computing industry,,,http://www.wikidata.org/entity/Q47462183,,,IONQ
Q4748076,Ampco Pittsburgh,New York Stock Exchange,AP,steel,,,http://www.wikidata.org/entity/Q4748076,,,AP
Q4748631,Amreit,New York Stock Exchange,AMRE,real estate investment trust,,,http://www.wikidata.org/entity/Q4748631,,,AMRE
Q4748634,Amrep Corporation,New York Stock Exchange,AXR,,,,http://www.wikidata.org/entity/Q4748634,,,AXR
Q4749580,Amyris,Nasdaq,AMRS,,,,http://www.wikidata.org/entity/Q4749580,,,AMRS
Q47500199,Aurora Cannabis,New York Stock Exchange,ACB,cannabis industry,,,http://www.wikidata.org/entity/Q47500199,,,ACB
Q4751068,Analogic Corporation,Nasdaq,ALOG,health care,,,http://www.wikidata.org/entity/Q4751068,,,ALOG
Q4751571,Anaplan,New York Stock Exchange,PLAN,business software industry,,,http://www.wikidata.org/entity/Q4751571,,,PLAN
Q4751693,Anaren,Nasdaq,,wireless communication,,,http://www.wikidata.org/entity/Q4751693,,,
Q4763176,Angie's List,Nasdaq,ANGI,,,,http://www.wikidata.org/entity/Q4763176,,,ANGI
Q4765682,Anixter,New York Stock Exchange,,product distribution,,,http://www.wikidata.org/entity/Q4765682,,,
Q4766699,Ann Taylor,New York Stock Exchange,,retail,,,http://www.wikidata.org/entity/Q4766699,,,
Q4769205,Annie's Homegrown,New York Stock Exchange,,,,,http://www.wikidata.org/entity/Q4769205,,,
Q4771754,Anthera Pharmaceuticals,Nasdaq,ANTH,pharmaceutical industry,,,http://www.wikidata.org/entity/Q4771754,,,ANTH
Q4778095,Anworth Mortgage Asset Corporation,New York Stock Exchange,,real estate investment trust,,,http://www.wikidata.org/entity/Q4778095,,,
Q4778915,Cloudflare,New York Stock Exchange,NET,Software Publishers,,,http://www.wikidata.org/entity/Q4778915,656426000.0,2021-01-01 00:00:00+00:00,NET
Q477993,iHeartMedia,Nasdaq,IHRT,radio broadcasting,,,http://www.wikidata.org/entity/Q477993,,,IHRT
Q4781544,Applied Industrial Technologies,New York Stock Exchange,AIT,,,,http://www.wikidata.org/entity/Q4781544,,,AIT
Q4781558,Applied Micro Circuits Corporation,Nasdaq,AMCC,,,,http://www.wikidata.org/entity/Q4781558,,,AMCC
Q4781583,Applied Signal Technology,Nasdaq,APSG,,,,http://www.wikidata.org/entity/Q4781583,,,APSG
Q4781837,Apricus Biosciences,Nasdaq,APRI,pharmaceutical industry,,,http://www.wikidata.org/entity/Q4781837,,,APRI
Q478214,Tesla,Nasdaq,TSLA,automotive industry,903544000000.0,2025-05-01 00:00:00+00:00,http://www.wikidata.org/entity/Q478214,94827000000.0,2025-01-01 00:00:00+00:00,TSLA
Q4786920,Archipelago Learning,Nasdaq,ARCL,educational software,,,http://www.wikidata.org/entity/Q4786920,,,ARCL
Q4787395,Arcimoto,Nasdaq,FUV,automotive industry,,,http://www.wikidata.org/entity/Q4787395,,,FUV
Q4788901,Arena Pharmaceuticals,Nasdaq,ARNA,pharmaceutical industry,,,http://www.wikidata.org/entity/Q4788901,,,ARNA
Q4789079,Ares Management,Nasdaq; New York Stock Exchange,ARCC; ARES,financial services,,,http://www.wikidata.org/entity/Q4789079,,,ARCC
Q4790268,SAP Ariba,Nasdaq,ARBA,,,,http://www.wikidata.org/entity/Q4790268,,,ARBA
Q479167,Steelcase,New York Stock Exchange,SCS,industrial manufacturing,,,http://www.wikidata.org/entity/Q479167,,,SCS
Q4792281,Arlington Asset Investment,New York Stock Exchange,AAIC,real estate investment trust,,,http://www.wikidata.org/entity/Q4792281,,,AAIC
Q4795598,Arotech Corporation,Nasdaq,ARTX,weapons industry,,,http://www.wikidata.org/entity/Q4795598,,,ARTX
Q4799191,Arthur J. Gallagher & Co.,New York Stock Exchange,AJG,,,,http://www.wikidata.org/entity/Q4799191,,,AJG
Q4803735,Asbury Automotive Group,New York Stock Exchange,ABG,car dealership,,,http://www.wikidata.org/entity/Q4803735,,,ABG
Q4803855,Ascent Media,Nasdaq,,,,,http://www.wikidata.org/entity/Q4803855,,,
Q4803857,Ascent Solar,Nasdaq,ASTI,photovoltaics,,,http://www.wikidata.org/entity/Q4803857,,,ASTI
Q4805956,Sunbelt Rentals,New York Stock Exchange,SUNB,equipment rental,,,http://www.wikidata.org/entity/Q4805956,,,SUNB
Q4808787,Asset Acceptance,Nasdaq,AACC,,,,http://www.wikidata.org/entity/Q4808787,,,AACC
Q4809155,Associated Banc-Corp,New York Stock Exchange,ASB,financial services,,,http://www.wikidata.org/entity/Q4809155,,,ASB
Q4810399,Assurant,New York Stock Exchange,AIZ,insurance,,,http://www.wikidata.org/entity/Q4810399,,,AIZ
Q4811104,Astoria Bank,New York Stock Exchange,,financial services,,,http://www.wikidata.org/entity/Q4811104,,,
Q4811929,Asure Software,Nasdaq,ASUR,software as a service,,,http://www.wikidata.org/entity/Q4811929,,,ASUR
Q4813401,athenahealth,Nasdaq,ATHN,,,,http://www.wikidata.org/entity/Q4813401,,,ATHN
Q481472,Sappi,New York Stock Exchange,SPP,pulp and paper industry,,,http://www.wikidata.org/entity/Q481472,,,SPP
Q4816513,Atlantic Power Corporation,New York Stock Exchange,AT,electricity supply company,,,http://www.wikidata.org/entity/Q4816513,,,AT
Q4816569,Atlantic Tele-Network,Nasdaq,ATNI,telecommunications,,,http://www.wikidata.org/entity/Q4816569,,,ATNI
Q4816705,Atlantis Casino Resort Spa,Nasdaq,MCRI,,,,http://www.wikidata.org/entity/Q4816705,,,MCRI
Q4816783,Atlas America,New York Stock Exchange,ATLS,,,,http://www.wikidata.org/entity/Q4816783,,,ATLS
Q4817084,Atmos Energy,New York Stock Exchange,ATO,,,,http://www.wikidata.org/entity/Q4817084,,,ATO
Q48180669,Triton International,New York Stock Exchange,TRTN,,,,http://www.wikidata.org/entity/Q48180669,,,TRTN
Q4818872,Atwood Oceanics,New York Stock Exchange,ATW,petroleum industry,,,http://www.wikidata.org/entity/Q4818872,,,ATW
Q4818932,AuRico Gold,New York Stock Exchange,AUQ,mining,,,http://www.wikidata.org/entity/Q4818932,,,AUQ
Q482044,Amylin Pharmaceuticals,Nasdaq,,pharmaceutical industry,,,http://www.wikidata.org/entity/Q482044,,,
Q482267,América Móvil,Nasdaq; New York Stock Exchange,AMOV; AMX,telecommunications,,,http://www.wikidata.org/entity/Q482267,816012844000.0,2023-12-31 00:00:00+00:00,AMOV
Q4826083,AutoTester,Nasdaq,,,,,http://www.wikidata.org/entity/Q4826083,,,
Q4826087,AutoZone,New York Stock Exchange,AZO,automotive industry,,,http://www.wikidata.org/entity/Q4826087,16252230000.0,2022-01-01 00:00:00+00:00,AZO
Q4827537,AvalonBay,New York Stock Exchange,AVB,real estate investment trust,,,http://www.wikidata.org/entity/Q4827537,2593446000.0,2022-01-01 00:00:00+00:00,AVB
Q4828605,Aviat Networks,Nasdaq,AVNW,telecommunications,,,http://www.wikidata.org/entity/Q4828605,,,AVNW
Q4828988,Avista,New York Stock Exchange,AVA,energy industry,,,http://www.wikidata.org/entity/Q4828988,,,AVA
Q4829076,Avnet,Nasdaq; New York Stock Exchange,AVT,electronics,,,http://www.wikidata.org/entity/Q4829076,,,AVT
Q483006,LG Display,New York Stock Exchange,LPL,electronics,,,http://www.wikidata.org/entity/Q483006,,,LPL
Q4830196,Axcelis Technologies,Nasdaq,ACLS,,,,http://www.wikidata.org/entity/Q4830196,,,ACLS
Q4833115,Azurix,New York Stock Exchange,AZX,"water collection, treatment and supply",,,http://www.wikidata.org/entity/Q4833115,,,AZX
Q4833850,B.O.S. Better Online Solutions,Nasdaq,BOSC,technology,,,http://www.wikidata.org/entity/Q4833850,,,BOSC
Q4835506,BE Aerospace,Nasdaq,BEAV,aerospace industry,,,http://www.wikidata.org/entity/Q4835506,,,BEAV
Q483551,Walmart,Nasdaq,WMT,retail,779367000000.0,2025-05-01 00:00:00+00:00,http://www.wikidata.org/entity/Q483551,680985000000.0,2024-01-01 00:00:00+00:00,WMT
Q4835545,BGC Partners,Nasdaq,BGCP,,,,http://www.wikidata.org/entity/Q4835545,,,BGCP
Q4835754,BJ's Wholesale Club,New York Stock Exchange,BJ,retail,,,http://www.wikidata.org/entity/Q4835754,,,BJ
Q4835755,BJ's Restaurant & Brewery,Nasdaq,BJRI,,,,http://www.wikidata.org/entity/Q4835755,,,BJRI
Q4836297,BP Prudhoe Bay Royalty Trust,New York Stock Exchange,BPT,petroleum industry,,,http://www.wikidata.org/entity/Q4836297,,,BPT
Q483637,Anadarko Petroleum,New York Stock Exchange,APC,petroleum industry,,,http://www.wikidata.org/entity/Q483637,,,APC
Q4836852,BWX Technologies,New York Stock Exchange,BWXT,,,,http://www.wikidata.org/entity/Q4836852,2496000000.0,2023-01-01 00:00:00+00:00,BWXT
Q4838903,Bachoco,New York Stock Exchange,IBA,food industry,,,http://www.wikidata.org/entity/Q4838903,,,IBA
Q483915,Nike,New York Stock Exchange,NKE,industrial sector,83777000000.0,2025-05-01 00:00:00+00:00,http://www.wikidata.org/entity/Q483915,46710000000.0,2022-01-01 00:00:00+00:00,NKE
Q483946,POSCO,New York Stock Exchange,PKX,iron and steel industry,,,http://www.wikidata.org/entity/Q483946,,,PKX
Q4839566,Backblaze,Nasdaq,BLZE,cloud storage,,,http://www.wikidata.org/entity/Q4839566,,,BLZE
Q484117,Woori Financial Group,New York Stock Exchange,WF,finance,,,http://www.wikidata.org/entity/Q484117,,,WF
Q484143,Gravity Corporation,Nasdaq,GRVY,video game industry,,,http://www.wikidata.org/entity/Q484143,,,GRVY
Q4844439,Boston Properties,New York Stock Exchange,BXP,real estate industry,,,http://www.wikidata.org/entity/Q4844439,,,BXP
Q484930,Analog Devices,Nasdaq,ADI,semiconductor industry,,,http://www.wikidata.org/entity/Q484930,12013953000.0,2022-01-01 00:00:00+00:00,ADI
Q4854030,BancFirst,Nasdaq,BANF,financial services,,,http://www.wikidata.org/entity/Q4854030,,,BANF
Q4854138,Cadence Bank,New York Stock Exchange,CADE,financial services,,,http://www.wikidata.org/entity/Q4854138,,,CADE
Q4854759,Bandwidth.com,Nasdaq,BAND,,,,http://www.wikidata.org/entity/Q4854759,,,BAND
Q4855875,BankAtlantic,New York Stock Exchange,,financial services,,,http://www.wikidata.org/entity/Q4855875,,,
Q4855887,BankUnited,New York Stock Exchange,BKU,financial services,,,http://www.wikidata.org/entity/Q4855887,,,BKU
Q485593,Red Hat,New York Stock Exchange,RHT,software industry,,,http://www.wikidata.org/entity/Q485593,2052230000.0,2016-01-01 00:00:00+00:00,RHT
Q4856116,Bank of Florida,Nasdaq,BOFL,bank,,,http://www.wikidata.org/entity/Q4856116,,,BOFL
Q4856124,Bank of Hawaii,New York Stock Exchange,BOH,finance,,,http://www.wikidata.org/entity/Q4856124,,,BOH
Q4856160,Bank of New Orleans,Nasdaq,LABC,bank,,,http://www.wikidata.org/entity/Q4856160,,,LABC
Q4856167,BNC Bank,Nasdaq,BNCN,bank,,,http://www.wikidata.org/entity/Q4856167,,,BNCN
Q4856439,Bankrate,New York Stock Exchange,,Internet,,,http://www.wikidata.org/entity/Q4856439,,,
Q4856910,Banner Bank,Nasdaq,,economics of banking,,,http://www.wikidata.org/entity/Q4856910,,,
Q485908,KT Corporation,New York Stock Exchange,KT,telecommunications,,,http://www.wikidata.org/entity/Q485908,,,KT
Q4861508,Barnes & Noble College Booksellers,New York Stock Exchange,BNED,retail,,,http://www.wikidata.org/entity/Q4861508,,,BNED
Q4861529,Barnes Group,New York Stock Exchange,B,aerospace industry,,,http://www.wikidata.org/entity/Q4861529,,,B
Q486269,Kodak,New York Stock Exchange,KODK,chemical industry,,,http://www.wikidata.org/entity/Q486269,1117000000.0,2023-01-01 00:00:00+00:00,KODK
Q4863194,Barracuda Networks,New York Stock Exchange,CUDA,computer security,,,http://www.wikidata.org/entity/Q4863194,,,CUDA
Q48647846,C&J Energy Services,New York Stock Exchange,CJ,,,,http://www.wikidata.org/entity/Q48647846,,,CJ
Q486737,Korea Electric Power Corporation,New York Stock Exchange,KEP,electricity supply company,,,http://www.wikidata.org/entity/Q486737,60190384000.0,2016-01-01 00:00:00+00:00,KEP
Q4868109,Bassett Furniture,Nasdaq,BSET,industrial manufacturing,,,http://www.wikidata.org/entity/Q4868109,,,BSET
Q487230,Shinhan Bank,New York Stock Exchange,SHG,financial sector,,,http://www.wikidata.org/entity/Q487230,,,SHG
Q48739877,Alexandria Real Estate Equities,New York Stock Exchange,ARE,real estate investment trust,,,http://www.wikidata.org/entity/Q48739877,,,ARE
Q48740858,Compass Inc.,New York Stock Exchange,COMP,,,,http://www.wikidata.org/entity/Q48740858,,,COMP
Q48741327,Micron Products,New York Stock Exchange,MICR,,,,http://www.wikidata.org/entity/Q48741327,,,MICR
Q48742298,Duke Realty,New York Stock Exchange,DRE,,,,http://www.wikidata.org/entity/Q48742298,,,DRE
Q48742870,Nutrien,New York Stock Exchange,NTR,agriculture,,,http://www.wikidata.org/entity/Q48742870,,,NTR
Q48743554,Standex International,New York Stock Exchange,SXI,,,,http://www.wikidata.org/entity/Q48743554,,,SXI
Q4874958,Baytex Energy,New York Stock Exchange,BTE,petroleum industry,,,http://www.wikidata.org/entity/Q4874958,,,BTE
Q48754,PPG Industries,New York Stock Exchange,PPG,glass,,,http://www.wikidata.org/entity/Q48754,17652000000.0,2022-01-01 00:00:00+00:00,PPG
Q48755,RPM International,New York Stock Exchange,RPM,paint,,,http://www.wikidata.org/entity/Q48755,,,RPM
Q4875977,Beacon Power,Nasdaq,,,,,http://www.wikidata.org/entity/Q4875977,,,
Q4876829,Beasley Broadcast Group,Nasdaq,BBGI,radio,,,http://www.wikidata.org/entity/Q4876829,,,BBGI
Q4878288,Beazer Homes USA,New York Stock Exchange,BZH,,,,http://www.wikidata.org/entity/Q4878288,,,BZH
Q4878313,Bebe Stores,Nasdaq,BEBE,retail,,,http://www.wikidata.org/entity/Q4878313,,,BEBE
Q487907,Bank of America,New York Stock Exchange,BAC,financial services,265840000000.0,2023-01-01 00:00:00+00:00,http://www.wikidata.org/entity/Q487907,101887000000.0,2024-01-01 00:00:00+00:00,BAC
Q48791239,Maxar Technologies,New York Stock Exchange,MAXR,space industry,,,http://www.wikidata.org/entity/Q48791239,,,MAXR
Q48797772,Bright Health,New York Stock Exchange,BHG,,,,http://www.wikidata.org/entity/Q48797772,,,BHG
Q48800016,Desktop Metal,New York Stock Exchange,DM,industrial manufacturing,,,http://www.wikidata.org/entity/Q48800016,,,DM
Q48802335,Tyler Technologies,New York Stock Exchange,TYL,software industry,,,http://www.wikidata.org/entity/Q48802335,,,TYL
Q48814381,Aphria,New York Stock Exchange,APHA,cannabis industry,,,http://www.wikidata.org/entity/Q48814381,36920000.0,2018-01-01 00:00:00+00:00,APHA
Q48818116,Semrush,New York Stock Exchange,SEMR,software industry,,,http://www.wikidata.org/entity/Q48818116,,,SEMR
Q48822,Valspar,New York Stock Exchange,VAL,chemical industry,,,http://www.wikidata.org/entity/Q48822,,,VAL
Q4886950,Benchmark Electronics,New York Stock Exchange,BHE,,,,http://www.wikidata.org/entity/Q4886950,,,BHE
Q48872,Eaton Corporation,New York Stock Exchange,ETN,industrial manufacturing,96159000000.0,2023-01-01 00:00:00+00:00,http://www.wikidata.org/entity/Q48872,20752000000.0,2022-01-01 00:00:00+00:00,ETN
Q4887418,Beneficial Bank,Nasdaq,BNCL,finance,,,http://www.wikidata.org/entity/Q4887418,,,BNCL
Q48881,Sherwin-Williams,New York Stock Exchange,SHW,chemical industry,,,http://www.wikidata.org/entity/Q48881,22148900000.0,2022-01-01 00:00:00+00:00,SHW
Q489080,"Automatic Data Processing, Inc. (ADP)",Nasdaq,ADP,software industry,,,http://www.wikidata.org/entity/Q489080,16498300000.0,2022-01-01 00:00:00+00:00,ADP
Q489469,Herman Miller,Nasdaq,MLHR,industrial manufacturing,,,http://www.wikidata.org/entity/Q489469,,,MLHR
Q4894819,Berry Plastics,New York Stock Exchange,BERY,,,,http://www.wikidata.org/entity/Q4894819,,,BERY
Q48967249,Tellurian Inc,Nasdaq,TELL,,,,http://www.wikidata.org/entity/Q48967249,,,TELL
Q48971221,Delphi Technologies,New York Stock Exchange,DLPH,Computer Programming Services,,,http://www.wikidata.org/entity/Q48971221,,,DLPH
Q48976818,NeoGenomics,Nasdaq,NEO,biotechnology,,,http://www.wikidata.org/entity/Q48976818,,,NEO
Q48976878,Berkshire Bank,New York Stock Exchange,BHLB,bank,,,http://www.wikidata.org/entity/Q48976878,,,BHLB
Q48977470,EPR Properties,New York Stock Exchange,EPR,,,,http://www.wikidata.org/entity/Q48977470,,,EPR
Q48988040,DaVita Medical Group,New York Stock Exchange,DVA,managed care,,,http://www.wikidata.org/entity/Q48988040,,,DVA
Q48989804,PagerDuty,New York Stock Exchange,PD,information technology industry,,,http://www.wikidata.org/entity/Q48989804,,,PD
Q489921,Mastercard,New York Stock Exchange,MA,financial services,446250000000.0,2026-03-24 00:00:00+00:00,http://www.wikidata.org/entity/Q489921,32800000000.0,2025-01-01 00:00:00+00:00,MA
Q4904902,Big 5 Sporting Goods,Nasdaq,BGFV,sports equipment,,,http://www.wikidata.org/entity/Q4904902,,,BGFV
Q4905973,Big Lots,New York Stock Exchange,BIG,retail,,,http://www.wikidata.org/entity/Q4905973,,,BIG
Q4906978,Biglari Holdings Inc.,New York Stock Exchange,BH,,,,http://www.wikidata.org/entity/Q4906978,,,BH
Q4908047,Bill Barrett Corporation,New York Stock Exchange,BBG,petroleum industry,,,http://www.wikidata.org/entity/Q4908047,,,BBG
Q491325,Shinhan Financial Group,New York Stock Exchange,SHG,financial services,,,http://www.wikidata.org/entity/Q491325,,,SHG
Q4914611,BioCryst Pharmaceuticals,Nasdaq,BCRX,pharmaceutical industry,,,http://www.wikidata.org/entity/Q4914611,,,BCRX
Q4914627,Bioline Rx Ltd.,Nasdaq,BLRX,biotechnology,149505000.0,2022-11-15 00:00:00+00:00,http://www.wikidata.org/entity/Q4914627,,,BLRX
Q4914632,BioMarin Pharmaceutical,Nasdaq,BMRN,biotechnology,,,http://www.wikidata.org/entity/Q4914632,,,BMRN
Q4915361,Biotie Therapies,Nasdaq,BITI,biotechnology,,,http://www.wikidata.org/entity/Q4915361,,,BITI
Q492058,XM Satellite Radio,Nasdaq,XMSR,radio broadcasting,,,http://www.wikidata.org/entity/Q492058,,,XMSR
Q4922539,Blackbaud,Nasdaq,BLKB,software industry,,,http://www.wikidata.org/entity/Q4922539,,,BLKB
Q492747,Dole plc,New York Stock Exchange,DOLE,agribusiness,,,http://www.wikidata.org/entity/Q492747,8475343000.0,2024-01-01 00:00:00+00:00,DOLE
Q4928282,Bloomin' Brands,Nasdaq,BLMN,horeca,,,http://www.wikidata.org/entity/Q4928282,,,BLMN
Q4928676,Blucora,Nasdaq,BCOR,,,,http://www.wikidata.org/entity/Q4928676,,,BCOR
Q4928758,BlueLinx,New York Stock Exchange,BXC,wholesale,,,http://www.wikidata.org/entity/Q4928758,,,BXC
Q4928769,BluePhoenix Solutions,Nasdaq,BPHX,technology,,,http://www.wikidata.org/entity/Q4928769,,,BPHX
Q4928875,Blue Bird Corporation,Nasdaq,,bus manufacturing,,,http://www.wikidata.org/entity/Q4928875,,,
Q4929570,Blue Nile Inc.,Nasdaq,NILE,retail,,,http://www.wikidata.org/entity/Q4929570,,,NILE
Q4930359,Bluegreen Corporation,New York Stock Exchange,BXG,,,,http://www.wikidata.org/entity/Q4930359,,,BXG
Q493145,SK Telecom,New York Stock Exchange,SKM,telecommunications,,,http://www.wikidata.org/entity/Q493145,,,SKM
Q4931457,Boardwalk Pipeline Partners,New York Stock Exchange,,,,,http://www.wikidata.org/entity/Q4931457,,,
Q4932386,Bob Evans Restaurants,Nasdaq,BOBE,restaurant,,,http://www.wikidata.org/entity/Q4932386,,,BOBE
Q493712,deCODE genetics,Nasdaq,DCGN,biopharmaceutical,,,http://www.wikidata.org/entity/Q493712,,,DCGN
Q4937267,BofI Federal Bank,Nasdaq,BOFI,,,,http://www.wikidata.org/entity/Q4937267,,,BOFI
Q4937270,Axos Financial,Nasdaq; New York Stock Exchange,AX; BOFI,bank,,,http://www.wikidata.org/entity/Q4937270,,,AX
Q4938392,Boingo Wireless,Nasdaq,WIFI,telecommunications,,,http://www.wikidata.org/entity/Q4938392,,,WIFI
Q4943266,Books-A-Million,Nasdaq,BAMM,retail,,,http://www.wikidata.org/entity/Q4943266,,,BAMM
Q4951483,Box,New York Stock Exchange,BOX,cloud storage,,,http://www.wikidata.org/entity/Q4951483,,,BOX
Q4957288,Brandywine Realty Trust,New York Stock Exchange,BDN,,,,http://www.wikidata.org/entity/Q4957288,,,BDN
Q496302,Deere & Company,New York Stock Exchange,DE,manufacture of machinery and equipment,,,http://www.wikidata.org/entity/Q496302,51716000000.0,2024-01-01 00:00:00+00:00,DE
Q496606,KB Kookmin Bank,New York Stock Exchange,KB,financial sector,,,http://www.wikidata.org/entity/Q496606,,,KB
Q4966553,Zovio,Nasdaq; New York Stock Exchange,BPI; ZVO,educational technology,,,http://www.wikidata.org/entity/Q4966553,,,BPI
Q4967421,Bright Horizons,New York Stock Exchange,BFAM,child care,,,http://www.wikidata.org/entity/Q4967421,,,BFAM
Q4967514,Brightcove,Nasdaq,BCOV,,,,http://www.wikidata.org/entity/Q4967514,,,BCOV
Q4969137,Bristow Helicopters,New York Stock Exchange,VTOL,,,,http://www.wikidata.org/entity/Q4969137,,,VTOL
Q4972280,Broadridge Financial Solutions,New York Stock Exchange,BR,financial services,,,http://www.wikidata.org/entity/Q4972280,,,BR
Q4972437,Broadway Federal Bank,Nasdaq,BYFC,bank,,,http://www.wikidata.org/entity/Q4972437,,,BYFC
Q4974387,Brookdale Senior Living,New York Stock Exchange,BKD,retirement home,,,http://www.wikidata.org/entity/Q4974387,,,BKD
Q4974584,Brookfield Properties,New York Stock Exchange,,property management,,,http://www.wikidata.org/entity/Q4974584,,,
Q4974587,Brookfield Renewable,New York Stock Exchange,BEPC,,,,http://www.wikidata.org/entity/Q4974587,,,BEPC
Q4974589,Brookfield Residential,New York Stock Exchange,,real estate development,,,http://www.wikidata.org/entity/Q4974589,,,
Q4976010,Brown & Brown,New York Stock Exchange,BRO,general insurance,,,http://www.wikidata.org/entity/Q4976010,,,BRO
Q4979671,Materion,New York Stock Exchange,MTRN,,,,http://www.wikidata.org/entity/Q4979671,,,MTRN
Q4980954,Home Inn,Nasdaq,,hospitality industry,,,http://www.wikidata.org/entity/Q4980954,,,
Q4982028,Bsquare corporation,Nasdaq,BSQR,technology,,,http://www.wikidata.org/entity/Q4982028,,,BSQR
Q4983090,Buckeye Partners,New York Stock Exchange,BPL,petroleum,,,http://www.wikidata.org/entity/Q4983090,,,BPL
Q4983306,Buckle,New York Stock Exchange,BKE,retail,,,http://www.wikidata.org/entity/Q4983306,,,BKE
Q498746,W. R. Grace and Company,New York Stock Exchange,GRA,,,,http://www.wikidata.org/entity/Q498746,,,GRA
Q4993917,Varian Medical Systems,New York Stock Exchange,VAR,health technology,,,http://www.wikidata.org/entity/Q4993917,,,VAR
Q4994426,Invacare,New York Stock Exchange,IVC,,,,http://www.wikidata.org/entity/Q4994426,,,IVC
Q4999220,Burlington,New York Stock Exchange,BURL,retail,,,http://www.wikidata.org/entity/Q4999220,,,BURL
Q499962,Coursera,New York Stock Exchange,COUR,educational technology,,,http://www.wikidata.org/entity/Q499962,,,COUR
Q500088,DreamWorks Animation,Nasdaq,DWA,film production,,,http://www.wikidata.org/entity/Q500088,,,DWA
Q5001347,Busey Bank,Nasdaq,BUSE,financial services,,,http://www.wikidata.org/entity/Q5001347,,,BUSE
Q5002877,Butterfield Bank,New York Stock Exchange,,,,,http://www.wikidata.org/entity/Q5002877,,,
Q50038825,Itamar Medical Ltd,Nasdaq,ITMR,health technology,,,http://www.wikidata.org/entity/Q50038825,,,ITMR
Q50039478,Caris Life Sciences (United States),Nasdaq,CAI,,,,http://www.wikidata.org/entity/Q50039478,,,CAI
Q5006774,Bard,New York Stock Exchange,BCR,,,,http://www.wikidata.org/entity/Q5006774,,,BCR
Q5009135,CBL Properties,New York Stock Exchange,CBL,real estate investment trust,,,http://www.wikidata.org/entity/Q5009135,,,CBL
Q5009947,CDI Corporation,New York Stock Exchange,CDI,,,,http://www.wikidata.org/entity/Q5009947,,,CDI
Q5011381,CHS Inc.,Nasdaq,CHSCP,food industry,,,http://www.wikidata.org/entity/Q5011381,38448033000.0,2021-01-01 00:00:00+00:00,CHSCP
Q5012733,CLECO,New York Stock Exchange,CNL,electric power industry,,,http://www.wikidata.org/entity/Q5012733,,,CNL
Q5012867,CMC Electronics Inc.,New York Stock Exchange,,,,,http://www.wikidata.org/entity/Q5012867,,,
Q5013012,CMS Energy,New York Stock Exchange,CMS,,,,http://www.wikidata.org/entity/Q5013012,,,CMS
Q5013072,CNA Financial,New York Stock Exchange,CNA,insurance,,,http://www.wikidata.org/entity/Q5013072,,,CNA
Q5013834,CRA International,Nasdaq,CRAI,,,,http://www.wikidata.org/entity/Q5013834,,,CRAI
Q5014304,CSS Industries,New York Stock Exchange,CSS,,,,http://www.wikidata.org/entity/Q5014304,,,CSS
Q501476,Hasbro,Nasdaq,HAS,game industry,,,http://www.wikidata.org/entity/Q501476,6420600000.0,2021-01-01 00:00:00+00:00,HAS
Q5017084,CafePress,Nasdaq,PRSS,e-commerce,,,http://www.wikidata.org/entity/Q5017084,,,PRSS
Q5018092,Cal-Maine,Nasdaq,CALM,,,,http://www.wikidata.org/entity/Q5018092,,,CALM
Q5018456,Calamos,Nasdaq,CLMS,,,,http://www.wikidata.org/entity/Q5018456,,,CLMS
Q5019738,Calgon Carbon,New York Stock Exchange,CCC,,,,http://www.wikidata.org/entity/Q5019738,,,CCC
Q502121,BlackBerry,Nasdaq; New York Stock Exchange,BB; BBRY,information technology,6882000000.0,2021-06-26 00:00:00+00:00,http://www.wikidata.org/entity/Q502121,1040000000.0,2020-01-01 00:00:00+00:00,BB
Q502132,Leidos,New York Stock Exchange,LDOS,defense contractor,,,http://www.wikidata.org/entity/Q502132,5330000000.0,2019-01-01 00:00:00+00:00,LDOS
Q5021439,Calix,New York Stock Exchange,CALX,telecommunications,,,http://www.wikidata.org/entity/Q5021439,,,CALX
Q502344,Lear Corporation,New York Stock Exchange,LEA,automotive supplier,,,http://www.wikidata.org/entity/Q502344,,,LEA
Q5023914,Calpine,New York Stock Exchange,CPN,,,,http://www.wikidata.org/entity/Q5023914,,,CPN
Q50239180,Cardtronics,Nasdaq,CATM,ATM operator,,,http://www.wikidata.org/entity/Q50239180,,,CATM
Q5024089,Calumet Lubricants,Nasdaq,CLMT,industrial manufacturing,,,http://www.wikidata.org/entity/Q5024089,,,CLMT
Q502509,Smith & Nephew,New York Stock Exchange,SNN,medical technology industry,,,http://www.wikidata.org/entity/Q502509,,,SNN
Q5025090,Cambium Learning Group,Nasdaq,ABCD,,,,http://www.wikidata.org/entity/Q5025090,,,ABCD
Q5025239,Cambrex Corporation,New York Stock Exchange,,pharmaceutical industry,,,http://www.wikidata.org/entity/Q5025239,,,
Q5025351,Cambridge Antibody Technology,Nasdaq,CATG,,,,http://www.wikidata.org/entity/Q5025351,,,CATG
Q5025803,Camden Property Trust,New York Stock Exchange,CPT,real estate investment trust,,,http://www.wikidata.org/entity/Q5025803,,,CPT
Q5028383,Camping World,New York Stock Exchange,CWH,retail,,,http://www.wikidata.org/entity/Q5028383,,,CWH
Q502940,General Dynamics,New York Stock Exchange,GD,mechanical engineering,92782000000.0,2026-02-26 00:00:00+00:00,http://www.wikidata.org/entity/Q502940,39407000000.0,2022-01-01 00:00:00+00:00,GD
Q5031634,Syneron Candela,Nasdaq,,,,,http://www.wikidata.org/entity/Q5031634,,,
Q503182,PetroChina Company Limited,New York Stock Exchange,PTR,petroleum industry,,,http://www.wikidata.org/entity/Q503182,1725428000000.0,2015-01-01 00:00:00+00:00,PTR
Q503308,Southwest Airlines,New York Stock Exchange,LUV,air transport,,,http://www.wikidata.org/entity/Q503308,23814000000.0,2022-01-01 00:00:00+00:00,LUV
Q5033676,Canterbury Park,Nasdaq,CPHC,,,,http://www.wikidata.org/entity/Q5033676,,,CPHC
Q5035257,Capella Education Company,Nasdaq,CPLA,,,,http://www.wikidata.org/entity/Q5035257,,,CPLA
Q5035425,CapitalSource,Nasdaq; New York Stock Exchange,PACW,bank,,,http://www.wikidata.org/entity/Q5035425,,,PACW
Q5035481,Capital Bank Financial,Nasdaq,CBF,bank holding company,,,http://www.wikidata.org/entity/Q5035481,,,CBF
Q5035503,Capital Cargo International Airlines,Nasdaq,ATSG,,,,http://www.wikidata.org/entity/Q5035503,,,ATSG
Q5035662,Sonida Senior Living,New York Stock Exchange,SNDA,Senior living,,,http://www.wikidata.org/entity/Q5035662,,,SNDA
Q5035870,Capitol Federal Savings Bank,Nasdaq,CFFN,financial services,,,http://www.wikidata.org/entity/Q5035870,,,CFFN
Q5036376,Capstone Turbine,Nasdaq,CPST,,,,http://www.wikidata.org/entity/Q5036376,,,CPST
Q5037190,CarMax,New York Stock Exchange,KMX,,,,http://www.wikidata.org/entity/Q5037190,,,KMX
Q5038056,Carbonite,Nasdaq,CARB,,,,http://www.wikidata.org/entity/Q5038056,,,CARB
Q5038528,Cardinal Bank,Nasdaq,CFNL,financial services,,,http://www.wikidata.org/entity/Q5038528,,,CFNL
Q5038833,CareFusion,New York Stock Exchange,,health technology,,,http://www.wikidata.org/entity/Q5038833,,,
Q5038907,Career Education Corporation,Nasdaq,CECO,,,,http://www.wikidata.org/entity/Q5038907,,,CECO
Q5041354,Carlisle Companies,New York Stock Exchange,CSL,industrial manufacturing,,,http://www.wikidata.org/entity/Q5041354,,,CSL
Q5045738,Carpenter Technology Corporation,New York Stock Exchange,CRS,iron and steel industry,,,http://www.wikidata.org/entity/Q5045738,,,CRS
Q5046846,cars.com,New York Stock Exchange,CARS,,,,http://www.wikidata.org/entity/Q5046846,,,CARS
Q5047083,Carter's,New York Stock Exchange,CRI,,,,http://www.wikidata.org/entity/Q5047083,,,CRI
Q5047528,Carver Bancorp,Nasdaq,CARV,finance,,,http://www.wikidata.org/entity/Q5047528,,,CARV
Q5048150,Cascade Microtech,Nasdaq,CSCD,,,,http://www.wikidata.org/entity/Q5048150,,,CSCD
Q5048400,Casella Waste Systems,Nasdaq,CWST,waste management,,,http://www.wikidata.org/entity/Q5048400,,,CWST
Q5048636,FirstCash,New York Stock Exchange,FCFS,retail,,,http://www.wikidata.org/entity/Q5048636,,,FCFS
Q5050852,Destination XL Group,Nasdaq,DXLG,retail,,,http://www.wikidata.org/entity/Q5050852,,,DXLG
Q5051394,Catamaran Corporation,Nasdaq,,pharmacy benefits manager,,,http://www.wikidata.org/entity/Q5051394,,,
Q5055187,Cavium,Nasdaq,CAVM,,,,http://www.wikidata.org/entity/Q5055187,,,CAVM
Q5055619,Cbeyond,Nasdaq,,,,,http://www.wikidata.org/entity/Q5055619,,,
Q5056859,Cedar Realty Trust,New York Stock Exchange,,,,,http://www.wikidata.org/entity/Q5056859,,,
Q5057419,Celadon Group,New York Stock Exchange,CGI,transport,,,http://www.wikidata.org/entity/Q5057419,,,CGI
Q5058678,Cementos Pacasmayo,New York Stock Exchange,CPAC,,,,http://www.wikidata.org/entity/Q5058678,,,CPAC
Q5059102,Centene Corporation,New York Stock Exchange,CNC,health care,,,http://www.wikidata.org/entity/Q5059102,144547000000.0,2022-01-01 00:00:00+00:00,CNC
Q5061578,Central Pacific Bank,New York Stock Exchange,CPF,,,,http://www.wikidata.org/entity/Q5061578,,,CPF
Q5063092,Lumen Technologies,New York Stock Exchange,LUMN,technology company,,,http://www.wikidata.org/entity/Q5063092,17478000000.0,2022-01-01 00:00:00+00:00,LUMN
Q5063137,Century Casinos,Nasdaq,CNTY,gambling,,,http://www.wikidata.org/entity/Q5063137,,,CNTY
Q5063604,Ceradyne,Nasdaq,,,,,http://www.wikidata.org/entity/Q5063604,,,
Q5063615,Ceragon,Nasdaq,CRNT,telecommunications,,,http://www.wikidata.org/entity/Q5063615,,,CRNT
Q5064245,"Dayforce, Inc.",New York Stock Exchange,DAY,,,,http://www.wikidata.org/entity/Q5064245,,,DAY
Q507154,Novartis,New York Stock Exchange,NVS,chemical industry,172750000000.0,2017-01-01 00:00:00+00:00,http://www.wikidata.org/entity/Q507154,,,NVS
Q5072155,Changyou,Nasdaq,CYOU,video game industry,,,http://www.wikidata.org/entity/Q5072155,,,CYOU
Q507306,Nasdaq-100,Nasdaq,QQQ,,,,http://www.wikidata.org/entity/Q507306,,,QQQ
Q5082076,Charles River Laboratories,New York Stock Exchange,CRL,,,,http://www.wikidata.org/entity/Q5082076,,,CRL
Q5089169,Checkpoint Systems,New York Stock Exchange,CKP,,,,http://www.wikidata.org/entity/Q5089169,,,CKP
Q5089544,Chegg,New York Stock Exchange,CHGG,educational technology,,,http://www.wikidata.org/entity/Q5089544,,,CHGG
Q5090406,Chemical Financial Corporation,Nasdaq,CHFC,,,,http://www.wikidata.org/entity/Q5090406,,,CHFC
Q5090664,Chemtura,New York Stock Exchange,CHMT,chemical industry,,,http://www.wikidata.org/entity/Q5090664,,,CHMT
Q509255,Buffalo Wild Wings,Nasdaq,BWLD,fast food,,,http://www.wikidata.org/entity/Q509255,,,BWLD
Q5092882,Chesapeake Utilities,New York Stock Exchange,CPK,,,,http://www.wikidata.org/entity/Q5092882,,,CPK
Q5095516,Chicago Bridge & Iron Company,New York Stock Exchange,CBI,,,,http://www.wikidata.org/entity/Q5095516,,,CBI
Q5096393,Chico's FAS,New York Stock Exchange,CHS,retail,,,http://www.wikidata.org/entity/Q5096393,,,CHS
Q5098617,Childs Restaurants,Nasdaq,SNSTA,restaurant,,,http://www.wikidata.org/entity/Q5098617,,,SNSTA
Q5099546,ChinaCache,Nasdaq,CCIH,,,,http://www.wikidata.org/entity/Q5099546,,,CCIH
Q5099579,China Automotive Systems,Nasdaq,CAAS,,,,http://www.wikidata.org/entity/Q5099579,,,CAAS
Q5099601,"China Biologic Products, Inc.",Nasdaq,CBPO,biotechnology,,,http://www.wikidata.org/entity/Q5099601,,,CBPO
Q5099683,China Fire and Security Group,Nasdaq,CSFG,,,,http://www.wikidata.org/entity/Q5099683,,,CSFG
Q5099702,China Green Agriculture,New York Stock Exchange,,,,,http://www.wikidata.org/entity/Q5099702,,,
Q5099719,China Housing and Land Development,Nasdaq,CHLN,construction,,,http://www.wikidata.org/entity/Q5099719,,,CHLN
Q5099817,China Nepstar,New York Stock Exchange,NPD,pharmaceutical industry,,,http://www.wikidata.org/entity/Q5099817,,,NPD
Q5099924,China Sunergy,Nasdaq,CSUN,,,,http://www.wikidata.org/entity/Q5099924,,,CSUN
Q5104985,Chordiant,Nasdaq,CHRD,software industry,,,http://www.wikidata.org/entity/Q5104985,,,CHRD
Q5111816,Christopher & Banks,New York Stock Exchange,,retail,,,http://www.wikidata.org/entity/Q5111816,,,
Q5116536,Church & Dwight,New York Stock Exchange,CHD,,,,http://www.wikidata.org/entity/Q5116536,,,CHD
Q5118174,Churchill Downs Incorporated,Nasdaq,CHDN,gambling industry,,,http://www.wikidata.org/entity/Q5118174,,,CHDN
Q5118415,Chuy's,Nasdaq,CHUY,restaurant,,,http://www.wikidata.org/entity/Q5118415,,,CHUY
Q5118603,Chyron Corporation,Nasdaq,CHYR,,,,http://www.wikidata.org/entity/Q5118603,,,CHYR
Q5119048,CI&T,New York Stock Exchange,CINT,,,,http://www.wikidata.org/entity/Q5119048,,,CINT
Q5120216,Altafiber,New York Stock Exchange,,telecommunications,,,http://www.wikidata.org/entity/Q5120216,,,
Q5120253,Cincinnati Financial,Nasdaq,CINF,insurance,,,http://www.wikidata.org/entity/Q5120253,6557000000.0,2022-01-01 00:00:00+00:00,CINF
Q5122438,Citi Trends,Nasdaq,CTRN,retail,,,http://www.wikidata.org/entity/Q5122438,,,CTRN
Q5122694,Citizens Financial Group,New York Stock Exchange,CFG,economics of banking,,,http://www.wikidata.org/entity/Q5122694,8021000000.0,2022-01-01 00:00:00+00:00,CFG
Q5123314,City National Bank,New York Stock Exchange,CYN,,,,http://www.wikidata.org/entity/Q5123314,,,CYN
Q5124096,Citysearch,Nasdaq,IACI,,,,http://www.wikidata.org/entity/Q5124096,,,IACI
Q5127720,Claro Colombia,Nasdaq,AMOV,telecommunications,,,http://www.wikidata.org/entity/Q5127720,,,AMOV
Q5130494,Clean Harbors,New York Stock Exchange,CLH,waste management,,,http://www.wikidata.org/entity/Q5130494,,,CLH
Q5130656,Clear Channel Outdoor,New York Stock Exchange,CCO,mass media,,,http://www.wikidata.org/entity/Q5130656,,,CCO
Q5130952,Clearwater Paper,New York Stock Exchange,CLW,pulp and paper industry,,,http://www.wikidata.org/entity/Q5130952,,,CLW
Q5130975,Clearwire,Nasdaq,,telecommunications,,,http://www.wikidata.org/entity/Q5130975,,,
Q5132065,Cleveland BioLabs,Nasdaq,CBLI,,,,http://www.wikidata.org/entity/Q5132065,,,CBLI
Q5132401,ClickSoftware Technologies,Nasdaq,CKSW,business software,,,http://www.wikidata.org/entity/Q5132401,,,CKSW
Q5133094,Cleveland-Cliffs,New York Stock Exchange,CLF,iron and steel industry,,,http://www.wikidata.org/entity/Q5133094,22989000000.0,2022-01-01 00:00:00+00:00,CLF
Q5136077,ClubCorp,Nasdaq,MYCC,,,,http://www.wikidata.org/entity/Q5136077,,,MYCC
Q5139058,Coca-Cola Bottling Co. Consolidated,Nasdaq,COKE,food processing,,,http://www.wikidata.org/entity/Q5139058,,,COKE
Q5140043,Code Rebel,Nasdaq,CDRB,software industry,,,http://www.wikidata.org/entity/Q5140043,,,CDRB
Q5140275,Codexis,Nasdaq,CDXS,protein engineering,,,http://www.wikidata.org/entity/Q5140275,,,CDXS
Q5141641,Coinstar,Nasdaq,OUTR,,,,http://www.wikidata.org/entity/Q5141641,,,OUTR
Q5145786,CollabRx,Nasdaq,CLRX,,,,http://www.wikidata.org/entity/Q5145786,,,CLRX
Q5147194,Colliers International,Nasdaq,CIGI,,,,http://www.wikidata.org/entity/Q5147194,,,CIGI
Q5148361,Colonial Properties,New York Stock Exchange,CLP,real estate investment trust,,,http://www.wikidata.org/entity/Q5148361,,,CLP
Q5150796,CombiMatrix,Nasdaq; New York Stock Exchange,CBMX; NVTA,,,,http://www.wikidata.org/entity/Q5150796,,,CBMX
Q5151691,Comfort Systems USA,New York Stock Exchange,FIX,"heating, ventilation, and air conditioning",,,http://www.wikidata.org/entity/Q5151691,,,FIX
Q5152057,CommScope,Nasdaq,COMM,telecommunications,,,http://www.wikidata.org/entity/Q5152057,,,COMM
Q5152058,CommVault Systems,Nasdaq,CVLT,information technology,,,http://www.wikidata.org/entity/Q5152058,,,CVLT
Q5152411,Commerce Bancshares,Nasdaq,CBSH,financial sector,,,http://www.wikidata.org/entity/Q5152411,,,CBSH
Q5152510,Commercial Metals Company,New York Stock Exchange,CMC,iron and steel industry,,,http://www.wikidata.org/entity/Q5152510,,,CMC
Q5152539,Commercial Vehicle Group,Nasdaq,CVGI,,,,http://www.wikidata.org/entity/Q5152539,,,CVGI
Q5154604,CommunityOne Bank,Nasdaq,COB,bank,,,http://www.wikidata.org/entity/Q5154604,,,COB
Q5154635,"Community Bank, N.A.",New York Stock Exchange,CBU,economics of banking,,,http://www.wikidata.org/entity/Q5154635,,,CBU
Q5154770,Community Health Systems,New York Stock Exchange,CYH,health care industry,,,http://www.wikidata.org/entity/Q5154770,,,CYH
Q5156101,Compass Minerals,New York Stock Exchange,CMP,mining industry,,,http://www.wikidata.org/entity/Q5156101,,,CMP
Q5157220,Compugen Ltd.,Nasdaq,CGEN,biotechnology,271222000.0,2022-11-15 00:00:00+00:00,http://www.wikidata.org/entity/Q5157220,,,CGEN
Q5158443,Conceptus Inc.,Nasdaq,CPTS,,,,http://www.wikidata.org/entity/Q5158443,,,CPTS
Q515869,Starz Entertainment,New York Stock Exchange,LGF,show business,3430000000.0,2022-03-29 00:00:00+00:00,http://www.wikidata.org/entity/Q515869,3604300000.0,2022-01-01 00:00:00+00:00,LGF
Q5158765,Concord,Nasdaq,LENS,,,,http://www.wikidata.org/entity/Q5158765,,,LENS
Q5159089,SAP Concur,Nasdaq,,software industry,,,http://www.wikidata.org/entity/Q5159089,,,
Q5161257,Conn's,Nasdaq,CONN,retail,,,http://www.wikidata.org/entity/Q5161257,,,CONN
Q5162777,Conseco,New York Stock Exchange,CNO,financial services,,,http://www.wikidata.org/entity/Q5162777,,,CNO
Q5163278,Consolidated Graphics,New York Stock Exchange,CGX,,,,http://www.wikidata.org/entity/Q5163278,,,CGX
Q5163620,Constant Contact,Nasdaq,CTCT,online advertising,,,http://www.wikidata.org/entity/Q5163620,,,CTCT
Q5165314,Continental Resources,New York Stock Exchange,CLR,petroleum industry,,,http://www.wikidata.org/entity/Q5165314,9473708000.0,2022-01-01 00:00:00+00:00,CLR
Q5165812,Control4,Nasdaq,CTRL,home automation,,,http://www.wikidata.org/entity/Q5165812,,,CTRL
Q5167736,Cooper-Standard Automotive,New York Stock Exchange,CPS,,,,http://www.wikidata.org/entity/Q5167736,,,CPS
Q5168189,Copa Holdings,New York Stock Exchange,CPA,,,,http://www.wikidata.org/entity/Q5168189,,,CPA
Q5169368,CorVel Corporation,Nasdaq,CRVL,,,,http://www.wikidata.org/entity/Q5169368,,,CRVL
Q5170128,Core-Mark,Nasdaq,CORE,,,,http://www.wikidata.org/entity/Q5170128,,,CORE
Q5170137,CoreLogic,New York Stock Exchange,,financial services,,,http://www.wikidata.org/entity/Q5170137,,,
Q5170140,CoreSite,New York Stock Exchange,,real estate investment trust,,,http://www.wikidata.org/entity/Q5170140,,,
Q5170174,Core Laboratories,New York Stock Exchange,CLB,petroleum industry,,,http://www.wikidata.org/entity/Q5170174,,,CLB
Q5170685,Corinthian Colleges,Nasdaq,,for-profit education,,,http://www.wikidata.org/entity/Q5170685,,,
Q5172422,Corporate Office Properties Trust,New York Stock Exchange,CDP,real estate investment trust,,,http://www.wikidata.org/entity/Q5172422,,,CDP
Q5173417,Corus Bankshares,Nasdaq,CORSQ,,,,http://www.wikidata.org/entity/Q5173417,,,CORSQ
Q5173965,Xively,Nasdaq,LOGM,software industry,,,http://www.wikidata.org/entity/Q5173965,,,LOGM
Q51744,AutoNavi Holdings Limited,Nasdaq,AMAP,,,,http://www.wikidata.org/entity/Q51744,80000000.0,2010-01-01 00:00:00+00:00,AMAP
Q5175243,Così,Nasdaq,COSI,hospitality industry,,,http://www.wikidata.org/entity/Q5175243,,,COSI
Q5176149,ChargePoint,New York Stock Exchange,CHPT,charging station,,,http://www.wikidata.org/entity/Q5176149,,,CHPT
Q5176904,CounterPath Corporation,Nasdaq,,,21500000.0,2022-03-05 00:00:00+00:00,http://www.wikidata.org/entity/Q5176904,12100000.0,2020-01-01 00:00:00+00:00,
Q5177980,Coupa,Nasdaq,COUP,software industry,,,http://www.wikidata.org/entity/Q5177980,,,COUP
Q5178840,Cousins Properties,New York Stock Exchange,CUZ,,,,http://www.wikidata.org/entity/Q5178840,,,CUZ
Q5178891,Covanta,New York Stock Exchange,CVA,waste management,,,http://www.wikidata.org/entity/Q5178891,,,CVA
Q5179012,Covenant Transport,Nasdaq,CVTI,transport,,,http://www.wikidata.org/entity/Q5179012,,,CVTI
Q5179371,Covisint,Nasdaq,COVS,information technology,,,http://www.wikidata.org/entity/Q5179371,,,COVS
Q518016,Unisys,New York Stock Exchange,UIS,IT service management,,,http://www.wikidata.org/entity/Q518016,,,UIS
Q5182000,Crane Co.,New York Stock Exchange,CR,mechanical engineering,,,http://www.wikidata.org/entity/Q5182000,,,CR
Q5182813,Crawford & Company,New York Stock Exchange,,,,,http://www.wikidata.org/entity/Q5182813,,,
Q5183828,Wolfspeed,Nasdaq; New York Stock Exchange,WOLF,electronics,,,http://www.wikidata.org/entity/Q5183828,,,WOLF
Q5184408,Crescent Point Energy,New York Stock Exchange,CPG,petroleum industry,,,http://www.wikidata.org/entity/Q5184408,,,CPG
Q5185100,Cricut,Nasdaq,CRCT,consumer electronics industry,,,http://www.wikidata.org/entity/Q5185100,,,CRCT
Q5189320,Crown Castle International Corp.,New York Stock Exchange,CCI,telecommunications,,,http://www.wikidata.org/entity/Q5189320,,,CCI
Q5189378,Crown Holdings,New York Stock Exchange,CCK,product packaging industry,,,http://www.wikidata.org/entity/Q5189378,,,CCK
Q5189410,Hallmark Media,Nasdaq,CRWN,television,,,http://www.wikidata.org/entity/Q5189410,,,CRWN
Q5189420,Crown Pacific Partners,Nasdaq,CRPP,,,,http://www.wikidata.org/entity/Q5189420,,,CRPP
Q5190041,Crumbs Bake Shop,Nasdaq,CRMB,bakery,,,http://www.wikidata.org/entity/Q5190041,,,CRMB
Q5190505,CryoLife,New York Stock Exchange,AORT,,,,http://www.wikidata.org/entity/Q5190505,,,AORT
Q5191790,Trip.com Group,Nasdaq,TCOM,tourism industry,,,http://www.wikidata.org/entity/Q5191790,,,TCOM
Q5192200,CubeSmart,New York Stock Exchange,CUBE,self storage,,,http://www.wikidata.org/entity/Q5192200,,,CUBE
Q5192265,Cubist Pharmaceuticals,Nasdaq,CBST,,,,http://www.wikidata.org/entity/Q5192265,,,CBST
Q5194189,Cumulus Media,Nasdaq,CMLS,news media,,,http://www.wikidata.org/entity/Q5194189,,,CMLS
Q5196929,Cutter & Buck,Nasdaq,CBUK,,,,http://www.wikidata.org/entity/Q5196929,,,CBUK
Q5197142,Cvent,New York Stock Exchange,CVT,event management,,,http://www.wikidata.org/entity/Q5197142,,,CVT
Q5197666,CyberArk,Nasdaq,CYBR,information technology,,,http://www.wikidata.org/entity/Q5197666,,,CYBR
Q5197796,Cyberian Outpost,Nasdaq,COOL,e-commerce,,,http://www.wikidata.org/entity/Q5197796,,,COOL
Q5198104,Cyclacel,Nasdaq,CYCC,pharmaceutical industry,,,http://www.wikidata.org/entity/Q5198104,,,CYCC
Q5201295,CytRx,Nasdaq,CYTR,pharmaceutical industry,,,http://www.wikidata.org/entity/Q5201295,,,CYTR
Q5201300,Cytec Industries,New York Stock Exchange,CYT,composite material,,,http://www.wikidata.org/entity/Q5201300,,,CYT
Q5203782,D. R. Horton,New York Stock Exchange,DHI,construction,,,http://www.wikidata.org/entity/Q5203782,33480000000.0,2022-01-01 00:00:00+00:00,DHI
Q5204430,DBV Technologies,Nasdaq,DBVT,biotechnology,,,http://www.wikidata.org/entity/Q5204430,,,DBVT
Q5204836,DELiA*s,Nasdaq,,retail,,,http://www.wikidata.org/entity/Q5204836,,,
Q5204878,DEX One,New York Stock Exchange,,,,,http://www.wikidata.org/entity/Q5204878,,,
Q5204989,DG,Nasdaq,SZMK,digital media,,,http://www.wikidata.org/entity/Q5204989,,,SZMK
Q5206170,DSP Group,Nasdaq,DSPG,Voice over IP,,,http://www.wikidata.org/entity/Q5206170,,,DSPG
Q5206198,DST Systems,New York Stock Exchange,DST,corporate services,,,http://www.wikidata.org/entity/Q5206198,,,DST
Q5206207,Designer Brands,New York Stock Exchange,DSW,retail,,,http://www.wikidata.org/entity/Q5206207,,,DSW
Q5206232,DTE Energy,New York Stock Exchange,DTE,energy industry,,,http://www.wikidata.org/entity/Q5206232,19228000000.0,2022-01-01 00:00:00+00:00,DTE
Q5206304,DUSA Pharmaceuticals,Nasdaq,,,,,http://www.wikidata.org/entity/Q5206304,,,
Q5207184,DaVita,New York Stock Exchange,DVA,health care industry,,,http://www.wikidata.org/entity/Q5207184,,,DVA
Q5209286,Daily Journal Corporation,Nasdaq,DJCO,publishing,,,http://www.wikidata.org/entity/Q5209286,,,DJCO
Q5214701,Dana Corporation,New York Stock Exchange,DAN,automotive industry,,,http://www.wikidata.org/entity/Q5214701,,,DAN
Q5215970,Dangdang,New York Stock Exchange,DANG,retail,,,http://www.wikidata.org/entity/Q5215970,,,DANG
Q5220519,Mandiant,Nasdaq,MNDT,computer security,,,http://www.wikidata.org/entity/Q5220519,,,MNDT
Q522617,Invesco,New York Stock Exchange,IVZ,financial services,,,http://www.wikidata.org/entity/Q522617,,,IVZ
Q5227174,Data I/O,Nasdaq,DAIO,electronics,,,http://www.wikidata.org/entity/Q5227174,,,DAIO
Q5227485,Dataram,Nasdaq,DRAM,technology,,,http://www.wikidata.org/entity/Q5227485,,,DRAM
Q5228205,Dave & Buster's,Nasdaq,PLAY,gastronomy,,,http://www.wikidata.org/entity/Q5228205,,,PLAY
Q5244154,Covista,New York Stock Exchange,DV,education,,,http://www.wikidata.org/entity/Q5244154,,,DV
Q524989,NCR Corporation,New York Stock Exchange,VYX,information and communications technology,,,http://www.wikidata.org/entity/Q524989,4610000000.0,2009-01-01 00:00:00+00:00,VYX
Q5253556,"Delcath Systems, Inc.",Nasdaq,,,,,http://www.wikidata.org/entity/Q5253556,,,
Q5253739,Delhi Cloth Mills,New York Stock Exchange,,,,,http://www.wikidata.org/entity/Q5253739,,,
Q5254632,Delta Financial Corporation,Nasdaq,DFC,,,,http://www.wikidata.org/entity/Q5254632,,,DFC
Q5254843,Deltek,Nasdaq,PROJ,software development,,,http://www.wikidata.org/entity/Q5254843,,,PROJ
Q5254919,Deluxe Corporation,New York Stock Exchange,DLX,corporate services,,,http://www.wikidata.org/entity/Q5254919,,,DLX
Q5255025,Leaf Group,New York Stock Exchange,LEAF,online service,,,http://www.wikidata.org/entity/Q5255025,,,LEAF
Q5255058,Demandware,New York Stock Exchange,,e-commerce,,,http://www.wikidata.org/entity/Q5255058,,,
Q5256667,Dendreon,Nasdaq,DNDN,,,,http://www.wikidata.org/entity/Q5256667,,,DNDN
Q52618,Ericsson,Nasdaq,ERIC,information and communications technology,,,http://www.wikidata.org/entity/Q52618,,,ERIC
Q5265143,Destination Maternity Corporation,Nasdaq,DEST,retail,,,http://www.wikidata.org/entity/Q5265143,,,DEST
Q5270794,Diamond Foods,Nasdaq,DMND,fast-moving consumer goods,,,http://www.wikidata.org/entity/Q5270794,,,DMND
Q5270883,Diamond Offshore Drilling,New York Stock Exchange,DO,petroleum industry,,,http://www.wikidata.org/entity/Q5270883,,,DO
Q5270905,Diamond Resorts,New York Stock Exchange,,timeshare,,,http://www.wikidata.org/entity/Q5270905,,,
Q5272335,dice.com,New York Stock Exchange,DHX,,,,http://www.wikidata.org/entity/Q5272335,,,DHX
Q5272601,Dick's Sporting Goods,New York Stock Exchange,DKS,retail,,,http://www.wikidata.org/entity/Q5272601,,,DKS
Q5275716,Digi International,Nasdaq,DGII,computer hardware industry,,,http://www.wikidata.org/entity/Q5275716,,,DGII
Q5275736,Digimarc,Nasdaq,DMRC,,,,http://www.wikidata.org/entity/Q5275736,22987000.0,2019-01-01 00:00:00+00:00,DMRC
Q5275969,Digital Realty Trust,New York Stock Exchange,DLR,real estate investment trust,,,http://www.wikidata.org/entity/Q5275969,,,DLR
Q5275978,Digital River,Nasdaq,,e-commerce,,,http://www.wikidata.org/entity/Q5275978,,,
Q5277215,Dime Community Bank,Nasdaq,DCOM,financial sector,,,http://www.wikidata.org/entity/Q5277215,,,DCOM
Q5278020,Dine Brands Global,New York Stock Exchange,DIN,restaurant industry,,,http://www.wikidata.org/entity/Q5278020,,,DIN
Q5279096,Diodes Incorporated,Nasdaq,DIOD,Semiconductor industry in the US,,,http://www.wikidata.org/entity/Q5279096,,,DIOD
Q5281775,Discover Financial,New York Stock Exchange,DFS,financial services,,,http://www.wikidata.org/entity/Q5281775,12864000000.0,2022-01-01 00:00:00+00:00,DFS
Q52825,ABB Group,New York Stock Exchange,ABB,electrical engineering,51603000000.0,2022-07-15 00:00:00+00:00,http://www.wikidata.org/entity/Q52825,28945000000.0,2021-12-31 00:00:00+00:00,ABB
Q5287613,Docusign,Nasdaq,DOCU,business software industry,,,http://www.wikidata.org/entity/Q5287613,,,DOCU
Q52876645,Mastech Digital,New York Stock Exchange,MHH,,,,http://www.wikidata.org/entity/Q52876645,,,MHH
Q5289230,Dollar Tree,Nasdaq,DLTR,retail,,,http://www.wikidata.org/entity/Q5289230,28331700000.0,2022-01-01 00:00:00+00:00,DLTR
Q5289622,Dolphin Entertainment,Nasdaq,DLPN,,,,http://www.wikidata.org/entity/Q5289622,,,DLPN
Q5291323,Domo,Nasdaq,DOMO,business software industry,,,http://www.wikidata.org/entity/Q5291323,,,DOMO
Q529157,Frontline,New York Stock Exchange,FRO,shipping,,,http://www.wikidata.org/entity/Q529157,,,FRO
Q5295362,Donaldson Company,New York Stock Exchange,DCI,gas turbine,,,http://www.wikidata.org/entity/Q5295362,,,DCI
Q5297502,Doral Financial Corporation,New York Stock Exchange,,bank,,,http://www.wikidata.org/entity/Q5297502,,,
Q5302482,Dover Downs,New York Stock Exchange,,,,,http://www.wikidata.org/entity/Q5302482,,,
Q5302508,Dover Motorsports Incorporated,New York Stock Exchange,DVD,,,,http://www.wikidata.org/entity/Q5302508,,,DVD
Q5303699,Doximity,New York Stock Exchange,DOCS,online service provider,,,http://www.wikidata.org/entity/Q5303699,,,DOCS
Q5307031,Ascena Retail Group,Nasdaq,ASNA,retail,,,http://www.wikidata.org/entity/Q5307031,,,ASNA
Q5307081,Dresser-Rand Group,New York Stock Exchange,,industrial manufacturing,,,http://www.wikidata.org/entity/Q5307081,,,
Q5309468,DryShips Inc,Nasdaq,DRYS,freight transport,,,http://www.wikidata.org/entity/Q5309468,,,DRYS
Q53108351,Mytheresa,New York Stock Exchange,MYTE,e-commerce,,,http://www.wikidata.org/entity/Q53108351,,,MYTE
Q5311573,Ducommun,New York Stock Exchange,DCO,,,,http://www.wikidata.org/entity/Q5311573,,,DCO
Q5312314,Duff & Phelps,New York Stock Exchange,,financial services,,,http://www.wikidata.org/entity/Q5312314,,,
Q5315909,Duoyuan Global Water,New York Stock Exchange,,,,,http://www.wikidata.org/entity/Q5315909,,,
Q5317253,Dutch Bros. Coffee,New York Stock Exchange,BROS,retail,,,http://www.wikidata.org/entity/Q5317253,,,BROS
Q5318916,Dynamic Materials Corporation,Nasdaq,BOOM,,,,http://www.wikidata.org/entity/Q5318916,,,BOOM
Q5319050,Dynamics Research Corporation,Nasdaq,DRCO,weapons industry,,,http://www.wikidata.org/entity/Q5319050,,,DRCO
Q5322725,ECOtality,Nasdaq,,hybrid vehicle,,,http://www.wikidata.org/entity/Q5322725,,,
Q5323107,eHealthInsurance,Nasdaq,EHTH,insurance,,,http://www.wikidata.org/entity/Q5323107,,,EHTH
Q5323340,eLong,Nasdaq,LONG,travel agency,,,http://www.wikidata.org/entity/Q5323340,,,LONG
Q5323987,EQT,New York Stock Exchange,EQT,petroleum industry,,,http://www.wikidata.org/entity/Q5323987,,,EQT
Q5324511,eTelecare,Nasdaq,ETEL,business process outsourcing,,,http://www.wikidata.org/entity/Q5324511,,,ETEL
Q5324516,eToro,Nasdaq,ETOR,information technology,,,http://www.wikidata.org/entity/Q5324516,217000000.0,2025-05-01 00:00:00+00:00,ETOR
Q5324689,EXL,Nasdaq,EXLS,,,,http://www.wikidata.org/entity/Q5324689,,,EXLS
Q5324749,EZCorp,Nasdaq,EZPW,,,,http://www.wikidata.org/entity/Q5324749,,,EZPW
Q5324767,EZchip Semiconductor,Nasdaq,EZCH,semiconductor industry,,,http://www.wikidata.org/entity/Q5324767,,,EZCH
Q5324991,EagleBank,Nasdaq,EGBN,financial services,,,http://www.wikidata.org/entity/Q5324991,,,EGBN
Q53268,Toyota,New York Stock Exchange,TM,automotive industry,249042000000.0,2025-05-01 00:00:00+00:00,http://www.wikidata.org/entity/Q53268,410890000000.0,2024-01-01 00:00:00+00:00,TM
Q5329659,East West Bancorp,Nasdaq,EWBC,,,,http://www.wikidata.org/entity/Q5329659,,,EWBC
Q5330003,Eastern Bank,Nasdaq,EBC,bank,,,http://www.wikidata.org/entity/Q5330003,,,EBC
Q53308720,Roivant,Nasdaq,ROIV,pharmaceutical industry,,,http://www.wikidata.org/entity/Q53308720,,,ROIV
Q53308751,Guardant Health,Nasdaq,GH,biotechnology,,,http://www.wikidata.org/entity/Q53308751,,,GH
Q5331380,Eaton Vance,New York Stock Exchange,EV,financial services,,,http://www.wikidata.org/entity/Q5331380,,,EV
Q5333046,Eclipsys,Nasdaq,ECLP,health information technology,,,http://www.wikidata.org/entity/Q5333046,,,ECLP
Q533415,Best Buy,New York Stock Exchange,BBY,retail,,,http://www.wikidata.org/entity/Q533415,46298000000.0,2022-01-01 00:00:00+00:00,BBY
Q5337641,Edgewell Personal Care,New York Stock Exchange,EPC,hygiene,,,http://www.wikidata.org/entity/Q5337641,,,EPC
Q5337851,Edgewater Technology,Nasdaq,EDGW,,,,http://www.wikidata.org/entity/Q5337851,,,EDGW
Q5340849,EducationCity,Nasdaq,ARCL,educational software,,,http://www.wikidata.org/entity/Q5340849,,,ARCL
Q5340903,Education Management Corporation,Nasdaq,EDMC,for-profit education,,,http://www.wikidata.org/entity/Q5340903,,,EDMC
Q5349788,Einstein Bros. Bagels,Nasdaq,,restaurant industry,,,http://www.wikidata.org/entity/Q5349788,,,
Q5351770,El Paso Electric,New York Stock Exchange,EE,electricity supply company,,,http://www.wikidata.org/entity/Q5351770,,,EE
Q5353752,Elbit Imaging Ltd.,Nasdaq,EMITF,medical imaging,43887000.0,2022-11-15 00:00:00+00:00,http://www.wikidata.org/entity/Q5353752,,,EMITF
Q5357940,Electro Scientific Industries,Nasdaq,ESIO,electronics,,,http://www.wikidata.org/entity/Q5357940,,,ESIO
Q5358494,Electronics for Imaging,Nasdaq,EFII,,,,http://www.wikidata.org/entity/Q5358494,,,EFII
Q5362061,VLSI Technology,Nasdaq,VLSI,electronics,,,http://www.wikidata.org/entity/Q5362061,,,VLSI
Q5362329,"Elizabeth Arden, Inc.",Nasdaq,RDEN,,,,http://www.wikidata.org/entity/Q5362329,,,RDEN
Q5367351,Elron Ventures Ltd,Nasdaq,,health technology,489198000.0,2022-11-15 00:00:00+00:00,http://www.wikidata.org/entity/Q5367351,,,
Q5370289,EMCOR,New York Stock Exchange,EME,engineering,,,http://www.wikidata.org/entity/Q5370289,,,EME
Q5370757,Emergent,New York Stock Exchange,EBS,pharmaceutical industry,,,http://www.wikidata.org/entity/Q5370757,,,EBS
Q5370829,Emeritus Assisted Living,New York Stock Exchange,ESC,Senior living,,,http://www.wikidata.org/entity/Q5370829,,,ESC
Q5370909,Vertiv,New York Stock Exchange,VRT,industrial manufacturing,,,http://www.wikidata.org/entity/Q5370909,10229900000.0,2025-01-01 00:00:00+00:00,VRT
Q5373589,Emmis Communications,Nasdaq,EMMS,broadcasting,,,http://www.wikidata.org/entity/Q5373589,114131000.0,2019-01-01 00:00:00+00:00,EMMS
Q5374070,Empire District Electric Company,New York Stock Exchange,,,,,http://www.wikidata.org/entity/Q5374070,,,
Q5374115,Empire Resorts,Nasdaq,NYNY,gambling,,,http://www.wikidata.org/entity/Q5374115,,,NYNY
Q5374879,Emulex,New York Stock Exchange,ELX,,,,http://www.wikidata.org/entity/Q5374879,,,ELX
Q5375543,Encore Capital Group,Nasdaq,ECPG,financial services,,,http://www.wikidata.org/entity/Q5375543,,,ECPG
Q5376211,Endo International plc,Nasdaq,ENDP,pharmaceutical industry,,,http://www.wikidata.org/entity/Q5376211,,,ENDP
Q5376661,Endurance International Group,Nasdaq,EIGI,internet hosting service,,,http://www.wikidata.org/entity/Q5376661,,,EIGI
Q5376815,Enel X,Nasdaq,ENOC,Energy,,,http://www.wikidata.org/entity/Q5376815,,,ENOC
Q5376825,Energen,New York Stock Exchange,EGN,petroleum industry,,,http://www.wikidata.org/entity/Q5376825,,,EGN
Q5376884,EnergySolutions,New York Stock Exchange,,,,,http://www.wikidata.org/entity/Q5376884,,,
Q5376911,Energy Conversion Devices,Nasdaq,ENER,,,,http://www.wikidata.org/entity/Q5376911,,,ENER
Q5376971,Energy Recovery Inc.,Nasdaq,ERII,,,,http://www.wikidata.org/entity/Q5376971,,,ERII
Q5376999,Energy Transfer Equity,New York Stock Exchange,ET,energy industry,,,http://www.wikidata.org/entity/Q5376999,89876000000.0,2022-01-01 00:00:00+00:00,ET
Q5377000,Energy Transfer,New York Stock Exchange,ETP,petroleum industry,,,http://www.wikidata.org/entity/Q5377000,82671000000.0,2024-01-01 00:00:00+00:00,ETP
Q5379929,Valaris plc,New York Stock Exchange,VAL,petroleum industry,,,http://www.wikidata.org/entity/Q5379929,,,VAL
Q5380128,Entegris,Nasdaq,ENTG,,,,http://www.wikidata.org/entity/Q5380128,,,ENTG
Q5380195,"Audacy, Inc.",New York Stock Exchange,AUD,broadcasting,,,http://www.wikidata.org/entity/Q5380195,,,AUD
Q5380346,Enterprise Products,New York Stock Exchange,EPD,petroleum industry,,,http://www.wikidata.org/entity/Q5380346,58186000000.0,2022-01-01 00:00:00+00:00,EPD
Q5380687,Entravision Communications,New York Stock Exchange,EVC,mass media,,,http://www.wikidata.org/entity/Q5380687,,,EVC
Q538203,Patterson Companies,Nasdaq,PDCO,,,,http://www.wikidata.org/entity/Q538203,,,PDCO
Q5383792,Epocrates,Nasdaq,,,,,http://www.wikidata.org/entity/Q5383792,,,
Q5384453,Equifax,New York Stock Exchange,EFX,,,,http://www.wikidata.org/entity/Q5384453,,,EFX
Q5384678,Equity Media Holdings,Nasdaq,EMDAQ,broadcasting,,,http://www.wikidata.org/entity/Q5384678,,,EMDAQ
Q5384681,Equity One,New York Stock Exchange,,real estate investment trust,,,http://www.wikidata.org/entity/Q5384681,,,
Q5388314,Erie Insurance Group,Nasdaq,ERIE,insurance,,,http://www.wikidata.org/entity/Q5388314,,,ERIE
Q539056,MDC Partners,Nasdaq,MDCA,advertising,,,http://www.wikidata.org/entity/Q539056,,,MDCA
Q5395348,Eros International,New York Stock Exchange,,entertainment,,,http://www.wikidata.org/entity/Q5395348,,,
Q5398941,Esperion Therapeutics,Nasdaq,ESPR,pharmaceutical industry,,,http://www.wikidata.org/entity/Q5398941,,,ESPR
Q5402870,Ethan Allen,New York Stock Exchange,ETD,furniture,,,http://www.wikidata.org/entity/Q5402870,,,ETD
Q540891,Nielsen Company,New York Stock Exchange,NLSN,information industry,,,http://www.wikidata.org/entity/Q540891,,,NLSN
Q541076,AngloGold Ashanti,New York Stock Exchange,AU,mining,10951299302.0,2021-11-18 00:00:00+00:00,http://www.wikidata.org/entity/Q541076,,,AU
Q5412010,Euronet Worldwide,Nasdaq,EEFT,financial services,,,http://www.wikidata.org/entity/Q5412010,,,EEFT
Q5413426,European Wax Center,Nasdaq,EWCZ,,,,http://www.wikidata.org/entity/Q5413426,,,EWCZ
Q5416738,Eventbrite,New York Stock Exchange,EB,,,,http://www.wikidata.org/entity/Q5416738,,,EB
Q5416802,EverBank,New York Stock Exchange,,financial services,,,http://www.wikidata.org/entity/Q5416802,,,
Q5416929,Evercore Partners,New York Stock Exchange,EVR,financial services,,,http://www.wikidata.org/entity/Q5416929,,,EVR
Q54173,General Electric,New York Stock Exchange,GE,mechanical engineering,114920000000.0,2021-08-26 00:00:00+00:00,http://www.wikidata.org/entity/Q54173,76555000000.0,2022-01-01 00:00:00+00:00,GE
Q5417806,Everyday Health,New York Stock Exchange,,,,,http://www.wikidata.org/entity/Q5417806,,,
Q5419210,Salesforce Marketing Cloud,New York Stock Exchange,,artificial intelligence,,,http://www.wikidata.org/entity/Q5419210,,,
Q5419403,Excel Maritime,New York Stock Exchange,EXM,freight transport,,,http://www.wikidata.org/entity/Q5419403,,,EXM
Q5419989,Exelixis,Nasdaq,EXEL,biotechnology,,,http://www.wikidata.org/entity/Q5419989,,,EXEL
Q5421360,ExploreLearning,Nasdaq,ABCD,,,,http://www.wikidata.org/entity/Q5421360,,,ABCD
Q5421507,Exponent,Nasdaq,FAIL,research,,,http://www.wikidata.org/entity/Q5421507,,,FAIL
Q5421850,Extended Stay America,Nasdaq,STAY,hospitality industry,,,http://www.wikidata.org/entity/Q5421850,,,STAY
Q5422162,Extra Space Storage,New York Stock Exchange,EXR,self storage,,,http://www.wikidata.org/entity/Q5422162,,,EXR
Q5422801,e.l.f. Cosmetics,New York Stock Exchange,ELF,cosmetics industry,,,http://www.wikidata.org/entity/Q5422801,,,ELF
Q5424650,FBL Financial Group,New York Stock Exchange,FFG,life insurance,,,http://www.wikidata.org/entity/Q5424650,,,FFG
Q5424656,FBR Capital Markets,Nasdaq,FBRC,financial institution,,,http://www.wikidata.org/entity/Q5424656,,,FBRC
Q54263910,Vici Properties,New York Stock Exchange,VICI,real property,,,http://www.wikidata.org/entity/Q54263910,,,VICI
Q5426537,FLIR Systems,Nasdaq,FLIR,thermography,,,http://www.wikidata.org/entity/Q5426537,,,FLIR
Q5426582,FLY Leasing,New York Stock Exchange,FLY,financial services,,,http://www.wikidata.org/entity/Q5426582,,,FLY
Q5426765,FNB Corporation,New York Stock Exchange,FNB,economics of banking,,,http://www.wikidata.org/entity/Q5426765,,,FNB
Q5427196,FTI Consulting,New York Stock Exchange,FCN,professional services industry,,,http://www.wikidata.org/entity/Q5427196,,,FCN
Q5429751,FairPoint Communications,Nasdaq,FRP,telecommunications,,,http://www.wikidata.org/entity/Q5429751,,,FRP
Q5430910,Fairway Market,Nasdaq,FWM,retail,,,http://www.wikidata.org/entity/Q5430910,,,FWM
Q5431118,Salem Media Group,Nasdaq,SALM,mass media,,,http://www.wikidata.org/entity/Q5431118,,,SALM
Q5431722,FalconStor Software,Nasdaq,FALC,software industry,,,http://www.wikidata.org/entity/Q5431722,,,FALC
Q5433101,Family Dollar,New York Stock Exchange,FDO,retail,,,http://www.wikidata.org/entity/Q5433101,,,FDO
Q5433448,Famous Dave's,Nasdaq,DAVE,restaurant,,,http://www.wikidata.org/entity/Q5433448,,,DAVE
Q5439999,Federal Agricultural Mortgage Corporation,New York Stock Exchange,AGM,,,,http://www.wikidata.org/entity/Q5439999,,,AGM
Q5440684,Federated Hermes,New York Stock Exchange,FHI,investment management,,,http://www.wikidata.org/entity/Q5440684,,,FHI
Q5445299,Ferrellgas,New York Stock Exchange,FGP,,,,http://www.wikidata.org/entity/Q5445299,,,FGP
Q5445393,Ferro Corporation,New York Stock Exchange,FOE,chemical industry,,,http://www.wikidata.org/entity/Q5445393,,,FOE
Q5446775,Fidelity & Guaranty Life,New York Stock Exchange,FGL,financial services,,,http://www.wikidata.org/entity/Q5446775,,,FGL
Q5446791,Fidelity National Financial,New York Stock Exchange,FNF,,,,http://www.wikidata.org/entity/Q5446791,11556000000.0,2022-01-01 00:00:00+00:00,FNF
Q544847,Qualcomm,Nasdaq,QCOM,radio,188930000000.0,2022-02-18 00:00:00+00:00,http://www.wikidata.org/entity/Q544847,44284000000.0,2025-01-01 00:00:00+00:00,QCOM
Q5450340,Finisar,Nasdaq,msc,,,,http://www.wikidata.org/entity/Q5450340,,,msc
Q5450341,"Finish Line, Inc.",Nasdaq,FINL,retail,,,http://www.wikidata.org/entity/Q5450341,,,FINL
Q5451274,FireEye,Nasdaq,FEYE,computer security,,,http://www.wikidata.org/entity/Q5451274,,,FEYE
Q5452228,FirstMerit Corporation,Nasdaq,FMER,bank,,,http://www.wikidata.org/entity/Q5452228,,,FMER
Q5452290,First American Corporation,New York Stock Exchange,,financial services,,,http://www.wikidata.org/entity/Q5452290,,,
Q5452332,First Bancorp,Nasdaq,FBNC,,,,http://www.wikidata.org/entity/Q5452332,,,FBNC
Q5452333,First BanCorp,New York Stock Exchange,FBP,bank,,,http://www.wikidata.org/entity/Q5452333,,,FBP
Q5452733,First Citizens BancShares,Nasdaq,FCNCA,insurance,,,http://www.wikidata.org/entity/Q5452733,,,FCNCA
Q5452773,First Commonwealth Bank,New York Stock Exchange,FCF,bank,,,http://www.wikidata.org/entity/Q5452773,,,FCF
Q5452775,First Community Bancshares,Nasdaq,FCBC,holding company,,,http://www.wikidata.org/entity/Q5452775,,,FCBC
Q5452995,First Federal Bank of the Midwest,Nasdaq,FDEF,bank,,,http://www.wikidata.org/entity/Q5452995,,,FDEF
Q5453008,First Financial Bank,Nasdaq,THFF,finance,,,http://www.wikidata.org/entity/Q5453008,,,THFF
Q5453106,First Internet Bank of Indiana,Nasdaq,INBK,finance,,,http://www.wikidata.org/entity/Q5453106,,,INBK
Q5453107,First Interstate Bank,Nasdaq,FIBK,financial services,,,http://www.wikidata.org/entity/Q5453107,,,FIBK
Q5453243,First Majestic Silver,New York Stock Exchange,AG,mining,,,http://www.wikidata.org/entity/Q5453243,,,AG
Q5453249,Atlantic Union Bank,New York Stock Exchange,AUB,economics of banking,,,http://www.wikidata.org/entity/Q5453249,,,AUB
Q5453261,First Merchants Corporation,Nasdaq,FRME,,,,http://www.wikidata.org/entity/Q5453261,,,FRME
Q5453330,First Midwest Bancorp,Nasdaq,FMBI,commercial bank,,,http://www.wikidata.org/entity/Q5453330,,,FMBI
Q5453450,First Niagara Bank,Nasdaq,FNFG,bank,,,http://www.wikidata.org/entity/Q5453450,,,FNFG
Q5453752,First Republic Bank,New York Stock Exchange,FRC,financial services,37020000000.0,2021-01-01 00:00:00+00:00,http://www.wikidata.org/entity/Q5453752,5000000000.0,2021-01-01 00:00:00+00:00,FRC
Q5453875,First Horizon Bank,New York Stock Exchange,FHN,financial services,,,http://www.wikidata.org/entity/Q5453875,,,FHN
Q545402,Gruma,New York Stock Exchange,,food processing,,,http://www.wikidata.org/entity/Q545402,,,
Q5454776,Fisher Communications,Nasdaq,FSCI,broadcasting,,,http://www.wikidata.org/entity/Q5454776,,,FSCI
Q5455836,Five Below,Nasdaq,FIVE,discount store,,,http://www.wikidata.org/entity/Q5455836,,,FIVE
Q5457038,Flagstar Bank,New York Stock Exchange,FBC,financial services,,,http://www.wikidata.org/entity/Q5457038,,,FBC
Q5461913,Florists' Transworld Delivery,Nasdaq,FTD,Floral industry,,,http://www.wikidata.org/entity/Q5461913,,,FTD
Q54621346,BiondVax,Nasdaq,BVXV,,,,http://www.wikidata.org/entity/Q54621346,,,BVXV
Q54621387,Intellia Therapeutics,Nasdaq,NTLA,biotechnology,,,http://www.wikidata.org/entity/Q54621387,,,NTLA
Q54622058,Texas Capital Bank,Nasdaq,TCBI,bank,,,http://www.wikidata.org/entity/Q54622058,,,TCBI
Q54622171,Metro City Bank,Nasdaq,MCBS,financial sector,,,http://www.wikidata.org/entity/Q54622171,,,MCBS
Q5462295,Flowers Foods,New York Stock Exchange,FLO,,,,http://www.wikidata.org/entity/Q5462295,,,FLO
Q5464133,Fogo de Chão,Nasdaq,FOGO,gastronomy,,,http://www.wikidata.org/entity/Q5464133,,,FOGO
Q546880,Kinross Gold,New York Stock Exchange,KGC,mining,,,http://www.wikidata.org/entity/Q546880,,,KGC
Q5468821,Forest City Realty Trust,New York Stock Exchange,FCE.B,real estate investment trust,,,http://www.wikidata.org/entity/Q5468821,,,FCE.B
Q5469210,Forestar Group,New York Stock Exchange,FOR,,,,http://www.wikidata.org/entity/Q5469210,,,FOR
Q5470333,Formula Systems (1985) Ltd.,Nasdaq,FORTY,conglomerate,4311923000.0,2022-11-15 00:00:00+00:00,http://www.wikidata.org/entity/Q5470333,,,FORTY
Q5472859,Fortune Brands Home & Security,New York Stock Exchange,FBHS,,,,http://www.wikidata.org/entity/Q5472859,,,FBHS
Q5474321,Foundation Coal,New York Stock Exchange,ANR,mining,,,http://www.wikidata.org/entity/Q5474321,,,ANR
Q547450,Celanese Corporation,New York Stock Exchange,CE,chemical industry,,,http://www.wikidata.org/entity/Q547450,9673000000.0,2022-01-01 00:00:00+00:00,CE
Q5476713,21st Century Fox,Nasdaq,FOXA,journalism,27000000000.0,2016-08-01 00:00:00+00:00,http://www.wikidata.org/entity/Q5476713,,,FOXA
Q5479014,Planar Systems,Nasdaq,PLNR,technology,,,http://www.wikidata.org/entity/Q5479014,,,PLNR
Q5479360,"Macy's, Inc.",New York Stock Exchange,M,retail,,,http://www.wikidata.org/entity/Q5479360,24442000000.0,2022-01-01 00:00:00+00:00,M
Q5484477,Franco-Nevada,New York Stock Exchange,FNV,,,,http://www.wikidata.org/entity/Q5484477,,,FNV
Q54871457,Ribbon Communications,Nasdaq,RBBN,telecommunications,,,http://www.wikidata.org/entity/Q54871457,,,RBBN
Q5491211,FranklinCovey,New York Stock Exchange,FC,,,,http://www.wikidata.org/entity/Q5491211,,,FC
Q54933259,Joby Aviation,New York Stock Exchange,JOBY,aerospace industry,,,http://www.wikidata.org/entity/Q54933259,,,JOBY
Q5494350,Fred's,Nasdaq,FRED,discount store,,,http://www.wikidata.org/entity/Q5494350,,,FRED
Q54953653,B&G Foods,New York Stock Exchange,BGS,food industry,,,http://www.wikidata.org/entity/Q54953653,,,BGS
Q5497414,Frederick Brewing Company,Nasdaq,FRBW,brewing industry,,,http://www.wikidata.org/entity/Q5497414,,,FRBW
Q5501354,FreightCar America,Nasdaq,RAIL,rail transport,,,http://www.wikidata.org/entity/Q5501354,,,RAIL
Q550258,Wendy's,Nasdaq,WEN,fast food,,,http://www.wikidata.org/entity/Q550258,,,WEN
Q5503081,Freshpet,Nasdaq,FRPT,,,,http://www.wikidata.org/entity/Q5503081,,,FRPT
Q5503999,Friend Finder Networks,Nasdaq,FFN,online dating service,,,http://www.wikidata.org/entity/Q5503999,,,FFN
Q5505929,Frontenac Company,New York Stock Exchange,,,,,http://www.wikidata.org/entity/Q5505929,,,
Q5506029,Frontier Oil,New York Stock Exchange,FTO,petroleum industry,,,http://www.wikidata.org/entity/Q5506029,,,FTO
Q5506152,Frost Bank,New York Stock Exchange,CFR,financial services,,,http://www.wikidata.org/entity/Q5506152,,,CFR
Q55075186,Park Hotels & Resorts,New York Stock Exchange,PK,hospitality industry,,,http://www.wikidata.org/entity/Q55075186,,,PK
Q55080120,UiPath,New York Stock Exchange,PATH,software industry,,,http://www.wikidata.org/entity/Q55080120,,,PATH
Q5508083,Full House Resorts,Nasdaq,FLL,gambling,,,http://www.wikidata.org/entity/Q5508083,,,FLL
Q5508431,Fulton Financial Corporation,Nasdaq,FULT,finance,,,http://www.wikidata.org/entity/Q5508431,,,FULT
Q5509271,Funko,Nasdaq,FNKO,game industry,,,http://www.wikidata.org/entity/Q5509271,20000000.0,2012-01-01 00:00:00+00:00,FNKO
Q5511828,G&K Services,Nasdaq,GK,tertiary sector of the economy,,,http://www.wikidata.org/entity/Q5511828,,,GK
Q5512854,GAMCO Investors,New York Stock Exchange,GBL,financial services,,,http://www.wikidata.org/entity/Q5512854,,,GBL
Q5512990,GCI,Nasdaq,GLIBA,telecommunications,,,http://www.wikidata.org/entity/Q5512990,,,GLIBA
Q5513200,GEROVA Financial Group,New York Stock Exchange,,,,,http://www.wikidata.org/entity/Q5513200,,,
Q5514677,International Game Technology,New York Stock Exchange,IGT,gambling,,,http://www.wikidata.org/entity/Q5514677,,,IGT
Q5514784,GTx Incorporated,Nasdaq,GTXI,pharmaceutical industry,,,http://www.wikidata.org/entity/Q5514784,,,GTXI
Q5515077,GXS Inc.,Nasdaq,OTEX,,,,http://www.wikidata.org/entity/Q5515077,,,OTEX
Q5516980,Gaia,Nasdaq,GAIA,video production,,,http://www.wikidata.org/entity/Q5516980,,,GAIA
Q5517210,GAIN Capital,New York Stock Exchange,GCAP,financial services,,,http://www.wikidata.org/entity/Q5517210,,,GCAP
Q5517961,Galápagos NV,Nasdaq,GLPG,pharmaceutical industry,,,http://www.wikidata.org/entity/Q5517961,,,GLPG
Q5518376,Galena Biopharma,Nasdaq,GALE,pharmaceutical industry,,,http://www.wikidata.org/entity/Q5518376,,,GALE
Q552363,Starwood,New York Stock Exchange,HOT,hotel industry,,,http://www.wikidata.org/entity/Q552363,,,HOT
Q552581,SAP,New York Stock Exchange,SAP,software development,,,http://www.wikidata.org/entity/Q552581,31207000000.0,2023-01-01 00:00:00+00:00,SAP
Q5527100,Gates Corporation,New York Stock Exchange,GTES,automotive supplier,,,http://www.wikidata.org/entity/Q5527100,,,GTES
Q5530847,GenVec,Nasdaq,GNVC,pharmaceutical industry,,,http://www.wikidata.org/entity/Q5530847,,,GNVC
Q5530848,GenOn Energy,New York Stock Exchange,GEN,electricity supply company,,,http://www.wikidata.org/entity/Q5530848,,,GEN
Q5531627,Generac Holdings Inc.,New York Stock Exchange,GNRC,industrial manufacturing,,,http://www.wikidata.org/entity/Q5531627,,,GNRC
Q5531683,General American Investors Company,New York Stock Exchange,,,,,http://www.wikidata.org/entity/Q5531683,,,
Q5532704,Genesco,New York Stock Exchange,GCO,,,,http://www.wikidata.org/entity/Q5532704,,,GCO
Q5532813,Genesis HealthCare,New York Stock Exchange,,health care,,,http://www.wikidata.org/entity/Q5532813,,,
Q5533183,Genie Energy,New York Stock Exchange,GNE,petroleum industry,,,http://www.wikidata.org/entity/Q5533183,,,GNE
Q5533602,Gentex,Nasdaq,GNTX,automotive industry,,,http://www.wikidata.org/entity/Q5533602,,,GNTX
Q5533670,Gentiva Health Services,Nasdaq,GTIV,health care,,,http://www.wikidata.org/entity/Q5533670,,,GTIV
Q5533818,Genuine Parts Company,New York Stock Exchange,GPC,,,,http://www.wikidata.org/entity/Q5533818,,,GPC
Q55360040,SiTime,Nasdaq,SITM,,,,http://www.wikidata.org/entity/Q55360040,,,SITM
Q55453962,Ingersoll Rand,New York Stock Exchange,IR,,,,http://www.wikidata.org/entity/Q55453962,,,IR
Q5547514,Axiall Corporation,New York Stock Exchange,AXLL,chemical industry,,,http://www.wikidata.org/entity/Q5547514,,,AXLL
Q5547666,Georgia Power,New York Stock Exchange,GAR,public utility,,,http://www.wikidata.org/entity/Q5547666,,,GAR
Q5552410,Geron Corporation,Nasdaq,GERN,biotechnology,,,http://www.wikidata.org/entity/Q5552410,,,GERN
Q5554922,"Gevo, Inc",Nasdaq,GEVO,second-generation biofuels,,,http://www.wikidata.org/entity/Q5554922,,,GEVO
Q55589254,GitLab Inc.,Nasdaq,GTLB,,,,http://www.wikidata.org/entity/Q55589254,,,GTLB
Q555900,Head & Shoulders,New York Stock Exchange,,,,,http://www.wikidata.org/entity/Q555900,,,
Q555925,Broadcom,Nasdaq,BRCM,semiconductor industry,927836000000.0,2025-05-01 00:00:00+00:00,http://www.wikidata.org/entity/Q555925,,,BRCM
Q5560152,GigaMedia Limited,Nasdaq,GIGM,,,,http://www.wikidata.org/entity/Q5560152,,,GIGM
Q55611365,FIGS,New York Stock Exchange,FIGS,,,,http://www.wikidata.org/entity/Q55611365,,,FIGS
Q55614037,Hudson Pacific Properties,New York Stock Exchange,HPP,,,,http://www.wikidata.org/entity/Q55614037,,,HPP
Q55622230,MarketAxess,Nasdaq,MKTX,financial services,,,http://www.wikidata.org/entity/Q55622230,,,MKTX
Q55627388,Okta,Nasdaq,OKTA,software industry,,,http://www.wikidata.org/entity/Q55627388,,,OKTA
Q55632076,Rubrik,New York Stock Exchange,RBRK,computer security,,,http://www.wikidata.org/entity/Q55632076,600000000.0,2022-01-01 00:00:00+00:00,RBRK
Q55633597,SouthState Bank,Nasdaq,SSB,economics of banking,,,http://www.wikidata.org/entity/Q55633597,,,SSB
Q55639320,Bird,New York Stock Exchange,BRDS,e-scooter-sharing system,,,http://www.wikidata.org/entity/Q55639320,,,BRDS
Q5565827,Given Imaging,Nasdaq,,health technology,,,http://www.wikidata.org/entity/Q5565827,,,
Q5569625,Glimcher Realty Trust,New York Stock Exchange,GRT,real estate investment trust,,,http://www.wikidata.org/entity/Q5569625,,,GRT
Q5570537,Global Partners,New York Stock Exchange,,petroleum industry,,,http://www.wikidata.org/entity/Q5570537,,,
Q5570544,Global Payments,New York Stock Exchange,GPN,,,,http://www.wikidata.org/entity/Q5570544,,,GPN
Q5570647,Global Sources,Nasdaq,GSOL,,,,http://www.wikidata.org/entity/Q5570647,,,GSOL
Q5570946,Globant,New York Stock Exchange,GLOB,software development,,,http://www.wikidata.org/entity/Q5570946,,,GLOB
Q5570954,GlobeImmune,Nasdaq,GBIM,biotechnology,,,http://www.wikidata.org/entity/Q5570954,,,GBIM
Q5570993,Globe Life,New York Stock Exchange,GL,life insurance,,,http://www.wikidata.org/entity/Q5570993,,,GL
Q5574638,Olo,New York Stock Exchange,OLO,Internet,,,http://www.wikidata.org/entity/Q5574638,,,OLO
Q5575439,Shanda,Nasdaq,GAME,video game industry,,,http://www.wikidata.org/entity/Q5575439,,,GAME
Q5578424,Golar LNG,Nasdaq,GLNG,LNG carrier,,,http://www.wikidata.org/entity/Q5578424,,,GLNG
Q5579415,Golden Entertainment,Nasdaq,GDEN,gambling,,,http://www.wikidata.org/entity/Q5579415,,,GDEN
Q5584725,Gordmans,Nasdaq,GMAN,retail,,,http://www.wikidata.org/entity/Q5584725,,,GMAN
Q5586622,Gorman-Rupp Company,New York Stock Exchange,GRC,,,,http://www.wikidata.org/entity/Q5586622,,,GRC
Q5591659,Graco,New York Stock Exchange,GGG,,,,http://www.wikidata.org/entity/Q5591659,,,GGG
Q5592433,GrafTech,New York Stock Exchange,EAF,petrochemical industry,,,http://www.wikidata.org/entity/Q5592433,,,EAF
Q55931,Hyundai Motor Company,Nasdaq,HYMTF,automotive industry,,,http://www.wikidata.org/entity/Q55931,117.61,2021-01-01 00:00:00+00:00,HYMTF
Q55948312,Tenable Network Security,Nasdaq,TENB,computer security,,,http://www.wikidata.org/entity/Q55948312,,,TENB
Q5595849,Granite Construction,New York Stock Exchange,GVA,construction,,,http://www.wikidata.org/entity/Q5595849,,,GVA
Q5597139,Graphic Packaging,New York Stock Exchange,GPK,,,,http://www.wikidata.org/entity/Q5597139,,,GPK
Q5598232,Gray Media,New York Stock Exchange,GTN,terrestrial television,,,http://www.wikidata.org/entity/Q5598232,,,GTN
Q5599440,Great Lakes Dredge and Dock Company,Nasdaq,GLDD,,,,http://www.wikidata.org/entity/Q5599440,,,GLDD
Q5599779,Great Plains Energy,New York Stock Exchange,GXP,electricity supply company,,,http://www.wikidata.org/entity/Q5599779,,,GXP
Q56011958,Tencent Music,New York Stock Exchange,TME,entertainment industry,,,http://www.wikidata.org/entity/Q56011958,,,TME
Q5603070,Green Plains Renewable Energy,Nasdaq,GPRE,,,,http://www.wikidata.org/entity/Q5603070,,,GPRE
Q5609934,Grocery Outlet,Nasdaq,GO,retail,,,http://www.wikidata.org/entity/Q5609934,,,GO
Q5611081,Group 1 Automotive,New York Stock Exchange,GPI,car dealership,,,http://www.wikidata.org/entity/Q5611081,,,GPI
Q5612176,Grupo Aeroportuario Centro Norte,Nasdaq,OMAB,aviation,,,http://www.wikidata.org/entity/Q5612176,,,OMAB
Q5612177,Grupo Aeroportuario del Pacífico,New York Stock Exchange,PAC,aviation,,,http://www.wikidata.org/entity/Q5612177,,,PAC
Q5615528,Guidewire Software,New York Stock Exchange,GWRE,,,,http://www.wikidata.org/entity/Q5615528,,,GWRE
Q5617509,Gulf Power Company,New York Stock Exchange,,public utility,,,http://www.wikidata.org/entity/Q5617509,,,
Q5617531,Entergy Texas,New York Stock Exchange,EZT,,,,http://www.wikidata.org/entity/Q5617531,,,EZT
Q5625470,Gyrodyne Company of America,Nasdaq,GYRO,,,,http://www.wikidata.org/entity/Q5625470,,,GYRO
Q56273715,"Tapestry, Inc.",New York Stock Exchange,TPR,clothing industry,,,http://www.wikidata.org/entity/Q56273715,,,TPR
Q56273933,Wheels Up,New York Stock Exchange,UP,,,,http://www.wikidata.org/entity/Q56273933,,,UP
Q56273983,Appian Corporation,Nasdaq,APPN,cloud computing,,,http://www.wikidata.org/entity/Q56273983,,,APPN
Q56276186,Peloton,Nasdaq,PTON,,,,http://www.wikidata.org/entity/Q56276186,,,PTON
Q56276948,Avanos Medical,New York Stock Exchange,AVNS,health care,,,http://www.wikidata.org/entity/Q56276948,,,AVNS
Q5627799,H&R Block,New York Stock Exchange,HRB,,,,http://www.wikidata.org/entity/Q5627799,,,HRB
Q56280964,Floor & Decor,New York Stock Exchange,FND,retail,,,http://www.wikidata.org/entity/Q56280964,,,FND
Q5629085,Tokio Marine HCC,New York Stock Exchange,HCC,insurance,,,http://www.wikidata.org/entity/Q5629085,,,HCC
Q5629392,Home Depot Supply,Nasdaq,HDS,,,,http://www.wikidata.org/entity/Q5629392,,,HDS
Q5629432,HEICO,New York Stock Exchange,HEI,,,,http://www.wikidata.org/entity/Q5629432,,,HEI
Q56314218,BlackSky,New York Stock Exchange,BKSY,software industry,,,http://www.wikidata.org/entity/Q56314218,,,BKSY
Q56348149,PayPay,Nasdaq,PAYP,,,,http://www.wikidata.org/entity/Q56348149,,,PAYP
Q5635303,HNI Corporation,New York Stock Exchange,HNI,industrial manufacturing,,,http://www.wikidata.org/entity/Q5635303,,,HNI
Q5639346,Hain Celestial Group,Nasdaq,HAIN,,,,http://www.wikidata.org/entity/Q5639346,,,HAIN
Q56421559,Huami Corporation,New York Stock Exchange,HMI,industrial manufacturing,,,http://www.wikidata.org/entity/Q56421559,,,HMI
Q5643474,Halozyme Therapeutics,Nasdaq,HALO,,,,http://www.wikidata.org/entity/Q5643474,,,HALO
Q5644848,Hamilton Beach Brands,New York Stock Exchange,HBB,,,,http://www.wikidata.org/entity/Q5644848,,,HBB
Q5645976,Hampden Bank,Nasdaq,HBNK,,,,http://www.wikidata.org/entity/Q5645976,,,HBNK
Q5647025,Hancock Whitney,Nasdaq,HWC,financial sector,,,http://www.wikidata.org/entity/Q5647025,,,HWC
Q5647768,Hanesbrands,New York Stock Exchange,HBI,,,,http://www.wikidata.org/entity/Q5647768,,,HBI
Q56481140,Compass Pathways,Nasdaq,CMPS,pharmaceutical industry,,,http://www.wikidata.org/entity/Q56481140,,,CMPS
Q5648633,Hanmi Bank,Nasdaq,HAFC,bank,,,http://www.wikidata.org/entity/Q5648633,,,HAFC
Q5649395,Hanover Insurance,New York Stock Exchange,THG,insurance,,,http://www.wikidata.org/entity/Q5649395,,,THG
Q5651043,Hansen Medical,Nasdaq,HNSN,,,,http://www.wikidata.org/entity/Q5651043,,,HNSN
Q5651424,Hanwha SolarOne,Nasdaq,,,,,http://www.wikidata.org/entity/Q5651424,,,
Q56527497,"Neenah, Inc.",New York Stock Exchange,NP,papermaking,,,http://www.wikidata.org/entity/Q56527497,,,NP
Q565594,Eni,New York Stock Exchange,E,petroleum industry,,,http://www.wikidata.org/entity/Q565594,82151000000.0,2025-01-01 00:00:00+00:00,E
Q5656147,"Hardinge, Inc.",Nasdaq,HDNG,,,,http://www.wikidata.org/entity/Q5656147,,,HDNG
Q56582970,Blueprint Medicines (United States),Nasdaq,BPMC,,,,http://www.wikidata.org/entity/Q56582970,,,BPMC
Q56583577,Autolus Therapeutics,Nasdaq,AUTL,,,,http://www.wikidata.org/entity/Q56583577,,,AUTL
Q56585268,10X Genomics,Nasdaq,TXG,biotechnology industry,,,http://www.wikidata.org/entity/Q56585268,,,TXG
Q5664727,180 Degree Capital,Nasdaq,TINY,,,,http://www.wikidata.org/entity/Q5664727,,,TINY
Q5674337,Harte Hanks,New York Stock Exchange,HHS,marketing,,,http://www.wikidata.org/entity/Q5674337,,,HHS
Q5680343,Hastings Entertainment,Nasdaq,,retail,,,http://www.wikidata.org/entity/Q5680343,,,
Q56811344,Luckin Coffee,Nasdaq,LK,café,,,http://www.wikidata.org/entity/Q56811344,,,LK
Q56826699,MariaDB Corporation Ab,New York Stock Exchange,MRDB,software industry,,,http://www.wikidata.org/entity/Q56826699,,,MRDB
Q5683881,Havertys,New York Stock Exchange,HVT,,,,http://www.wikidata.org/entity/Q5683881,,,HVT
Q5684524,Hawaiian Electric Industries,New York Stock Exchange,HE,,,,http://www.wikidata.org/entity/Q5684524,,,HE
Q5684575,Hawaiian Telcom,Nasdaq,HCOM,telecommunications,,,http://www.wikidata.org/entity/Q5684575,,,HCOM
Q568532,MGM Resorts International,New York Stock Exchange,MGM,hospitality industry,,,http://www.wikidata.org/entity/Q568532,13127485000.0,2022-01-01 00:00:00+00:00,MGM
Q5690101,Headwaters Incorporated,New York Stock Exchange,HW,,,,http://www.wikidata.org/entity/Q5690101,,,HW
Q5690400,Encompass Health,New York Stock Exchange,EHC,health care,,,http://www.wikidata.org/entity/Q5690400,,,EHC
Q5690594,Health Management Associates,New York Stock Exchange,,,,,http://www.wikidata.org/entity/Q5690594,,,
Q5692871,Heartland Payment Systems,New York Stock Exchange,HPY,,,,http://www.wikidata.org/entity/Q5692871,,,HPY
Q5696498,Hecla Mining,New York Stock Exchange,HL,mining,,,http://www.wikidata.org/entity/Q5696498,,,HL
Q5703474,Helen of Troy Limited,Nasdaq,HELE,,,,http://www.wikidata.org/entity/Q5703474,,,HELE
Q570473,McKesson Corporation,New York Stock Exchange,MCK,product distribution,,,http://www.wikidata.org/entity/Q570473,263966000000.0,2022-01-01 00:00:00+00:00,MCK
Q57060073,Energy Vault,New York Stock Exchange,NRGV,grid energy storage,,,http://www.wikidata.org/entity/Q57060073,,,NRGV
Q5706267,Helix Energy Solutions Group,New York Stock Exchange,hlx,petroleum industry,,,http://www.wikidata.org/entity/Q5706267,,,hlx
Q571779,Liberty Global,Nasdaq,,,,,http://www.wikidata.org/entity/Q571779,7195700000.0,2022-01-01 00:00:00+00:00,
Q572948,Herbalife,New York Stock Exchange,HLF,food industry,,,http://www.wikidata.org/entity/Q572948,,,HLF
Q5739298,Herley Industries,Nasdaq,HRLY,,,,http://www.wikidata.org/entity/Q5739298,,,HRLY
Q5748967,Hexcel,New York Stock Exchange,HXL,,,,http://www.wikidata.org/entity/Q5748967,,,HXL
Q5750102,Hhgregg,New York Stock Exchange,HGG,retail,,,http://www.wikidata.org/entity/Q5750102,,,HGG
Q5750671,Hibbett Sports,Nasdaq,HIBB,,,,http://www.wikidata.org/entity/Q5750671,,,HIBB
Q5761967,HillRom,New York Stock Exchange,HRC,,,,http://www.wikidata.org/entity/Q5761967,,,HRC
Q5762186,Hill International,New York Stock Exchange,HIL,professional service,,,http://www.wikidata.org/entity/Q5762186,,,HIL
Q5763038,"Hillenbrand, Inc.",New York Stock Exchange,HI,,,,http://www.wikidata.org/entity/Q5763038,,,HI
Q5765159,Himax,Nasdaq,HIMX,semiconductor industry,,,http://www.wikidata.org/entity/Q5765159,,,HIMX
Q577911,"Pepco Holdings, Inc.",New York Stock Exchange,POM,energy supply,,,http://www.wikidata.org/entity/Q577911,,,POM
Q58024,eBay,Nasdaq,EBAY,retail,70600000000.0,2014-01-01 00:00:00+00:00,http://www.wikidata.org/entity/Q58024,9795000000.0,2022-01-01 00:00:00+00:00,EBAY
Q58041994,TRI Pointe Group,New York Stock Exchange,TPH,,,,http://www.wikidata.org/entity/Q58041994,,,TPH
Q580866,THQ,Nasdaq,THQI,video game industry,,,http://www.wikidata.org/entity/Q580866,,,THQI
Q582418,ITT Corporation,New York Stock Exchange,ITT,industrial manufacturing,,,http://www.wikidata.org/entity/Q582418,2988000000.0,2022-01-01 00:00:00+00:00,ITT
Q583268,Vale,New York Stock Exchange,VALE,mining,,,http://www.wikidata.org/entity/Q583268,,,VALE
Q5842736,Corning Inc.,New York Stock Exchange,GLW,biotechnology,27000000000.0,2017-06-30 00:00:00+00:00,http://www.wikidata.org/entity/Q5842736,14189000000.0,2022-01-01 00:00:00+00:00,GLW
Q585861,RAD Group,Nasdaq,,information system,,,http://www.wikidata.org/entity/Q585861,,,
Q58606588,Arrow Financial Corporation,Nasdaq,AROW,,,,http://www.wikidata.org/entity/Q58606588,,,AROW
Q5881333,Holliday Fenoglio Fowler,New York Stock Exchange,HF,,,,http://www.wikidata.org/entity/Q5881333,,,HF
Q5881864,HF Sinclair,New York Stock Exchange,HFC,petroleum industry,,,http://www.wikidata.org/entity/Q5881864,38204839000.0,2022-01-01 00:00:00+00:00,HFC
Q5884072,Hologic,Nasdaq,HOLX,health technology,,,http://www.wikidata.org/entity/Q5884072,4862800000.0,2022-01-01 00:00:00+00:00,HOLX
Q5886408,Grupo Radio Centro,Nasdaq,GRDCY,broadcasting,,,http://www.wikidata.org/entity/Q5886408,,,GRDCY
Q5887924,HomeAway,Nasdaq,AWAY,vacation rental marketplace industry,,,http://www.wikidata.org/entity/Q5887924,,,AWAY
Q5888363,Home Federal Bank,Nasdaq,HFFC,financial services,,,http://www.wikidata.org/entity/Q5888363,,,HFFC
Q5888639,Home Properties,New York Stock Exchange,,,,,http://www.wikidata.org/entity/Q5888639,,,
Q589288,The Bank of New York Mellon,New York Stock Exchange,BK,economics of banking,,,http://www.wikidata.org/entity/Q589288,16377000000.0,2022-01-01 00:00:00+00:00,BK
Q5905787,Horsehead Corporation,Nasdaq,ZINC,zinc industry,,,http://www.wikidata.org/entity/Q5905787,,,ZINC
Q5906990,Hortonworks,Nasdaq,HDP,software industry,,,http://www.wikidata.org/entity/Q5906990,,,HDP
Q590897,Empresas ICA,New York Stock Exchange,ICA,construction,,,http://www.wikidata.org/entity/Q590897,,,ICA
Q59089890,Qudian,New York Stock Exchange,QD,financial services,,,http://www.wikidata.org/entity/Q59089890,,,QD
Q5923178,Itron,Nasdaq,ITRI,,,,http://www.wikidata.org/entity/Q5923178,,,ITRI
Q5926631,HubSpot,New York Stock Exchange,HUBS,marketing,,,http://www.wikidata.org/entity/Q5926631,,,HUBS
Q5928181,HudBay Minerals,New York Stock Exchange,HBM,,,,http://www.wikidata.org/entity/Q5928181,,,HBM
Q59318110,Qutoutiao,Nasdaq,QTT,,,,http://www.wikidata.org/entity/Q59318110,,,QTT
Q59507,Astrotech Corporation,Nasdaq,ASTC,aerospace industry,,,http://www.wikidata.org/entity/Q59507,,,ASTC
Q5950709,Hutchinson Technology,Nasdaq,HTCH,,,,http://www.wikidata.org/entity/Q5950709,,,HTCH
Q5957866,Hypercom,New York Stock Exchange,HYC,,,,http://www.wikidata.org/entity/Q5957866,,,HYC
Q5960624,HiSoft,Nasdaq,HSFT,,,,http://www.wikidata.org/entity/Q5960624,,,HSFT
Q596139,Mattel,Nasdaq,MAT,game industry,,,http://www.wikidata.org/entity/Q596139,,,MAT
Q596499,"KBR, Inc.",New York Stock Exchange,KBR,construction,,,http://www.wikidata.org/entity/Q596499,2600000000.0,2018-01-01 00:00:00+00:00,KBR
Q5968216,I2 Technologies,Nasdaq,ITWO,,,,http://www.wikidata.org/entity/Q5968216,,,ITWO
Q5968481,iAsiaWorks,Nasdaq,IAWK,,,,http://www.wikidata.org/entity/Q5968481,,,IAWK
Q5968523,IberiaBank Corporation,Nasdaq,IBKC,,,,http://www.wikidata.org/entity/Q5968523,,,IBKC
Q5969311,iCAD Inc.,Nasdaq,,,,,http://www.wikidata.org/entity/Q5969311,,,
Q5969562,ICF International,Nasdaq,ICFI,professional service,,,http://www.wikidata.org/entity/Q5969562,,,ICFI
Q5969568,ICG Group,Nasdaq,ACTA,business-to-business,,,http://www.wikidata.org/entity/Q5969568,,,ACTA
Q5969799,ICU Medical,Nasdaq,ICUI,,,,http://www.wikidata.org/entity/Q5969799,,,ICUI
Q5970002,IDEX Corporation,New York Stock Exchange,IEX,industrial manufacturing,,,http://www.wikidata.org/entity/Q5970002,,,IEX
Q5972276,Voya Financial,New York Stock Exchange,VOYA,financial services,,,http://www.wikidata.org/entity/Q5972276,5922000000.0,2022-01-01 00:00:00+00:00,VOYA
Q5972866,ION Geophysical,New York Stock Exchange,IO,petroleum,,,http://www.wikidata.org/entity/Q5972866,,,IO
Q5973024,IPG Photonics,Nasdaq,IPGP,,,,http://www.wikidata.org/entity/Q5973024,,,IPGP
Q5973741,FXCM,Nasdaq,GLBR,financial services,,,http://www.wikidata.org/entity/Q5973741,,,GLBR
Q5974728,ITC Transmission,New York Stock Exchange,,public utility,,,http://www.wikidata.org/entity/Q5974728,,,
Q5974942,ITT Technical Institute,New York Stock Exchange,ESI,,,,http://www.wikidata.org/entity/Q5974942,,,ESI
Q5983823,Avangrid,New York Stock Exchange,AGR,energy industry,,,http://www.wikidata.org/entity/Q5983823,,,AGR
Q5985017,Icahn Enterprises,Nasdaq,IEP,conglomerate,,,http://www.wikidata.org/entity/Q5985017,,,IEP
Q5986662,Iconix Brand Group,Nasdaq,ICON,textile industry,,,http://www.wikidata.org/entity/Q5986662,,,ICON
Q5987232,Idacorp,New York Stock Exchange,IDA,,,,http://www.wikidata.org/entity/Q5987232,,,IDA
Q5995354,Ikanos Communications,Nasdaq,IKAN,,,,http://www.wikidata.org/entity/Q5995354,,,IKAN
Q59961991,New Energy Exchange Limited,Nasdaq,EBOD,,,,http://www.wikidata.org/entity/Q59961991,,,EBOD
Q600624,CA Technologies,Nasdaq,CA,enterprise software,,,http://www.wikidata.org/entity/Q600624,,,CA
Q6007092,Imperva,New York Stock Exchange,IMPV,computer security,,,http://www.wikidata.org/entity/Q6007092,,,IMPV
Q6015591,Incyte,Nasdaq,INCY,pharmaceutical industry,,,http://www.wikidata.org/entity/Q6015591,,,INCY
Q6016398,Independent Financial,Nasdaq,IBCP,bank,,,http://www.wikidata.org/entity/Q6016398,,,IBCP
Q60238941,Fox Corporation,Nasdaq,FOX,media industry,,,http://www.wikidata.org/entity/Q60238941,13974000000.0,2022-01-01 00:00:00+00:00,FOX
Q60269744,Spotify Technology,New York Stock Exchange,SPOT,streaming media,131273000000.0,2025-05-15 00:00:00+00:00,http://www.wikidata.org/entity/Q60269744,9668000000.0,2021-01-01 00:00:00+00:00,SPOT
Q6028443,Inergy,New York Stock Exchange,NRGY,,,,http://www.wikidata.org/entity/Q6028443,,,NRGY
Q6029685,Infinera,Nasdaq,INFN,telecommunications,,,http://www.wikidata.org/entity/Q6029685,,,INFN
Q603253,Symbol Technologies,New York Stock Exchange,SBL,computer hardware industry,,,http://www.wikidata.org/entity/Q603253,,,SBL
Q6032595,Ingles,Nasdaq,IMKTA,,,,http://www.wikidata.org/entity/Q6032595,,,IMKTA
Q6035325,InnerWorkings,Nasdaq,INWK,,,,http://www.wikidata.org/entity/Q6035325,,,INWK
Q6036100,Innodata,Nasdaq,INOD,information technology,,,http://www.wikidata.org/entity/Q6036100,,,INOD
Q6036711,Inovalon,Nasdaq,INOV,technology,,,http://www.wikidata.org/entity/Q6036711,,,INOV
Q6036968,InsWeb,Nasdaq,PTNT,insurance industry,,,http://www.wikidata.org/entity/Q6036968,,,PTNT
Q6038080,Insight Enterprises,Nasdaq,NSIT,,,,http://www.wikidata.org/entity/Q6038080,,,NSIT
Q6042841,Integrated Electrical Services,Nasdaq,IESC,construction,,,http://www.wikidata.org/entity/Q6042841,,,IESC
Q6043367,Integrys Energy Group,New York Stock Exchange,TEG,,,,http://www.wikidata.org/entity/Q6043367,,,TEG
Q6044894,InterDigital,Nasdaq,IDCC,,,,http://www.wikidata.org/entity/Q6044894,,,IDCC
Q6045277,Interactive Intelligence,Nasdaq,ININ,,,,http://www.wikidata.org/entity/Q6045277,,,ININ
Q6047075,Interline Brands,New York Stock Exchange,,wholesale,,,http://www.wikidata.org/entity/Q6047075,,,
Q604775,4Kids Entertainment,New York Stock Exchange,KDE,,,,http://www.wikidata.org/entity/Q604775,3.31,2012-01-01 00:00:00+00:00,KDE
Q6047972,Internap,Nasdaq,INAP,IT infrastructure,,,http://www.wikidata.org/entity/Q6047972,,,INAP
Q60480286,Tilray,Nasdaq,TLRY,,,,http://www.wikidata.org/entity/Q60480286,,,TLRY
Q6048685,International Bancshares Corporation,Nasdaq,IBOC,financial services,,,http://www.wikidata.org/entity/Q6048685,,,IBOC
Q6048697,International Bank of Commerce,Nasdaq,IBOC,financial services,,,http://www.wikidata.org/entity/Q6048697,,,IBOC
Q6049324,International Coal Group,New York Stock Exchange,ICO,mining of coal,,,http://www.wikidata.org/entity/Q6049324,,,ICO
Q6055435,Internet America,Nasdaq,GEEK,,,,http://www.wikidata.org/entity/Q6055435,,,GEEK
Q6057493,Intevac,Nasdaq,IVAC,,,,http://www.wikidata.org/entity/Q6057493,,,IVAC
Q6058311,IntraLinks,New York Stock Exchange,IL,financial services,,,http://www.wikidata.org/entity/Q6058311,,,IL
Q6058618,Intrepid Potash,New York Stock Exchange,IPI,,,,http://www.wikidata.org/entity/Q6058618,,,IPI
Q6060469,Inversiones y Representaciones Sociedad Anónima,New York Stock Exchange,IRS,,,,http://www.wikidata.org/entity/Q6060469,,,IRS
Q6060595,Invesco PowerShares,New York Stock Exchange,,asset management,,,http://www.wikidata.org/entity/Q6060595,,,
Q6060808,Investment Technology Group,New York Stock Exchange,ITG,financial services,,,http://www.wikidata.org/entity/Q6060808,,,ITG
Q6060936,Investors Bank & Trust,Nasdaq,IFIN,,,,http://www.wikidata.org/entity/Q6060936,,,IFIN
Q607131,MetLife,New York Stock Exchange,MET,insurance industry,,,http://www.wikidata.org/entity/Q607131,69898000000.0,2022-01-01 00:00:00+00:00,MET
Q60740820,"Arlo Technologies, Inc.",New York Stock Exchange,ARLO,home automation,,,http://www.wikidata.org/entity/Q60740820,,,ARLO
Q60742531,California Resources Corporation,New York Stock Exchange,CRC,petroleum industry,,,http://www.wikidata.org/entity/Q60742531,,,CRC
Q60742568,CalAmp,Nasdaq,CAMP,Internet of Things,,,http://www.wikidata.org/entity/Q60742568,,,CAMP
Q60744565,Trade Desk,Nasdaq,TTD,online advertising,,,http://www.wikidata.org/entity/Q60744565,,,TTD
Q60745531,Advanced Drainage Systems,New York Stock Exchange,WMS,,,,http://www.wikidata.org/entity/Q60745531,,,WMS
Q60748073,"Connecticut Water Service, Inc.",New York Stock Exchange,CTWS,,,,http://www.wikidata.org/entity/Q60748073,,,CTWS
Q60749208,Marathon Digital Holdings,Nasdaq,MARA,,,,http://www.wikidata.org/entity/Q60749208,,,MARA
Q60751931,SmileDirectClub,Nasdaq,SDC,,,,http://www.wikidata.org/entity/Q60751931,,,SDC
Q60754620,Vertical Aerospace,New York Stock Exchange,EVTL,aerospace industry,,,http://www.wikidata.org/entity/Q60754620,,,EVTL
Q60754892,Enthusiast Gaming,Nasdaq,EGLX,,,,http://www.wikidata.org/entity/Q60754892,,,EGLX
Q60760151,Intuitive Machines,Nasdaq,LUNR,space-based economy,,,http://www.wikidata.org/entity/Q60760151,,,LUNR
Q60763554,Urstadt Biddle Properties,New York Stock Exchange,UBA,real estate investment trust,,,http://www.wikidata.org/entity/Q60763554,,,UBA
Q60764012,Pattern Energy,Nasdaq,PEGI,electricity generation,,,http://www.wikidata.org/entity/Q60764012,,,PEGI
Q60764327,Walker & Dunlop,New York Stock Exchange,WD,,,,http://www.wikidata.org/entity/Q60764327,,,WD
Q60767471,Norwegian Cruise Line Holdings Ltd.,New York Stock Exchange,NCLH,,,,http://www.wikidata.org/entity/Q60767471,,,NCLH
Q60769878,Enviva,New York Stock Exchange,EVA,wood economy,,,http://www.wikidata.org/entity/Q60769878,,,EVA
Q60772582,The Michaels Companies,Nasdaq,MIK,retail,,,http://www.wikidata.org/entity/Q60772582,,,MIK
Q608776,Cadence Design Systems,Nasdaq,CDNS,software industry,,,http://www.wikidata.org/entity/Q608776,,,CDNS
Q609466,Colgate-Palmolive,New York Stock Exchange,CL,personal care product,,,http://www.wikidata.org/entity/Q609466,17967000000.0,2022-01-01 00:00:00+00:00,CL
Q6101088,Ixia,Nasdaq,XXIA,computer network,,,http://www.wikidata.org/entity/Q6101088,,,XXIA
Q610728,OPNET,Nasdaq,,computer hardware industry,,,http://www.wikidata.org/entity/Q610728,,,
Q6107753,JA Solar Holdings,Nasdaq,JASO,,,,http://www.wikidata.org/entity/Q6107753,,,JASO
Q6109309,J & J Snack Foods,Nasdaq,JJSF,snack,,,http://www.wikidata.org/entity/Q6109309,,,JJSF
Q6110451,Jacada,Nasdaq,JCDAF,software industry,,,http://www.wikidata.org/entity/Q6110451,,,JCDAF
Q6113060,Jack Henry & Associates,Nasdaq,JKHY,,,,http://www.wikidata.org/entity/Q6113060,,,JKHY
Q612714,Sunrise Senior Living,Nasdaq; New York Stock Exchange,SNRZ; SRZ,health care,,,http://www.wikidata.org/entity/Q612714,,,SNRZ
Q6135535,James Hardie,New York Stock Exchange,JHX,building material,24771921485.0,2021-11-18 00:00:00+00:00,http://www.wikidata.org/entity/Q6135535,,,JHX
Q6159625,Jarden,New York Stock Exchange,JAH,,,,http://www.wikidata.org/entity/Q6159625,,,JAH
Q6188748,JetForm,Nasdaq,FORMF,,,,http://www.wikidata.org/entity/Q6188748,,,FORMF
Q619111,Apollo Group,Nasdaq,APOL,for-profit education,,,http://www.wikidata.org/entity/Q619111,,,APOL
Q619121,Apollo Global Management,Nasdaq; New York Stock Exchange,AINV; APO,asset management,,,http://www.wikidata.org/entity/Q619121,,,AINV
Q6203968,Jo-Ann Stores,New York Stock Exchange,JOAN,retail,,,http://www.wikidata.org/entity/Q6203968,,,JOAN
Q6204078,Jos. A. Bank Clothiers,Nasdaq,,retail,,,http://www.wikidata.org/entity/Q6204078,,,
Q62065645,Blink,Nasdaq,BLNK,,,,http://www.wikidata.org/entity/Q62065645,,,BLNK
Q620875,Goodyear Tire and Rubber Company,Nasdaq,GT,industrial manufacturing,,,http://www.wikidata.org/entity/Q620875,20066000000.0,2023-01-01 00:00:00+00:00,GT
Q621071,Weatherford International,New York Stock Exchange,,,,,http://www.wikidata.org/entity/Q621071,,,
Q621532,Applebee's,Nasdaq,APPB,system catering,,,http://www.wikidata.org/entity/Q621532,1200000000.0,2006-01-01 00:00:00+00:00,APPB
Q621592,"Discovery, Inc.",Nasdaq,DISCK,mass media,,,http://www.wikidata.org/entity/Q621592,,,DISCK
Q621610,Applied Materials,Nasdaq,AMAT,,,,http://www.wikidata.org/entity/Q621610,27176000000.0,2024-01-01 00:00:00+00:00,AMAT
Q6216567,Despegar,New York Stock Exchange,DESP,tourism industry,602938304.0,2020-01-01 00:00:00+00:00,http://www.wikidata.org/entity/Q6216567,524876000.0,2019-01-01 00:00:00+00:00,DESP
Q624375,CVS Health,New York Stock Exchange,CVS,retail,123000000000.0,2021-11-22 00:00:00+00:00,http://www.wikidata.org/entity/Q624375,372809000000.0,2024-01-01 00:00:00+00:00,CVS
Q624649,KLA Corporation,Nasdaq,KLAC,electronics,,,http://www.wikidata.org/entity/Q624649,9211883000.0,2022-01-01 00:00:00+00:00,KLAC
Q624798,Canadian National Railway,New York Stock Exchange,CNI,rail freight transport,,,http://www.wikidata.org/entity/Q624798,,,CNI
Q625708,Aramark,New York Stock Exchange,ARMK,food service,,,http://www.wikidata.org/entity/Q625708,,,ARMK
Q625713,BHP,New York Stock Exchange,BHP,mining,106091040200.0,2021-11-18 00:00:00+00:00,http://www.wikidata.org/entity/Q625713,43638000000.0,2018-01-01 00:00:00+00:00,BHP
Q62621,Canon Inc.,New York Stock Exchange,CAJ,electronics,,,http://www.wikidata.org/entity/Q62621,3401000000000.0,2016-01-01 00:00:00+00:00,CAJ
Q62739842,Dow Inc.,New York Stock Exchange,DOW,chemical industry,,,http://www.wikidata.org/entity/Q62739842,56902000000.0,2022-01-01 00:00:00+00:00,DOW
Q628051,Autodesk,Nasdaq,ADSK,software development,,,http://www.wikidata.org/entity/Q628051,1710000000.0,2010-01-01 00:00:00+00:00,ADSK
Q6294662,Journal Communications,New York Stock Exchange,JMG,mass media,,,http://www.wikidata.org/entity/Q6294662,,,JMG
Q629998,General Mills,New York Stock Exchange,GIS,food industry,,,http://www.wikidata.org/entity/Q629998,18992800000.0,2022-01-01 00:00:00+00:00,GIS
Q63035278,XPeng,New York Stock Exchange,XPEV,automotive industry,,,http://www.wikidata.org/entity/Q63035278,40866309000.0,2024-01-01 00:00:00+00:00,XPEV
Q631047,HDFC Bank,New York Stock Exchange,HDB,financial services,,,http://www.wikidata.org/entity/Q631047,25636300000.0,2024-01-01 00:00:00+00:00,HDB
Q6315968,Just Energy,New York Stock Exchange,JE,,,,http://www.wikidata.org/entity/Q6315968,,,JE
Q63197674,Corteva,New York Stock Exchange,CTVA,Pesticide and Other Agricultural Chemical Manufacturing,,,http://www.wikidata.org/entity/Q63197674,17450000000.0,2022-12-01 00:00:00+00:00,CTVA
Q632240,Eli Lilly and Company,New York Stock Exchange,LLY,pharmaceutical industry,713093000000.0,2025-05-01 00:00:00+00:00,http://www.wikidata.org/entity/Q632240,45042700000.0,2024-01-01 00:00:00+00:00,LLY
Q6324302,"Stride, Inc.",New York Stock Exchange,LRN,educational technology,,,http://www.wikidata.org/entity/Q6324302,,,LRN
Q6326486,KB Home,New York Stock Exchange,KBH,,,,http://www.wikidata.org/entity/Q6326486,,,KBH
Q632694,Archer Daniels Midland,New York Stock Exchange,ADM,food processing,,,http://www.wikidata.org/entity/Q632694,101556000000.0,2022-01-01 00:00:00+00:00,ADM
Q63296010,Nordic American Offshore,New York Stock Exchange,NAO,,,,http://www.wikidata.org/entity/Q63296010,,,NAO
Q63327,Airbnb,Nasdaq,ABNB,tourism industry,76532000000.0,2023-02-14 00:00:00+00:00,http://www.wikidata.org/entity/Q63327,11102000000.0,2024-01-01 00:00:00+00:00,ABNB
Q63335,Foot Locker,New York Stock Exchange,FL,retail,,,http://www.wikidata.org/entity/Q63335,,,FL
Q6340370,KV Pharmaceutical,New York Stock Exchange,KVA,pharmaceutical industry,,,http://www.wikidata.org/entity/Q6340370,,,KVA
Q634815,Motorola Solutions Incorporated,New York Stock Exchange,MSI,telecommunications,,,http://www.wikidata.org/entity/Q634815,9978000000.0,2023-01-01 00:00:00+00:00,MSI
Q6348410,Kaiser Aluminum,Nasdaq,KALU,Industrial Machinery Manufacturing,,,http://www.wikidata.org/entity/Q6348410,,,KALU
Q6367245,Kapstone,New York Stock Exchange,,pulp and paper industry,,,http://www.wikidata.org/entity/Q6367245,,,
Q637440,Lazard,New York Stock Exchange,LAZ,asset management,,,http://www.wikidata.org/entity/Q637440,,,LAZ
Q637474,Visteon,Nasdaq; New York Stock Exchange,VC,automotive supplier,,,http://www.wikidata.org/entity/Q637474,,,VC
Q638036,Arctic Cat,Nasdaq,ACAT,,,,http://www.wikidata.org/entity/Q638036,,,ACAT
Q63862184,Braemar Hotels & Resorts,New York Stock Exchange,BHR,,,,http://www.wikidata.org/entity/Q63862184,,,BHR
Q6386533,Kelso & Company,Nasdaq,BKCC,,,,http://www.wikidata.org/entity/Q6386533,,,BKCC
Q6387063,Kemper Corporation,New York Stock Exchange,KMPR,insurance,,,http://www.wikidata.org/entity/Q6387063,,,KMPR
Q6389159,Kenexa,New York Stock Exchange,,,,,http://www.wikidata.org/entity/Q6389159,,,
Q6389509,Kennametal,New York Stock Exchange,KMT,,,,http://www.wikidata.org/entity/Q6389509,,,KMT
Q6389988,Kenneth Cole Productions,New York Stock Exchange,,retail,,,http://www.wikidata.org/entity/Q6389988,,,
Q6391583,La-Z-Boy,New York Stock Exchange,LZB,industrial manufacturing,,,http://www.wikidata.org/entity/Q6391583,,,LZB
Q6398035,Key Energy Services,New York Stock Exchange,KEG,list of oilfield service companies,,,http://www.wikidata.org/entity/Q6398035,,,KEG
Q6398722,Kforce,Nasdaq,KFRC,,,,http://www.wikidata.org/entity/Q6398722,,,KFRC
Q64005031,Black Rifle Coffee Company,New York Stock Exchange,BRCC,retail,,,http://www.wikidata.org/entity/Q64005031,,,BRCC
Q6404433,Kid Brands,New York Stock Exchange,KID,game industry,,,http://www.wikidata.org/entity/Q6404433,,,KID
Q6410043,Kimco Realty,New York Stock Exchange,KIM,real estate investment trust,,,http://www.wikidata.org/entity/Q6410043,,,KIM
Q6410558,Kinder Morgan Energy Partners,New York Stock Exchange,,petroleum industry,,,http://www.wikidata.org/entity/Q6410558,,,
Q6415714,Kirkland's,Nasdaq,KIRK,retail,,,http://www.wikidata.org/entity/Q6415714,,,KIRK
Q6418560,Kitty Hawk Aircargo,Nasdaq,KTTEQ,,,,http://www.wikidata.org/entity/Q6418560,,,KTTEQ
Q642106,Tenaris,New York Stock Exchange,TS,mining industry,,,http://www.wikidata.org/entity/Q642106,,,TS
Q642189,Medtronic,New York Stock Exchange,MDT,medical technology industry,,,http://www.wikidata.org/entity/Q642189,31227000000.0,2022-01-01 00:00:00+00:00,MDT
Q6422289,Knight-Swift Transportation,New York Stock Exchange,KNX,,,,http://www.wikidata.org/entity/Q6422289,,,KNX
Q642271,The Cigna Group,New York Stock Exchange,CI,managed care,,,http://www.wikidata.org/entity/Q642271,174078000000.0,2021-01-01 00:00:00+00:00,CI
Q642372,Cimatron,Nasdaq,CIMT,software industry,,,http://www.wikidata.org/entity/Q642372,,,CIMT
Q6426028,Kohlberg & Company,Nasdaq,KCAP,,,,http://www.wikidata.org/entity/Q6426028,,,KCAP
Q642610,Hawaiian Airlines,Nasdaq,HA,,,,http://www.wikidata.org/entity/Q642610,,,HA
Q6428706,Kona Grill,Nasdaq,KONA,,,,http://www.wikidata.org/entity/Q6428706,,,KONA
Q6429285,Kongzhong,Nasdaq,KZ,video game industry,,,http://www.wikidata.org/entity/Q6429285,,,KZ
Q6432445,Kornit Digital,Nasdaq,KRNT,textile industry,,,http://www.wikidata.org/entity/Q6432445,,,KRNT
Q643626,Aptiv,New York Stock Exchange,DLPH,automotive industry,,,http://www.wikidata.org/entity/Q643626,17489000000.0,2022-01-01 00:00:00+00:00,DLPH
Q64363662,Hims & Hers Health,New York Stock Exchange,HIMS,telehealth,,,http://www.wikidata.org/entity/Q64363662,,,HIMS
Q643674,Thermo Fisher Scientific,New York Stock Exchange,TMO,biotechnology industry,,,http://www.wikidata.org/entity/Q643674,39211000000.0,2021-01-01 00:00:00+00:00,TMO
Q644167,PLDT,New York Stock Exchange,PHI,telecommunications,,,http://www.wikidata.org/entity/Q644167,,,PHI
Q644289,Altice USA,New York Stock Exchange,ATUS,telecommunications,,,http://www.wikidata.org/entity/Q644289,,,ATUS
Q64448268,J.Jill,New York Stock Exchange,JILL,,,,http://www.wikidata.org/entity/Q64448268,,,JILL
Q645072,Dean Foods,New York Stock Exchange,DF,food industry,,,http://www.wikidata.org/entity/Q645072,,,DF
Q645084,Virgin America,Nasdaq,VA,,,,http://www.wikidata.org/entity/Q645084,,,VA
Q645525,SunPower,Nasdaq,SPWR,photovoltaics,,,http://www.wikidata.org/entity/Q645525,,,SPWR
Q6455439,L&L Energy,Nasdaq,LLEN,coal industry,,,http://www.wikidata.org/entity/Q6455439,,,LLEN
Q6456630,The L. S. Starrett Company,New York Stock Exchange,SCX,,,,http://www.wikidata.org/entity/Q6456630,,,SCX
Q645708,ING Group,New York Stock Exchange,ING,"financial service activities, except insurance and pension funding",,,http://www.wikidata.org/entity/Q645708,22615000000.0,2024-01-01 00:00:00+00:00,ING
Q6458324,LGI Homes,Nasdaq,LGIH,construction,,,http://www.wikidata.org/entity/Q6458324,,,LGIH
Q6458767,LIN Media,New York Stock Exchange,LIN,terrestrial television,,,http://www.wikidata.org/entity/Q6458767,,,LIN
Q6459734,LPL Financial,Nasdaq,LPLA,financial services,,,http://www.wikidata.org/entity/Q6459734,,,LPLA
Q6459789,Genasys,Nasdaq,LRAD,technology,,,http://www.wikidata.org/entity/Q6459789,,,LRAD
Q6460227,LTX,Nasdaq,LTXX,electronics,,,http://www.wikidata.org/entity/Q6460227,,,LTXX
Q6460680,LaBranche & Co,New York Stock Exchange,,financial services,,,http://www.wikidata.org/entity/Q6460680,,,
Q6466630,LabCorp,New York Stock Exchange,LH,health care,,,http://www.wikidata.org/entity/Q6466630,14876800000.0,2022-01-01 00:00:00+00:00,LH
Q6468754,Spire Inc.,New York Stock Exchange,LG,petroleum industry,,,http://www.wikidata.org/entity/Q6468754,,,LG
Q648458,Birkenstock,New York Stock Exchange,BIRK,footwear industry,,,http://www.wikidata.org/entity/Q648458,750000000.0,2022-01-01 00:00:00+00:00,BIRK
Q6485221,Landstar System,Nasdaq,LSTR,transport,,,http://www.wikidata.org/entity/Q6485221,,,LSTR
Q648533,Semiconductor Manufacturing International Corporation,New York Stock Exchange,SMI,manufacture of electronic components,,,http://www.wikidata.org/entity/Q648533,,,SMI
Q6496310,Banco Santander,New York Stock Exchange,SAN,economics of banking,,,http://www.wikidata.org/entity/Q6496310,,,SAN
Q6499202,Sears,Nasdaq; New York Stock Exchange,S; SHLD,retail,,,http://www.wikidata.org/entity/Q6499202,,,S
Q650259,Fresenius Medical Care,New York Stock Exchange,FMS,health care,,,http://www.wikidata.org/entity/Q650259,19336000000.0,2024-01-01 00:00:00+00:00,FMS
Q65056153,Pony.ai,Nasdaq,PONY,autonomous car,,,http://www.wikidata.org/entity/Q65056153,,,PONY
Q65062134,Bally's Corporation,New York Stock Exchange,BALY,gambling industry,,,http://www.wikidata.org/entity/Q65062134,,,BALY
Q65066106,Core & Main,New York Stock Exchange,CNM,infrastructure industry,,,http://www.wikidata.org/entity/Q65066106,,,CNM
Q65066950,CNX Resources,New York Stock Exchange,CNX,petroleum industry,,,http://www.wikidata.org/entity/Q65066950,,,CNX
Q65080540,Renewable Energy Group,Nasdaq; New York Stock Exchange,REGI,renewable energy industry,,,http://www.wikidata.org/entity/Q65080540,,,REGI
Q65085822,Affirm,Nasdaq,AFRM,fintech,,,http://www.wikidata.org/entity/Q65085822,,,AFRM
Q65086808,Donnelley Financial Solutions,New York Stock Exchange,DFIN,,,,http://www.wikidata.org/entity/Q65086808,,,DFIN
Q65089744,Oramed Pharmaceuticals Inc.,Nasdaq,ORMP,pharmaceutical industry,1053955000.0,2022-11-15 00:00:00+00:00,http://www.wikidata.org/entity/Q65089744,,,ORMP
Q65090628,El Pollo Loco,Nasdaq,LOCO,restaurant,,,http://www.wikidata.org/entity/Q65090628,,,LOCO
Q65090792,The RealReal,Nasdaq,REAL,Recommerce,,,http://www.wikidata.org/entity/Q65090792,,,REAL
Q65091232,Alight Solutions,New York Stock Exchange,ALIT,professional service,,,http://www.wikidata.org/entity/Q65091232,,,ALIT
Q65091423,Diamondback Energy,Nasdaq,FANG,petroleum industry,,,http://www.wikidata.org/entity/Q65091423,9643000000.0,2022-01-01 00:00:00+00:00,FANG
Q6509896,LeapFrog Enterprises,New York Stock Exchange,LF,game industry,,,http://www.wikidata.org/entity/Q6509896,,,LF
Q6511665,Lechters Housewares,Nasdaq,LECH,retail,,,http://www.wikidata.org/entity/Q6511665,,,LECH
Q65117079,LoanDepot,New York Stock Exchange,LDI,financial services,,,http://www.wikidata.org/entity/Q65117079,,,LDI
Q6513538,Lee Enterprises,New York Stock Exchange,LEE,,,,http://www.wikidata.org/entity/Q6513538,,,LEE
Q6517346,LegalZoom,Nasdaq,LZ,,,,http://www.wikidata.org/entity/Q6517346,,,LZ
Q6517792,Flagstar Financial,New York Stock Exchange,NYCB,commercial bank,,,http://www.wikidata.org/entity/Q6517792,,,NYCB
Q6522334,"Black Knight, Inc.",New York Stock Exchange,BKI,financial services,,,http://www.wikidata.org/entity/Q6522334,,,BKI
Q6522339,LendingTree,Nasdaq,TREE,,,,http://www.wikidata.org/entity/Q6522339,,,TREE
Q6522340,Lending Club,New York Stock Exchange,LC,finance,,,http://www.wikidata.org/entity/Q6522340,,,LC
Q65251731,Nano Dimension Ltd.,Nasdaq,NNDM,electronics,,,http://www.wikidata.org/entity/Q65251731,,,NNDM
Q6533918,Jefferies Financial Group,New York Stock Exchange,LUK,conglomerate,,,http://www.wikidata.org/entity/Q6533918,,,LUK
Q653581,Fluor,New York Stock Exchange,FLR,construction,,,http://www.wikidata.org/entity/Q653581,15668477000.0,2020-01-01 00:00:00+00:00,FLR
Q6537727,Lexicon Pharmaceuticals,Nasdaq,LXRX,pharmaceutical industry,,,http://www.wikidata.org/entity/Q6537727,,,LXRX
Q6537864,Lexington State Bank,Nasdaq,LXBK,bank,,,http://www.wikidata.org/entity/Q6537864,,,LXBK
Q6541837,QVC Group,Nasdaq,QVCA,broadcasting,,,http://www.wikidata.org/entity/Q6541837,,,QVCA
Q6541925,Liberty Property Trust,New York Stock Exchange,LPT,real estate investment trust,,,http://www.wikidata.org/entity/Q6541925,,,LPT
Q654343,Syntroleum,Nasdaq,SYNM,engineering,,,http://www.wikidata.org/entity/Q654343,,,SYNM
Q6544620,LifeLock,New York Stock Exchange,LOCK,software industry,,,http://www.wikidata.org/entity/Q6544620,,,LOCK
Q6545004,Life Time,New York Stock Exchange,LTM,,,,http://www.wikidata.org/entity/Q6545004,,,LTM
Q6545346,Lifeboat Distribution,Nasdaq,WSTG,software distribution,,,http://www.wikidata.org/entity/Q6545346,,,WSTG
Q6545549,Lifeway Foods,Nasdaq,LWAY,food industry,,,http://www.wikidata.org/entity/Q6545549,,,LWAY
Q6546636,Lightyear Capital,Nasdaq,GFSI,,,,http://www.wikidata.org/entity/Q6546636,,,GFSI
Q654762,Sotheby's,New York Stock Exchange,BID,auction,,,http://www.wikidata.org/entity/Q654762,1035740000.0,2018-12-01 00:00:00+00:00,BID
Q6549207,Edgio,Nasdaq,LLNW,digital distribution,,,http://www.wikidata.org/entity/Q6549207,,,LLNW
Q6550657,Lincoln Electric,Nasdaq,LECO,industrial manufacturing,,,http://www.wikidata.org/entity/Q6550657,,,LECO
Q6550684,Lincoln Group of Schools,Nasdaq,LINC,,,,http://www.wikidata.org/entity/Q6550684,,,LINC
Q6552749,Lindsay Manufacturing,New York Stock Exchange,LNN,,,,http://www.wikidata.org/entity/Q6552749,,,LNN
Q6554513,Linn Energy,Nasdaq,,petroleum industry,,,http://www.wikidata.org/entity/Q6554513,,,
Q6555405,Lion Electric Company,New York Stock Exchange,LEV,bus manufacturing,,,http://www.wikidata.org/entity/Q6555405,,,LEV
Q656165,Halliburton,New York Stock Exchange,HAL,petroleum,,,http://www.wikidata.org/entity/Q656165,,,HAL
Q657648,Cedar Fair,New York Stock Exchange,FUN,leisure park industry,,,http://www.wikidata.org/entity/Q657648,,,FUN
Q657663,Lucas Bols,Nasdaq,CEDC,,,,http://www.wikidata.org/entity/Q657663,,,CEDC
Q658089,Nomura Group,New York Stock Exchange,NMR,,,,http://www.wikidata.org/entity/Q658089,1385492000000.0,2010-01-01 00:00:00+00:00,NMR
Q658789,Garmin Group,New York Stock Exchange,GRMN,software industry,,,http://www.wikidata.org/entity/Q658789,6296903000.0,2024-01-01 00:00:00+00:00,GRMN
Q66,Boeing,New York Stock Exchange,BA,weapons industry,180913000000.0,2026-02-26 00:00:00+00:00,http://www.wikidata.org/entity/Q66,66517000000.0,2024-01-01 00:00:00+00:00,BA
Q66048,Deutsche Bank,New York Stock Exchange,DB,financial services,18000000000.0,2016-08-08 00:00:00+00:00,http://www.wikidata.org/entity/Q66048,30100000000.0,2024-12-31 00:00:00+00:00,DB
Q661845,STMicroelectronics,New York Stock Exchange,STM,semiconductor industry,,,http://www.wikidata.org/entity/Q661845,13269000000.0,2024-01-01 00:00:00+00:00,STM
Q662095,Edison International,New York Stock Exchange,EIX,electricity generation,,,http://www.wikidata.org/entity/Q662095,12600000000.0,2013-01-01 00:00:00+00:00,EIX
Q663448,WABCO Vehicle Control Systems,New York Stock Exchange,WBC,automotive supplier,,,http://www.wikidata.org/entity/Q663448,,,WBC
Q663452,TE Connectivity,New York Stock Exchange,TEL,electronics,,,http://www.wikidata.org/entity/Q663452,16281000000.0,2022-01-01 00:00:00+00:00,TEL
Q663596,Gilead Sciences,Nasdaq,GILD,pharmaceutical industry,66400000000.0,2019-06-28 00:00:00+00:00,http://www.wikidata.org/entity/Q663596,27281000000.0,2022-01-01 00:00:00+00:00,GILD
Q6647881,Lithia Motors,New York Stock Exchange,LAD,car dealership,,,http://www.wikidata.org/entity/Q6647881,,,LAD
Q6647933,Lithium Corporation of America,New York Stock Exchange,LAC,lithium,,,http://www.wikidata.org/entity/Q6647933,,,LAC
Q6648755,Littelfuse,Nasdaq,LFUS,electronics,,,http://www.wikidata.org/entity/Q6648755,,,LFUS
Q6654568,Liveperson Inc.,Nasdaq; New York Stock Exchange,LPSN,,2764432000.0,2022-11-15 00:00:00+00:00,http://www.wikidata.org/entity/Q6654568,,,LPSN
Q6662684,General Cable,New York Stock Exchange,,manufacture of other electronic and electric wires and cables,,,http://www.wikidata.org/entity/Q6662684,,,
Q6663075,LoJack,Nasdaq,LOJN,,,,http://www.wikidata.org/entity/Q6663075,,,LOJN
Q666694,Canadian Imperial Bank of Commerce,New York Stock Exchange,CM,financial services,,,http://www.wikidata.org/entity/Q666694,,,CM
Q6669086,Loma Negra,New York Stock Exchange,LOMA,construction industry,,,http://www.wikidata.org/entity/Q6669086,,,LOMA
Q6675775,LoopNet,Nasdaq,LOOP,real estate industry,,,http://www.wikidata.org/entity/Q6675775,,,LOOP
Q667599,Newell Brands,New York Stock Exchange,NWL,consumer goods industry,,,http://www.wikidata.org/entity/Q667599,,,NWL
Q667865,Johnson Controls plc,New York Stock Exchange,JCI,,,,http://www.wikidata.org/entity/Q667865,25299000000.0,2022-01-01 00:00:00+00:00,JCI
Q66823616,Fulgent Genetics,Nasdaq,FLGT,biotechnology,,,http://www.wikidata.org/entity/Q66823616,,,FLGT
Q668737,Yum! Brands,New York Stock Exchange,YUM,retail,,,http://www.wikidata.org/entity/Q668737,6842000000.0,2022-01-01 00:00:00+00:00,YUM
Q6690181,LoveSac,Nasdaq,LOVE,,,,http://www.wikidata.org/entity/Q6690181,,,LOVE
Q6695701,Luby's,New York Stock Exchange,LUB,system catering,,,http://www.wikidata.org/entity/Q6695701,,,LUB
Q669977,Foster Wheeler,Nasdaq,,chemical industry,,,http://www.wikidata.org/entity/Q669977,,,
Q6702957,Lululemon Athletica,Nasdaq,LULU,retail,,,http://www.wikidata.org/entity/Q6702957,,,LULU
Q6703090,Lumber Liquidators,New York Stock Exchange,LL,retail,,,http://www.wikidata.org/entity/Q6703090,,,LL
Q6703279,Luminex,Nasdaq,LMNX,biotechnology,,,http://www.wikidata.org/entity/Q6703279,,,LMNX
Q6703383,Lumos,Nasdaq,LMOS,,,,http://www.wikidata.org/entity/Q6703383,,,LMOS
Q6711814,M&F Worldwide,New York Stock Exchange,,holding company,,,http://www.wikidata.org/entity/Q6711814,,,
Q6715131,MDC Holdings,New York Stock Exchange,MDC,,,,http://www.wikidata.org/entity/Q6715131,,,MDC
Q6715200,MDU Resources,New York Stock Exchange,MDU,,,,http://www.wikidata.org/entity/Q6715200,,,MDU
Q6715352,MELA Sciences,Nasdaq,MELA,,,,http://www.wikidata.org/entity/Q6715352,,,MELA
Q6715642,MFS Investment Management,New York Stock Exchange,MGF,investment management,,,http://www.wikidata.org/entity/Q6715642,,,MGF
Q6715705,"MGE Energy, Inc.",Nasdaq,MGEE,,,,http://www.wikidata.org/entity/Q6715705,,,MGEE
Q6717621,MRU Holdings,Nasdaq,UNCL,,,,http://www.wikidata.org/entity/Q6717621,,,UNCL
Q6717732,MSC Industrial Direct,New York Stock Exchange,MSM,,,,http://www.wikidata.org/entity/Q6717732,,,MSM
Q67186598,Roblox Corporation,New York Stock Exchange,RBLX,video game industry,46799000000.0,2025-05-01 00:00:00+00:00,http://www.wikidata.org/entity/Q67186598,,,RBLX
Q6723256,Macerich,New York Stock Exchange,MAC,real estate investment trust,,,http://www.wikidata.org/entity/Q6723256,,,MAC
Q6724984,Macquarie Infrastructure Company,New York Stock Exchange,MIC,aerospace industry,,,http://www.wikidata.org/entity/Q6724984,,,MIC
Q672885,Tyco International,New York Stock Exchange,TYC,,,,http://www.wikidata.org/entity/Q672885,,,TYC
Q6731214,Magma Design Automation,Nasdaq,LAVA,software industry,,,http://www.wikidata.org/entity/Q6731214,,,LAVA
Q6735371,Maiden Holdings,Nasdaq,MHLD,,,,http://www.wikidata.org/entity/Q6735371,,,MHLD
Q6735419,Maidenform,New York Stock Exchange,,,,,http://www.wikidata.org/entity/Q6735419,,,
Q6735891,MainConcept,Nasdaq,DIVX,video codec,,,http://www.wikidata.org/entity/Q6735891,,,DIVX
Q6743395,Malibu Boats,Nasdaq,MBUU,building of pleasure and sporting boats,,,http://www.wikidata.org/entity/Q6743395,,,MBUU
Q6744211,Mallinckrodt Pharmaceuticals,New York Stock Exchange,MNK,pharmaceutical industry,,,http://www.wikidata.org/entity/Q6744211,3221600000.0,2017-01-01 00:00:00+00:00,MNK
Q6746136,ManTech International,Nasdaq,MANT,weapons industry,,,http://www.wikidata.org/entity/Q6746136,,,MANT
Q674796,"Cymer, Inc.",Nasdaq,,,,,http://www.wikidata.org/entity/Q674796,,,
Q6750663,MannKind Corporation,Nasdaq,MNKD,biotechnology,,,http://www.wikidata.org/entity/Q6750663,63038000.0,2019-01-01 00:00:00+00:00,MNKD
Q675585,Moody's Corporation,New York Stock Exchange,MCO,financial services,,,http://www.wikidata.org/entity/Q675585,5468000000.0,2022-01-01 00:00:00+00:00,MCO
Q6757974,Marcus & Millichap,New York Stock Exchange,MMI,,,,http://www.wikidata.org/entity/Q6757974,,,MMI
Q6758107,Marcus Corporation,New York Stock Exchange,MCS,hospitality industry,,,http://www.wikidata.org/entity/Q6758107,,,MCS
Q6763754,Marin Software,New York Stock Exchange,,software as a service,,,http://www.wikidata.org/entity/Q6763754,,,
Q67684488,Kabad,New York Stock Exchange,,,,,http://www.wikidata.org/entity/Q67684488,,,
Q6770621,Markel Corporation,New York Stock Exchange,MKL,insurance,,,http://www.wikidata.org/entity/Q6770621,11675335000.0,2022-01-01 00:00:00+00:00,MKL
Q677085,Gen Digital,Nasdaq,SYMC,software industry,,,http://www.wikidata.org/entity/Q677085,2490000000.0,2020-01-01 00:00:00+00:00,SYMC
Q6770934,Marketo,Nasdaq,MKTO,software industry,,,http://www.wikidata.org/entity/Q6770934,,,MKTO
Q6772994,Marriott Vacations Worldwide Corporation,New York Stock Exchange,VAC,tourism,,,http://www.wikidata.org/entity/Q6772994,,,VAC
Q6774578,Martha Stewart Living Omnimedia,New York Stock Exchange,MSO,broadcasting,,,http://www.wikidata.org/entity/Q6774578,,,MSO
Q677464,Dominion Energy,New York Stock Exchange,D,energy industry,,,http://www.wikidata.org/entity/Q677464,17174000000.0,2022-01-01 00:00:00+00:00,D
Q677488,Elevance Health,New York Stock Exchange,ELV,health insurance,,,http://www.wikidata.org/entity/Q677488,156595000000.0,2022-01-01 00:00:00+00:00,ELV
Q6776123,Martin Marietta Materials,New York Stock Exchange,MLM,mining,,,http://www.wikidata.org/entity/Q6776123,,,MLM
Q6782217,MasTec,New York Stock Exchange,MTZ,construction,,,http://www.wikidata.org/entity/Q6782217,,,MTZ
Q6782872,Masco,New York Stock Exchange,MAS,,,,http://www.wikidata.org/entity/Q6782872,,,MAS
Q6783278,Masimo,Nasdaq,MASI,medical equipment,,,http://www.wikidata.org/entity/Q6783278,,,MASI
Q6783802,Masonite International,New York Stock Exchange,DOOR,industrial manufacturing,,,http://www.wikidata.org/entity/Q6783802,,,DOOR
Q6786571,Materialise NV,Nasdaq,MTLS,,,,http://www.wikidata.org/entity/Q6786571,,,MTLS
Q6787989,"Matson, Inc.",New York Stock Exchange,MATX,shipping line,,,http://www.wikidata.org/entity/Q6787989,,,MATX
Q6791878,Mattress Firm,Nasdaq,MFRM,retail,,,http://www.wikidata.org/entity/Q6791878,,,MFRM
Q6792378,Maui Land & Pineapple Company,New York Stock Exchange,MLP,,,,http://www.wikidata.org/entity/Q6792378,,,MLP
Q6794502,MaxLinear,New York Stock Exchange,MXL,,,,http://www.wikidata.org/entity/Q6794502,,,MXL
Q6795931,Maximus Inc.,New York Stock Exchange,MMS,government contractor,,,http://www.wikidata.org/entity/Q6795931,,,MMS
Q6801109,McEwen Mining,New York Stock Exchange,MUX,mining,,,http://www.wikidata.org/entity/Q6801109,,,MUX
Q680186,Mettler Toledo,New York Stock Exchange,MTD,,,,http://www.wikidata.org/entity/Q680186,,,MTD
Q6803126,MeadWestvaco,New York Stock Exchange,MWV,industrial manufacturing,,,http://www.wikidata.org/entity/Q6803126,,,MWV
Q6804919,MedCath Corp.,Nasdaq,MDTH,health care,,,http://www.wikidata.org/entity/Q6804919,,,MDTH
Q6805492,Media General,New York Stock Exchange,MEG,mass media,,,http://www.wikidata.org/entity/Q6805492,,,MEG
Q6806775,Medicis Pharmaceutical,New York Stock Exchange,MRX,pharmaceutical industry,,,http://www.wikidata.org/entity/Q6806775,,,MRX
Q6806791,Medidata Solutions,Nasdaq,MDSO,drug development,,,http://www.wikidata.org/entity/Q6806791,,,MDSO
Q6806861,Medifast,New York Stock Exchange,MED,,,,http://www.wikidata.org/entity/Q6806861,,,MED
Q6807739,MeetMe,Nasdaq,MEET,,,,http://www.wikidata.org/entity/Q6807739,,,MEET
Q680841,Sigma-Aldrich,Nasdaq,SIAL,biotechnology,,,http://www.wikidata.org/entity/Q680841,,,SIAL
Q6813052,Mellanox Technologies,Nasdaq,MLNX,,,,http://www.wikidata.org/entity/Q6813052,,,MLNX
Q6818651,Mercury Systems,Nasdaq,MRCY,aerospace industry,,,http://www.wikidata.org/entity/Q6818651,,,MRCY
Q6819538,Meritage Homes Corporation,New York Stock Exchange,MTH,,,,http://www.wikidata.org/entity/Q6819538,,,MTH
Q682047,SuperValu,New York Stock Exchange,SVU,retail,,,http://www.wikidata.org/entity/Q682047,,,SVU
Q6820755,Meru Networks,Nasdaq,MERU,wireless LAN,,,http://www.wikidata.org/entity/Q6820755,,,MERU
Q6822267,Pathward,Nasdaq,CASH,,,,http://www.wikidata.org/entity/Q6822267,,,CASH
Q6822359,Yield10 Bioscience,Nasdaq,YTEN,,,,http://www.wikidata.org/entity/Q6822359,,,YTEN
Q6824418,MetroCorp Bancshares,Nasdaq,MCBI,financial services,,,http://www.wikidata.org/entity/Q6824418,,,MCBI
Q6824994,Byline Bank,New York Stock Exchange,BY,economics of banking,,,http://www.wikidata.org/entity/Q6824994,,,BY
Q682533,Qimonda,New York Stock Exchange,,,,,http://www.wikidata.org/entity/Q682533,,,
Q682759,Linde Group,Nasdaq; New York Stock Exchange,LIN,chemical industry,,,http://www.wikidata.org/entity/Q682759,33005000000.0,2024-01-01 00:00:00+00:00,LIN
Q6835667,Michaels,Nasdaq,MIK,retail,,,http://www.wikidata.org/entity/Q6835667,,,MIK
Q6839039,Micrel,Nasdaq,,,,,http://www.wikidata.org/entity/Q6839039,,,
Q6840048,Microsemi,Nasdaq,MSCC,integrated device manufacturer,,,http://www.wikidata.org/entity/Q6840048,,,MSCC
Q6843476,Midwestone Financial Group,Nasdaq,MOFG,bank,,,http://www.wikidata.org/entity/Q6843476,,,MOFG
Q684825,ALCON MANAGEMENT SA,New York Stock Exchange,ALC,pharmaceutical industry,,,http://www.wikidata.org/entity/Q684825,,,ALC
Q685641,Interxion,New York Stock Exchange,,data center,,,http://www.wikidata.org/entity/Q685641,,,
Q6858766,One by AOL,New York Stock Exchange,MM,,,,http://www.wikidata.org/entity/Q6858766,,,MM
Q6863447,Mind CTI,Nasdaq,MNDO,software industry,,,http://www.wikidata.org/entity/Q6863447,,,MNDO
Q6864857,Mingyang Wind Power,New York Stock Exchange,MY,industrial manufacturing,,,http://www.wikidata.org/entity/Q6864857,,,MY
Q686785,Transocean,New York Stock Exchange,RIG,list of oilfield service companies,,,http://www.wikidata.org/entity/Q686785,,,RIG
Q687478,Meade Instruments,Nasdaq,,industrial manufacturing,,,http://www.wikidata.org/entity/Q687478,,,
Q688556,Dow Jones Utility Average,New York Stock Exchange,,,,,http://www.wikidata.org/entity/Q688556,,,
Q688687,Encana,New York Stock Exchange,ECA,petroleum industry,,,http://www.wikidata.org/entity/Q688687,,,ECA
Q6886914,Mobile Mini,Nasdaq,MINI,intermodal container,,,http://www.wikidata.org/entity/Q6886914,,,MINI
Q688712,Dow Jones Transportation Average,New York Stock Exchange,,,,,http://www.wikidata.org/entity/Q688712,,,
Q688725,Teck Resources,New York Stock Exchange,TECK,coal industry,,,http://www.wikidata.org/entity/Q688725,,,TECK
Q6889843,Steel Connect,Nasdaq,MLNK,supply chain management,,,http://www.wikidata.org/entity/Q6889843,,,MLNK
Q6893780,Mohawk Industries,New York Stock Exchange,MHK,conglomerate,,,http://www.wikidata.org/entity/Q6893780,,,MHK
Q689446,Armstrong World Industries,New York Stock Exchange,AWI,building material,,,http://www.wikidata.org/entity/Q689446,,,AWI
Q689475,Laureate Education,Nasdaq,LAUR,educational system,,,http://www.wikidata.org/entity/Q689475,,,LAUR
Q6896175,Molina Healthcare,New York Stock Exchange,MOH,health care industry,,,http://www.wikidata.org/entity/Q6896175,,,MOH
Q689791,ISS,Nasdaq,,facility management,,,http://www.wikidata.org/entity/Q689791,79137000000.0,2016-01-01 00:00:00+00:00,
Q6902090,Monro Muffler Brake,Nasdaq,MNRO,,,,http://www.wikidata.org/entity/Q6902090,,,MNRO
Q6902124,Monroe Bank & Trust,Nasdaq,MBTF,bank,,,http://www.wikidata.org/entity/Q6902124,,,MBTF
Q690604,Axon Enterprise,Nasdaq,TASR,weapons industry,,,http://www.wikidata.org/entity/Q690604,,,TASR
Q6907265,Moog Inc.,New York Stock Exchange,,aerospace engineering,,,http://www.wikidata.org/entity/Q6907265,920000000.0,2018-01-01 00:00:00+00:00,
Q691126,Hewlett Packard Enterprise Services,New York Stock Exchange,EDS,information technology industry,,,http://www.wikidata.org/entity/Q691126,,,EDS
Q6911967,Morgans Hotel Group,Nasdaq,MHGC,hospitality industry,,,http://www.wikidata.org/entity/Q6911967,,,MHGC
Q6914636,Mortgage Guaranty Insurance Corporation,New York Stock Exchange,MTG,lenders mortgage insurance,,,http://www.wikidata.org/entity/Q6914636,,,MTG
Q691592,GlobalFoundries,Nasdaq,GFS,semiconductor industry,,,http://www.wikidata.org/entity/Q691592,6585079000.0,2021-01-01 00:00:00+00:00,GFS
Q691637,Gol Linhas Aéreas,New York Stock Exchange,GOL,,,,http://www.wikidata.org/entity/Q691637,,,GOL
Q692041,monster.com,New York Stock Exchange,,,,,http://www.wikidata.org/entity/Q692041,,,
Q6941284,Mushkin,Nasdaq,RMTR,computer industry,,,http://www.wikidata.org/entity/Q6941284,,,RMTR
Q694872,Torm PLC,Nasdaq,TRMD,shipping line,,,http://www.wikidata.org/entity/Q694872,1559000000.0,2024-01-01 00:00:00+00:00,TRMD
Q6952158,NACCO Industries,New York Stock Exchange,NC,,,,http://www.wikidata.org/entity/Q6952158,,,NC
Q6952813,NBG Radio Network,Nasdaq,NSBD,radio broadcasting,,,http://www.wikidata.org/entity/Q6952813,,,NSBD
Q6952868,NBT Bank,Nasdaq,NBTB,finance,,,http://www.wikidata.org/entity/Q6952868,,,NBTB
Q6954692,NL Industries,New York Stock Exchange,,,,,http://www.wikidata.org/entity/Q6954692,,,
Q6954876,Tefron Ltd.,New York Stock Exchange,OTCPINK:TFRFF,,161105000.0,2022-11-15 00:00:00+00:00,http://www.wikidata.org/entity/Q6954876,,,OTCPINK:TFRFF
Q6955096,Link Motion Inc,New York Stock Exchange,LKM,,,,http://www.wikidata.org/entity/Q6955096,,,LKM
Q6955139,NRG Energy,New York Stock Exchange,NRG,electricity supply company,,,http://www.wikidata.org/entity/Q6955139,31543000000.0,2022-01-01 00:00:00+00:00,NRG
Q6955544,nTelos,Nasdaq,NTLS,telecommunications,,,http://www.wikidata.org/entity/Q6955544,,,NTLS
Q6955706,"NVR, Inc.",New York Stock Exchange,NVR,,,,http://www.wikidata.org/entity/Q6955706,10526434000.0,2022-01-01 00:00:00+00:00,NVR
Q6955989,NW Natural,New York Stock Exchange,NWN,,,,http://www.wikidata.org/entity/Q6955989,,,NWN
Q6956324,New York share,Nasdaq,,,,,http://www.wikidata.org/entity/Q6956324,,,
Q6966783,Nash Finch Company,Nasdaq,,,,,http://www.wikidata.org/entity/Q6966783,,,
Q696830,Dow Jones Composite Average,New York Stock Exchange,,,,,http://www.wikidata.org/entity/Q696830,,,
Q6968762,Natera,Nasdaq,NTRA,,,,http://www.wikidata.org/entity/Q6968762,,,NTRA
Q6971495,National CineMedia,Nasdaq,NCMI,entertainment,,,http://www.wikidata.org/entity/Q6971495,,,NCMI
Q697311,Magna International,New York Stock Exchange,MGA,automotive industry,,,http://www.wikidata.org/entity/Q697311,,,MGA
Q6975043,National Presto Industries,New York Stock Exchange,NPK,product,,,http://www.wikidata.org/entity/Q6975043,,,NPK
Q6978096,National Retail Properties,New York Stock Exchange,NNN,real estate investment trust,,,http://www.wikidata.org/entity/Q6978096,,,NNN
Q6981538,Evogene Ltd,New York Stock Exchange,EVGN,biotechnology,99050000.0,2022-11-15 00:00:00+00:00,http://www.wikidata.org/entity/Q6981538,,,EVGN
Q6982488,Navios Maritime Holdings,Nasdaq; New York Stock Exchange,NNA,freight transport,,,http://www.wikidata.org/entity/Q6982488,,,NNA
Q6990264,Nelnet,New York Stock Exchange,NNI,financial services,,,http://www.wikidata.org/entity/Q6990264,,,NNI
Q6994181,Caladrius Biosciences,Nasdaq,NBS,,,,http://www.wikidata.org/entity/Q6994181,,,NBS
Q6998273,NetManage,Nasdaq,,software industry,,,http://www.wikidata.org/entity/Q6998273,,,
Q6998317,NetScout Systems,Nasdaq,NTCT,,,,http://www.wikidata.org/entity/Q6998317,,,NTCT
Q7000660,Netwitness,Nasdaq,MANT,computer security,,,http://www.wikidata.org/entity/Q7000660,,,MANT
Q7002174,Neurocrine Biosciences,Nasdaq,NBIX,biotechnology,,,http://www.wikidata.org/entity/Q7002174,,,NBIX
Q7002474,"Neuronetics, Inc.",Nasdaq,STIM,,,,http://www.wikidata.org/entity/Q7002474,,,STIM
Q7002903,Neustar,New York Stock Exchange,NSR,,,,http://www.wikidata.org/entity/Q7002903,,,NSR
Q7005093,NewAlliance Bank,New York Stock Exchange,NAL,financial services,,,http://www.wikidata.org/entity/Q7005093,,,NAL
Q7008861,New Horizons Computer Learning Centers,Nasdaq,NWRZ,,,,http://www.wikidata.org/entity/Q7008861,,,NWRZ
Q7009312,New Jersey Resources,New York Stock Exchange,NJR,,,,http://www.wikidata.org/entity/Q7009312,,,NJR
Q7010502,New Mountain Capital,New York Stock Exchange,,,,,http://www.wikidata.org/entity/Q7010502,,,
Q7011152,New Relic,New York Stock Exchange,NEWR,software industry,,,http://www.wikidata.org/entity/Q7011152,,,NEWR
Q7012977,New York & Company,New York Stock Exchange,NWY,retail,,,http://www.wikidata.org/entity/Q7012977,,,NWY
Q7017778,Newfield Exploration,New York Stock Exchange,NFX,petroleum industry,,,http://www.wikidata.org/entity/Q7017778,,,NFX
Q7018524,Newmark Group,Nasdaq,NMRK,,,,http://www.wikidata.org/entity/Q7018524,,,NMRK
Q7020906,Nexstar Media Group,Nasdaq,NXST,telecommunications,,,http://www.wikidata.org/entity/Q7020906,4500000000.0,2020-01-01 00:00:00+00:00,NXST
Q7021239,Nextdoor,New York Stock Exchange,KIND,,,,http://www.wikidata.org/entity/Q7021239,,,KIND
Q7045708,Noble Corporation,New York Stock Exchange,NE,petroleum industry,,,http://www.wikidata.org/entity/Q7045708,,,NE
Q7049673,Noodles & Company,Nasdaq,NDLS,retail,,,http://www.wikidata.org/entity/Q7049673,,,NDLS
Q7050535,Nord Anglia Education,New York Stock Exchange,,,,,http://www.wikidata.org/entity/Q7050535,,,
Q7053620,NorthWestern Energy,New York Stock Exchange,,public utility,,,http://www.wikidata.org/entity/Q7053620,,,
Q705392,Seagate Technology,Nasdaq,STX,computer storage media,,,http://www.wikidata.org/entity/Q705392,11661000000.0,2022-01-01 00:00:00+00:00,STX
Q705757,Art Technology Group,Nasdaq,,e-commerce,,,http://www.wikidata.org/entity/Q705757,,,
Q7057831,Northeast Bank,Nasdaq,NBN,bank,,,http://www.wikidata.org/entity/Q7057831,,,NBN
Q7059972,Northwest Biotherapeutics,Nasdaq,NWBO,pharmaceutical industry,,,http://www.wikidata.org/entity/Q7059972,,,NWBO
Q7060191,Northwest Bank,Nasdaq,NWBI,financial services,,,http://www.wikidata.org/entity/Q7060191,,,NWBI
Q706094,Stanley Black & Decker,New York Stock Exchange,SWK,bricolage,,,http://www.wikidata.org/entity/Q706094,16947400000.0,2022-01-01 00:00:00+00:00,SWK
Q7064069,Nova Ltd.,Nasdaq,NVMI,,8617985000.0,2022-11-15 00:00:00+00:00,http://www.wikidata.org/entity/Q7064069,,,NVMI
Q7067710,NuScale,New York Stock Exchange,SMR,energy industry,,,http://www.wikidata.org/entity/Q7067710,,,SMR
Q7067712,NuStar Energy,New York Stock Exchange,NS,petroleum industry,,,http://www.wikidata.org/entity/Q7067712,,,NS
Q7067716,NuVasive,Nasdaq,NUVA,,,,http://www.wikidata.org/entity/Q7067716,,,NUVA
Q7070498,Nutrisystem,Nasdaq,NTRI,,,,http://www.wikidata.org/entity/Q7070498,,,NTRI
Q7070744,NxStage,Nasdaq,NXTM,,,,http://www.wikidata.org/entity/Q7070744,,,NXTM
Q7071951,O’Reilly Auto Parts,Nasdaq,ORLY,retail,,,http://www.wikidata.org/entity/Q7071951,14409860000.0,2022-01-01 00:00:00+00:00,ORLY
Q7072730,OMNOVA Solutions,New York Stock Exchange,OMN,,,,http://www.wikidata.org/entity/Q7072730,,,OMN
Q7073021,OSI Systems,Nasdaq,OSIS,,,,http://www.wikidata.org/entity/Q7073021,,,OSIS
Q707530,Cinemark,New York Stock Exchange,CNK,,,,http://www.wikidata.org/entity/Q707530,,,CNK
Q7076047,Ocean Power Technologies,Nasdaq,OPTT,,,,http://www.wikidata.org/entity/Q7076047,,,OPTT
Q7076286,Sculptor Capital Management,New York Stock Exchange,SCU,financial services,,,http://www.wikidata.org/entity/Q7076286,,,SCU
Q7077162,Ocwen,Nasdaq; New York Stock Exchange,ASPS,financial services,,,http://www.wikidata.org/entity/Q7077162,,,ASPS
Q7078431,Odyssey Re,New York Stock Exchange,,insurance,,,http://www.wikidata.org/entity/Q7078431,,,
Q7083862,Old Dominion Freight Line,Nasdaq,ODFL,freight transport industry,,,http://www.wikidata.org/entity/Q7083862,4015000000.0,2020-12-31 00:00:00+00:00,ODFL
Q7084595,Old National Bank,Nasdaq,ONB,finance,,,http://www.wikidata.org/entity/Q7084595,,,ONB
Q7084833,Old Republic International,New York Stock Exchange,ORI,insurance,,,http://www.wikidata.org/entity/Q7084833,,,ORI
Q7086908,Olin Corporation,New York Stock Exchange,OLN,chemical industry,,,http://www.wikidata.org/entity/Q7086908,,,OLN
Q7088304,Ollie's Bargain Outlet,Nasdaq,OLLI,overstock,,,http://www.wikidata.org/entity/Q7088304,,,OLLI
Q7089136,Olympic Steel,Nasdaq,ZEUS,iron and steel industry,,,http://www.wikidata.org/entity/Q7089136,,,ZEUS
Q7090016,Omega Protein,New York Stock Exchange,OME,,,,http://www.wikidata.org/entity/Q7090016,,,OME
Q7090375,Omnicare,New York Stock Exchange,,pharmacy,,,http://www.wikidata.org/entity/Q7090375,,,
Q7092365,OneBeacon,New York Stock Exchange,,insurance,,,http://www.wikidata.org/entity/Q7092365,,,
Q7092720,One Horizon Group,Nasdaq,OHGI,,,,http://www.wikidata.org/entity/Q7092720,,,OHGI
Q7095113,Onvia,Nasdaq,,business intelligence,,,http://www.wikidata.org/entity/Q7095113,,,
Q7095196,Onyx Pharmaceuticals,Nasdaq,ONXX,biotechnology,,,http://www.wikidata.org/entity/Q7095196,,,ONXX
Q7095328,Ooma,New York Stock Exchange,OOMA,telecommunications,,,http://www.wikidata.org/entity/Q7095328,,,OOMA
Q7096123,Open Market,Nasdaq,OMKT,e-commerce,,,http://www.wikidata.org/entity/Q7096123,,,OMKT
Q7097878,Opexa Therapeutics,Nasdaq,,,,,http://www.wikidata.org/entity/Q7097878,,,
Q7098529,Opower,New York Stock Exchange,OPWR,software industry,,,http://www.wikidata.org/entity/Q7098529,,,OPWR
Q7098552,Oppenheimer Holdings,New York Stock Exchange,OPY,financial services,,,http://www.wikidata.org/entity/Q7098552,,,OPY
Q7098806,Optical Cable Corporation,Nasdaq,OCC,,,,http://www.wikidata.org/entity/Q7098806,,,OCC
Q7100213,Orchard Supply Hardware,Nasdaq,OSH,retail,,,http://www.wikidata.org/entity/Q7100213,,,OSH
Q7102329,OFG Bancorp,New York Stock Exchange,OFG,financial services,,,http://www.wikidata.org/entity/Q7102329,,,OFG
Q7106872,Osiris Therapeutics,Nasdaq,OSIR,,,,http://www.wikidata.org/entity/Q7106872,,,OSIR
Q7109415,Otter Tail Corporation,Nasdaq,OTTR,,,,http://www.wikidata.org/entity/Q7109415,,,OTTR
Q7113744,Overland Storage,Nasdaq,OVRL,recording medium,,,http://www.wikidata.org/entity/Q7113744,,,OVRL
Q7114733,Owens & Minor,New York Stock Exchange,OMI,health care,,,http://www.wikidata.org/entity/Q7114733,,,OMI
Q7114736,Owens Corning,New York Stock Exchange,OC,,,,http://www.wikidata.org/entity/Q7114736,,,OC
Q7115371,Oxford Industries,New York Stock Exchange,OXM,textile industry,,,http://www.wikidata.org/entity/Q7115371,,,OXM
Q7118075,PAETEC Holding Corp.,Nasdaq,,,,,http://www.wikidata.org/entity/Q7118075,,,
Q7118151,PAM Transport,Nasdaq,PTSI,transport,,,http://www.wikidata.org/entity/Q7118151,,,PTSI
Q7118693,PC Connection,Nasdaq,CNXN,,,,http://www.wikidata.org/entity/Q7118693,,,CNXN
Q7118707,"PC Mall, Inc.",Nasdaq,PCMI,direct marketing,,,http://www.wikidata.org/entity/Q7118707,,,PCMI
Q7118809,PDF Solutions,Nasdaq,PDFS,,,,http://www.wikidata.org/entity/Q7118809,,,PDFS
Q7119110,PFSweb,Nasdaq,PFSW,,,,http://www.wikidata.org/entity/Q7119110,,,PFSW
Q7119231,PHH Corporation,New York Stock Exchange,PHH,financial services,,,http://www.wikidata.org/entity/Q7119231,,,PHH
Q7119723,PMC-Sierra,Nasdaq,PMCS,electronics industry,,,http://www.wikidata.org/entity/Q7119723,,,PMCS
Q7119849,TXNM Energy,New York Stock Exchange,PNM,,,,http://www.wikidata.org/entity/Q7119849,,,PNM
Q7120762,PSS World Medical,Nasdaq,PSSI,health care,,,http://www.wikidata.org/entity/Q7120762,,,PSSI
Q7120810,PS Business Parks,New York Stock Exchange,PSB,real estate investment trust,,,http://www.wikidata.org/entity/Q7120810,,,PSB
Q7120927,EyePoint Pharmaceuticals,Nasdaq,PSDV,pharmaceutical industry,,,http://www.wikidata.org/entity/Q7120927,,,PSDV
Q7120959,PTC Therapeutics,Nasdaq,PTCT,pharmaceutical industry,,,http://www.wikidata.org/entity/Q7120959,,,PTCT
Q7121857,PacSun,Nasdaq,PSUN,retail,,,http://www.wikidata.org/entity/Q7121857,,,PSUN
Q7121936,Pacer International,Nasdaq,,Intermodal transport,,,http://www.wikidata.org/entity/Q7121936,,,
Q7123127,Pactera,Nasdaq,PACT,information technology,,,http://www.wikidata.org/entity/Q7123127,,,PACT
Q7124128,PagSeguro,New York Stock Exchange,PAGS,,,,http://www.wikidata.org/entity/Q7124128,,,PAGS
Q7128508,Palo Alto Networks,Nasdaq,PANW,computer security,107000000000.0,2024-01-01 00:00:00+00:00,http://www.wikidata.org/entity/Q7128508,8000000000.0,2024-01-01 00:00:00+00:00,PANW
Q7129613,Pan American Silver,Nasdaq,PAAS,,,,http://www.wikidata.org/entity/Q7129613,,,PAAS
Q7130852,Panera Bread,Nasdaq,PNRA,fast food,,,http://www.wikidata.org/entity/Q7130852,,,PNRA
Q7131487,Panorama9,Nasdaq,SYMC,information technology management,,,http://www.wikidata.org/entity/Q7131487,,,SYMC
Q7132349,Papa Murphy's,Nasdaq,FRSH,fast food restaurant,,,http://www.wikidata.org/entity/Q7132349,,,FRSH
Q713418,TSMC,New York Stock Exchange,TSM,semiconductor industry,895821000000.0,2025-05-01 00:00:00+00:00,http://www.wikidata.org/entity/Q713418,1587415037000.0,2021-01-01 00:00:00+00:00,TSM
Q7138046,Park Sterling Bank,Nasdaq,PSTB,,,,http://www.wikidata.org/entity/Q7138046,,,PSTB
Q7140896,Party City,New York Stock Exchange,PRTY,retail,,,http://www.wikidata.org/entity/Q7140896,,,PRTY
Q715583,Costco,Nasdaq,COST,retail,225200000000.0,2023-02-21 00:00:00+00:00,http://www.wikidata.org/entity/Q715583,275235000000.0,2025-01-01 00:00:00+00:00,COST
Q7156755,Payless ShoeSource,New York Stock Exchange,PSS,,,,http://www.wikidata.org/entity/Q7156755,,,PSS
Q7156760,Paylocity Corporation,Nasdaq,PCTY,software as a service,,,http://www.wikidata.org/entity/Q7156760,,,PCTY
Q7160449,Peerless Mfg. Co.,Nasdaq,PMFG,,,,http://www.wikidata.org/entity/Q7160449,,,PMFG
Q7160600,Pegasystems,Nasdaq,PEGA,software industry,,,http://www.wikidata.org/entity/Q7160600,,,PEGA
Q7161915,Pembina Pipeline,New York Stock Exchange,PBA,petroleum industry,,,http://www.wikidata.org/entity/Q7161915,,,PBA
Q7162745,Pengrowth Energy,New York Stock Exchange,PGH,petroleum industry,,,http://www.wikidata.org/entity/Q7162745,,,PGH
Q7163201,Penn Entertainment,Nasdaq,PENN,,,,http://www.wikidata.org/entity/Q7163201,,,PENN
Q7163348,Ranger Oil Corporation,New York Stock Exchange,,,,,http://www.wikidata.org/entity/Q7163348,,,
Q7164054,Pennsylvania Real Estate Investment Trust,New York Stock Exchange,PEI,real estate investment trust,,,http://www.wikidata.org/entity/Q7164054,,,PEI
Q7165001,Pentair,New York Stock Exchange,PNR,,,,http://www.wikidata.org/entity/Q7165001,,,PNR
Q7165802,People's United Financial,Nasdaq,PBCT,economics of banking,,,http://www.wikidata.org/entity/Q7165802,,,PBCT
Q7168080,Perfect World,Nasdaq,PWRD,video game industry,,,http://www.wikidata.org/entity/Q7168080,,,PWRD
Q7168146,Perficient,Nasdaq,PRFT,business and other management consultancy activities,,,http://www.wikidata.org/entity/Q7168146,,,PRFT
Q7169321,Permian Basin Royalty Trust,New York Stock Exchange,PBT,petroleum industry,,,http://www.wikidata.org/entity/Q7169321,,,PBT
Q7169774,Perry Ellis International,Nasdaq,PERY,,,,http://www.wikidata.org/entity/Q7169774,,,PERY
Q717093,Itochu,Nasdaq,ITOCY,trade,,,http://www.wikidata.org/entity/Q717093,10362628000000.0,2021-01-01 00:00:00+00:00,ITOCY
Q7171522,"Pet, Inc.",New York Stock Exchange,,dairy,,,http://www.wikidata.org/entity/Q7171522,,,
Q7171526,PetMed Express,Nasdaq,PETS,veterinary medicine,,,http://www.wikidata.org/entity/Q7171526,,,PETS
Q717531,Chunghwa Telecom,New York Stock Exchange,CHT,telecommunications,,,http://www.wikidata.org/entity/Q717531,,,CHT
Q7178935,Petroleum & Resources Corporation,New York Stock Exchange,PEO,investment,,,http://www.wikidata.org/entity/Q7178935,,,PEO
Q7180736,Pharmaceutical Product Development,Nasdaq,PPD,pharmaceutical industry,,,http://www.wikidata.org/entity/Q7180736,,,PPD
Q7187948,Photronics Inc,Nasdaq,PLAB,,,,http://www.wikidata.org/entity/Q7187948,,,PLAB
Q7188106,Phreesia Inc.,New York Stock Exchange,PHR,,,,http://www.wikidata.org/entity/Q7188106,,,PHR
Q7191691,Pier 1 Imports,Nasdaq; New York Stock Exchange,PIR,e-commerce,,,http://www.wikidata.org/entity/Q7191691,,,PIR
Q7196290,Pinnacle Entertainment,New York Stock Exchange,,,,,http://www.wikidata.org/entity/Q7196290,,,
Q7196294,Pinnacle Financial Partners,Nasdaq,PNFP,finance,,,http://www.wikidata.org/entity/Q7196294,,,PNFP
Q7200719,Plains All American Pipeline,New York Stock Exchange,,petroleum industry,,,http://www.wikidata.org/entity/Q7200719,42078000000.0,2021-01-01 00:00:00+00:00,
Q7200726,Plains Exploration & Production,New York Stock Exchange,PXP,petroleum industry,,,http://www.wikidata.org/entity/Q7200726,,,PXP
Q7201095,Planet Fitness,New York Stock Exchange,PLNT,,,,http://www.wikidata.org/entity/Q7201095,,,PLNT
Q7205253,Plug Power,Nasdaq,PLUG,,,,http://www.wikidata.org/entity/Q7205253,,,PLUG
Q7205567,Pluri Inc.,Nasdaq,PLUR,biotechnology,86730000.0,2022-11-15 00:00:00+00:00,http://www.wikidata.org/entity/Q7205567,,,PLUR
Q7208364,Pointer Telocation,Nasdaq,PNTR,transport,,,http://www.wikidata.org/entity/Q7208364,,,PNTR
Q7208625,Pokertek,Nasdaq,PTEK,video game industry,,,http://www.wikidata.org/entity/Q7208625,,,PTEK
Q7226106,Avient Corporation,New York Stock Exchange,AVNT,,,,http://www.wikidata.org/entity/Q7226106,,,AVNT
Q7226171,Polybona Films,Nasdaq,BONA,cinematography,,,http://www.wikidata.org/entity/Q7226171,,,BONA
Q7229656,"Popular, Inc.",Nasdaq,BPOP,financial services,,,http://www.wikidata.org/entity/Q7229656,,,BPOP
Q7231939,Portland General Electric,New York Stock Exchange,POR,public utility,,,http://www.wikidata.org/entity/Q7231939,,,POR
Q7233641,Post Consumer Brands,New York Stock Exchange,,food processing,,,http://www.wikidata.org/entity/Q7233641,,,
Q7233708,Post Properties,New York Stock Exchange,PPS,apartment,,,http://www.wikidata.org/entity/Q7233708,,,PPS
Q7234777,Potbelly Sandwich Shop,Nasdaq,PBPB,fast casual restaurant,,,http://www.wikidata.org/entity/Q7234777,409707000.0,2019-01-01 00:00:00+00:00,PBPB
Q7234972,Potlatch Corp.,Nasdaq,PCH,,,,http://www.wikidata.org/entity/Q7234972,,,PCH
Q7236078,Powell Industries,Nasdaq,POWL,,,,http://www.wikidata.org/entity/Q7236078,,,POWL
Q7236674,HireRight,New York Stock Exchange,HRT,,,,http://www.wikidata.org/entity/Q7236674,,,HRT
Q7239519,Precision Castparts Corp.,New York Stock Exchange,PCP,aerospace engineering,,,http://www.wikidata.org/entity/Q7239519,900000000.0,2017-01-01 00:00:00+00:00,PCP
Q7239836,Preferred Bank,Nasdaq,PFBC,financial services,,,http://www.wikidata.org/entity/Q7239836,,,PFBC
Q7240,Lockheed Martin,New York Stock Exchange,LMT,information security,111424000000.0,2025-05-01 00:00:00+00:00,http://www.wikidata.org/entity/Q7240,71043000000.0,2024-01-01 00:00:00+00:00,LMT
Q7240292,Premier Exhibitions,Nasdaq,PRXI,,,,http://www.wikidata.org/entity/Q7240292,,,PRXI
Q7241774,Prestige Brands,New York Stock Exchange,PBH,,,,http://www.wikidata.org/entity/Q7241774,,,PBH
Q7242563,PriceSmart,Nasdaq,PSMT,,,,http://www.wikidata.org/entity/Q7242563,,,PSMT
Q7242653,priceline.com,Nasdaq,BKNG,travel agency,,,http://www.wikidata.org/entity/Q7242653,,,BKNG
Q7243481,Primerica,New York Stock Exchange,PRI,financial services,,,http://www.wikidata.org/entity/Q7243481,,,PRI
Q7243710,Innovate Corp.,New York Stock Exchange,HCHC,financial services,,,http://www.wikidata.org/entity/Q7243710,,,HCHC
Q7246635,ProAssurance,New York Stock Exchange,PRA,insurance,,,http://www.wikidata.org/entity/Q7246635,,,PRA
Q7247211,Procera Networks,Nasdaq,PKT,,,,http://www.wikidata.org/entity/Q7247211,,,PKT
Q7248285,Profire Energy,Nasdaq,PFIE,petroleum industry,,,http://www.wikidata.org/entity/Q7248285,,,PFIE
Q7248721,Progressive Corporation,New York Stock Exchange,PGR,vehicle insurance,,,http://www.wikidata.org/entity/Q7248721,75372000000.0,2024-01-01 00:00:00+00:00,PGR
Q7248824,Waste Connections of Canada,New York Stock Exchange,BIN,waste management,,,http://www.wikidata.org/entity/Q7248824,,,BIN
Q7250583,Prosensa,Nasdaq,RNA,biotechnology,,,http://www.wikidata.org/entity/Q7250583,,,RNA
Q7250893,Prosperity Bancshares,New York Stock Exchange,PB,economics of banking,,,http://www.wikidata.org/entity/Q7250893,,,PB
Q7251172,LifeVantage,Nasdaq,LFVN,food industry,,,http://www.wikidata.org/entity/Q7251172,,,LFVN
Q7251369,Protective Life,New York Stock Exchange,,insurance,,,http://www.wikidata.org/entity/Q7251369,,,
Q7252351,Provida,New York Stock Exchange,pvd,pension,,,http://www.wikidata.org/entity/Q7252351,,,pvd
Q7252517,Provident Bank of New Jersey,New York Stock Exchange,PFS,finance,,,http://www.wikidata.org/entity/Q7252517,,,PFS
Q72539,U.S. Steel,New York Stock Exchange,X,iron and steel industry,9840000000.0,2025-05-01 00:00:00+00:00,http://www.wikidata.org/entity/Q72539,21065000000.0,2022-01-01 00:00:00+00:00,X
Q7256219,Psychemedics Corporation,Nasdaq,PMD,,,,http://www.wikidata.org/entity/Q7256219,,,PMD
Q725634,Ashland Inc.,New York Stock Exchange,ASH,industrial manufacturing,,,http://www.wikidata.org/entity/Q725634,,,ASH
Q7257522,Huntington Ingalls Industries,New York Stock Exchange,HII,shipbuilding,17093000000.0,2026-02-26 00:00:00+00:00,http://www.wikidata.org/entity/Q7257522,11535000000.0,2024-01-01 00:00:00+00:00,HII
Q725793,Union Pacific Railroad,New York Stock Exchange,CNP,rail transport,137927000000.0,2025-05-15 00:00:00+00:00,http://www.wikidata.org/entity/Q725793,,,CNP
Q7259716,PulteGroup,New York Stock Exchange,PHM,,,,http://www.wikidata.org/entity/Q7259716,16228995000.0,2022-01-01 00:00:00+00:00,PHM
Q7261135,"Pure Storage, Inc.",New York Stock Exchange,PSTG,recording medium,,,http://www.wikidata.org/entity/Q7261135,,,PSTG
Q7265394,QCR Holdings,Nasdaq,qcrh,finance,,,http://www.wikidata.org/entity/Q7265394,,,qcrh
Q726654,Glatfelter,New York Stock Exchange,GLT,pulp and paper industry,,,http://www.wikidata.org/entity/Q726654,,,GLT
Q7267707,Qihoo 360,New York Stock Exchange,QIHU,software industry,,,http://www.wikidata.org/entity/Q7267707,,,QIHU
Q7268255,Quad,New York Stock Exchange,QUAD,,,,http://www.wikidata.org/entity/Q7268255,,,QUAD
Q7268798,Qualstar,Nasdaq,QBAK,,,,http://www.wikidata.org/entity/Q7268798,,,QBAK
Q7268802,Qualys,Nasdaq,QLYS,computer security,,,http://www.wikidata.org/entity/Q7268802,,,QLYS
Q7268803,Qualtrics,Nasdaq,XM,,,,http://www.wikidata.org/entity/Q7268803,1080000000.0,2021-01-01 00:00:00+00:00,XM
Q7268886,Quanta Services,New York Stock Exchange,PWR,,,,http://www.wikidata.org/entity/Q7268886,,,PWR
Q7271456,Quest Diagnostics,New York Stock Exchange,DGX,health care,,,http://www.wikidata.org/entity/Q7271456,9883000000.0,2022-01-01 00:00:00+00:00,DGX
Q7271499,Questar Corporation,New York Stock Exchange,STR,petroleum industry,,,http://www.wikidata.org/entity/Q7271499,,,STR
Q7272057,QuinStreet,Nasdaq,QNST,,,,http://www.wikidata.org/entity/Q7272057,,,QNST
Q7273147,Qwest Corporation,New York Stock Exchange,,telecommunications,,,http://www.wikidata.org/entity/Q7273147,,,
Q7275093,Rada Electronic Industries Ltd,Nasdaq,RADA,information technology,1646164000.0,2022-11-15 00:00:00+00:00,http://www.wikidata.org/entity/Q7275093,,,RADA
Q7276640,RGC Resources,Nasdaq,RGCO,,,,http://www.wikidata.org/entity/Q7276640,,,RGCO
Q7276947,RLI Corp.,New York Stock Exchange,RLI,insurance industry,,,http://www.wikidata.org/entity/Q7276947,,,RLI
Q727697,Coach,New York Stock Exchange,COH,,,,http://www.wikidata.org/entity/Q727697,,,COH
Q7276995,RMG Networks,Nasdaq,RMGN,,,,http://www.wikidata.org/entity/Q7276995,,,RMGN
Q7277601,RPX Corporation,Nasdaq,RPXC,,,,http://www.wikidata.org/entity/Q7277601,,,RPXC
Q7277843,RTI International Metals,New York Stock Exchange,,,,,http://www.wikidata.org/entity/Q7277843,,,
Q727883,NetApp,Nasdaq,NTAP,,,,http://www.wikidata.org/entity/Q727883,3406000000.0,2009-01-01 00:00:00+00:00,NTAP
Q7280047,Radcom Ltd,Nasdaq,RDCM,,,,http://www.wikidata.org/entity/Q7280047,,,RDCM
Q7280252,RadiSys,Nasdaq,RSYS,,,,http://www.wikidata.org/entity/Q7280252,,,RSYS
Q7280290,Radian Group,New York Stock Exchange,RDN,insurance,,,http://www.wikidata.org/entity/Q7280290,,,RDN
Q7280388,Radica Games,Nasdaq,RADA,electronics industry,,,http://www.wikidata.org/entity/Q7280388,,,RADA
Q7280957,Urban One,Nasdaq,UONE,media industry,,,http://www.wikidata.org/entity/Q7280957,,,UONE
Q7289304,RPT Realty,New York Stock Exchange,RPT,real estate investment trust,,,http://www.wikidata.org/entity/Q7289304,,,RPT
Q7296403,Raven Industries,Nasdaq,RAVN,aerospace industry,,,http://www.wikidata.org/entity/Q7296403,,,RAVN
Q729754,Belo,New York Stock Exchange,BLC,broadcasting,,,http://www.wikidata.org/entity/Q729754,,,BLC
Q7298901,Raymond James Financial,New York Stock Exchange,RJF,investment,,,http://www.wikidata.org/entity/Q7298901,11308000000.0,2022-01-01 00:00:00+00:00,RJF
Q7299366,Rayonier,New York Stock Exchange,RYN,,,,http://www.wikidata.org/entity/Q7299366,,,RYN
Q7300936,Real Goods,Nasdaq,,,,,http://www.wikidata.org/entity/Q7300936,,,
Q7301358,Anywhere Real Estate,New York Stock Exchange,HOUS,real estate industry,,,http://www.wikidata.org/entity/Q7301358,,,HOUS
Q7301386,Realty Income Corporation,New York Stock Exchange,O,real estate investment trust,,,http://www.wikidata.org/entity/Q7301386,,,O
Q7301554,Reata Pharmaceuticals,Nasdaq,,pharmaceutical industry,,,http://www.wikidata.org/entity/Q7301554,,,
Q7304530,Red Lion Hotels Corporation,New York Stock Exchange,RLH,,,,http://www.wikidata.org/entity/Q7304530,,,RLH
Q7304886,Red Robin,Nasdaq,RRGB,restaurant,,,http://www.wikidata.org/entity/Q7304886,,,RRGB
Q7305846,Redfin,Nasdaq,RDFN,,,,http://www.wikidata.org/entity/Q7305846,,,RDFN
Q7307899,Regal Rexnord,New York Stock Exchange,RRX,,,,http://www.wikidata.org/entity/Q7307899,,,RRX
Q7308000,Regency Centers,New York Stock Exchange,REG,real estate investment trust,,,http://www.wikidata.org/entity/Q7308000,,,REG
Q7308054,Regeneron Pharmaceuticals,Nasdaq,REGN,pharmaceutical industry,,,http://www.wikidata.org/entity/Q7308054,12172900000.0,2022-01-01 00:00:00+00:00,REGN
Q7309325,Regis Corporation,New York Stock Exchange,RGS,,,,http://www.wikidata.org/entity/Q7309325,,,RGS
Q7309349,Register.com,Nasdaq,RCOM,,,,http://www.wikidata.org/entity/Q7309349,,,RCOM
Q7311031,"Reliance, Inc.",New York Stock Exchange,RS,,,,http://www.wikidata.org/entity/Q7311031,,,RS
Q7311538,Remark Media,Nasdaq,MARK,,,,http://www.wikidata.org/entity/Q7311538,,,MARK
Q7312262,Remy International,Nasdaq,REMY,,,,http://www.wikidata.org/entity/Q7312262,,,REMY
Q7313497,Rent-A-Center,Nasdaq,RCII,furniture,,,http://www.wikidata.org/entity/Q7313497,,,RCII
Q7313510,Rent The Runway,Nasdaq,RENT,e-commerce,,,http://www.wikidata.org/entity/Q7313510,,,RENT
Q7313537,Rentech,Nasdaq,RTK,,,,http://www.wikidata.org/entity/Q7313537,,,RTK
Q7313561,Rentrak,Nasdaq,RENT,,,,http://www.wikidata.org/entity/Q7313561,,,RENT
Q7314050,RepliWeb,Nasdaq,ATTU,software industry,,,http://www.wikidata.org/entity/Q7314050,,,ATTU
Q7314329,Repros Therapeutics,Nasdaq,,pharmaceutical industry,,,http://www.wikidata.org/entity/Q7314329,,,
Q7314387,Republic Bank & Trust Company,Nasdaq,RBCAA,economics of banking,,,http://www.wikidata.org/entity/Q7314387,,,RBCAA
Q7314415,Republic Services,New York Stock Exchange,RSG,waste management,,,http://www.wikidata.org/entity/Q7314415,15645100000.0,2022-01-01 00:00:00+00:00,RSG
Q7314903,Resmed,New York Stock Exchange,RMD,,,,http://www.wikidata.org/entity/Q7314903,,,RMD
Q7316207,Restoration Hardware,New York Stock Exchange,RH,retail,,,http://www.wikidata.org/entity/Q7316207,,,RH
Q731912,Carrier Corporation,New York Stock Exchange,CARR,"heating, ventilation, and air conditioning",,,http://www.wikidata.org/entity/Q731912,,,CARR
Q7319192,Rex Energy,Nasdaq,REXX,petroleum industry,,,http://www.wikidata.org/entity/Q7319192,,,REXX
Q731938,AstraZeneca,New York Stock Exchange,AZN,pharmaceutical industry,,,http://www.wikidata.org/entity/Q731938,24384000000.0,2019-01-01 00:00:00+00:00,AZN
Q7322037,RiT Technologies,Nasdaq,RITT,telecommunications,,,http://www.wikidata.org/entity/Q7322037,,,RITT
Q7331170,RCI Hospitality Holdings,Nasdaq,RICK,strip club,,,http://www.wikidata.org/entity/Q7331170,,,RICK
Q73312516,Swvl,Nasdaq,SWVL,,,,http://www.wikidata.org/entity/Q73312516,,,SWVL
Q7334682,RingCentral,New York Stock Exchange,RNG,cloud computing,,,http://www.wikidata.org/entity/Q7334682,,,RNG
Q733482,GoPro,Nasdaq,GPRO,photography,,,http://www.wikidata.org/entity/Q733482,,,GPRO
Q7336661,Ritchie Bros. Auctioneers,New York Stock Exchange,RBA,auction,,,http://www.wikidata.org/entity/Q7336661,,,RBA
Q7338847,Rivian Automotive,Nasdaq,RIVN,automotive industry,15775000000.0,2025-05-01 00:00:00+00:00,http://www.wikidata.org/entity/Q7338847,4486000000.0,2024-01-01 00:00:00+00:00,RIVN
Q7339697,Caliber System,Nasdaq; New York Stock Exchange,CBB; ROAD,trucking industry,,,http://www.wikidata.org/entity/Q7339697,,,CBB
Q734061,"DTS, Inc.",Nasdaq,DTSI,,,,http://www.wikidata.org/entity/Q734061,,,DTSI
Q734338,Verisign,Nasdaq,VRSN,Internet,,,http://www.wikidata.org/entity/Q734338,1424900000.0,2022-01-01 00:00:00+00:00,VRSN
Q734779,Comscore,Nasdaq,SCOR,Internet,,,http://www.wikidata.org/entity/Q734779,,,SCOR
Q735261,Royal Bank of Canada,New York Stock Exchange,RY,economics of banking,,,http://www.wikidata.org/entity/Q735261,,,RY
Q7354154,RockTenn,New York Stock Exchange,,industrial manufacturing,,,http://www.wikidata.org/entity/Q7354154,,,
Q7355463,Rockland Trust,Nasdaq,INDB,,,,http://www.wikidata.org/entity/Q7355463,,,INDB
Q7355744,Rocky Brands,Nasdaq,RCKY,,,,http://www.wikidata.org/entity/Q7355744,,,RCKY
Q7355878,Rocky Mountain Chocolate,Nasdaq,RMCF,,,,http://www.wikidata.org/entity/Q7355878,32342579.0,2022-01-01 00:00:00+00:00,RMCF
Q7360089,"Roku, Inc.",Nasdaq,ROKU,broadcasting,,,http://www.wikidata.org/entity/Q7360089,512760000.0,2017-01-01 00:00:00+00:00,ROKU
Q736091,AspenTech Corp.,Nasdaq,AZPN,software development,,,http://www.wikidata.org/entity/Q736091,,,AZPN
Q7361273,Rollins Inc.,New York Stock Exchange,ROL,pest control,,,http://www.wikidata.org/entity/Q7361273,,,ROL
Q7368685,Rosetta Genomics,Nasdaq,ROSG,biotechnology,,,http://www.wikidata.org/entity/Q7368685,,,ROSG
Q7368695,Rosetta Stone,New York Stock Exchange,RST,software industry,,,http://www.wikidata.org/entity/Q7368695,,,RST
Q7371288,Roundy's,New York Stock Exchange,,grocery store,,,http://www.wikidata.org/entity/Q7371288,,,
Q7371324,Rouse Properties,New York Stock Exchange,,real estate investment trust,,,http://www.wikidata.org/entity/Q7371324,,,
Q7374224,Royal Gold,Nasdaq,RGLD,mining,,,http://www.wikidata.org/entity/Q7374224,,,RGLD
Q7376400,Ruby Tuesday,New York Stock Exchange,,restaurant,,,http://www.wikidata.org/entity/Q7376400,,,
Q7376642,Ruckus Networks,New York Stock Exchange,RKUS,telecommunications device,,,http://www.wikidata.org/entity/Q7376642,,,RKUS
Q7377461,Onto Innovation,New York Stock Exchange,ONTO,,,,http://www.wikidata.org/entity/Q7377461,,,ONTO
Q7382830,Ruth's Hospitality Group,Nasdaq,RUTH,restaurant,,,http://www.wikidata.org/entity/Q7382830,468026000.0,2020-01-01 00:00:00+00:00,RUTH
Q7385029,"Ryerson, Inc.",New York Stock Exchange,RYI,steel,,,http://www.wikidata.org/entity/Q7385029,,,RYI
Q7385157,Ryland Homes,New York Stock Exchange,,,,,http://www.wikidata.org/entity/Q7385157,,,
Q7385192,Ryman Hospitality Properties,New York Stock Exchange,RHP,real estate investment trust,,,http://www.wikidata.org/entity/Q7385192,,,RHP
Q738770,Western Digital,Nasdaq,WDC,computer storage media,,,http://www.wikidata.org/entity/Q738770,,,WDC
Q73883753,Alteryx,New York Stock Exchange,AYX,software industry,,,http://www.wikidata.org/entity/Q73883753,,,AYX
Q7388926,SBA Communications,Nasdaq,SBAC,telecommunications,,,http://www.wikidata.org/entity/Q7388926,,,SBAC
Q7389067,SCANA,New York Stock Exchange,SCG,electric power industry,,,http://www.wikidata.org/entity/Q7389067,,,SCG
Q7389686,SEI Investments Company,Nasdaq,SEIC,financial services,,,http://www.wikidata.org/entity/Q7389686,,,SEIC
Q7390195,SHFL entertainment,Nasdaq,SHFL,gambling,,,http://www.wikidata.org/entity/Q7390195,,,SHFL
Q739084,U.S. Bancorp,New York Stock Exchange,USB,economics of banking,1587600000000.0,2021-07-17 00:00:00+00:00,http://www.wikidata.org/entity/Q739084,23325000000.0,2020-01-01 00:00:00+00:00,USB
Q7391016,SL Green Realty,New York Stock Exchange,SLG,real estate investment trust,,,http://www.wikidata.org/entity/Q7391016,,,SLG
Q7391381,SMTC Corporation,Nasdaq,SMTX,electronics,,,http://www.wikidata.org/entity/Q7391381,,,SMTX
Q7391384,SMTP,Nasdaq,SMTP,,,,http://www.wikidata.org/entity/Q7391384,,,SMTP
Q7392074,SONICblue Incorporated,Nasdaq,SBLU,,,,http://www.wikidata.org/entity/Q7392074,,,SBLU
Q7392495,SPDR,New York Stock Exchange,,,,,http://www.wikidata.org/entity/Q7392495,,,
Q7392916,SS&C Technologies,Nasdaq,SSNC,financial services,,,http://www.wikidata.org/entity/Q7392916,,,SSNC
Q739518,Aon plc,New York Stock Exchange,AON,professional service,,,http://www.wikidata.org/entity/Q739518,12479000000.0,2022-01-01 00:00:00+00:00,AON
Q7398856,Safway Services LLC,New York Stock Exchange,,,,,http://www.wikidata.org/entity/Q7398856,,,
Q7399844,Saia,Nasdaq,SAIA,transport industry,,,http://www.wikidata.org/entity/Q7399844,,,SAIA
Q7404876,Salix Pharmaceuticals,Nasdaq,SLXP,pharmaceutical industry,,,http://www.wikidata.org/entity/Q7404876,,,SLXP
Q7405065,Sally Beauty Holdings,New York Stock Exchange,SBH,,,,http://www.wikidata.org/entity/Q7405065,,,SBH
Q741046,Progress Software,Nasdaq,PRGS,software industry,,,http://www.wikidata.org/entity/Q741046,,,PRGS
Q7414,The Walt Disney Company,New York Stock Exchange,DIS,animation,,,http://www.wikidata.org/entity/Q7414,82722000000.0,2022-01-01 00:00:00+00:00,DIS
Q7415751,SandRidge Energy,New York Stock Exchange,SD,petroleum industry,,,http://www.wikidata.org/entity/Q7415751,,,SD
Q7416970,Sandstorm Gold,New York Stock Exchange,SAND,mining,,,http://www.wikidata.org/entity/Q7416970,,,SAND
Q741707,Wabtec,New York Stock Exchange,WAB,transport industry,,,http://www.wikidata.org/entity/Q741707,,,WAB
Q7417809,Sangamo Therapeutics,Nasdaq,SGMO,biotechnology,,,http://www.wikidata.org/entity/Q7417809,,,SGMO
Q742196,Darden Restaurants,New York Stock Exchange,DRI,system catering,,,http://www.wikidata.org/entity/Q742196,,,DRI
Q7428211,Savient Pharmaceuticals,Nasdaq,,pharmaceutical industry,,,http://www.wikidata.org/entity/Q7428211,,,
Q7431894,Schneider National,New York Stock Exchange,SNDR,logistics,,,http://www.wikidata.org/entity/Q7431894,,,SNDR
Q7431916,Schnitzer Steel Industries,Nasdaq,SCHN,iron and steel industry,,,http://www.wikidata.org/entity/Q7431916,,,SCHN
Q7432923,"Schrödinger, Inc.",Nasdaq,SDGR,,,,http://www.wikidata.org/entity/Q7432923,,,SDGR
Q7433758,Light & Wonder,Nasdaq,SGMS,gambling industry,,,http://www.wikidata.org/entity/Q7433758,2512000000.0,2022-01-01 00:00:00+00:00,SGMS
Q7440212,Seabridge Gold,New York Stock Exchange,,mining,,,http://www.wikidata.org/entity/Q7440212,,,
Q7440621,Sealed Air,New York Stock Exchange,SEE,conglomerate,,,http://www.wikidata.org/entity/Q7440621,,,SEE
Q744149,Wells Fargo,New York Stock Exchange,WFC,economics of banking,243673000000.0,2025-05-12 00:00:00+00:00,http://www.wikidata.org/entity/Q744149,82296000000.0,2024-01-01 00:00:00+00:00,WFC
Q7444830,Secureworks Inc.,Nasdaq,SCWX,Managed security service,,,http://www.wikidata.org/entity/Q7444830,,,SCWX
Q744683,Franklin Templeton Investments,New York Stock Exchange,BEN,financial services,,,http://www.wikidata.org/entity/Q744683,8275300000.0,2022-01-01 00:00:00+00:00,BEN
Q7447640,Sleep Number,Nasdaq,SNBR,bedding,,,http://www.wikidata.org/entity/Q7447640,,,SNBR
Q7449678,Semitool,Nasdaq,AMAT,,,,http://www.wikidata.org/entity/Q7449678,,,AMAT
Q7449804,Sempra,New York Stock Exchange,SRE,public utility,,,http://www.wikidata.org/entity/Q7449804,,,SRE
Q7450295,Seneca Foods,Nasdaq,SENEA,,,,http://www.wikidata.org/entity/Q7450295,,,SENEA
Q7450899,Senomyx,Nasdaq,SNMX,biotechnology,,,http://www.wikidata.org/entity/Q7450899,,,SNMX
Q745099,Kyocera,New York Stock Exchange,KYO,industrial sector,,,http://www.wikidata.org/entity/Q745099,,,KYO
Q7451039,Sensient Technologies,New York Stock Exchange,SXT,,,,http://www.wikidata.org/entity/Q7451039,,,SXT
Q7452488,Sequenom,Nasdaq; New York Stock Exchange,SQNM,biotechnology,,,http://www.wikidata.org/entity/Q7452488,,,SQNM
Q7455653,ServiceNow,New York Stock Exchange,NOW,enterprise software,,,http://www.wikidata.org/entity/Q7455653,3460437000.0,2019-12-31 00:00:00+00:00,NOW
Q7457122,Sevcon,Nasdaq,SEV,,,,http://www.wikidata.org/entity/Q7457122,,,SEV
Q747207,Lattice Semiconductor Corporation,Nasdaq,LSCC,semiconductor industry,,,http://www.wikidata.org/entity/Q747207,,,LSCC
Q747489,Cyrix,Nasdaq,CYRX,electronics industry,,,http://www.wikidata.org/entity/Q747489,,,CYRX
Q7489523,Sharecare,Nasdaq,SHCR,health technology,,,http://www.wikidata.org/entity/Q7489523,,,SHCR
Q7500007,Shoe Carnival,Nasdaq,SCVL,,,,http://www.wikidata.org/entity/Q7500007,,,SCVL
Q7501097,ShopRite,Nasdaq,VLGEA,supermarket,,,http://www.wikidata.org/entity/Q7501097,,,VLGEA
Q7501150,Shopify,New York Stock Exchange,SHOP,e-commerce,47750000000.0,2022-01-05 00:00:00+00:00,http://www.wikidata.org/entity/Q7501150,3231000000.0,2021-01-01 00:00:00+00:00,SHOP
Q750124,Cabot Corporation,New York Stock Exchange,CBT,,,,http://www.wikidata.org/entity/Q750124,,,CBT
Q7501286,ShoreTel,Nasdaq,SHOR,telecommunications,,,http://www.wikidata.org/entity/Q7501286,,,SHOR
Q7503323,Showtime movie channels,Nasdaq,,,,,http://www.wikidata.org/entity/Q7503323,,,
Q7505672,Shutterfly,Nasdaq,SFLY,,,,http://www.wikidata.org/entity/Q7505672,,,SFLY
Q7512309,Sigma Designs,Nasdaq,SIGM,semiconductor,,,http://www.wikidata.org/entity/Q7512309,,,SIGM
Q7512923,Signet Jewelers Limited,New York Stock Exchange,SIG,retail,,,http://www.wikidata.org/entity/Q7512923,,,SIG
Q7516369,SSR Mining,Nasdaq,SSRM,zinc industry,5634183559.0,2021-11-18 00:00:00+00:00,http://www.wikidata.org/entity/Q7516369,,,SSRM
Q7516654,Silvercorp Metals,New York Stock Exchange,SVM,mining,,,http://www.wikidata.org/entity/Q7516654,,,SVM
Q7517459,Simcere Pharmaceutical,New York Stock Exchange,,pharmaceutical industry,,,http://www.wikidata.org/entity/Q7517459,,,
Q7521341,Simulations Plus,Nasdaq,SLP,software industry,,,http://www.wikidata.org/entity/Q7521341,,,SLP
Q75256038,Cronos Group Inc,Nasdaq,CRON,health care,,,http://www.wikidata.org/entity/Q75256038,,,CRON
Q753521,Kate Spade & Company,New York Stock Exchange,KATE,,,,http://www.wikidata.org/entity/Q753521,,,KATE
Q7537214,"SkyWest, Inc.",Nasdaq,SKYW,transport,,,http://www.wikidata.org/entity/Q7537214,,,SKYW
Q7538146,Skyworks Solutions,Nasdaq,SWKS,semiconductor industry,,,http://www.wikidata.org/entity/Q7538146,5485500000.0,2022-01-01 00:00:00+00:00,SWKS
Q7543936,Smart Balance,Nasdaq,,,,,http://www.wikidata.org/entity/Q7543936,,,
Q7545224,Smith Micro Software,Nasdaq,SMSI,software industry,,,http://www.wikidata.org/entity/Q7545224,,,SMSI
Q7548877,Snyder's-Lance,Nasdaq,LNCE,food industry,,,http://www.wikidata.org/entity/Q7548877,,,LNCE
Q7554565,Sogou,New York Stock Exchange,SOGO,software development,,,http://www.wikidata.org/entity/Q7554565,,,SOGO
Q7554758,Soho House,New York Stock Exchange,SHCO,,,,http://www.wikidata.org/entity/Q7554758,,,SHCO
Q7555824,SolarCity,Nasdaq,SCTY,solar industry,,,http://www.wikidata.org/entity/Q7555824,,,SCTY
Q7555837,SolarWinds,New York Stock Exchange,SWI,software industry,,,http://www.wikidata.org/entity/Q7555837,,,SWI
Q7557128,TerraVia,Nasdaq,TVIA,biotechnology industry,,,http://www.wikidata.org/entity/Q7557128,,,TVIA
Q7557672,Solera Holdings,New York Stock Exchange,,software industry,,,http://www.wikidata.org/entity/Q7557672,,,
Q7561788,Sonic Automotive,New York Stock Exchange,SAH,automotive industry,,,http://www.wikidata.org/entity/Q7561788,,,SAH
Q7561808,Sonic Drive-In,Nasdaq,SONC,restaurant,,,http://www.wikidata.org/entity/Q7561808,,,SONC
Q7562151,Sonoco,New York Stock Exchange,SON,product packaging industry,,,http://www.wikidata.org/entity/Q7562151,,,SON
Q7562414,Sonus Networks,Nasdaq,SONS,,,,http://www.wikidata.org/entity/Q7562414,,,SONS
Q7564622,SoundHound,Nasdaq,SOUN,software industry,,,http://www.wikidata.org/entity/Q7564622,,,SOUN
Q7567571,South Jersey Industries,New York Stock Exchange,SJI,energy service company,,,http://www.wikidata.org/entity/Q7567571,,,SJI
Q7569447,Yandex Labs,Nasdaq,YNDX,,,,http://www.wikidata.org/entity/Q7569447,,,YNDX
Q7569806,Southern Copper Corporation,New York Stock Exchange,SCCO,mining,,,http://www.wikidata.org/entity/Q7569806,,,SCCO
Q7571280,Southwest Gas,New York Stock Exchange,SWX,,,,http://www.wikidata.org/entity/Q7571280,,,SWX
Q757135,Atlas Air,Nasdaq,,,,,http://www.wikidata.org/entity/Q757135,,,
Q7571413,Southwestern Energy,New York Stock Exchange,SWN,petroleum industry,,,http://www.wikidata.org/entity/Q7571413,,,SWN
Q7572694,Spacelabs Healthcare,Nasdaq,OSIS,health care industry,,,http://www.wikidata.org/entity/Q7572694,,,OSIS
Q757307,Atlassian,Nasdaq,TEAM,software industry,,,http://www.wikidata.org/entity/Q757307,,,TEAM
Q7573905,Spartan Motors,Nasdaq,SPAR,automotive industry,,,http://www.wikidata.org/entity/Q7573905,,,SPAR
Q7573912,SpartanNash,Nasdaq,SPTN,retail,,,http://www.wikidata.org/entity/Q7573912,,,SPTN
Q757489,Atmel,Nasdaq,ATML,semiconductor industry,,,http://www.wikidata.org/entity/Q757489,,,ATML
Q7575161,Spectra Energy,Nasdaq; New York Stock Exchange,PMTC; SE,petroleum industry,,,http://www.wikidata.org/entity/Q7575161,,,PMTC
Q7575301,Spectrum Pharmaceuticals,Nasdaq,SPPI,pharmaceutical industry,,,http://www.wikidata.org/entity/Q7575301,,,SPPI
Q7579306,Sport Chalet,Nasdaq,SPCHA,retail,,,http://www.wikidata.org/entity/Q7579306,,,SPCHA
Q7580289,UNISOC,Nasdaq,,,,,http://www.wikidata.org/entity/Q7580289,,,
Q7581369,Sprouts Farmers Market,Nasdaq,SFM,grocery store,,,http://www.wikidata.org/entity/Q7581369,,,SFM
Q7582097,Squarespace,New York Stock Exchange,SQSP,,,,http://www.wikidata.org/entity/Q7582097,,,SQSP
Q7588561,St. Joe Company,New York Stock Exchange,JOE,real estate development,,,http://www.wikidata.org/entity/Q7588561,,,JOE
Q7596814,Stage Stores Inc.,New York Stock Exchange,,retail,,,http://www.wikidata.org/entity/Q7596814,,,
Q7597506,stamps.com,Nasdaq,STMP,service,,,http://www.wikidata.org/entity/Q7597506,,,STMP
Q7597518,StanCorp Financial Group,New York Stock Exchange,SFG,insurance,,,http://www.wikidata.org/entity/Q7597518,,,SFG
Q7598157,Standard & Poor's Depositary Receipts,New York Stock Exchange,,,,,http://www.wikidata.org/entity/Q7598157,,,
Q7598287,Standard Pacific Homes,New York Stock Exchange,,,,,http://www.wikidata.org/entity/Q7598287,,,
Q7598289,SP+,Nasdaq,SP,,,,http://www.wikidata.org/entity/Q7598289,,,SP
Q7605667,Steel Dynamics,Nasdaq,STLD,iron and steel industry,,,http://www.wikidata.org/entity/Q7605667,,,STLD
Q7606770,Stein Mart,Nasdaq,SMRT,retail,,,http://www.wikidata.org/entity/Q7606770,,,SMRT
Q7611370,Sterling Bank,Nasdaq,SBIB,,,,http://www.wikidata.org/entity/Q7611370,,,SBIB
Q7611500,Sterlite Copper,New York Stock Exchange,,mining,,,http://www.wikidata.org/entity/Q7611500,,,
Q7615782,Stewart Enterprises,Nasdaq,,,,,http://www.wikidata.org/entity/Q7615782,,,
Q7615829,Stewart Information Services Corporation,New York Stock Exchange,STC,financial services,,,http://www.wikidata.org/entity/Q7615829,,,STC
Q7616390,Stifel,New York Stock Exchange,SF,investment,,,http://www.wikidata.org/entity/Q7616390,3817839000.0,2020-01-01 00:00:00+00:00,SF
Q7617297,Stillwater Mining Company,New York Stock Exchange,SWC,,,,http://www.wikidata.org/entity/Q7617297,,,SWC
Q761965,Baxter International,New York Stock Exchange,BAX,medical equipment,,,http://www.wikidata.org/entity/Q761965,15113000000.0,2022-01-01 00:00:00+00:00,BAX
Q7622587,Strayer University,Nasdaq,,,,,http://www.wikidata.org/entity/Q7622587,,,
Q7627777,Student Transportation Inc.,Nasdaq,STB,,,,http://www.wikidata.org/entity/Q7627777,,,STB
Q7638153,SunOpta,Nasdaq,STKL,mineral,,,http://www.wikidata.org/entity/Q7638153,,,STKL
Q7638158,Sunrun,Nasdaq,RUN,photovoltaic system,,,http://www.wikidata.org/entity/Q7638158,,,RUN
Q7638250,Sun Communities,New York Stock Exchange,SUI,real estate investment trust,,,http://www.wikidata.org/entity/Q7638250,,,SUI
Q7638414,Sun National Bank,Nasdaq,SNBC,,,,http://www.wikidata.org/entity/Q7638414,,,SNBC
Q7639364,Sunday Communications Limited,Nasdaq,SDAY,mobile telephony,,,http://www.wikidata.org/entity/Q7639364,,,SDAY
Q764321,Obsidian Energy,New York Stock Exchange,OBE,petroleum industry,,,http://www.wikidata.org/entity/Q764321,,,OBE
Q7643493,Superior Bancorp,Nasdaq,SUPR,financial services,,,http://www.wikidata.org/entity/Q7643493,,,SUPR
Q7644560,Support.com,Nasdaq,SPRT,tertiary sector of the economy,,,http://www.wikidata.org/entity/Q7644560,,,SPRT
Q7649295,Susquehanna Bank,Nasdaq,SUSQ,bank holding company,,,http://www.wikidata.org/entity/Q7649295,,,SUSQ
Q7658825,Swisher Hygiene,Nasdaq,SWSH,,,,http://www.wikidata.org/entity/Q7658825,,,SWSH
Q7662405,Syneron Medical,Nasdaq,ELOS,health care,,,http://www.wikidata.org/entity/Q7662405,,,ELOS
Q7662493,Synnex,New York Stock Exchange,SNX,information technology,,,http://www.wikidata.org/entity/Q7662493,,,SNX
Q7662636,Synplicity,Nasdaq,,,,,http://www.wikidata.org/entity/Q7662636,,,
Q7662679,Syntel,Nasdaq,SYNT,IT service management,,,http://www.wikidata.org/entity/Q7662679,,,SYNT
Q7663801,Global Industrial Company,New York Stock Exchange,GIC,,,,http://www.wikidata.org/entity/Q7663801,,,GIC
Q766417,Bucyrus International,Nasdaq,BUCY,mining,,,http://www.wikidata.org/entity/Q766417,,,BUCY
Q7668516,T. Marzetti Company,Nasdaq,LANC,food processing,,,http://www.wikidata.org/entity/Q7668516,,,LANC
Q7669439,Tat Technologies Ltd,Nasdaq,TATT,aviation,195859000.0,2022-11-15 00:00:00+00:00,http://www.wikidata.org/entity/Q7669439,,,TATT
Q7669688,TCF Financial Corporation,Nasdaq,TCF,bank,,,http://www.wikidata.org/entity/Q7669688,,,TCF
Q7669886,TD Ameritrade,New York Stock Exchange,AMTD,financial services,,,http://www.wikidata.org/entity/Q7669886,,,AMTD
Q7669940,TECO Energy,New York Stock Exchange,TE,energy industry,,,http://www.wikidata.org/entity/Q7669940,,,TE
Q7671766,TSYS,New York Stock Exchange,,,,,http://www.wikidata.org/entity/Q7671766,,,
Q7671950,TTI Telecom,Nasdaq,TTIL,telecommunications,,,http://www.wikidata.org/entity/Q7671950,,,TTIL
Q7672563,TW Telecom,Nasdaq,,telephone company,,,http://www.wikidata.org/entity/Q7672563,,,
Q7673435,"Tableau Software, Inc.",New York Stock Exchange,DATA,automation,,,http://www.wikidata.org/entity/Q7673435,877000000.0,2017-01-01 00:00:00+00:00,DATA
Q7675621,Tahoe Resources,New York Stock Exchange,TAHO,mining,,,http://www.wikidata.org/entity/Q7675621,,,TAHO
Q768231,Express Scripts,Nasdaq,ESRX,retail,,,http://www.wikidata.org/entity/Q768231,,,ESRX
Q7682888,Tanger Inc.,New York Stock Exchange,SKT,outlet store,,,http://www.wikidata.org/entity/Q7682888,,,SKT
Q76846862,Paramount Global,Nasdaq,PARA,mass media,,,http://www.wikidata.org/entity/Q76846862,30154000000.0,2022-01-01 00:00:00+00:00,PARA
Q7685824,Targa Resources,New York Stock Exchange,TRGP,,,,http://www.wikidata.org/entity/Q7685824,,,TRGP
Q7685835,Targanta Therapeutics Corporation,Nasdaq,TARG,biotechnology,,,http://www.wikidata.org/entity/Q7685835,,,TARG
Q768773,MSCI,New York Stock Exchange,MSCI,,,,http://www.wikidata.org/entity/Q768773,,,MSCI
Q7688650,Taubman Centers,New York Stock Exchange,TCO,real estate investment trust,,,http://www.wikidata.org/entity/Q7688650,,,TCO
Q7690075,Taylor Morrison,New York Stock Exchange,TMHC,,,,http://www.wikidata.org/entity/Q7690075,,,TMHC
Q7692121,TechFaith,Nasdaq,CNTF,,,,http://www.wikidata.org/entity/Q7692121,,,CNTF
Q7692144,TechTarget,Nasdaq,TTGT,marketing,,,http://www.wikidata.org/entity/Q7692144,,,TTGT
Q7692916,Tecumseh Products,Nasdaq,TECU,industrial manufacturing,,,http://www.wikidata.org/entity/Q7692916,,,TECU
Q7695260,Tejon Ranch,New York Stock Exchange,TRC,,,,http://www.wikidata.org/entity/Q7695260,,,TRC
Q7695732,Telenav,Nasdaq,TNAV,,,,http://www.wikidata.org/entity/Q7695732,,,TNAV
Q7695737,TTEC,Nasdaq,TTEC,,,,http://www.wikidata.org/entity/Q7695737,,,TTEC
Q7696127,Teledyne Technologies,New York Stock Exchange,TDY,conglomerate,,,http://www.wikidata.org/entity/Q7696127,1240000000.0,2018-01-01 00:00:00+00:00,TDY
Q7696143,Teleflex,New York Stock Exchange,TFX,medical device design,,,http://www.wikidata.org/entity/Q7696143,,,TFX
Q7696488,Telephone and Data Systems,New York Stock Exchange,TDS,telecommunications,,,http://www.wikidata.org/entity/Q7696488,,,TDS
Q7697828,Telos,Nasdaq,TLS,information technology,,,http://www.wikidata.org/entity/Q7697828,,,TLS
Q7697923,Telus Digital,New York Stock Exchange,TIXT,,,,http://www.wikidata.org/entity/Q7697923,,,TIXT
Q7701490,Terabeam,Nasdaq,,,,,http://www.wikidata.org/entity/Q7701490,,,
Q7701648,Terayon,Nasdaq,TERN,,,,http://www.wikidata.org/entity/Q7701648,,,TERN
Q7705659,Xperi Corporation,Nasdaq,TSRA,technology company,,,http://www.wikidata.org/entity/Q7705659,,,TSRA
Q7706196,Tetra Tech,Nasdaq,TTEK,professional service,,,http://www.wikidata.org/entity/Q7706196,,,TTEK
Q7707900,Texas Pacific Land Trust,New York Stock Exchange,TPL,,,,http://www.wikidata.org/entity/Q7707900,,,TPL
Q7707945,Texas Roadhouse,Nasdaq,TXRH,gastronomy,,,http://www.wikidata.org/entity/Q7707945,,,TXRH
Q7711620,The9,Nasdaq,NCTY,video game industry,,,http://www.wikidata.org/entity/Q7711620,,,NCTY
Q7711656,TheStreet,Nasdaq,TST,publishing,,,http://www.wikidata.org/entity/Q7711656,,,TST
Q7712716,The Advisory Board Company,Nasdaq,ABCO,,,,http://www.wikidata.org/entity/Q7712716,,,ABCO
Q7713699,The Andersons,Nasdaq,ANDE,conglomerate,,,http://www.wikidata.org/entity/Q7713699,,,ANDE
Q771865,Spectrum Brands,New York Stock Exchange,SPB,industrial manufacturing,,,http://www.wikidata.org/entity/Q771865,,,SPB
Q7719081,The Bon-Ton,Nasdaq,BONT,retail,,,http://www.wikidata.org/entity/Q7719081,,,BONT
Q7727445,The Container Store,New York Stock Exchange,TCS,retail,,,http://www.wikidata.org/entity/Q7727445,,,TCS
Q7727656,The Corporate Executive Board Company,New York Stock Exchange,,,,,http://www.wikidata.org/entity/Q7727656,,,
Q772813,Univar Solutions,New York Stock Exchange,UNVR,,,,http://www.wikidata.org/entity/Q772813,,,UNVR
Q7728670,The Daily Journal Corporation,Nasdaq,,,,,http://www.wikidata.org/entity/Q7728670,,,
Q7735265,The Fresh Market,Nasdaq,TFM,retail,,,http://www.wikidata.org/entity/Q7735265,,,TFM
Q7738224,The Greenbrier Companies,New York Stock Exchange,GBX,,,,http://www.wikidata.org/entity/Q7738224,,,GBX
Q7742790,The J.M. Smucker Company,New York Stock Exchange,SJM,,,,http://www.wikidata.org/entity/Q7742790,,,SJM
Q7743510,The Jones Group,New York Stock Exchange,,fashion,,,http://www.wikidata.org/entity/Q7743510,,,
Q7744883,The Knot Worldwide,New York Stock Exchange,,,,,http://www.wikidata.org/entity/Q7744883,,,
Q7752327,The Mosaic Company,New York Stock Exchange,MOS,agriculture,,,http://www.wikidata.org/entity/Q7752327,19125200000.0,2022-01-01 00:00:00+00:00,MOS
Q7756009,The Pantry,Nasdaq,PTRY,convenience store,,,http://www.wikidata.org/entity/Q7756009,,,PTRY
Q7756963,The Phoenix Companies,Nasdaq; New York Stock Exchange,VRTS,financial services,,,http://www.wikidata.org/entity/Q7756963,,,VRTS
Q77581453,ViewRay,Nasdaq,VRAY,,,,http://www.wikidata.org/entity/Q77581453,,,VRAY
Q7761625,The Rouse Company,New York Stock Exchange,RSE,real estate development,,,http://www.wikidata.org/entity/Q7761625,,,RSE
Q7772938,The Vitamin Shoppe,New York Stock Exchange,VSI,retail,,,http://www.wikidata.org/entity/Q7772938,,,VSI
Q7776719,The York Water Company,Nasdaq,YORW,,,,http://www.wikidata.org/entity/Q7776719,,,YORW
Q778126,Intelsat,New York Stock Exchange,I,telecommunications,,,http://www.wikidata.org/entity/Q778126,,,I
Q7786824,Thomas & Betts,New York Stock Exchange,TNB,,,,http://www.wikidata.org/entity/Q7786824,,,TNB
Q7793308,Thomas Properties Group,New York Stock Exchange,TPGI,real estate investment trust,,,http://www.wikidata.org/entity/Q7793308,,,TPGI
Q7795716,Thompson Creek Metals,New York Stock Exchange,TC,mining,,,http://www.wikidata.org/entity/Q7795716,,,TC
Q7796068,Thor Industries,New York Stock Exchange,THO,Motor Vehicle Body Manufacturing,,,http://www.wikidata.org/entity/Q7796068,,,THO
Q7796156,Thoratec,Nasdaq,,,,,http://www.wikidata.org/entity/Q7796156,,,
Q7800873,Tidewater,New York Stock Exchange,TDW,water transport,,,http://www.wikidata.org/entity/Q7800873,397040000.0,2020-12-31 00:00:00+00:00,TDW
Q7801348,TigerLogic,Nasdaq,,software industry,,,http://www.wikidata.org/entity/Q7801348,,,
Q7802889,Tillys,New York Stock Exchange,TLYS,retail,,,http://www.wikidata.org/entity/Q7802889,,,TLYS
Q780442,Uber,New York Stock Exchange,UBER,information technology,189063000000.0,2025-05-15 00:00:00+00:00,http://www.wikidata.org/entity/Q780442,43978000000.0,2024-01-01 00:00:00+00:00,UBER
Q7808537,Tintri,Nasdaq,TNTR,recording medium,,,http://www.wikidata.org/entity/Q7808537,,,TNTR
Q7808625,Slack Technologies,New York Stock Exchange,WORK,business software industry,,,http://www.wikidata.org/entity/Q7808625,,,WORK
Q7809764,Titan Machinery,Nasdaq,TITN,agricultural technology,,,http://www.wikidata.org/entity/Q7809764,,,TITN
Q7809768,Titan Pharmaceuticals,Nasdaq,TTNP,pharmaceutical industry,,,http://www.wikidata.org/entity/Q7809768,,,TTNP
Q7809776,Titan Tire Corporation,New York Stock Exchange,TWI,,,,http://www.wikidata.org/entity/Q7809776,,,TWI
Q7814310,Toll Brothers,New York Stock Exchange,TOL,,,,http://www.wikidata.org/entity/Q7814310,,,TOL
Q78203110,Phunware,Nasdaq,PHUN,,,,http://www.wikidata.org/entity/Q78203110,19150000.0,2019-01-01 00:00:00+00:00,PHUN
Q7824332,Tootsie Roll Industries,New York Stock Exchange,TR,,,,http://www.wikidata.org/entity/Q7824332,,,TR
Q7825574,Globe Life,New York Stock Exchange,GL,life insurance,,,http://www.wikidata.org/entity/Q7825574,,,GL
Q7827120,Torrid,New York Stock Exchange,CURV,retail,,,http://www.wikidata.org/entity/Q7827120,,,CURV
Q7829730,Tower Semiconductor Ltd.,Nasdaq,TSEM,semiconductor,16186326000.0,2022-11-15 00:00:00+00:00,http://www.wikidata.org/entity/Q7829730,,,TSEM
Q7830012,Town Sports International Holdings,Nasdaq,CLUB,health club,,,http://www.wikidata.org/entity/Q7830012,,,CLUB
Q7830269,Townsquare Media,New York Stock Exchange,TSQ,mass media,,,http://www.wikidata.org/entity/Q7830269,,,TSQ
Q7833612,TransDigm Group Inc.,New York Stock Exchange,TDG,industrial manufacturing,,,http://www.wikidata.org/entity/Q7833612,5430000000.0,2022-01-01 00:00:00+00:00,TDG
Q7833614,TFI International,New York Stock Exchange,TFII,logistics,,,http://www.wikidata.org/entity/Q7833614,3484000000.0,2020-01-01 00:00:00+00:00,TFII
Q7833641,TransUnion,New York Stock Exchange,TRU,information technology industry,,,http://www.wikidata.org/entity/Q7833641,,,TRU
Q7833697,"Kaspien Holdings, Inc.",Nasdaq,TWMC,retail,,,http://www.wikidata.org/entity/Q7833697,,,TWMC
Q7835892,TravelCenters of America,Nasdaq,TA,truck stop,,,http://www.wikidata.org/entity/Q7835892,,,TA
Q7836120,Travelzoo,Nasdaq,TZOO,mass media,,,http://www.wikidata.org/entity/Q7836120,,,TZOO
Q7837478,Tredegar corporation,New York Stock Exchange,TG,,,,http://www.wikidata.org/entity/Q7837478,,,TG
Q7838954,Trevena Inc,Nasdaq,TRVN,pharmaceutical industry,,,http://www.wikidata.org/entity/Q7838954,,,TRVN
Q7839814,TriNet HR Services,New York Stock Exchange,TNET,,,,http://www.wikidata.org/entity/Q7839814,,,TNET
Q784022,Renren,New York Stock Exchange,RENN,social networking service,,,http://www.wikidata.org/entity/Q784022,,,RENN
Q7842860,Trinity Industries,New York Stock Exchange,TRN,conglomerate,2199000000.0,2025-05-15 00:00:00+00:00,http://www.wikidata.org/entity/Q7842860,,,TRN
Q7843323,Triple-S Management Corporation,New York Stock Exchange,GTS,insurance industry,,,http://www.wikidata.org/entity/Q7843323,,,GTS
Q7844609,Trius Therapeutics,Nasdaq,TSRX,,,,http://www.wikidata.org/entity/Q7844609,,,TSRX
Q7847126,Trubion,Nasdaq,,pharmaceutical industry,,,http://www.wikidata.org/entity/Q7847126,,,
Q7847309,TrueCar,Nasdaq,TRUE,,,,http://www.wikidata.org/entity/Q7847309,,,TRUE
Q7847653,Trulia,New York Stock Exchange,TRLA,real estate industry,,,http://www.wikidata.org/entity/Q7847653,,,TRLA
Q7848008,Trupanion,Nasdaq,TRUP,pet insurance,,,http://www.wikidata.org/entity/Q7848008,,,TRUP
Q784804,AutoNation,New York Stock Exchange,AN,retail,,,http://www.wikidata.org/entity/Q784804,,,AN
Q7848087,TrustCo Bank,Nasdaq,TRST,bank,,,http://www.wikidata.org/entity/Q7848087,,,TRST
Q7850758,TubeMogul,Nasdaq,tube,,,,http://www.wikidata.org/entity/Q7850758,,,tube
Q7851426,Tuesday Morning,Nasdaq,TUES,retail,,,http://www.wikidata.org/entity/Q7851426,,,TUES
Q7851506,Tufin,New York Stock Exchange,,computer security,,,http://www.wikidata.org/entity/Q7851506,,,
Q7856196,Turquoise Hill Resources,Nasdaq; New York Stock Exchange,TRQ,mining,,,http://www.wikidata.org/entity/Q7856196,,,TRQ
Q7856379,Turtle Beach Systems,Nasdaq,HEAR,video game industry,,,http://www.wikidata.org/entity/Q7856379,,,HEAR
Q7856971,Tutor Perini,New York Stock Exchange,TPC,construction,,,http://www.wikidata.org/entity/Q7856971,,,TPC
Q7857512,Tween Brands,Nasdaq,ASNA,retail,,,http://www.wikidata.org/entity/Q7857512,,,ASNA
Q7858039,Twilio,New York Stock Exchange,TWLO,Voice over IP,,,http://www.wikidata.org/entity/Q7858039,,,TWLO
Q7858146,Twin Disc,Nasdaq,TWIN,,,,http://www.wikidata.org/entity/Q7858146,,,TWIN
Q785943,Staples Inc.,Nasdaq,SPLS,retail,,,http://www.wikidata.org/entity/Q785943,22492000000.0,2015-01-01 00:00:00+00:00,SPLS
Q7863116,U.S. Century Bank,Nasdaq,USCB,bank,,,http://www.wikidata.org/entity/Q7863116,,,USCB
Q7863740,UAL Corporation,Nasdaq,,transport,,,http://www.wikidata.org/entity/Q7863740,16335000000.0,2009-01-01 00:00:00+00:00,
Q7864706,UIL Holdings Corporation,New York Stock Exchange,UIL,holding company,,,http://www.wikidata.org/entity/Q7864706,,,UIL
Q7865088,UMB Financial Corporation,Nasdaq,UMBF,financial sector,,,http://www.wikidata.org/entity/Q7865088,,,UMBF
Q7865844,USA Technologies Inc.,Nasdaq,USAT,,,,http://www.wikidata.org/entity/Q7865844,,,USAT
Q787044,Autoliv,New York Stock Exchange,ALV,automotive supplier,,,http://www.wikidata.org/entity/Q787044,,,ALV
Q787324,BEA Systems,Nasdaq,BEAS,software development,,,http://www.wikidata.org/entity/Q787324,1535000000.0,2008-01-01 00:00:00+00:00,BEAS
Q7875835,US Airways Group,New York Stock Exchange,U,aviation,,,http://www.wikidata.org/entity/Q7875835,,,U
Q7876045,UTStarcom,Nasdaq,UTSI,,,,http://www.wikidata.org/entity/Q7876045,,,UTSI
Q7876533,Ubiquiti,New York Stock Exchange,UI,computer network,,,http://www.wikidata.org/entity/Q7876533,,,UI
Q7880076,Ulta Beauty,Nasdaq,ULTA,cosmetics industry,,,http://www.wikidata.org/entity/Q7880076,,,ULTA
Q7880250,Ultimate Software,Nasdaq,ULTI,software industry,,,http://www.wikidata.org/entity/Q7880250,,,ULTI
Q7881772,Columbia Bank,Nasdaq,UMPQ,economics of banking,,,http://www.wikidata.org/entity/Q7881772,,,UMPQ
Q7882701,Life Storage,New York Stock Exchange,LSI,real estate investment trust,,,http://www.wikidata.org/entity/Q7882701,,,LSI
Q7884645,UniFirst,New York Stock Exchange,UNF,industrial laundry,,,http://www.wikidata.org/entity/Q7884645,,,UNF
Q7884714,Unicast Company,Nasdaq,ENLV,online advertising,,,http://www.wikidata.org/entity/Q7884714,,,ENLV
Q7885165,Unify Corporation,Nasdaq,DAEG,software industry,,,http://www.wikidata.org/entity/Q7885165,,,DAEG
Q7887485,United Asset Management,New York Stock Exchange,BSIG,financial services,,,http://www.wikidata.org/entity/Q7887485,,,BSIG
Q7887635,United Community Bank,Nasdaq,UCBI,,,,http://www.wikidata.org/entity/Q7887635,,,UCBI
Q7888979,United Natural Foods,Nasdaq; New York Stock Exchange,UNFI,wholesale,,,http://www.wikidata.org/entity/Q7888979,,,UNFI
Q7889101,United Rentals,New York Stock Exchange,URI,equipment rental,,,http://www.wikidata.org/entity/Q7889101,11642000000.0,2022-01-01 00:00:00+00:00,URI
Q7893563,Essendant,Nasdaq,USTR,product distribution,,,http://www.wikidata.org/entity/Q7893563,,,USTR
Q7893816,Unity Technologies,New York Stock Exchange,U,video game industry,8805000000.0,2025-05-01 00:00:00+00:00,http://www.wikidata.org/entity/Q7893816,,,U
Q7893879,Universal American,New York Stock Exchange,UAM,health insurance,,,http://www.wikidata.org/entity/Q7893879,,,UAM
Q7893929,Universal Corporation,New York Stock Exchange,UVV,,,,http://www.wikidata.org/entity/Q7893929,,,UVV
Q7893954,Universal Forest Products,Nasdaq,ufpi,,,,http://www.wikidata.org/entity/Q7893954,,,ufpi
Q7893967,Universal Health Services,New York Stock Exchange,UHS,,,,http://www.wikidata.org/entity/Q7893967,,,UHS
Q7894082,Universal Technical Institute,New York Stock Exchange,UTI,education,,,http://www.wikidata.org/entity/Q7894082,,,UTI
Q7899307,Upstart,Nasdaq,UPST,fintech,,,http://www.wikidata.org/entity/Q7899307,,,UPST
Q790060,Broadcom,Nasdaq,AVGO,semiconductor industry,,,http://www.wikidata.org/entity/Q790060,35819000000.0,2023-10-29 00:00:00+00:00,AVGO
Q7903503,Utz Brands,New York Stock Exchange,UTZ,,,,http://www.wikidata.org/entity/Q7903503,,,UTZ
Q790650,Avery Dennison,New York Stock Exchange,AVY,product packaging industry,,,http://www.wikidata.org/entity/Q790650,,,AVY
Q7906620,VCA Animal Hospitals,Nasdaq,WOOF,veterinary medicine,,,http://www.wikidata.org/entity/Q7906620,,,WOOF
Q7907548,VSE Corporation,Nasdaq,VSEC,,,,http://www.wikidata.org/entity/Q7907548,,,VSEC
Q7907666,VWR International,Nasdaq,VWR,,,,http://www.wikidata.org/entity/Q7907666,,,VWR
Q7907809,Vaalco Energy,New York Stock Exchange,EGY,petroleum industry,,,http://www.wikidata.org/entity/Q7907809,,,EGY
Q7909276,Valassis,New York Stock Exchange,VCI,advertising,,,http://www.wikidata.org/entity/Q7909276,,,VCI
Q7912152,Valley National Bank,New York Stock Exchange,,financial services,,,http://www.wikidata.org/entity/Q7912152,,,
Q7912506,Valmont Industries,New York Stock Exchange,VMI,industrial manufacturing,,,http://www.wikidata.org/entity/Q7912506,,,VMI
Q7912737,Value Line,Nasdaq,VALU,financial services,,,http://www.wikidata.org/entity/Q7912737,,,VALU
Q791285,Avon Products Inc.,New York Stock Exchange,AVP,cosmetics industry,1850000000.0,2017-03-13 00:00:00+00:00,http://www.wikidata.org/entity/Q791285,5718000000.0,2016-01-01 00:00:00+00:00,AVP
Q7914005,VanceInfo,New York Stock Exchange,,information technology,,,http://www.wikidata.org/entity/Q7914005,,,
Q7914826,Vanguard Health Systems,New York Stock Exchange,,hospital,,,http://www.wikidata.org/entity/Q7914826,,,
Q7915220,Worldpay,New York Stock Exchange,VNTV,financial services,,,http://www.wikidata.org/entity/Q7915220,,,VNTV
Q7915754,Varian Semiconductor,Nasdaq,,,,,http://www.wikidata.org/entity/Q7915754,,,
Q7917805,Vector Group,New York Stock Exchange,VGR,,,,http://www.wikidata.org/entity/Q7917805,,,VGR
Q7917863,Vectren,New York Stock Exchange,VVC,public utility,,,http://www.wikidata.org/entity/Q7917863,,,VVC
Q7919303,Velodyne Lidar,New York Stock Exchange,VLDR,intelligent transportation system,,,http://www.wikidata.org/entity/Q7919303,,,VLDR
Q7920749,Vera Bradley,Nasdaq,VRA,,,,http://www.wikidata.org/entity/Q7920749,,,VRA
Q7921231,Verenium Corporation,Nasdaq,VRNM,industrial sector,,,http://www.wikidata.org/entity/Q7921231,,,VRNM
Q7921363,Verint Systems,Nasdaq,VRNT,software industry,,,http://www.wikidata.org/entity/Q7921363,,,VRNT
Q7921370,Verisk Analytics,Nasdaq,VRSK,data analysis,,,http://www.wikidata.org/entity/Q7921370,,,VRSK
Q7921589,Vermilion Energy,Nasdaq; New York Stock Exchange,VET,petroleum industry,,,http://www.wikidata.org/entity/Q7921589,,,VET
Q7922702,Billerud,New York Stock Exchange,,pulp and paper industry,,,http://www.wikidata.org/entity/Q7922702,,,
Q7924358,Viasat,Nasdaq,VSAT,communication,,,http://www.wikidata.org/entity/Q7924358,860000000.0,2018-01-01 00:00:00+00:00,VSAT
Q7924444,Viad,New York Stock Exchange,VVI,,,,http://www.wikidata.org/entity/Q7924444,,,VVI
Q7925565,Vicor Corporation,Nasdaq,VICR,,,,http://www.wikidata.org/entity/Q7925565,,,VICR
Q7931283,Vimicro,Nasdaq,VIMC,,,,http://www.wikidata.org/entity/Q7931283,,,VIMC
Q7933662,Virata Corporation,Nasdaq,,fabless semiconductor manufacturer,,,http://www.wikidata.org/entity/Q7933662,,,
Q7934840,ViroPharma,Nasdaq,VPHM,pharmaceutical industry,,,http://www.wikidata.org/entity/Q7934840,,,VPHM
Q7934906,Virtu Financial,Nasdaq,VIRT,financial services,,,http://www.wikidata.org/entity/Q7934906,,,VIRT
Q7935247,Virtus Investment Partners,Nasdaq,VRTS,asset management,,,http://www.wikidata.org/entity/Q7935247,,,VRTS
Q7936709,Vitacost,Nasdaq,VITC,e-commerce,,,http://www.wikidata.org/entity/Q7936709,,,VITC
Q7937048,Vitesse Semiconductor,Nasdaq,VTSS,,,,http://www.wikidata.org/entity/Q7937048,,,VTSS
Q7937913,Vivint Solar,New York Stock Exchange,VSLR,solar panel,,,http://www.wikidata.org/entity/Q7937913,,,VSLR
Q7937957,Vivus,Nasdaq,VVUS,pharmaceutical industry,,,http://www.wikidata.org/entity/Q7937957,,,VVUS
Q7939183,VocalTec,Nasdaq,CALL,telecommunications,,,http://www.wikidata.org/entity/Q7939183,,,CALL
Q7943131,Vringo,Nasdaq,VRNG,consumer electronics industry,,,http://www.wikidata.org/entity/Q7943131,,,VRNG
Q7943726,Vuzix,Nasdaq,VUZI,,,,http://www.wikidata.org/entity/Q7943726,,,VUZI
Q794565,Aéropostale,New York Stock Exchange,ARO,retail,,,http://www.wikidata.org/entity/Q794565,,,ARO
Q7945867,W. P. Carey & Co.,New York Stock Exchange,WPC,real estate investment trust,,,http://www.wikidata.org/entity/Q7945867,,,WPC
Q7946278,"WABCO Holdings, Inc.",New York Stock Exchange,WBC,,,,http://www.wikidata.org/entity/Q7946278,,,WBC
Q7949044,WESCO International,New York Stock Exchange,WCC,maintenance,,,http://www.wikidata.org/entity/Q7949044,,,WCC
Q795221,CNOOC Limited,New York Stock Exchange,CEO,,,,http://www.wikidata.org/entity/Q795221,49800000000.0,2024-01-01 00:00:00+00:00,CEO
Q795300,AFC Enterprises,Nasdaq,PLKI,,,,http://www.wikidata.org/entity/Q795300,,,PLKI
Q7953597,WNS Global Services,New York Stock Exchange,WNS,information technology consulting,,,http://www.wikidata.org/entity/Q7953597,,,WNS
Q7954024,WOW!,New York Stock Exchange,WOW,telecommunications,,,http://www.wikidata.org/entity/Q7954024,,,WOW
Q7954203,WPCS International,Nasdaq,WPCS,,,,http://www.wikidata.org/entity/Q7954203,,,WPCS
Q795454,Barnes & Noble,New York Stock Exchange,BKS,bookselling,,,http://www.wikidata.org/entity/Q795454,,,BKS
Q795486,Truist Financial,New York Stock Exchange,TFC,financial services,,,http://www.wikidata.org/entity/Q795486,,,TFC
Q7955609,WSFS Bank,Nasdaq,WSFS,financial sector,,,http://www.wikidata.org/entity/Q7955609,,,WSFS
Q79583223,Sophia Genetics,Nasdaq,SOPH,biotechnology,,,http://www.wikidata.org/entity/Q79583223,,,SOPH
Q7958645,Wabash National,New York Stock Exchange,WNC,transport,,,http://www.wikidata.org/entity/Q7958645,,,WNC
Q7958965,Waddell & Reed,New York Stock Exchange,WDR,,,,http://www.wikidata.org/entity/Q7958965,,,WDR
Q7960224,Wainwright Bank,Nasdaq,WAIN,finance,,,http://www.wikidata.org/entity/Q7960224,,,WAIN
Q7964770,Walter Energy,New York Stock Exchange,WLT,mining of coal,,,http://www.wikidata.org/entity/Q7964770,,,WLT
Q7968882,Warby Parker,New York Stock Exchange,WRBY,retail,,,http://www.wikidata.org/entity/Q7968882,,,WRBY
Q7969661,Warnaco Group,New York Stock Exchange,WRC,retail,,,http://www.wikidata.org/entity/Q7969661,,,WRC
Q7971859,WaFd Bank,Nasdaq,WAFD,economics of banking,,,http://www.wikidata.org/entity/Q7971859,,,WAFD
Q7971876,Washington Gas,New York Stock Exchange,,public utility,,,http://www.wikidata.org/entity/Q7971876,,,
Q7972797,Waste Connections,New York Stock Exchange,,waste management,,,http://www.wikidata.org/entity/Q7972797,,,
Q7974766,Watsco,New York Stock Exchange,WSO,"heating, ventilation, and air conditioning",,,http://www.wikidata.org/entity/Q7974766,,,WSO
Q797609,Babcock & Wilcox,New York Stock Exchange,BW,industrial manufacturing,,,http://www.wikidata.org/entity/Q797609,,,BW
Q7978418,Web.com,Nasdaq,WWWW,,,,http://www.wikidata.org/entity/Q7978418,,,WWWW
Q7978457,Mecklermedia,Nasdaq,MECK,recruitment,,,http://www.wikidata.org/entity/Q7978457,,,MECK
Q7978891,Webster Bank,New York Stock Exchange,WBS,finance,,,http://www.wikidata.org/entity/Q7978891,,,WBS
Q7980370,Weis Markets,New York Stock Exchange,WMK,,,,http://www.wikidata.org/entity/Q7980370,,,WMK
Q7981065,WellCare,New York Stock Exchange,WCG,health care,,,http://www.wikidata.org/entity/Q7981065,,,WCG
Q7983382,Werner Enterprises,Nasdaq,WERN,,,,http://www.wikidata.org/entity/Q7983382,,,WERN
Q7983629,WesBanco,Nasdaq,WSBC,economics of banking,,,http://www.wikidata.org/entity/Q7983629,,,WSBC
Q7984769,West Coast Bancorp,Nasdaq,,financial services,,,http://www.wikidata.org/entity/Q7984769,,,
Q7984882,West Corporation,Nasdaq,WSTC,,,,http://www.wikidata.org/entity/Q7984882,,,WSTC
Q7985852,West Marine,Nasdaq,WMAR,,,,http://www.wikidata.org/entity/Q7985852,,,WMAR
Q7987101,Westamerica Bank,Nasdaq,WABC,economics of banking,,,http://www.wikidata.org/entity/Q7987101,,,WABC
Q7987107,Evergy,New York Stock Exchange,EVRG,electricity supply company,,,http://www.wikidata.org/entity/Q7987107,,,EVRG
Q7987345,"Westell Technologies, Inc.",Nasdaq,WSTL,telecommunications,,,http://www.wikidata.org/entity/Q7987345,,,WSTL
Q798819,Huntington Bancshares,Nasdaq,HBAN,economics of banking,,,http://www.wikidata.org/entity/Q798819,,,HBAN
Q7988215,Western Refining,New York Stock Exchange,WNR,petroleum industry,,,http://www.wikidata.org/entity/Q7988215,,,WNR
Q7989598,Westport Innovations,Nasdaq,WPRT,,,,http://www.wikidata.org/entity/Q7989598,,,WPRT
Q7995089,White Mountains Insurance Group,New York Stock Exchange,WTM,,,,http://www.wikidata.org/entity/Q7995089,,,WTM
Q7998742,Widmer Brothers Brewery,Nasdaq,BREW,brewing industry,,,http://www.wikidata.org/entity/Q7998742,,,BREW
Q8003328,Willamette Valley Vineyards,Nasdaq,WVVI,wine,,,http://www.wikidata.org/entity/Q8003328,,,WVVI
Q8003525,Willbros Group,New York Stock Exchange,WG,construction,,,http://www.wikidata.org/entity/Q8003525,,,WG
Q8024771,Windstream Holdings,Nasdaq,WIN,telephone directory,,,http://www.wikidata.org/entity/Q8024771,,,WIN
Q8025339,Wingstop,Nasdaq,WING,restaurant,,,http://www.wikidata.org/entity/Q8025339,,,WING
Q8025558,Winnebago Industries,New York Stock Exchange,WGO,automotive industry,,,http://www.wikidata.org/entity/Q8025558,,,WGO
Q8027166,WEC Energy Group,New York Stock Exchange,WEC,,,,http://www.wikidata.org/entity/Q8027166,,,WEC
Q8027406,WisdomTree Investments,Nasdaq; New York Stock Exchange,WETF; WT,,,,http://www.wikidata.org/entity/Q8027406,,,WETF
Q8030548,Wolverine World Wide,New York Stock Exchange,WWW,textile industry,,,http://www.wikidata.org/entity/Q8030548,,,WWW
Q8033550,Woodward,Nasdaq,WWD,aerospace engineering,,,http://www.wikidata.org/entity/Q8033550,,,WWD
Q8034666,"Workday, Inc.",Nasdaq; New York Stock Exchange,WDAY,software industry,,,http://www.wikidata.org/entity/Q8034666,,,WDAY
Q8035757,World Fuel Services,New York Stock Exchange,INT,energy industry,,,http://www.wikidata.org/entity/Q8035757,,,INT
Q8038212,Wright Express,New York Stock Exchange,WEX,,,,http://www.wikidata.org/entity/Q8038212,,,WEX
Q8038871,WuXi AppTec,New York Stock Exchange,,pharmaceutical industry,,,http://www.wikidata.org/entity/Q8038871,,,
Q8040120,Wyndham Hotels & Resorts,New York Stock Exchange,WH,hospitality industry,,,http://www.wikidata.org/entity/Q8040120,,,WH
Q8041701,XBee,Nasdaq,DGII,computer hardware industry,,,http://www.wikidata.org/entity/Q8041701,,,DGII
Q8041964,XG Technology,Nasdaq,XGTI,telecommunications,,,http://www.wikidata.org/entity/Q8041964,,,XGTI
Q8042415,"XPO, Inc.",New York Stock Exchange,XPO,logistics,,,http://www.wikidata.org/entity/Q8042415,15000000000.0,2015-01-01 00:00:00+00:00,XPO
Q804353,Baker Hughes,New York Stock Exchange,BHGE,petroleum industry,,,http://www.wikidata.org/entity/Q804353,24600000000.0,2013-01-01 00:00:00+00:00,BHGE
Q8044589,Xinhua Finance Media,Nasdaq,XSEL,Media,,,http://www.wikidata.org/entity/Q8044589,,,XSEL
Q8044687,Xinyuan Real Estate,New York Stock Exchange,XIN,real estate development,,,http://www.wikidata.org/entity/Q8044687,,,XIN
Q8044926,Xoom Corporation,Nasdaq,XOOM,financial sector,,,http://www.wikidata.org/entity/Q8044926,,,XOOM
Q8046013,Yellow Corporation,Nasdaq,YRCW,trucking industry,,,http://www.wikidata.org/entity/Q8046013,,,YRCW
Q8046570,Yadkin Valley Bank and Trust,Nasdaq; New York Stock Exchange,,,,,http://www.wikidata.org/entity/Q8046570,,,
Q8053341,Yext,New York Stock Exchange,YEXT,technology industry,,,http://www.wikidata.org/entity/Q8053341,,,YEXT
Q805383,Bally Technologies,New York Stock Exchange,BYI,gambling industry,,,http://www.wikidata.org/entity/Q805383,,,BYI
Q8058700,Younkers,Nasdaq,,retail,,,http://www.wikidata.org/entity/Q8058700,,,
Q8059885,YuMe,New York Stock Exchange,YUME,,,,http://www.wikidata.org/entity/Q8059885,,,YUME
Q806181,Banco Bradesco S.A.,New York Stock Exchange,BBD,economics of banking,,,http://www.wikidata.org/entity/Q806181,,,BBD
Q806189,Banco Bilbao Vizcaya Argentaria,New York Stock Exchange,BBVA,financial services,35200000000.0,2021-07-08 00:00:00+00:00,http://www.wikidata.org/entity/Q806189,,,BBVA
Q806206,Bancolombia,New York Stock Exchange,CIB,economics of banking,,,http://www.wikidata.org/entity/Q806206,,,CIB
Q806215,Santander Group,New York Stock Exchange,SAN,financial services,,,http://www.wikidata.org/entity/Q806215,,,SAN
Q80635,Airgas,New York Stock Exchange,ARG,industrial gas,,,http://www.wikidata.org/entity/Q80635,5314000000.0,2016-01-01 00:00:00+00:00,ARG
Q8064381,Zagg,Nasdaq,ZAGG,consumer electronics industry,,,http://www.wikidata.org/entity/Q8064381,521922000.0,2019-01-01 00:00:00+00:00,ZAGG
Q806689,Bank of Ireland,New York Stock Exchange,BIRG,economics of banking,,,http://www.wikidata.org/entity/Q806689,,,BIRG
Q806693,BMO Financial Group,New York Stock Exchange,BMO,economics of banking,,,http://www.wikidata.org/entity/Q806693,,,BMO
Q8069710,Zeta Interactive,New York Stock Exchange,ZETA,business software industry,,,http://www.wikidata.org/entity/Q8069710,,,ZETA
Q8069865,Zevia,New York Stock Exchange,ZVIA,beverage industry,,,http://www.wikidata.org/entity/Q8069865,,,ZVIA
Q8070896,Zhone Technologies,Nasdaq,ZHNE,,,,http://www.wikidata.org/entity/Q8070896,,,ZHNE
Q8071921,Zillow,Nasdaq,Z,,,,http://www.wikidata.org/entity/Q8071921,,,Z
Q8072576,Zions Bank,Nasdaq,ZION,,,,http://www.wikidata.org/entity/Q8072576,,,ZION
Q8072579,Zions Direct,Nasdaq,ZION,,,,http://www.wikidata.org/entity/Q8072579,,,ZION
Q8072593,ZipRealty,Nasdaq,RLGY,,,,http://www.wikidata.org/entity/Q8072593,,,RLGY
Q8072594,ZipRecruiter,New York Stock Exchange,ZIP,software industry,,,http://www.wikidata.org/entity/Q8072594,140000000.0,2016-01-01 00:00:00+00:00,ZIP
Q8073337,Zoetis,New York Stock Exchange,ZTS,pharmaceutical industry,,,http://www.wikidata.org/entity/Q8073337,8080000000.0,2022-01-01 00:00:00+00:00,ZTS
Q8073627,Zoltek,Nasdaq,,,,,http://www.wikidata.org/entity/Q8073627,,,
Q8074134,ZoomInfo,Nasdaq,ZI,information broker,,,http://www.wikidata.org/entity/Q8074134,,,ZI
Q8074159,Zoom Telephonics,Nasdaq,ZOOM,,,,http://www.wikidata.org/entity/Q8074159,,,ZOOM
Q8074747,Zoës Kitchen,New York Stock Exchange,ZOES,fast casual restaurant,,,http://www.wikidata.org/entity/Q8074747,,,ZOES
Q8074786,Zscaler,Nasdaq,ZS,computer security,,,http://www.wikidata.org/entity/Q8074786,,,ZS
Q8075252,Zumiez,Nasdaq,ZUMZ,clothing industry,,,http://www.wikidata.org/entity/Q8075252,,,ZUMZ
Q8075320,Zuora,New York Stock Exchange,ZUO,,,,http://www.wikidata.org/entity/Q8075320,,,ZUO
Q8075855,Zygo Corporation,Nasdaq,ZIGO,,,,http://www.wikidata.org/entity/Q8075855,,,ZIGO
Q8085893,Expedia Group,Nasdaq,EXPE,tourism industry,,,http://www.wikidata.org/entity/Q8085893,,,EXPE
Q808908,Barrick Mining Corporation,New York Stock Exchange,GOLD,mining,,,http://www.wikidata.org/entity/Q808908,,,GOLD
Q8093,Nintendo,Nasdaq,NTDOY,video game industry,,,http://www.wikidata.org/entity/Q8093,,,NTDOY
Q80947821,Steris,New York Stock Exchange,STE,health care industry,,,http://www.wikidata.org/entity/Q80947821,,,STE
Q80978,Hewlett-Packard,New York Stock Exchange,HWP,software industry,29000000000.0,2017-07-08 00:00:00+00:00,http://www.wikidata.org/entity/Q80978,53559000000.0,2024-01-01 00:00:00+00:00,HWP
Q810773,Bath & Body Works,New York Stock Exchange,BBWI,final good,,,http://www.wikidata.org/entity/Q810773,2300000000.0,2006-01-01 00:00:00+00:00,BBWI
Q811857,Bausch & Lomb,New York Stock Exchange,BLCO,pharmaceutical industry,,,http://www.wikidata.org/entity/Q811857,1510000000.0,2007-01-01 00:00:00+00:00,BLCO
Q81230,Siemens,New York Stock Exchange,SI,electronics,139800000000.0,2021-08-24 00:00:00+00:00,http://www.wikidata.org/entity/Q81230,77769000000.0,2023-01-01 00:00:00+00:00,SI
Q813780,Becton Dickinson,New York Stock Exchange,BDX,biotechnology,,,http://www.wikidata.org/entity/Q813780,18870000000.0,2022-01-01 00:00:00+00:00,BDX
Q813782,Bed Bath & Beyond Inc.,Nasdaq,BBBY,retail,,,http://www.wikidata.org/entity/Q813782,,,BBBY
Q815327,Belden,New York Stock Exchange,BDC,electronics,,,http://www.wikidata.org/entity/Q815327,,,BDC
Q816379,Bemis Company,New York Stock Exchange,BMS,product packaging industry,,,http://www.wikidata.org/entity/Q816379,,,BMS
Q8178679,MainSource Bank,Nasdaq,MSFG,bank,,,http://www.wikidata.org/entity/Q8178679,,,MSFG
Q818314,Bentley Systems,Nasdaq,BSY,software industry,,,http://www.wikidata.org/entity/Q818314,,,BSY
Q818846,Novo Nordisk,New York Stock Exchange,NVO,pharmaceutical industry,1240000000000.0,2026-01-01 00:00:00+00:00,http://www.wikidata.org/entity/Q818846,309064000000.0,2025-01-01 00:00:00+00:00,NVO
Q81965,General Motors,New York Stock Exchange,GM,automotive industry,43531000000.0,2025-05-01 00:00:00+00:00,http://www.wikidata.org/entity/Q81965,156735000000.0,2022-01-01 00:00:00+00:00,GM
Q820770,Shanghai Petrochemical,New York Stock Exchange,,petrochemistry,,,http://www.wikidata.org/entity/Q820770,,,
Q8208082,Atento,New York Stock Exchange,ATTO,telecommunications,,,http://www.wikidata.org/entity/Q8208082,,,ATTO
Q821293,Rio Tinto,New York Stock Exchange,RIO,metal industry,33004833765.0,2021-11-18 00:00:00+00:00,http://www.wikidata.org/entity/Q821293,,,RIO
Q822614,Alaska Airlines,New York Stock Exchange,ALK,,,,http://www.wikidata.org/entity/Q822614,,,ALK
Q823303,GoTo,Nasdaq,,software industry,,,http://www.wikidata.org/entity/Q823303,,,
Q824278,Six Flags,New York Stock Exchange,SIX,leisure park industry,,,http://www.wikidata.org/entity/Q824278,,,SIX
Q824467,PAREXEL,Nasdaq,PRXL,pharmaceutical industry,,,http://www.wikidata.org/entity/Q824467,,,PRXL
Q825943,BorgWarner,New York Stock Exchange,BWA,automotive industry,,,http://www.wikidata.org/entity/Q825943,14800000000.0,2021-01-01 00:00:00+00:00,BWA
Q826526,Loews Corporation,New York Stock Exchange,L,,,,http://www.wikidata.org/entity/Q826526,14044000000.0,2022-01-01 00:00:00+00:00,L
Q8273105,Ingredion,New York Stock Exchange,INGR,food industry,,,http://www.wikidata.org/entity/Q8273105,,,INGR
Q828545,United Parks & Resorts,New York Stock Exchange,PRKS,leisure park industry,,,http://www.wikidata.org/entity/Q828545,,,PRKS
Q829961,Forrester,Nasdaq,FORR,market research,,,http://www.wikidata.org/entity/Q829961,,,FORR
Q831445,Sinopec,New York Stock Exchange,SNP,petroleum industry,,,http://www.wikidata.org/entity/Q831445,2742779810000.0,2018-01-01 00:00:00+00:00,SNP
Q834888,Dentsply,Nasdaq,XRAY,,,,http://www.wikidata.org/entity/Q834888,,,XRAY
Q835370,Yamana Gold,New York Stock Exchange,AUY,mining,,,http://www.wikidata.org/entity/Q835370,,,AUY
Q835456,Sun Life Financial,New York Stock Exchange,SLF,financial services,,,http://www.wikidata.org/entity/Q835456,,,SLF
Q836040,The Manitowoc Company,New York Stock Exchange,MTW,industrial manufacturing,,,http://www.wikidata.org/entity/Q836040,,,MTW
Q83768717,Bakkt,New York Stock Exchange,BKKT,financial services,,,http://www.wikidata.org/entity/Q83768717,,,BKKT
Q837982,Guangshen Railway,New York Stock Exchange,GSH,,,,http://www.wikidata.org/entity/Q837982,,,GSH
Q838716,Repsol Oil & Gas Canada,New York Stock Exchange,TLM,petroleum industry,,,http://www.wikidata.org/entity/Q838716,,,TLM
Q839466,Domino's Pizza,New York Stock Exchange,DPZ,,,,http://www.wikidata.org/entity/Q839466,4537158000.0,2022-01-01 00:00:00+00:00,DPZ
Q839555,Lands' End,Nasdaq,LE,retail,,,http://www.wikidata.org/entity/Q839555,,,LE
Q841458,Intercontinental Exchange,New York Stock Exchange,ICE,,,,http://www.wikidata.org/entity/Q841458,9636000000.0,2022-01-01 00:00:00+00:00,ICE
Q842947,Celgene,Nasdaq,CELG,pharmaceutical industry,,,http://www.wikidata.org/entity/Q842947,,,CELG
Q844805,Dillard's,New York Stock Exchange,DDS,retail,,,http://www.wikidata.org/entity/Q844805,,,DDS
Q84564030,Cambium Networks,Nasdaq,CMBM,,,,http://www.wikidata.org/entity/Q84564030,,,CMBM
Q846246,Neonode,Nasdaq,NEON,telecommunications,,,http://www.wikidata.org/entity/Q846246,,,NEON
Q846743,Orbotech,Nasdaq,ORBK,electronics,,,http://www.wikidata.org/entity/Q846743,,,ORBK
Q84698811,The RMR Group,New York Stock Exchange,RMR,Real estate investment,,,http://www.wikidata.org/entity/Q84698811,,,RMR
Q847232,URS Corporation,New York Stock Exchange,URS,engineering,,,http://www.wikidata.org/entity/Q847232,2310000000.0,2013-01-01 00:00:00+00:00,URS
Q847743,Dunkin',Nasdaq,DNKN,fast food industry,,,http://www.wikidata.org/entity/Q847743,,,DNKN
Q849404,Copa Airlines,New York Stock Exchange,CPA,,,,http://www.wikidata.org/entity/Q849404,,,CPA
Q850451,Yanzhou Coal Mining Company,New York Stock Exchange,YZC,mining,,,http://www.wikidata.org/entity/Q850451,,,YZC
Q851361,Huntsman Corporation,New York Stock Exchange,HUN,chemical industry,,,http://www.wikidata.org/entity/Q851361,,,HUN
Q851641,Equinix,Nasdaq,EQIX,Internet,,,http://www.wikidata.org/entity/Q851641,5562000000.0,2019-12-31 00:00:00+00:00,EQIX
Q852787,Groupon,Nasdaq,GRPN,e-commerce,,,http://www.wikidata.org/entity/Q852787,967108000.0,2021-01-01 00:00:00+00:00,GRPN
Q853958,NTT DoCoMo,New York Stock Exchange,DCM,telecommunications,,,http://www.wikidata.org/entity/Q853958,6140000000000.0,2023-01-01 00:00:00+00:00,DCM
Q855639,Dow Chemical Company,New York Stock Exchange,DOW,chemical industry,,,http://www.wikidata.org/entity/Q855639,54968000000.0,2021-01-01 00:00:00+00:00,DOW
Q85607259,Nexters,Nasdaq,GDEV,video game industry,,,http://www.wikidata.org/entity/Q85607259,,,GDEV
Q856411,British American Tobacco,New York Stock Exchange,BTI,tobacco industry,,,http://www.wikidata.org/entity/Q856411,25776000000.0,2020-01-01 00:00:00+00:00,BTI
Q856897,Kellanova,New York Stock Exchange,K,food industry,,,http://www.wikidata.org/entity/Q856897,15315000000.0,2022-01-01 00:00:00+00:00,K
Q85727717,One Medical,Nasdaq,ONEM,health care industry,,,http://www.wikidata.org/entity/Q85727717,,,ONEM
Q85751038,Cava Group,New York Stock Exchange,CAVA,restaurant,,,http://www.wikidata.org/entity/Q85751038,,,CAVA
Q85769855,Invitation Homes,New York Stock Exchange,INVH,real estate investment trust,,,http://www.wikidata.org/entity/Q85769855,,,INVH
Q85769888,Iovance Biotherapeutics,Nasdaq,IOVA,pharmaceutical industry,,,http://www.wikidata.org/entity/Q85769888,,,IOVA
Q85770729,Jamf,Nasdaq,JAMF,software industry,,,http://www.wikidata.org/entity/Q85770729,,,JAMF
Q85786082,Momentus Space,Nasdaq,MNTS,aerospace industry,,,http://www.wikidata.org/entity/Q85786082,,,MNTS
Q85793376,Ping Identity,New York Stock Exchange,PING,,,,http://www.wikidata.org/entity/Q85793376,,,PING
Q85800542,Sezzle,Nasdaq,SEZL,fintech,938913928.0,2021-11-18 00:00:00+00:00,http://www.wikidata.org/entity/Q85800542,,,SEZL
Q85801645,Smartsheet Inc.,New York Stock Exchange,SMAR,,,,http://www.wikidata.org/entity/Q85801645,,,SMAR
Q85811579,UPC Insurance,Nasdaq,UIHC,insurance,,,http://www.wikidata.org/entity/Q85811579,,,UIHC
Q85846831,OceanFirst Bank,Nasdaq,OCFC,,,,http://www.wikidata.org/entity/Q85846831,,,OCFC
Q85874460,Rapid7,Nasdaq,RPD,,,,http://www.wikidata.org/entity/Q85874460,,,RPD
Q85876205,51job.com,Nasdaq,JOBS,,,,http://www.wikidata.org/entity/Q85876205,,,JOBS
Q85884125,Phoenix Tree Holdings Limited,New York Stock Exchange,DNK,,,,http://www.wikidata.org/entity/Q85884125,,,DNK
Q85884912,OneConnect,New York Stock Exchange,OCFT,financial services,,,http://www.wikidata.org/entity/Q85884912,,,OCFT
Q861042,Western Union,New York Stock Exchange,WU,financial services,,,http://www.wikidata.org/entity/Q861042,4835000000.0,2020-01-01 00:00:00+00:00,WU
Q863127,International Rectifier,New York Stock Exchange,IRF,semiconductor industry,,,http://www.wikidata.org/entity/Q863127,,,IRF
Q863675,Freescale Semiconductor,New York Stock Exchange,FSL,central processing unit,,,http://www.wikidata.org/entity/Q863675,,,FSL
Q864338,Biogen,Nasdaq,BIIB,pharmaceutical industry,,,http://www.wikidata.org/entity/Q864338,10173400000.0,2022-01-01 00:00:00+00:00,BIIB
Q864407,The Home Depot,New York Stock Exchange,HD,retail,285920000000.0,2020-01-01 00:00:00+00:00,http://www.wikidata.org/entity/Q864407,159514000000.0,2024-01-01 00:00:00+00:00,HD
Q86681792,Lordstown Motors,Nasdaq,RIDE,automotive industry,,,http://www.wikidata.org/entity/Q86681792,,,RIDE
Q866972,Vonage,New York Stock Exchange,,telecommunications,,,http://www.wikidata.org/entity/Q866972,,,
Q86729081,Q&K International Group Limited,Nasdaq,QK,,,,http://www.wikidata.org/entity/Q86729081,,,QK
Q868587,S&P Global,New York Stock Exchange,SPGI,financial services,53600000000.0,2019-05-24 00:00:00+00:00,http://www.wikidata.org/entity/Q868587,11181000000.0,2022-01-01 00:00:00+00:00,SPGI
Q871700,United Airlines Holdings,New York Stock Exchange,UAL,air transport,,,http://www.wikidata.org/entity/Q871700,44955000000.0,2022-01-01 00:00:00+00:00,UAL
Q877536,Dell EMC,New York Stock Exchange,EMC,electronics,,,http://www.wikidata.org/entity/Q877536,,,EMC
Q880296,Black Hills Corporation,New York Stock Exchange,BKH,energy industry,,,http://www.wikidata.org/entity/Q880296,,,BKH
Q880942,Blackstone Group,New York Stock Exchange,BX,financial services,,,http://www.wikidata.org/entity/Q880942,8517673000.0,2022-01-01 00:00:00+00:00,BX
Q891163,Bojangles' Famous Chicken 'n Biscuits,Nasdaq,BOJA,fast food,,,http://www.wikidata.org/entity/Q891163,,,BOJA
Q893221,Booz Allen Hamilton,New York Stock Exchange,BAH,consulting company,,,http://www.wikidata.org/entity/Q893221,5140000000.0,2019-01-01 00:00:00+00:00,BAH
Q89368734,RTX,New York Stock Exchange,RTX,weapons industry,,,http://www.wikidata.org/entity/Q89368734,80738000000.0,2024-01-01 00:00:00+00:00,RTX
Q894558,Boston Beer Company,New York Stock Exchange,SAM,,,,http://www.wikidata.org/entity/Q894558,,,SAM
Q894585,Boston Scientific,New York Stock Exchange,BSX,,,,http://www.wikidata.org/entity/Q894585,,,BSX
Q8965165,"Banco Santander México, S.A.",New York Stock Exchange,BSMX,financial services,,,http://www.wikidata.org/entity/Q8965165,,,BSMX
Q897097,Brady Corporation,New York Stock Exchange,BRC,industrial manufacturing,,,http://www.wikidata.org/entity/Q897097,1340000000.0,2023-10-31 00:00:00+00:00,BRC
Q898208,"Honeywell International, Inc.",New York Stock Exchange,HON,retail,143789555758.0,2022-12-24 00:00:00+00:00,http://www.wikidata.org/entity/Q898208,35466000000.0,2022-01-01 00:00:00+00:00,HON
Q898750,Teva Pharmaceutical Industries Ltd.,New York Stock Exchange,TEVA,pharmaceutical industry,34782501000.0,2022-11-15 00:00:00+00:00,http://www.wikidata.org/entity/Q898750,,,TEVA
Q899010,Mylan,Nasdaq,MYL,pharmaceutical industry,21200000000.0,2017-05-01 00:00:00+00:00,http://www.wikidata.org/entity/Q899010,,,MYL
Q899022,Eastman Chemical Company,New York Stock Exchange,EMN,industrial manufacturing,,,http://www.wikidata.org/entity/Q899022,,,EMN
Q899097,BRF,New York Stock Exchange,BRFS,food industry,,,http://www.wikidata.org/entity/Q899097,,,BRFS
Q899130,Brasil Telecom,New York Stock Exchange,BTM,telecommunications,,,http://www.wikidata.org/entity/Q899130,,,BTM
Q899133,Takeda Pharmaceutical Company,New York Stock Exchange,TAK,pharmaceutical industry,,,http://www.wikidata.org/entity/Q899133,,,TAK
Q899183,FMC Corporation,New York Stock Exchange,FMC,chemical industry,,,http://www.wikidata.org/entity/Q899183,,,FMC
Q899255,LyondellBasell,New York Stock Exchange,LYB,,,,http://www.wikidata.org/entity/Q899255,50451000000.0,2022-01-01 00:00:00+00:00,LYB
Q899395,Braskem,New York Stock Exchange,BAK,petroleum industry,,,http://www.wikidata.org/entity/Q899395,,,BAK
Q901262,Grifols,Nasdaq,GRFS,pharmaceutical industry,,,http://www.wikidata.org/entity/Q901262,7212000000.0,2024-01-01 00:00:00+00:00,GRFS
Q9013416,HKTV,Nasdaq,HKTV,e-commerce,,,http://www.wikidata.org/entity/Q9013416,,,HKTV
Q902397,Cardinal Health,New York Stock Exchange,CAH,health care,,,http://www.wikidata.org/entity/Q902397,181364000000.0,2022-01-01 00:00:00+00:00,CAH
Q902908,Potash Corporation of Saskatchewan,New York Stock Exchange,POT,,,,http://www.wikidata.org/entity/Q902908,,,POT
Q903372,Organon & Co.,New York Stock Exchange,OGN,pharmaceutical industry,,,http://www.wikidata.org/entity/Q903372,6174000000.0,2022-01-01 00:00:00+00:00,OGN
Q903957,Icl Group Ltd,New York Stock Exchange,ICL,,36610262000.0,2022-11-15 00:00:00+00:00,http://www.wikidata.org/entity/Q903957,,,ICL
Q905049,Shire plc,Nasdaq,SHPG,pharmaceutical industry,,,http://www.wikidata.org/entity/Q905049,,,SHPG
Q905086,Henry Schein,Nasdaq,HSIC,,,,http://www.wikidata.org/entity/Q905086,,,HSIC
Q905806,CF Industries,New York Stock Exchange,CF,chemical industry,,,http://www.wikidata.org/entity/Q905806,,,CF
Q905998,Sasol,New York Stock Exchange,SSL,petroleum industry,,,http://www.wikidata.org/entity/Q905998,,,SSL
Q906055,Orix,New York Stock Exchange,IX,financial services,,,http://www.wikidata.org/entity/Q906055,,,IX
Q906187,Allergan plc,New York Stock Exchange,AGN,pharmaceutical industry,,,http://www.wikidata.org/entity/Q906187,,,AGN
Q907227,Nordion,New York Stock Exchange,NDZ,pharmaceutical industry,,,http://www.wikidata.org/entity/Q907227,,,NDZ
Q908324,Brookfield Corporation,New York Stock Exchange,BAM,financial services,,,http://www.wikidata.org/entity/Q908324,,,BAM
Q908961,Dr. Reddy's Laboratories,New York Stock Exchange,RDY,pharmaceutical industry,,,http://www.wikidata.org/entity/Q908961,,,RDY
Q909356,Labcorp Drug Development,New York Stock Exchange,CVD,pharmaceutical industry,,,http://www.wikidata.org/entity/Q909356,,,CVD
Q910368,Clorox,New York Stock Exchange,CLX,food industry,,,http://www.wikidata.org/entity/Q910368,,,CLX
Q910866,Humana,New York Stock Exchange,HUM,insurance industry,33600000000.0,2017-06-21 00:00:00+00:00,http://www.wikidata.org/entity/Q910866,92870000000.0,2022-01-01 00:00:00+00:00,HUM
Q912413,France Télécom,New York Stock Exchange,FTE,telecommunications,,,http://www.wikidata.org/entity/Q912413,,,FTE
Q91360366,Fiesta Restaurant Group,Nasdaq,FRGI,restaurant,,,http://www.wikidata.org/entity/Q91360366,660943000.0,2019-01-01 00:00:00+00:00,FRGI
Q913851,Aon Hewitt,New York Stock Exchange,HEW,human resource consulting,,,http://www.wikidata.org/entity/Q913851,,,HEW
Q91387266,Lindblad Expeditions,Nasdaq,LIND,,,,http://www.wikidata.org/entity/Q91387266,,,LIND
Q91396922,Wave Life Sciences,Nasdaq,WVE,,,,http://www.wikidata.org/entity/Q91396922,,,WVE
Q91490380,Accelerate Diagnostics,Nasdaq,AXDX,,,,http://www.wikidata.org/entity/Q91490380,,,AXDX
Q91498427,U.S. Auto Parts,Nasdaq,PRTS,,,,http://www.wikidata.org/entity/Q91498427,,,PRTS
Q915543,Briggs & Stratton,New York Stock Exchange,BGG,mechanical engineering,,,http://www.wikidata.org/entity/Q915543,,,BGG
Q916196,Citrix Systems,Nasdaq,CTXS,technology,,,http://www.wikidata.org/entity/Q916196,3236700000.0,2020-01-01 00:00:00+00:00,CTXS
Q917002,TiVo Corporation,Nasdaq,TIVO,,,,http://www.wikidata.org/entity/Q917002,,,TIVO
Q917131,Regions Financial Corporation,New York Stock Exchange,RF,financial services,,,http://www.wikidata.org/entity/Q917131,4786000000.0,2022-01-01 00:00:00+00:00,RF
Q917487,Brinker International,New York Stock Exchange,EAT,music,,,http://www.wikidata.org/entity/Q917487,,,EAT
Q918206,Enel Américas,New York Stock Exchange,ENI,utility,,,http://www.wikidata.org/entity/Q918206,,,ENI
Q918208,Ternium,New York Stock Exchange,TX,iron and steel industry,,,http://www.wikidata.org/entity/Q918208,,,TX
Q919120,Willis Group,New York Stock Exchange,WSH,insurance broker,,,http://www.wikidata.org/entity/Q919120,,,WSH
Q919300,AeroVironment,Nasdaq,AVAV,aerospace industry,,,http://www.wikidata.org/entity/Q919300,,,AVAV
Q919511,EarthLink,Nasdaq,ELNK,internet service provider,,,http://www.wikidata.org/entity/Q919511,,,ELNK
Q920037,J. C. Penney,New York Stock Exchange,JCP,retail,,,http://www.wikidata.org/entity/Q920037,,,JCP
Q921363,Kindred Healthcare,New York Stock Exchange,KND,health care,,,http://www.wikidata.org/entity/Q921363,,,KND
Q923062,Qlik,Nasdaq,QLIK,software industry,,,http://www.wikidata.org/entity/Q923062,,,QLIK
Q925249,Fox Entertainment Group,New York Stock Exchange,FOX,film industry,,,http://www.wikidata.org/entity/Q925249,,,FOX
Q92546757,Biohaven Pharmaceuticals,New York Stock Exchange,BHVN,,,,http://www.wikidata.org/entity/Q92546757,,,BHVN
Q92639564,Arconic,New York Stock Exchange,ARNC,industrial manufacturing,,,http://www.wikidata.org/entity/Q92639564,840000000.0,2018-01-01 00:00:00+00:00,ARNC
Q926699,"Crocs, Inc.",Nasdaq,CROX,,,,http://www.wikidata.org/entity/Q926699,,,CROX
Q926806,Carlyle Group,Nasdaq,CG,financial services,,,http://www.wikidata.org/entity/Q926806,,,CG
Q9294032,Hot Topic,Nasdaq,HOTT,retail,,,http://www.wikidata.org/entity/Q9294032,,,HOTT
Q930639,Williams Companies,New York Stock Exchange,WMB,petroleum industry,,,http://www.wikidata.org/entity/Q930639,10965000000.0,2022-01-01 00:00:00+00:00,WMB
Q930919,Public Service Enterprise Group,New York Stock Exchange,PEG,public utility,,,http://www.wikidata.org/entity/Q930919,9800000000.0,2022-01-01 00:00:00+00:00,PEG
Q931032,Kinder Morgan,New York Stock Exchange,KMI,petroleum industry,40037000000.0,2023-04-14 00:00:00+00:00,http://www.wikidata.org/entity/Q931032,19200000000.0,2022-01-01 00:00:00+00:00,KMI
Q931200,C. H. Robinson Worldwide,Nasdaq,CHRW,logistics,,,http://www.wikidata.org/entity/Q931200,,,CHRW
Q931233,Cision,New York Stock Exchange,CISN,public relations,,,http://www.wikidata.org/entity/Q931233,,,CISN
Q931354,"Bath & Body Works, Inc.",New York Stock Exchange,LB,retail,,,http://www.wikidata.org/entity/Q931354,,,LB
Q934853,Motorola Mobility,New York Stock Exchange,MMI,telecommunications,,,http://www.wikidata.org/entity/Q934853,,,MMI
Q935059,Toro,New York Stock Exchange,TTC,mechanical engineering,,,http://www.wikidata.org/entity/Q935059,,,TTC
Q93520415,Sea Ltd,New York Stock Exchange,SE,e-commerce,,,http://www.wikidata.org/entity/Q93520415,,,SE
Q938668,Sina Corporation,Nasdaq,SINA,Internet industry,,,http://www.wikidata.org/entity/Q938668,,,SINA
Q9396,Deutsche Telekom,New York Stock Exchange,,telecommunications,76500000000.0,2016-12-31 00:00:00+00:00,http://www.wikidata.org/entity/Q9396,115769000000.0,2024-12-31 00:00:00+00:00,
Q939816,Movado,New York Stock Exchange,MOV,,,,http://www.wikidata.org/entity/Q939816,,,MOV
Q940421,General American Transportation Corporation,New York Stock Exchange,GATX,railways rolling stock leasing,,,http://www.wikidata.org/entity/Q940421,,,GATX
Q941127,Salesforce,New York Stock Exchange,CRM,automation,,,http://www.wikidata.org/entity/Q941127,37895000000.0,2024-01-01 00:00:00+00:00,CRM
Q941392,Informatica,New York Stock Exchange,INFA,software industry,,,http://www.wikidata.org/entity/Q941392,,,INFA
Q942471,The Travelers Companies,New York Stock Exchange,TRV,insurance,,,http://www.wikidata.org/entity/Q942471,36884000000.0,2022-01-01 00:00:00+00:00,TRV
Q945521,Consol Energy,New York Stock Exchange,CEIX,mining of coal,,,http://www.wikidata.org/entity/Q945521,,,CEIX
Q945739,Leif Höegh & Co,New York Stock Exchange,HMLP,freight transport,,,http://www.wikidata.org/entity/Q945739,,,HMLP
Q946080,Paychex,Nasdaq,PAYX,,,,http://www.wikidata.org/entity/Q946080,,,PAYX
Q946713,SunEdison,New York Stock Exchange,SUNE,energy sector,,,http://www.wikidata.org/entity/Q946713,,,SUNE
Q94758727,Confluent Inc.,Nasdaq,CFLT,,,,http://www.wikidata.org/entity/Q94758727,,,CFLT
Q947718,Reynolds American,New York Stock Exchange,RAI,tobacco industry,,,http://www.wikidata.org/entity/Q947718,,,RAI
Q94777120,CarParts.com,Nasdaq,PRTS,automotive aftermarket,,,http://www.wikidata.org/entity/Q94777120,,,PRTS
Q94933,Take-Two Interactive,Nasdaq,TTWO,video game industry,17840000000.0,2022-02-04 00:00:00+00:00,http://www.wikidata.org/entity/Q94933,3372772000.0,2021-03-31 00:00:00+00:00,TTWO
Q95,Google,Nasdaq,GOOGL,information technology,,,http://www.wikidata.org/entity/Q95,,,GOOGL
Q950380,CBS Corporation,New York Stock Exchange,CBSA,television,,,http://www.wikidata.org/entity/Q950380,,,CBSA
Q950419,Mercado pago,Nasdaq,MELI,e-commerce,,,http://www.wikidata.org/entity/Q950419,,,MELI
Q951259,Murphy Oil,New York Stock Exchange,MUR,petroleum industry,,,http://www.wikidata.org/entity/Q951259,,,MUR
Q95205133,Hertz Global Holdings,New York Stock Exchange,HTZ,tourism industry,,,http://www.wikidata.org/entity/Q95205133,8685000000.0,2022-01-01 00:00:00+00:00,HTZ
Q9584,Honda,New York Stock Exchange,HMC,industrial manufacturing,,,http://www.wikidata.org/entity/Q9584,14950000000000.0,2022-01-01 00:00:00+00:00,HMC
Q96095585,Pinterest Inc.,New York Stock Exchange,PINS,social media,,,http://www.wikidata.org/entity/Q96095585,,,PINS
Q96145483,Playtika,Nasdaq,PLTK,video game industry,,,http://www.wikidata.org/entity/Q96145483,,,PLTK
Q96186528,XP Inc.,Nasdaq,XP,financial services,,,http://www.wikidata.org/entity/Q96186528,,,XP
Q96371983,Amplify Energy,New York Stock Exchange,AMPY,,,,http://www.wikidata.org/entity/Q96371983,,,AMPY
Q96375437,Contura Energy,New York Stock Exchange,AMR,,,,http://www.wikidata.org/entity/Q96375437,,,AMR
Q96378897,Futu Holdings,Nasdaq,FUTU,conglomerate,,,http://www.wikidata.org/entity/Q96378897,,,FUTU
Q96379626,GoHealth,Nasdaq,GOCO,health care industry,,,http://www.wikidata.org/entity/Q96379626,,,GOCO
Q963809,Polycom,Nasdaq,PLCM,video conference,,,http://www.wikidata.org/entity/Q963809,1500000000.0,2011-01-01 00:00:00+00:00,PLCM
Q96386259,Kontoor Brands,New York Stock Exchange,KTB,,,,http://www.wikidata.org/entity/Q96386259,,,KTB
Q96392042,Markforged,New York Stock Exchange,MKFG,3D printing,,,http://www.wikidata.org/entity/Q96392042,,,MKFG
Q96394302,Mullen Technologies,Nasdaq,MULN,,,,http://www.wikidata.org/entity/Q96394302,,,MULN
Q96397546,Opendoor,Nasdaq,OPEN,real estate development,,,http://www.wikidata.org/entity/Q96397546,,,OPEN
Q96407440,TAL Education Group,New York Stock Exchange,TAL,Elementary and Secondary Schools,,,http://www.wikidata.org/entity/Q96407440,,,TAL
Q96413806,Veritone Inc.,Nasdaq,VERI,,,,http://www.wikidata.org/entity/Q96413806,,,VERI
Q96418958,Miller Industries,New York Stock Exchange,MLR,automotive industry,,,http://www.wikidata.org/entity/Q96418958,,,MLR
Q96419113,OR Royalties,New York Stock Exchange,OR,,,,http://www.wikidata.org/entity/Q96419113,,,OR
Q96419376,Sonder Corp.,Nasdaq,SOND,,,,http://www.wikidata.org/entity/Q96419376,,,SOND
Q96480089,Enlivex,Nasdaq,ENLV,biotechnology,301032000.0,2022-11-15 00:00:00+00:00,http://www.wikidata.org/entity/Q96480089,,,ENLV
Q96481629,Ellomay Capital Ltd,New York Stock Exchange,ELLO,environmental technology,834067000.0,2022-11-15 00:00:00+00:00,http://www.wikidata.org/entity/Q96481629,,,ELLO
Q96482054,XTL Bio,Nasdaq,XTLB,biopharmaceutical,26155000.0,2022-11-15 00:00:00+00:00,http://www.wikidata.org/entity/Q96482054,,,XTLB
Q96482167,Biomx,New York Stock Exchange,PHGE,pharmaceutical industry,447162000.0,2020-06-21 00:00:00+00:00,http://www.wikidata.org/entity/Q96482167,,,PHGE
Q96482218,G.willi-food International,Nasdaq,WILC,food industry,436931000.0,2022-11-15 00:00:00+00:00,http://www.wikidata.org/entity/Q96482218,,,WILC
Q96482278,Kitov Pharma,Nasdaq,KTOV,biopharmaceutical,172036000.0,2020-06-21 00:00:00+00:00,http://www.wikidata.org/entity/Q96482278,,,KTOV
Q96482303,Can Fite Biopharma,New York Stock Exchange,CANF,biopharmaceutical,79127000.0,2022-11-15 00:00:00+00:00,http://www.wikidata.org/entity/Q96482303,,,CANF
Q96482392,Lineage Cell Therapeutics,New York Stock Exchange,LCTX,biotechnology,748048000.0,2022-11-15 00:00:00+00:00,http://www.wikidata.org/entity/Q96482392,,,LCTX
Q96482427,Medigus,Nasdaq,,health care,38849000.0,2020-06-21 00:00:00+00:00,http://www.wikidata.org/entity/Q96482427,,,
Q96482451,MEDLEY,New York Stock Exchange,,financial services,157104000.0,2020-06-21 00:00:00+00:00,http://www.wikidata.org/entity/Q96482451,,,
Q96482473,My Size Inc.,Nasdaq,,technology,22037000.0,2022-11-15 00:00:00+00:00,http://www.wikidata.org/entity/Q96482473,,,
Q965133,Sohu,Nasdaq,CYOU,,,,http://www.wikidata.org/entity/Q965133,,,CYOU
Q96574614,Safe-T Group,Nasdaq,SFET,technology,39578000.0,2022-11-15 00:00:00+00:00,http://www.wikidata.org/entity/Q96574614,,,SFET
Q96574679,CIM Commercial Trust Corporation,Nasdaq,CMCT,real property,691072000.0,2020-06-22 00:00:00+00:00,http://www.wikidata.org/entity/Q96574679,,,CMCT
Q96574719,PowerFleet,Nasdaq,PWFL,technology,337159000.0,2022-11-15 00:00:00+00:00,http://www.wikidata.org/entity/Q96574719,,,PWFL
Q96574751,foresight automotive LTD,Nasdaq,FRSX,automotive industry,145287000.0,2022-11-15 00:00:00+00:00,http://www.wikidata.org/entity/Q96574751,,,FRSX
Q96575127,PennantPark Investment Corporation,Nasdaq,PFLT,financial services,1853730000.0,2022-11-15 00:00:00+00:00,http://www.wikidata.org/entity/Q96575127,,,PFLT
Q96575161,Ability Inc,Nasdaq,ABILF,technology industry,5134000.0,2022-11-15 00:00:00+00:00,http://www.wikidata.org/entity/Q96575161,,,ABILF
Q96575195,Meat tech,Nasdaq,MEAT,food industry,,,http://www.wikidata.org/entity/Q96575195,,,MEAT
Q96575974,ExOne,Nasdaq,XONE,industrial manufacturing,,,http://www.wikidata.org/entity/Q96575974,53276000.0,2019-01-01 00:00:00+00:00,XONE
Q966556,Sears Holdings Corporation,Nasdaq,SHLD,retail,,,http://www.wikidata.org/entity/Q966556,,,SHLD
Q966613,Leap Wireless,Nasdaq,,telecommunications,,,http://www.wikidata.org/entity/Q966613,,,
Q967265,Kohl's,New York Stock Exchange,KSS,retail,,,http://www.wikidata.org/entity/Q967265,,,KSS
Q967868,NextEra Energy,New York Stock Exchange,NEE,energy company,,,http://www.wikidata.org/entity/Q967868,20956000000.0,2022-01-01 00:00:00+00:00,NEE
Q96791280,Accolade,Nasdaq; New York Stock Exchange,ACCD,health technology,,,http://www.wikidata.org/entity/Q96791280,,,ACCD
Q970695,Northern Trust,Nasdaq,NTRS,financial services,20000000000.0,2017-01-01 00:00:00+00:00,http://www.wikidata.org/entity/Q970695,6761200000.0,2022-01-01 00:00:00+00:00,NTRS
Q97188497,Ranpak,New York Stock Exchange,PACK,,,,http://www.wikidata.org/entity/Q97188497,,,PACK
Q97359908,Perspecta Inc.,New York Stock Exchange,PRSP,computer security,,,http://www.wikidata.org/entity/Q97359908,2590000000.0,2018-01-01 00:00:00+00:00,PRSP
Q97439162,Stellantis,New York Stock Exchange,STLA,automotive industry,27806000000.0,2025-05-01 00:00:00+00:00,http://www.wikidata.org/entity/Q97439162,189544000000.0,2023-01-01 00:00:00+00:00,STLA
Q974846,IAC,Nasdaq,IAC,media industry,,,http://www.wikidata.org/entity/Q974846,,,IAC
Q97574745,Ouster,New York Stock Exchange,OUST,,,,http://www.wikidata.org/entity/Q97574745,,,OUST
Q977627,Starz Inc.,Nasdaq,,broadcasting,,,http://www.wikidata.org/entity/Q977627,,,
Q97961992,Brilliance China Automotive Holdings,New York Stock Exchange,CBA,,,,http://www.wikidata.org/entity/Q97961992,,,CBA
Q979690,Netgear,Nasdaq,NTGR,consumer electronics industry,,,http://www.wikidata.org/entity/Q979690,,,NTGR
Q98055133,Sunnova,New York Stock Exchange,NOVA,,,,http://www.wikidata.org/entity/Q98055133,,,NOVA
Q98139925,Li Auto,Nasdaq,LI,automotive industry,,,http://www.wikidata.org/entity/Q98139925,123851332000.0,2023-01-01 00:00:00+00:00,LI
Q98424095,M/I Homes,New York Stock Exchange,MHO,,,,http://www.wikidata.org/entity/Q98424095,,,MHO
Q98525405,Vista Oil & Gas,New York Stock Exchange,VIST,petroleum industry,,,http://www.wikidata.org/entity/Q98525405,,,VIST
Q98608948,JFrog Ltd,Nasdaq,FROG,development and operations,,,http://www.wikidata.org/entity/Q98608948,,,FROG
Q98704372,GSX Techedu,New York Stock Exchange,GSX,,,,http://www.wikidata.org/entity/Q98704372,,,GSX
Q98713358,Arcturus Therapeutics,Nasdaq,ARCT,pharmaceutical industry,,,http://www.wikidata.org/entity/Q98713358,,,ARCT
Q99036143,QuantumScape,New York Stock Exchange,QS,,,,http://www.wikidata.org/entity/Q99036143,,,QS
Q994153,Brunswick Corporation,New York Stock Exchange,BC,,,,http://www.wikidata.org/entity/Q994153,,,BC
Q99482082,Canoo,Nasdaq,GOEV,automotive industry,,,http://www.wikidata.org/entity/Q99482082,,,GOEV
Q995863,Broderbund,Nasdaq,BROD,video game industry,,,http://www.wikidata.org/entity/Q995863,172000000.0,1995-08-31 00:00:00+00:00,BROD
Q99744172,Tricida,Nasdaq,TCDA,pharmaceutical industry,,,http://www.wikidata.org/entity/Q99744172,,,TCDA
Q99744291,Magenta Therapeutics,Nasdaq,MGTA,biotechnology industry,,,http://www.wikidata.org/entity/Q99744291,,,MGTA
Q998470,RELX,New York Stock Exchange,RELX,,,,http://www.wikidata.org/entity/Q998470,,,RELX
Q999567,Linear Technology,Nasdaq,LLTC,,,,http://www.wikidata.org/entity/Q999567,,,LLTC
Q99976763,Nam Tai Property,New York Stock Exchange,NTP,,,,http://www.wikidata.org/entity/Q99976763,,,NTP
