company,company_id,ticker,industry,company_url
3D Systems,Q4636301,DDD,3D printing,http://www.wikidata.org/entity/Q4636301
4Kids Entertainment,Q604775,KDE,,http://www.wikidata.org/entity/Q604775
58.com,Q17499083,WUBA,,http://www.wikidata.org/entity/Q17499083
7 Days Inn,Q4643844,,hotel,http://www.wikidata.org/entity/Q4643844
8x8,Q4645515,EGHT,,http://www.wikidata.org/entity/Q4645515
99 Cents Only Stores,Q4646294,NDN,discount store,http://www.wikidata.org/entity/Q4646294
A10 Networks,Q16157155,ATEN,computer network,http://www.wikidata.org/entity/Q16157155
AAR Corp,Q4649932,AIR,aerospace industry,http://www.wikidata.org/entity/Q4649932
ABB Group,Q52825,ABB,electrical engineering,http://www.wikidata.org/entity/Q52825
ABM Industries,Q4650338,ABM,facility management,http://www.wikidata.org/entity/Q4650338
ACCO Brands,Q288129,ACCO,industrial manufacturing,http://www.wikidata.org/entity/Q288129
ADT Inc.,Q290680,ADT,,http://www.wikidata.org/entity/Q290680
AECOM,Q2825507,ACM,construction,http://www.wikidata.org/entity/Q2825507
AGCO,Q292292,AGCO,industrial manufacturing,http://www.wikidata.org/entity/Q292292
AGL Resources,Q25796,GAS,natural gas,http://www.wikidata.org/entity/Q25796
AMC Theatres,Q294721,AMC,entertainment,http://www.wikidata.org/entity/Q294721
AMTD Digital,Q113459125,HKD,fintech,http://www.wikidata.org/entity/Q113459125
APA Corporation,Q119991,APA,petroleum industry,http://www.wikidata.org/entity/Q119991
AUO Corporation,Q300120,AUO,electronics,http://www.wikidata.org/entity/Q300120
AVG Technologies,Q2266483,AVG,software industry,http://www.wikidata.org/entity/Q2266483
AVX Corporation,Q4655072,,electronics,http://www.wikidata.org/entity/Q4655072
AXIS Capital,Q16836218,AXS,reinsurance,http://www.wikidata.org/entity/Q16836218
"Aaron's, Inc.",Q10397787,AAN,furniture,http://www.wikidata.org/entity/Q10397787
Abercrombie & Fitch,Q319344,ANF,retail,http://www.wikidata.org/entity/Q319344
Acadia Realty Trust,Q4671583,AKR,,http://www.wikidata.org/entity/Q4671583
Accolade,Q96791280,ACCD,health technology,http://www.wikidata.org/entity/Q96791280
Accuride Corporation,Q4672920,,,http://www.wikidata.org/entity/Q4672920
Acquity Group,Q4674790,,digital marketing,http://www.wikidata.org/entity/Q4674790
Actavis,Q343204,ACT,pharmaceutical industry,http://www.wikidata.org/entity/Q343204
Actuant,Q4677840,EPAC,conglomerate,http://www.wikidata.org/entity/Q4677840
Acuity Brands,Q4677870,AYI,,http://www.wikidata.org/entity/Q4677870
Acushnet Company,Q344839,GOLF,,http://www.wikidata.org/entity/Q344839
Adams Express Company,Q4680345,ADX,investment,http://www.wikidata.org/entity/Q4680345
Adams Funds,Q105580834,ADX,investment,http://www.wikidata.org/entity/Q105580834
Adams Resources & Energy Inc.,Q19604285,AE,petroleum industry,http://www.wikidata.org/entity/Q19604285
Adecoagro,Q101429880,AGRO,agribusiness,http://www.wikidata.org/entity/Q101429880
Adient,Q26832896,ADNT,,http://www.wikidata.org/entity/Q26832896
Advance America,Q4686044,,,http://www.wikidata.org/entity/Q4686044
Advance Auto Parts,Q4686051,AAP,,http://www.wikidata.org/entity/Q4686051
Advanced Drainage Systems,Q60745531,WMS,,http://www.wikidata.org/entity/Q60745531
Advantage Oil & Gas,Q4686414,AAV,petroleum industry,http://www.wikidata.org/entity/Q4686414
Advantest,Q2722179,ATE,,http://www.wikidata.org/entity/Q2722179
AerCap,Q4687934,AER,financial services,http://www.wikidata.org/entity/Q4687934
Aeroflex,Q4688254,ARX,,http://www.wikidata.org/entity/Q4688254
Aerohive Networks,Q4688284,HIVE,information technology,http://www.wikidata.org/entity/Q4688284
Aerojet Rocketdyne Holdings,Q392445,,,http://www.wikidata.org/entity/Q392445
"Aeva, Inc",Q128050179,AEVA,,http://www.wikidata.org/entity/Q128050179
Affiliated Managers Group,Q25775,AMG,financial services,http://www.wikidata.org/entity/Q25775
Agilent Technologies,Q393762,A,high-performance liquid chromatography,http://www.wikidata.org/entity/Q393762
Agnico Eagle Mines,Q38676,AEM,mining industry,http://www.wikidata.org/entity/Q38676
Agrium,Q397223,AGU,,http://www.wikidata.org/entity/Q397223
Aimco,Q293796,AIV,real estate investment trust,http://www.wikidata.org/entity/Q293796
Air Lease,Q4698062,AL,financial services,http://www.wikidata.org/entity/Q4698062
Air Products & Chemicals,Q407744,APD,,http://www.wikidata.org/entity/Q407744
Aircastle,Q13583352,AYR,aircraft lease,http://www.wikidata.org/entity/Q13583352
Alabama Power,Q4705296,ALP-Q,electric power industry,http://www.wikidata.org/entity/Q4705296
Alamo Group,Q21198484,ALG,,http://www.wikidata.org/entity/Q21198484
Alamos Gold,Q105760370,AGI,,http://www.wikidata.org/entity/Q105760370
Alaska Air Group,Q4033665,ALK,transport,http://www.wikidata.org/entity/Q4033665
Alaska Airlines,Q822614,ALK,,http://www.wikidata.org/entity/Q822614
Albany International,Q23018189,AIN,,http://www.wikidata.org/entity/Q23018189
Alcoa,Q135325,AA,Aluminium production,http://www.wikidata.org/entity/Q135325
Alexander & Baldwin,Q135281,ALEX,conglomerate,http://www.wikidata.org/entity/Q135281
Alexander's,Q4718099,ALX,real estate investment trust,http://www.wikidata.org/entity/Q4718099
Alight Solutions,Q65091232,ALIT,professional service,http://www.wikidata.org/entity/Q65091232
Alleghany Corporation,Q151670,Y,insurance,http://www.wikidata.org/entity/Q151670
Allegheny Technologies,Q1361648,ATI,,http://www.wikidata.org/entity/Q1361648
Allegion,Q16738121,ALLE,,http://www.wikidata.org/entity/Q16738121
Allen-Bradley,Q2648305,,,http://www.wikidata.org/entity/Q2648305
Allergan plc,Q906187,AGN,pharmaceutical industry,http://www.wikidata.org/entity/Q906187
Alliance Data,Q2837996,ADS,financial services,http://www.wikidata.org/entity/Q2837996
Alliance One International,Q16824882,,,http://www.wikidata.org/entity/Q16824882
AllianceBernstein,Q4732268,AB,asset management,http://www.wikidata.org/entity/Q4732268
Alliant Techsystems,Q238765,ATK,aerospace industry,http://www.wikidata.org/entity/Q238765
Allis-Chalmers Energy,Q4732707,,,http://www.wikidata.org/entity/Q4732707
Allison Transmission,Q2036530,ALSN,,http://www.wikidata.org/entity/Q2036530
Ally Financial,Q2032800,ALLY,bank,http://www.wikidata.org/entity/Q2032800
Alon Blue Square Israel Ltd,Q20502124,BSI,food retail sector,http://www.wikidata.org/entity/Q20502124
Alon USA,Q2839213,,energy supply,http://www.wikidata.org/entity/Q2839213
Altafiber,Q5120216,,telecommunications,http://www.wikidata.org/entity/Q5120216
Alteryx,Q73883753,AYX,software industry,http://www.wikidata.org/entity/Q73883753
Altice Portugal,Q2105426,,telecommunications,http://www.wikidata.org/entity/Q2105426
Altice USA,Q644289,ATUS,telecommunications,http://www.wikidata.org/entity/Q644289
Alumina Limited,Q447403,AWC,aluminium industry,http://www.wikidata.org/entity/Q447403
AmBev,Q2142669,ABEV,beverage industry,http://www.wikidata.org/entity/Q2142669
Ambac,Q456563,AMBC,financial services,http://www.wikidata.org/entity/Q456563
Amcol International Corporation,Q4742045,ACO,,http://www.wikidata.org/entity/Q4742045
Amcor,Q460307,AMCR,product packaging industry,http://www.wikidata.org/entity/Q460307
Amer Sports,Q152695,AS,sporting goods industry,http://www.wikidata.org/entity/Q152695
Ameren,Q462984,AEE,energy industry,http://www.wikidata.org/entity/Q462984
Ameresco,Q124723674,AMRC,energy industry,http://www.wikidata.org/entity/Q124723674
American Axle,Q4743120,AXL,automotive industry,http://www.wikidata.org/entity/Q4743120
American Campus Communities,Q4743275,ACC,student housing,http://www.wikidata.org/entity/Q4743275
American Eagle Outfitters,Q2842931,AEO,retail,http://www.wikidata.org/entity/Q2842931
American Financial Group,Q4743779,AFG,financial services,http://www.wikidata.org/entity/Q4743779
American Greetings,Q464767,AM,greeting card,http://www.wikidata.org/entity/Q464767
American Homes 4 Rent,Q20979194,AMH,real estate investment trust,http://www.wikidata.org/entity/Q20979194
American Reprographics Company,Q4744822,ARC,tertiary sector of the economy,http://www.wikidata.org/entity/Q4744822
American Research and Development Corporation,Q2662418,ARD,,http://www.wikidata.org/entity/Q2662418
American States Water,Q16974884,AWR,"water collection, treatment and supply",http://www.wikidata.org/entity/Q16974884
American Tower Corporation,Q4745263,AMT,real estate investment trust,http://www.wikidata.org/entity/Q4745263
Americold,Q24197334,COLD,,http://www.wikidata.org/entity/Q24197334
Amerigroup,Q4745709,,health insurance,http://www.wikidata.org/entity/Q4745709
"Amneal Pharmaceuticals, Inc.",Q16996714,AMRX,pharmaceutical industry,http://www.wikidata.org/entity/Q16996714
Ampco Pittsburgh,Q4748076,AP,steel,http://www.wikidata.org/entity/Q4748076
Amplify Energy,Q96371983,AMPY,,http://www.wikidata.org/entity/Q96371983
Amreit,Q4748631,AMRE,real estate investment trust,http://www.wikidata.org/entity/Q4748631
Amrep Corporation,Q4748634,AXR,,http://www.wikidata.org/entity/Q4748634
Amwell,Q16983204,AMWL,health care,http://www.wikidata.org/entity/Q16983204
Anadarko Petroleum,Q483637,APC,petroleum industry,http://www.wikidata.org/entity/Q483637
Anaplan,Q4751571,PLAN,business software industry,http://www.wikidata.org/entity/Q4751571
AngloGold Ashanti,Q541076,AU,mining,http://www.wikidata.org/entity/Q541076
Anixter,Q4765682,,product distribution,http://www.wikidata.org/entity/Q4765682
Ann Taylor,Q4766699,,retail,http://www.wikidata.org/entity/Q4766699
Annaly Capital Management,Q16828730,NLY,real estate investment trust,http://www.wikidata.org/entity/Q16828730
Annie's Homegrown,Q4769205,,,http://www.wikidata.org/entity/Q4769205
Anworth Mortgage Asset Corporation,Q4778095,,real estate investment trust,http://www.wikidata.org/entity/Q4778095
Anywhere Real Estate,Q7301358,HOUS,real estate industry,http://www.wikidata.org/entity/Q7301358
Aon Hewitt,Q913851,HEW,human resource consulting,http://www.wikidata.org/entity/Q913851
Aon plc,Q739518,AON,professional service,http://www.wikidata.org/entity/Q739518
Aphria,Q48814381,APHA,cannabis industry,http://www.wikidata.org/entity/Q48814381
Applied Industrial Technologies,Q4781544,AIT,,http://www.wikidata.org/entity/Q4781544
Aptar,Q30273389,ATR,,http://www.wikidata.org/entity/Q30273389
Aptiv,Q643626,DLPH,automotive industry,http://www.wikidata.org/entity/Q643626
Aramark,Q625708,ARMK,food service,http://www.wikidata.org/entity/Q625708
ArcelorMittal,Q27893,MT,iron and steel industry,http://www.wikidata.org/entity/Q27893
Arch Resources,Q2062132,ARCH,mining of coal,http://www.wikidata.org/entity/Q2062132
Archer Aviation,Q109369035,ACHR,aviation,http://www.wikidata.org/entity/Q109369035
Arconic,Q92639564,ARNC,industrial manufacturing,http://www.wikidata.org/entity/Q92639564
Arcos Dorados Holdings,Q15727302,ARCO,food industry,http://www.wikidata.org/entity/Q15727302
Arcus Biosciences,Q113503877,RCUS,pharmaceutical industry,http://www.wikidata.org/entity/Q113503877
Ares Management,Q4789079,ARES,financial services,http://www.wikidata.org/entity/Q4789079
"Argan, Inc.",Q111384689,AGX,,http://www.wikidata.org/entity/Q111384689
Arlington Asset Investment,Q4792281,AAIC,real estate investment trust,http://www.wikidata.org/entity/Q4792281
"Arlo Technologies, Inc.",Q60740820,ARLO,home automation,http://www.wikidata.org/entity/Q60740820
Armstrong World Industries,Q689446,AWI,building material,http://www.wikidata.org/entity/Q689446
Arrow Electronics,Q2059537,ARW,product distribution,http://www.wikidata.org/entity/Q2059537
Arthur J. Gallagher & Co.,Q4799191,AJG,,http://www.wikidata.org/entity/Q4799191
Artisan Partners,Q41590812,APAM,,http://www.wikidata.org/entity/Q41590812
Asana Inc.,Q111411592,ASAN,software industry,http://www.wikidata.org/entity/Q111411592
Asbury Automotive Group,Q4803735,ABG,car dealership,http://www.wikidata.org/entity/Q4803735
Ashland Inc.,Q725634,ASH,industrial manufacturing,http://www.wikidata.org/entity/Q725634
Associated Banc-Corp,Q4809155,ASB,financial services,http://www.wikidata.org/entity/Q4809155
Astoria Bank,Q4811104,,financial services,http://www.wikidata.org/entity/Q4811104
Atento,Q8208082,ATTO,telecommunications,http://www.wikidata.org/entity/Q8208082
Athene Holding,Q106238577,ATH-A,,http://www.wikidata.org/entity/Q106238577
Atlantic Power Corporation,Q4816513,AT,electricity supply company,http://www.wikidata.org/entity/Q4816513
Atlantic Union Bank,Q5453249,AUB,economics of banking,http://www.wikidata.org/entity/Q5453249
Atlas America,Q4816783,ATLS,,http://www.wikidata.org/entity/Q4816783
Atotech,Q13715273,ATC,,http://www.wikidata.org/entity/Q13715273
Atwood Oceanics,Q4818872,ATW,petroleum industry,http://www.wikidata.org/entity/Q4818872
AuRico Gold,Q4818932,AUQ,mining,http://www.wikidata.org/entity/Q4818932
Aurora Cannabis,Q47500199,ACB,cannabis industry,http://www.wikidata.org/entity/Q47500199
AutoNation,Q784804,AN,retail,http://www.wikidata.org/entity/Q784804
Autohome,Q47016300,ATHM,,http://www.wikidata.org/entity/Q47016300
Autoliv,Q787044,ALV,automotive supplier,http://www.wikidata.org/entity/Q787044
AvalonBay,Q4827537,AVB,real estate investment trust,http://www.wikidata.org/entity/Q4827537
Avangrid,Q5983823,AGR,energy industry,http://www.wikidata.org/entity/Q5983823
Avanos Medical,Q56276948,AVNS,health care,http://www.wikidata.org/entity/Q56276948
Avantor,Q104842834,AVTR,,http://www.wikidata.org/entity/Q104842834
Avaya,Q212433,AVYA,mechanical engineering,http://www.wikidata.org/entity/Q212433
Avery Dennison,Q790650,AVY,product packaging industry,http://www.wikidata.org/entity/Q790650
Avient Corporation,Q7226106,AVNT,,http://www.wikidata.org/entity/Q7226106
Avista,Q4828988,AVA,energy industry,http://www.wikidata.org/entity/Q4828988
Avnet,Q4829076,AVT,electronics,http://www.wikidata.org/entity/Q4829076
Avon Products Inc.,Q791285,AVP,cosmetics industry,http://www.wikidata.org/entity/Q791285
Axalta Coating Systems,Q26215536,AXTA,,http://www.wikidata.org/entity/Q26215536
Axiall Corporation,Q5547514,AXLL,chemical industry,http://www.wikidata.org/entity/Q5547514
Axos Financial,Q4937270,AX,bank,http://www.wikidata.org/entity/Q4937270
Azure Power,Q27704930,,,http://www.wikidata.org/entity/Q27704930
Azurix,Q4833115,AZX,"water collection, treatment and supply",http://www.wikidata.org/entity/Q4833115
Aéropostale,Q794565,ARO,retail,http://www.wikidata.org/entity/Q794565
B&G Foods,Q54953653,BGS,food industry,http://www.wikidata.org/entity/Q54953653
B2Gold,Q22671405,BTG,mining,http://www.wikidata.org/entity/Q22671405
BBB Foods,Q125886451,TBBB,retail,http://www.wikidata.org/entity/Q125886451
BBVA Argentina,Q2876788,BFR,financial services,http://www.wikidata.org/entity/Q2876788
BCE Inc.,Q24525746,BCE,telecommunications,http://www.wikidata.org/entity/Q24525746
BJ's Wholesale Club,Q4835754,BJ,retail,http://www.wikidata.org/entity/Q4835754
BP Prudhoe Bay Royalty Trust,Q4836297,BPT,petroleum industry,http://www.wikidata.org/entity/Q4836297
BRF,Q899097,BRFS,food industry,http://www.wikidata.org/entity/Q899097
BWX Technologies,Q4836852,BWXT,,http://www.wikidata.org/entity/Q4836852
Babcock & Wilcox,Q797609,BW,industrial manufacturing,http://www.wikidata.org/entity/Q797609
Babylon Health,Q24083464,BBLN,health care,http://www.wikidata.org/entity/Q24083464
Bachoco,Q4838903,IBA,food industry,http://www.wikidata.org/entity/Q4838903
Bakkt,Q83768717,BKKT,financial services,http://www.wikidata.org/entity/Q83768717
Baldwin-United,Q123982663,,,http://www.wikidata.org/entity/Q123982663
Bally Technologies,Q805383,BYI,gambling industry,http://www.wikidata.org/entity/Q805383
Bally's Corporation,Q65062134,BALY,gambling industry,http://www.wikidata.org/entity/Q65062134
Banco Itaú Corpbanca,Q2423252,ITCL,bank,http://www.wikidata.org/entity/Q2423252
Banco Latinoamericano de Comercio Exterior,Q25104482,BLX,,http://www.wikidata.org/entity/Q25104482
Banco Santander (Brasil),Q2882087,BSBR,economics of banking,http://www.wikidata.org/entity/Q2882087
"Banco Santander México, S.A.",Q8965165,BSMX,financial services,http://www.wikidata.org/entity/Q8965165
Banco Santander-Chile,Q1094313,BSAC,financial services,http://www.wikidata.org/entity/Q1094313
Banco de Chile,Q2882085,BCH,economics of banking,http://www.wikidata.org/entity/Q2882085
Bancolombia,Q806206,CIB,economics of banking,http://www.wikidata.org/entity/Q806206
"BancorpSouth, Inc.",Q114821698,BXS,,http://www.wikidata.org/entity/Q114821698
Bank of Hawaii,Q4856124,BOH,finance,http://www.wikidata.org/entity/Q4856124
BankAtlantic,Q4855875,,financial services,http://www.wikidata.org/entity/Q4855875
BankUnited,Q4855887,BKU,financial services,http://www.wikidata.org/entity/Q4855887
Bankrate,Q4856439,,Internet,http://www.wikidata.org/entity/Q4856439
Bard,Q5006774,BCR,,http://www.wikidata.org/entity/Q5006774
Barnes & Noble College Booksellers,Q4861508,BNED,retail,http://www.wikidata.org/entity/Q4861508
Barnes Group,Q4861529,B,aerospace industry,http://www.wikidata.org/entity/Q4861529
Barracuda Networks,Q4863194,CUDA,computer security,http://www.wikidata.org/entity/Q4863194
Barrick Mining Corporation,Q808908,GOLD,mining,http://www.wikidata.org/entity/Q808908
Bath & Body Works,Q810773,BBWI,final good,http://www.wikidata.org/entity/Q810773
"Bath & Body Works, Inc.",Q931354,LB,retail,http://www.wikidata.org/entity/Q931354
Bausch & Lomb,Q811857,BLCO,pharmaceutical industry,http://www.wikidata.org/entity/Q811857
Bausch Health,Q1700871,BHC,pharmaceutical industry,http://www.wikidata.org/entity/Q1700871
Baxter International,Q761965,BAX,medical equipment,http://www.wikidata.org/entity/Q761965
Baytex Energy,Q4874958,BTE,petroleum industry,http://www.wikidata.org/entity/Q4874958
Beazer Homes USA,Q4878288,BZH,,http://www.wikidata.org/entity/Q4878288
Beike,Q105886736,BEKE,,http://www.wikidata.org/entity/Q105886736
Belmond,Q4045977,BEL,hospitality industry,http://www.wikidata.org/entity/Q4045977
Bemis Company,Q816379,BMS,product packaging industry,http://www.wikidata.org/entity/Q816379
Benchmark Electronics,Q4886950,BHE,,http://www.wikidata.org/entity/Q4886950
Berkshire Bank,Q48976878,BHLB,bank,http://www.wikidata.org/entity/Q48976878
Berry Plastics,Q4894819,BERY,,http://www.wikidata.org/entity/Q4894819
Big Lots,Q4905973,BIG,retail,http://www.wikidata.org/entity/Q4905973
BigBear.ai,Q124545138,BBAI,software industry,http://www.wikidata.org/entity/Q124545138
Biglari Holdings Inc.,Q4906978,BH,,http://www.wikidata.org/entity/Q4906978
Bill Barrett Corporation,Q4908047,BBG,petroleum industry,http://www.wikidata.org/entity/Q4908047
"Bill.com, LLC",Q18205529,BILL,,http://www.wikidata.org/entity/Q18205529
Billerud,Q7922702,,pulp and paper industry,http://www.wikidata.org/entity/Q7922702
Bio-Rad Laboratories,Q2904022,BIO,biotechnology,http://www.wikidata.org/entity/Q2904022
Biohaven Pharmaceuticals,Q92546757,BHVN,,http://www.wikidata.org/entity/Q92546757
Biomx,Q96482167,PHGE,pharmaceutical industry,http://www.wikidata.org/entity/Q96482167
BitMine Immersion,Q137983503,BMNR,,http://www.wikidata.org/entity/Q137983503
Black Hills Corporation,Q880296,BKH,energy industry,http://www.wikidata.org/entity/Q880296
"Black Knight, Inc.",Q6522334,BKI,financial services,http://www.wikidata.org/entity/Q6522334
Black Rifle Coffee Company,Q64005031,BRCC,retail,http://www.wikidata.org/entity/Q64005031
Black Stone Minerals,Q21196367,BSM,petroleum industry,http://www.wikidata.org/entity/Q21196367
BlackSky,Q56314218,BKSY,software industry,http://www.wikidata.org/entity/Q56314218
Bloom Energy,Q29526078,BE,electronics industry,http://www.wikidata.org/entity/Q29526078
Blue Apron,Q26913624,APRN,online food ordering,http://www.wikidata.org/entity/Q26913624
Blue Owl Capital,Q114795591,OWL,financial services,http://www.wikidata.org/entity/Q114795591
BlueLinx,Q4928758,BXC,wholesale,http://www.wikidata.org/entity/Q4928758
Bluegreen Corporation,Q4930359,BXG,,http://www.wikidata.org/entity/Q4930359
"Blyth, Inc.",Q3367020,BTH,,http://www.wikidata.org/entity/Q3367020
Boardwalk Pipeline Partners,Q4931457,,,http://www.wikidata.org/entity/Q4931457
Boise Cascade,Q2909088,BCC,,http://www.wikidata.org/entity/Q2909088
Booz Allen Hamilton,Q893221,BAH,consulting company,http://www.wikidata.org/entity/Q893221
BorgWarner,Q825943,BWA,automotive industry,http://www.wikidata.org/entity/Q825943
Boston Beer Company,Q894558,SAM,,http://www.wikidata.org/entity/Q894558
Boston Properties,Q4844439,BXP,real estate industry,http://www.wikidata.org/entity/Q4844439
Box,Q4951483,BOX,cloud storage,http://www.wikidata.org/entity/Q4951483
Boxed.com,Q30591074,BOXD,retail,http://www.wikidata.org/entity/Q30591074
Boyd Gaming,Q2923022,BYD,,http://www.wikidata.org/entity/Q2923022
Brady Corporation,Q897097,BRC,industrial manufacturing,http://www.wikidata.org/entity/Q897097
Braemar Hotels & Resorts,Q63862184,BHR,,http://www.wikidata.org/entity/Q63862184
Brandywine Realty Trust,Q4957288,BDN,,http://www.wikidata.org/entity/Q4957288
Brasil Telecom,Q899130,BTM,telecommunications,http://www.wikidata.org/entity/Q899130
Braskem,Q899395,BAK,petroleum industry,http://www.wikidata.org/entity/Q899395
Bridge Investment Group,Q118327775,BRDG,investment management,http://www.wikidata.org/entity/Q118327775
Briggs & Stratton,Q915543,BGG,mechanical engineering,http://www.wikidata.org/entity/Q915543
Bright Health,Q48797772,BHG,,http://www.wikidata.org/entity/Q48797772
Bright Horizons,Q4967421,BFAM,child care,http://www.wikidata.org/entity/Q4967421
Brilliance China Automotive Holdings,Q97961992,CBA,,http://www.wikidata.org/entity/Q97961992
Brink's,Q2902305,BCO,logistics,http://www.wikidata.org/entity/Q2902305
Brinker International,Q917487,EAT,music,http://www.wikidata.org/entity/Q917487
Bristow Helicopters,Q4969137,VTOL,,http://www.wikidata.org/entity/Q4969137
British American Tobacco,Q856411,BTI,tobacco industry,http://www.wikidata.org/entity/Q856411
Brixmor Property Group,Q17512182,BRX,real estate investment trust,http://www.wikidata.org/entity/Q17512182
Broadridge Financial Solutions,Q4972280,BR,financial services,http://www.wikidata.org/entity/Q4972280
Brookdale Senior Living,Q4974387,BKD,retirement home,http://www.wikidata.org/entity/Q4974387
Brookfield Business Partners,Q24705550,BBU,,http://www.wikidata.org/entity/Q24705550
Brookfield Infrastructure Partners,Q13529408,BIP,Infrastructure asset management,http://www.wikidata.org/entity/Q13529408
Brookfield Properties,Q4974584,,property management,http://www.wikidata.org/entity/Q4974584
Brookfield Property Partners,Q24110304,BPY,real estate industry,http://www.wikidata.org/entity/Q24110304
Brookfield Renewable,Q4974587,BEPC,,http://www.wikidata.org/entity/Q4974587
Brookfield Residential,Q4974589,,real estate development,http://www.wikidata.org/entity/Q4974589
Brooklyn Rapid Transit Company,Q2926166,B,,http://www.wikidata.org/entity/Q2926166
Brunswick Corporation,Q994153,BC,,http://www.wikidata.org/entity/Q994153
Buckeye Partners,Q4983090,BPL,petroleum,http://www.wikidata.org/entity/Q4983090
Buckle,Q4983306,BKE,retail,http://www.wikidata.org/entity/Q4983306
Buenaventura,Q1001788,BVN,mining,http://www.wikidata.org/entity/Q1001788
Build-A-Bear Workshop,Q1002992,BBW,retail,http://www.wikidata.org/entity/Q1002992
Builders FirstSource,Q27686100,BLDR,building materials trade,http://www.wikidata.org/entity/Q27686100
Bunge Limited,Q1009458,BG,food industry,http://www.wikidata.org/entity/Q1009458
Burford Capital,Q24204272,BUR,financial services,http://www.wikidata.org/entity/Q24204272
Burgundy Diamond Mines,Q3127944,,,http://www.wikidata.org/entity/Q3127944
Butterfield Bank,Q5002877,,,http://www.wikidata.org/entity/Q5002877
Byline Bank,Q6824994,BY,economics of banking,http://www.wikidata.org/entity/Q6824994
C&J Energy Services,Q48647846,CJ,,http://www.wikidata.org/entity/Q48647846
CACI,Q1022711,CACI,professional services industry,http://www.wikidata.org/entity/Q1022711
CAE Inc.,Q180922,CAE,aerospace engineering,http://www.wikidata.org/entity/Q180922
CBL Properties,Q5009135,CBL,real estate investment trust,http://www.wikidata.org/entity/Q5009135
CCU,Q2990393,ccu,brewing industry,http://www.wikidata.org/entity/Q2990393
CDI Corporation,Q5009947,CDI,,http://www.wikidata.org/entity/Q5009947
CF Industries,Q905806,CF,chemical industry,http://www.wikidata.org/entity/Q905806
CHC Helicopter,Q2071877,HELI,transport,http://www.wikidata.org/entity/Q2071877
CI&T,Q5119048,CINT,,http://www.wikidata.org/entity/Q5119048
CIT Group,Q1023765,,financial services,http://www.wikidata.org/entity/Q1023765
CLECO,Q5012733,CNL,electric power industry,http://www.wikidata.org/entity/Q5012733
CMC Electronics Inc.,Q5012867,,,http://www.wikidata.org/entity/Q5012867
CMS Energy,Q5013012,CMS,,http://www.wikidata.org/entity/Q5013012
CNA Financial,Q5013072,CNA,insurance,http://www.wikidata.org/entity/Q5013072
CNH Industrial,Q15238661,CNHI,automotive industry,http://www.wikidata.org/entity/Q15238661
CNOOC Limited,Q795221,CEO,,http://www.wikidata.org/entity/Q795221
CPFL Energia,Q1121216,CPL,,http://www.wikidata.org/entity/Q1121216
CRH,Q1053299,CRH,building material,http://www.wikidata.org/entity/Q1053299
CSS Industries,Q5014304,CSS,,http://www.wikidata.org/entity/Q5014304
CST Brands,Q16959310,CST,convenience store,http://www.wikidata.org/entity/Q16959310
CSX Corporation,Q1024454,CSX,rail transport,http://www.wikidata.org/entity/Q1024454
CVR Partners,Q16834334,,,http://www.wikidata.org/entity/Q16834334
Cabot Corporation,Q750124,CBT,,http://www.wikidata.org/entity/Q750124
Cactus Inc.,Q111384774,WHD,,http://www.wikidata.org/entity/Q111384774
Cadence Bancorporation,Q114820617,CADE,,http://www.wikidata.org/entity/Q114820617
Cadence Bank,Q4854138,CADE,financial services,http://www.wikidata.org/entity/Q4854138
Caleres,Q4112833,CAL,retail,http://www.wikidata.org/entity/Q4112833
Calgon Carbon,Q5019738,CCC,,http://www.wikidata.org/entity/Q5019738
Caliber System,Q7339697,CBB,trucking industry,http://www.wikidata.org/entity/Q7339697
California Resources,Q47394052,CRC,petroleum industry,http://www.wikidata.org/entity/Q47394052
California Resources Corporation,Q60742531,CRC,petroleum industry,http://www.wikidata.org/entity/Q60742531
California Water Service Group,Q104845916,CWT,water supply,http://www.wikidata.org/entity/Q104845916
Calix,Q5021439,CALX,telecommunications,http://www.wikidata.org/entity/Q5021439
Callaway Golf Company,Q1027181,MODG,,http://www.wikidata.org/entity/Q1027181
Cambrex Corporation,Q5025239,,pharmaceutical industry,http://www.wikidata.org/entity/Q5025239
Camden Property Trust,Q5025803,CPT,real estate investment trust,http://www.wikidata.org/entity/Q5025803
Cameco,Q1028449,CCJ,mining,http://www.wikidata.org/entity/Q1028449
Cameron International,Q2934771,CAM,,http://www.wikidata.org/entity/Q2934771
Campbell's,Q1030544,CPB,food industry,http://www.wikidata.org/entity/Q1030544
Camping World,Q5028383,CWH,retail,http://www.wikidata.org/entity/Q5028383
Can Fite Biopharma,Q96482303,CANF,biopharmaceutical,http://www.wikidata.org/entity/Q96482303
Canadian National Railway,Q624798,CNI,rail freight transport,http://www.wikidata.org/entity/Q624798
Canadian Natural Resources,Q1032229,CNQ,,http://www.wikidata.org/entity/Q1032229
Canadian Oil Sands Limited,Q1032244,SU,,http://www.wikidata.org/entity/Q1032244
Canadian Pacific Kansas City,Q117706368,CP,logistics,http://www.wikidata.org/entity/Q117706368
CapitalSource,Q5035425,,bank,http://www.wikidata.org/entity/Q5035425
CareFusion,Q5038833,,health technology,http://www.wikidata.org/entity/Q5038833
Carlisle Companies,Q5041354,CSL,industrial manufacturing,http://www.wikidata.org/entity/Q5041354
Carnival Corporation & plc,Q1044059,CCL,,http://www.wikidata.org/entity/Q1044059
Carpenter Technology Corporation,Q5045738,CRS,iron and steel industry,http://www.wikidata.org/entity/Q5045738
Carrier Corporation,Q731912,CARR,"heating, ventilation, and air conditioning",http://www.wikidata.org/entity/Q731912
Carter's,Q5047083,CRI,,http://www.wikidata.org/entity/Q5047083
Casper,Q20539294,CSPR,bedding,http://www.wikidata.org/entity/Q20539294
Castlight Health,Q16967103,CSLT,,http://www.wikidata.org/entity/Q16967103
Castor Maritime,Q124040368,CTRM,,http://www.wikidata.org/entity/Q124040368
Cato Corporation,Q16956136,CATO,retail,http://www.wikidata.org/entity/Q16956136
Cava Group,Q85751038,CAVA,restaurant,http://www.wikidata.org/entity/Q85751038
Cedar Fair,Q657648,FUN,leisure park industry,http://www.wikidata.org/entity/Q657648
Cedar Realty Trust,Q5056859,,,http://www.wikidata.org/entity/Q5056859
Celadon Group,Q5057419,CGI,transport,http://www.wikidata.org/entity/Q5057419
Celanese Corporation,Q547450,CE,chemical industry,http://www.wikidata.org/entity/Q547450
Cellcom Israel Ltd.,Q2450722,CEL,telecommunications,http://www.wikidata.org/entity/Q2450722
Cementos Pacasmayo,Q5058678,CPAC,,http://www.wikidata.org/entity/Q5058678
Cemex,Q1053348,LR,construction materials industry,http://www.wikidata.org/entity/Q1053348
Cencora,Q470156,ABC,pharmaceutical industry,http://www.wikidata.org/entity/Q470156
Cencosud,Q1053372,,retail,http://www.wikidata.org/entity/Q1053372
Cenovus Energy,Q1053422,CVE,petroleum industry,http://www.wikidata.org/entity/Q1053422
CenterPoint Energy,Q1053560,CNP,electricity generation,http://www.wikidata.org/entity/Q1053560
Central Pacific Bank,Q5061578,CPF,,http://www.wikidata.org/entity/Q5061578
Centrus Energy,Q3893521,,,http://www.wikidata.org/entity/Q3893521
Cenveo,Q16956471,,,http://www.wikidata.org/entity/Q16956471
ChannelAdvisor,Q18205935,,e-commerce,http://www.wikidata.org/entity/Q18205935
ChargePoint,Q5176149,CHPT,charging station,http://www.wikidata.org/entity/Q5176149
Checkpoint Systems,Q5089169,CKP,,http://www.wikidata.org/entity/Q5089169
Cheetah Mobile,Q18111091,CMCM,mobile app,http://www.wikidata.org/entity/Q18111091
Chegg,Q5089544,CHGG,educational technology,http://www.wikidata.org/entity/Q5089544
Chemours,Q20630716,CC,chemical industry,http://www.wikidata.org/entity/Q20630716
Chemtura,Q5090664,CHMT,chemical industry,http://www.wikidata.org/entity/Q5090664
Chesapeake Utilities,Q5092882,CPK,,http://www.wikidata.org/entity/Q5092882
Chicago Bridge & Iron Company,Q5095516,CBI,,http://www.wikidata.org/entity/Q5095516
China Green Agriculture,Q5099702,,,http://www.wikidata.org/entity/Q5099702
China Life Insurance Company,Q1073306,LFC,insurance industry,http://www.wikidata.org/entity/Q1073306
China Nepstar,Q5099817,NPD,pharmaceutical industry,http://www.wikidata.org/entity/Q5099817
China Telecom,Q24834296,CHA,telecommunications,http://www.wikidata.org/entity/Q24834296
China Telecommunications Corporation,Q1073540,CHA,terrestrial television,http://www.wikidata.org/entity/Q1073540
China Yuchai International,Q16957733,CYD,automotive part,http://www.wikidata.org/entity/Q16957733
Chiquita Brands International,Q1074666,CQB,agribusiness,http://www.wikidata.org/entity/Q1074666
Choice Hotels,Q1075788,CHH,hospitality industry,http://www.wikidata.org/entity/Q1075788
Chord Energy Corporation,Q20486949,WLL,petroleum industry,http://www.wikidata.org/entity/Q20486949
Christopher & Banks,Q5111816,,retail,http://www.wikidata.org/entity/Q5111816
Chubb Corp.,Q1089060,CB,insurance,http://www.wikidata.org/entity/Q1089060
Chuck E. Cheese,Q2438391,CHKY,quick service restaurant sector,http://www.wikidata.org/entity/Q2438391
Chunghwa Telecom,Q717531,CHT,telecommunications,http://www.wikidata.org/entity/Q717531
Church & Dwight,Q5116536,CHD,,http://www.wikidata.org/entity/Q5116536
Ciena,Q1091783,CIEN,telecommunications,http://www.wikidata.org/entity/Q1091783
Cimarex Energy,Q16829606,XEC,petroleum industry,http://www.wikidata.org/entity/Q16829606
Cinemark,Q707530,CNK,,http://www.wikidata.org/entity/Q707530
Cision,Q931233,CISN,public relations,http://www.wikidata.org/entity/Q931233
City National Bank,Q5123314,CYN,,http://www.wikidata.org/entity/Q5123314
Civeo Corporation,Q17153461,CVEO,petroleum industry,http://www.wikidata.org/entity/Q17153461
Clarcor,Q16958713,CLC,gas turbine,http://www.wikidata.org/entity/Q16958713
Claritev,Q132544684,CTEV,,http://www.wikidata.org/entity/Q132544684
Clean Harbors,Q5130494,CLH,waste management,http://www.wikidata.org/entity/Q5130494
Clear Channel Outdoor,Q5130656,CCO,mass media,http://www.wikidata.org/entity/Q5130656
Clear Secure,Q25245477,YOU,,http://www.wikidata.org/entity/Q25245477
Clearwater Analytics,Q17509919,CWAN,financial services,http://www.wikidata.org/entity/Q17509919
Clearwater Paper,Q5130952,CLW,pulp and paper industry,http://www.wikidata.org/entity/Q5130952
Cleveland-Cliffs,Q5133094,CLF,iron and steel industry,http://www.wikidata.org/entity/Q5133094
Cloud Peak Energy,Q16988355,CLD,,http://www.wikidata.org/entity/Q16988355
Cloudera,Q2979728,CLDR,data analytics software industry,http://www.wikidata.org/entity/Q2979728
Coach,Q727697,COH,,http://www.wikidata.org/entity/Q727697
Cobalt International Energy,Q16829833,,petroleum industry,http://www.wikidata.org/entity/Q16829833
Coca-Cola Andina,Q3052066,ANDINA,beverage industry,http://www.wikidata.org/entity/Q3052066
Coca-Cola Enterprises,Q2981188,,beverage industry,http://www.wikidata.org/entity/Q2981188
Coca-Cola FEMSA,Q20714863,KOF,beverage industry,http://www.wikidata.org/entity/Q20714863
Coeur Mining,Q386193,CDE,mining,http://www.wikidata.org/entity/Q386193
Cohen & Steers,Q115056594,CNS,,http://www.wikidata.org/entity/Q115056594
Colfax Corporation,Q2579502,ENOV,health technology,http://www.wikidata.org/entity/Q2579502
Colonial Properties,Q5148361,CLP,real estate investment trust,http://www.wikidata.org/entity/Q5148361
CombiMatrix,Q5150796,NVTA,,http://www.wikidata.org/entity/Q5150796
Comerica,Q1114148,CMA,economics of banking,http://www.wikidata.org/entity/Q1114148
Comfort Systems USA,Q5151691,FIX,"heating, ventilation, and air conditioning",http://www.wikidata.org/entity/Q5151691
Commercial Metals Company,Q5152510,CMC,iron and steel industry,http://www.wikidata.org/entity/Q5152510
"Community Bank, N.A.",Q5154635,CBU,financial services,http://www.wikidata.org/entity/Q5154635
Community Health Systems,Q5154770,CYH,health care industry,http://www.wikidata.org/entity/Q5154770
Companhia Siderúrgica Nacional,Q400384,SID,iron and steel industry,http://www.wikidata.org/entity/Q400384
Compass Diversified,Q22674043,CODI,,http://www.wikidata.org/entity/Q22674043
Compass Inc.,Q48740858,COMP,,http://www.wikidata.org/entity/Q48740858
Compass Minerals,Q5156101,CMP,mining industry,http://www.wikidata.org/entity/Q5156101
Computer Sciences Corporation,Q1122329,CSC,IT service management,http://www.wikidata.org/entity/Q1122329
Con-way,Q1123366,CNW,transport,http://www.wikidata.org/entity/Q1123366
"Conagra Brands, Inc.",Q1123399,CAG,food industry,http://www.wikidata.org/entity/Q1123399
Concha y Toro,Q1123957,vco,,http://www.wikidata.org/entity/Q1123957
Conduent,Q28404490,,,http://www.wikidata.org/entity/Q28404490
"Connecticut Water Service, Inc.",Q60748073,CTWS,,http://www.wikidata.org/entity/Q60748073
Conseco,Q5162777,CNO,financial services,http://www.wikidata.org/entity/Q5162777
Consol Energy,Q945521,CEIX,mining of coal,http://www.wikidata.org/entity/Q945521
Consolidated Graphics,Q5163278,CGX,,http://www.wikidata.org/entity/Q5163278
Constellation Brands,Q1128160,STZ,alcohol industry,http://www.wikidata.org/entity/Q1128160
Constellium,Q2995071,CSTM,fund management,http://www.wikidata.org/entity/Q2995071
Continental Resources,Q5165314,CLR,petroleum industry,http://www.wikidata.org/entity/Q5165314
Contura Energy,Q96375437,AMR,,http://www.wikidata.org/entity/Q96375437
Convergys,Q1129426,CVG,customer relationship management,http://www.wikidata.org/entity/Q1129426
Cooper Tire & Rubber Company,Q1129847,CTB,industrial manufacturing,http://www.wikidata.org/entity/Q1129847
Cooper-Standard Automotive,Q5167736,CPS,,http://www.wikidata.org/entity/Q5167736
CooperVision,Q15030582,,,http://www.wikidata.org/entity/Q15030582
Copa Airlines,Q849404,CPA,,http://www.wikidata.org/entity/Q849404
Copa Holdings,Q5168189,CPA,,http://www.wikidata.org/entity/Q5168189
Core & Main,Q65066106,CNM,infrastructure industry,http://www.wikidata.org/entity/Q65066106
Core Laboratories,Q5170174,CLB,petroleum industry,http://www.wikidata.org/entity/Q5170174
CoreLogic,Q5170137,,financial services,http://www.wikidata.org/entity/Q5170137
CoreSite,Q5170140,,real estate investment trust,http://www.wikidata.org/entity/Q5170140
Corebridge Financial,Q115803672,CRBG,financial services,http://www.wikidata.org/entity/Q115803672
Corpay,Q16838618,FLT,,http://www.wikidata.org/entity/Q16838618
Corporacion America Airports,Q110360228,CAAP,,http://www.wikidata.org/entity/Q110360228
Corporate Office Properties Trust,Q5172422,CDP,real estate investment trust,http://www.wikidata.org/entity/Q5172422
Corteva,Q63197674,CTVA,Pesticide and Other Agricultural Chemical Manufacturing,http://www.wikidata.org/entity/Q63197674
Cosan,Q2998228,CZZ,manufacture of sugar,http://www.wikidata.org/entity/Q2998228
Costamare,Q1136433,CMRE,water transport,http://www.wikidata.org/entity/Q1136433
Coterra Energy,Q4035714,CTRA,petroleum industry,http://www.wikidata.org/entity/Q4035714
Coty,Q1104787,COTY,,http://www.wikidata.org/entity/Q1104787
Coupang,Q12620655,CPNG,e-commerce,http://www.wikidata.org/entity/Q12620655
Cousins Properties,Q5178840,CUZ,,http://www.wikidata.org/entity/Q5178840
Covanta,Q5178891,CVA,waste management,http://www.wikidata.org/entity/Q5178891
Coventry Health Care,Q1138073,CVH,health insurance,http://www.wikidata.org/entity/Q1138073
Covista,Q5244154,DV,education,http://www.wikidata.org/entity/Q5244154
Crane Co.,Q5182000,CR,mechanical engineering,http://www.wikidata.org/entity/Q5182000
Crawford & Company,Q5182813,,,http://www.wikidata.org/entity/Q5182813
Credicorp,Q126559,bap,insurance,http://www.wikidata.org/entity/Q126559
Crescent Point Energy,Q5184408,CPG,petroleum industry,http://www.wikidata.org/entity/Q5184408
Crown Castle International Corp.,Q5189320,CCI,telecommunications,http://www.wikidata.org/entity/Q5189320
Crown Holdings,Q5189378,CCK,product packaging industry,http://www.wikidata.org/entity/Q5189378
CryoLife,Q5190505,AORT,,http://www.wikidata.org/entity/Q5190505
CubeSmart,Q5192200,CUBE,self storage,http://www.wikidata.org/entity/Q5192200
Cummins,Q173476,CMI,manufacture of machinery and equipment,http://www.wikidata.org/entity/Q173476
Curtiss-Wright,Q1138291,CW,weapons industry,http://www.wikidata.org/entity/Q1138291
Cushman & Wakefield,Q1146061,CWK,real estate industry,http://www.wikidata.org/entity/Q1146061
Cvent,Q5197142,CVT,event management,http://www.wikidata.org/entity/Q5197142
Cytec Industries,Q5201300,CYT,composite material,http://www.wikidata.org/entity/Q5201300
D. R. Horton,Q5203782,DHI,construction,http://www.wikidata.org/entity/Q5203782
DAQO,Q16973267,DQ,photovoltaics,http://www.wikidata.org/entity/Q16973267
DCP Midstream Partners,Q28404585,DCP,petroleum industry,http://www.wikidata.org/entity/Q28404585
DDR Corp.,Q1206686,DDR,real estate investment trust,http://www.wikidata.org/entity/Q1206686
DEX One,Q5204878,,,http://www.wikidata.org/entity/Q5204878
DRDGOLD Limited,Q12063032,DRD,,http://www.wikidata.org/entity/Q12063032
DST Systems,Q5206198,DST,corporate services,http://www.wikidata.org/entity/Q5206198
DTE Energy,Q5206232,DTE,energy industry,http://www.wikidata.org/entity/Q5206232
DXC Technology,Q28782856,DXC,quaternary sector of the economy,http://www.wikidata.org/entity/Q28782856
DaVita,Q5207184,DVA,health care industry,http://www.wikidata.org/entity/Q5207184
DaVita Medical Group,Q48988040,DVA,managed care,http://www.wikidata.org/entity/Q48988040
DallasNews Corporation,Q2483225,AHC,,http://www.wikidata.org/entity/Q2483225
Dana Corporation,Q5214701,DAN,automotive industry,http://www.wikidata.org/entity/Q5214701
Danaos Corporation,Q15606898,,,http://www.wikidata.org/entity/Q15606898
Dangdang,Q5215970,DANG,retail,http://www.wikidata.org/entity/Q5215970
"Dayforce, Inc.",Q5064245,DAY,,http://www.wikidata.org/entity/Q5064245
Dean Foods,Q645072,DF,food industry,http://www.wikidata.org/entity/Q645072
Delek US,Q104664954,DK,petroleum industry,http://www.wikidata.org/entity/Q104664954
Delhi Cloth Mills,Q5253739,,,http://www.wikidata.org/entity/Q5253739
Dell EMC,Q877536,EMC,electronics,http://www.wikidata.org/entity/Q877536
Delphi Technologies,Q48971221,DLPH,Computer Programming Services,http://www.wikidata.org/entity/Q48971221
Deluxe Corporation,Q5254919,DLX,corporate services,http://www.wikidata.org/entity/Q5254919
Denbury Resources,Q2119898,DNR,petroleum industry,http://www.wikidata.org/entity/Q2119898
Designer Brands,Q5206207,DSW,retail,http://www.wikidata.org/entity/Q5206207
Desktop Metal,Q48800016,DM,industrial manufacturing,http://www.wikidata.org/entity/Q48800016
Despegar,Q6216567,DESP,tourism industry,http://www.wikidata.org/entity/Q6216567
Devon Energy,Q1206980,DVN,petroleum industry,http://www.wikidata.org/entity/Q1206980
DiDi Global,Q113153195,DIDI,transport industry,http://www.wikidata.org/entity/Q113153195
Diamond Offshore Drilling,Q5270883,DO,petroleum industry,http://www.wikidata.org/entity/Q5270883
Diamond Resorts,Q5270905,,timeshare,http://www.wikidata.org/entity/Q5270905
Dick's Sporting Goods,Q5272601,DKS,retail,http://www.wikidata.org/entity/Q5272601
Diebold Nixdorf,Q1220078,DBD,,http://www.wikidata.org/entity/Q1220078
Digital Realty Trust,Q5275969,DLR,real estate investment trust,http://www.wikidata.org/entity/Q5275969
DigitalBridge,Q1111020,DBRG,asset management,http://www.wikidata.org/entity/Q1111020
DigitalGlobe,Q1224697,DGI,geospatial industry,http://www.wikidata.org/entity/Q1224697
Dillard's,Q844805,DDS,retail,http://www.wikidata.org/entity/Q844805
Dine Brands Global,Q5278020,DIN,restaurant industry,http://www.wikidata.org/entity/Q5278020
Diplomat Pharmacy,Q25004808,DPLO,pharmaceutical industry,http://www.wikidata.org/entity/Q25004808
Dolby,Q261288,DLB,audio signal processing,http://www.wikidata.org/entity/Q261288
Dollar Thrifty Automotive Group,Q1235669,DTG,tourism industry,http://www.wikidata.org/entity/Q1235669
Dominion Energy,Q677464,D,energy industry,http://www.wikidata.org/entity/Q677464
Domtar,Q1238739,UFS,pulp and paper industry,http://www.wikidata.org/entity/Q1238739
Donaldson Company,Q5295362,DCI,membrane,http://www.wikidata.org/entity/Q5295362
Donnelley Financial Solutions,Q65086808,DFIN,,http://www.wikidata.org/entity/Q65086808
Doral Financial Corporation,Q5297502,,bank,http://www.wikidata.org/entity/Q5297502
Dover Downs,Q5302482,,,http://www.wikidata.org/entity/Q5302482
Dover Motorsports Incorporated,Q5302508,DVD,,http://www.wikidata.org/entity/Q5302508
Dow Chemical Company,Q855639,DOW,chemical industry,http://www.wikidata.org/entity/Q855639
Dow Jones Composite Average,Q696830,,,http://www.wikidata.org/entity/Q696830
Dow Jones Industrial Average,Q180816,DJI,,http://www.wikidata.org/entity/Q180816
Dow Jones Transportation Average,Q688712,,,http://www.wikidata.org/entity/Q688712
Dow Jones Utility Average,Q688556,,,http://www.wikidata.org/entity/Q688556
DowDuPont,Q38589917,DWDP,chemical industry,http://www.wikidata.org/entity/Q38589917
Doximity,Q5303699,DOCS,online service provider,http://www.wikidata.org/entity/Q5303699
Dr. Reddy's Laboratories,Q908961,RDY,pharmaceutical industry,http://www.wikidata.org/entity/Q908961
Dresser-Rand Group,Q5307081,,industrial manufacturing,http://www.wikidata.org/entity/Q5307081
DuPont Fabros Technology Inc.,Q23680028,,real estate investment trust,http://www.wikidata.org/entity/Q23680028
Ducommun,Q5311573,DCO,,http://www.wikidata.org/entity/Q5311573
Duff & Phelps,Q5312314,,financial services,http://www.wikidata.org/entity/Q5312314
Duke Realty,Q48742298,DRE,,http://www.wikidata.org/entity/Q48742298
Dun & Bradstreet,Q1265181,DNB,,http://www.wikidata.org/entity/Q1265181
Duoyuan Global Water,Q5315909,,,http://www.wikidata.org/entity/Q5315909
Dutch Bros. Coffee,Q5317253,BROS,retail,http://www.wikidata.org/entity/Q5317253
Dynatrace,Q25048844,DT,application performance management,http://www.wikidata.org/entity/Q25048844
Dynegy,Q1269170,DYN,energy industry,http://www.wikidata.org/entity/Q1269170
E. W. Scripps Company,Q283457,SSP,broadcast television system,http://www.wikidata.org/entity/Q283457
ELMS,Q108895028,ELMS,,http://www.wikidata.org/entity/Q108895028
EOG Resources,Q1275577,EOG,petroleum industry,http://www.wikidata.org/entity/Q1275577
EPAM Systems,Q1275613,EPAM,outsourcing,http://www.wikidata.org/entity/Q1275613
EPR Properties,Q48977470,EPR,,http://www.wikidata.org/entity/Q48977470
EQT,Q5323987,EQT,petroleum industry,http://www.wikidata.org/entity/Q5323987
ESAB,Q2494842,ESAB,,http://www.wikidata.org/entity/Q2494842
Eagle Bulk Shipping Inc.,Q124724103,EGLE,transport industry,http://www.wikidata.org/entity/Q124724103
Eagle Materials,Q16249409,EXP,,http://www.wikidata.org/entity/Q16249409
Eaton Partners,Q18150216,,,http://www.wikidata.org/entity/Q18150216
Eaton Vance,Q5331380,EV,financial services,http://www.wikidata.org/entity/Q5331380
Ecopetrol,Q1282130,EC,petroleum industry,http://www.wikidata.org/entity/Q1282130
Edenor S.A.,Q2843192,EDN,public utility,http://www.wikidata.org/entity/Q2843192
Edgewell Personal Care,Q5337641,EPC,hygiene,http://www.wikidata.org/entity/Q5337641
Edwards Lifesciences,Q16966841,EW,medical device,http://www.wikidata.org/entity/Q16966841
El Paso Electric,Q5351770,EE,electricity supply company,http://www.wikidata.org/entity/Q5351770
Elanco,Q30280160,ELAN,pharmaceutical industry,http://www.wikidata.org/entity/Q30280160
Elastic,Q22074922,ESTC,software industry,http://www.wikidata.org/entity/Q22074922
Eldorado Gold,Q1232862,EGO,mining,http://www.wikidata.org/entity/Q1232862
Element Solutions,Q18228597,ESI,chemical industry,http://www.wikidata.org/entity/Q18228597
Eli Lilly and Company,Q632240,LLY,pharmaceutical industry,http://www.wikidata.org/entity/Q632240
Ellie Mae,Q16974631,,software industry,http://www.wikidata.org/entity/Q16974631
Ellomay Capital Ltd,Q96481629,ELLO,environmental technology,http://www.wikidata.org/entity/Q96481629
Emeritus Assisted Living,Q5370829,ESC,Senior living,http://www.wikidata.org/entity/Q5370829
Emerson Electric,Q1335585,EMR,electrical industry,http://www.wikidata.org/entity/Q1335585
Empire District Electric Company,Q5374070,,,http://www.wikidata.org/entity/Q5374070
Empire State Realty Trust,Q27146006,ESRT,,http://www.wikidata.org/entity/Q27146006
Employers Holdings Inc,Q124724566,EIG,,http://www.wikidata.org/entity/Q124724566
Empresas ICA,Q590897,ICA,construction,http://www.wikidata.org/entity/Q590897
Emulex,Q5374879,ELX,,http://www.wikidata.org/entity/Q5374879
Enbridge,Q1339966,ENB,petroleum industry,http://www.wikidata.org/entity/Q1339966
Encana,Q688687,ECA,petroleum industry,http://www.wikidata.org/entity/Q688687
Encompass Health,Q5690400,EHC,health care,http://www.wikidata.org/entity/Q5690400
Enel Américas,Q918206,ENI,utility,http://www.wikidata.org/entity/Q918206
Enel Generación Chile,Q3053992,EOC,public utility,http://www.wikidata.org/entity/Q3053992
EnerSys,Q1341588,ENS,,http://www.wikidata.org/entity/Q1341588
Energen,Q5376825,EGN,petroleum industry,http://www.wikidata.org/entity/Q5376825
"Energizer Holdings, Inc.",Q1200840,ENR,,http://www.wikidata.org/entity/Q1200840
Energy Transfer,Q5377000,ETP,petroleum industry,http://www.wikidata.org/entity/Q5377000
Energy Transfer Equity,Q5376999,ET,energy industry,http://www.wikidata.org/entity/Q5376999
Energy Vault,Q57060073,NRGV,grid energy storage,http://www.wikidata.org/entity/Q57060073
EnergySolutions,Q5376884,,,http://www.wikidata.org/entity/Q5376884
Enerplus,Q1341590,ERF,,http://www.wikidata.org/entity/Q1341590
Eneti,Q106900660,NETI,,http://www.wikidata.org/entity/Q106900660
Eni,Q565594,E,petroleum industry,http://www.wikidata.org/entity/Q565594
Enpro Industries,Q16013760,NPO,industrial manufacturing,http://www.wikidata.org/entity/Q16013760
Enron,Q327646,ENE,energy industry,http://www.wikidata.org/entity/Q327646
Entergy,Q1344587,ETR,energy company,http://www.wikidata.org/entity/Q1344587
Entergy Texas,Q5617531,EZT,,http://www.wikidata.org/entity/Q5617531
Enterprise Products,Q5380346,EPD,petroleum industry,http://www.wikidata.org/entity/Q5380346
Entravision Communications,Q5380687,EVC,mass media,http://www.wikidata.org/entity/Q5380687
Envestnet,Q24915031,ENV,financial services,http://www.wikidata.org/entity/Q24915031
Enviri,Q1586955,HSC,engineering,http://www.wikidata.org/entity/Q1586955
Envista Holdings Corporation,Q106295182,NVST,,http://www.wikidata.org/entity/Q106295182
Enviva,Q60769878,EVA,wood economy,http://www.wikidata.org/entity/Q60769878
Equinor ASA,Q1776022,EQNR,petroleum industry,http://www.wikidata.org/entity/Q1776022
Equitable Holdings,Q4655171,EQH,life insurance,http://www.wikidata.org/entity/Q4655171
Equitrans Midstream,Q111948614,ETRN,petroleum industry,http://www.wikidata.org/entity/Q111948614
Equity One,Q5384681,,real estate investment trust,http://www.wikidata.org/entity/Q5384681
Equity Residential,Q187740,EQR,real estate industry,http://www.wikidata.org/entity/Q187740
Eros International,Q5395348,,entertainment,http://www.wikidata.org/entity/Q5395348
ErosSTX,Q28172340,EMWP,mass media,http://www.wikidata.org/entity/Q28172340
Essential Utilities,Q2894362,WTRG,,http://www.wikidata.org/entity/Q2894362
"Essex Property Trust, Inc.",Q27964091,ESS,real estate investment trust,http://www.wikidata.org/entity/Q27964091
Esterline,Q18148411,ESL,aerospace industry,http://www.wikidata.org/entity/Q18148411
Ethan Allen,Q5402870,ETD,furniture,http://www.wikidata.org/entity/Q5402870
Ethyl Corporation,Q2112884,,chemical industry,http://www.wikidata.org/entity/Q2112884
Eve Air Mobility,Q110723009,EVEX,aerospace industry,http://www.wikidata.org/entity/Q110723009
Eventbrite,Q5416738,EB,,http://www.wikidata.org/entity/Q5416738
EverBank,Q5416802,,financial services,http://www.wikidata.org/entity/Q5416802
Evercore Partners,Q5416929,EVR,financial services,http://www.wikidata.org/entity/Q5416929
Everest Re,Q1381973,RE,financial services,http://www.wikidata.org/entity/Q1381973
Evergy,Q7987107,EVRG,electricity supply company,http://www.wikidata.org/entity/Q7987107
Everi Holdings,Q20979249,EVRI,financial services,http://www.wikidata.org/entity/Q20979249
Eversource Energy,Q3344199,ES,public utility,http://www.wikidata.org/entity/Q3344199
Evogene Ltd,Q6981538,EVGN,biotechnology,http://www.wikidata.org/entity/Q6981538
Exar Corporation,Q30632958,EXAR,electronics,http://www.wikidata.org/entity/Q30632958
Excel Maritime,Q5419403,EXM,freight transport,http://www.wikidata.org/entity/Q5419403
Exelis Inc.,Q15302718,,weapons industry,http://www.wikidata.org/entity/Q15302718
Expand Energy,Q2962826,CHK,petroleum industry,http://www.wikidata.org/entity/Q2962826
Express,Q1384784,EXPR,fashion retail industry,http://www.wikidata.org/entity/Q1384784
Exterran Holdings,Q16974697,EXTN,,http://www.wikidata.org/entity/Q16974697
FBL Financial Group,Q5424650,FFG,life insurance,http://www.wikidata.org/entity/Q5424650
FEMSA,Q1435628,FMX,brewing industry,http://www.wikidata.org/entity/Q1435628
FICO,Q1392999,FICO,data analysis,http://www.wikidata.org/entity/Q1392999
FIGS,Q55611365,FIGS,,http://www.wikidata.org/entity/Q55611365
FLY Leasing,Q5426582,FLY,financial services,http://www.wikidata.org/entity/Q5426582
FMC Corporation,Q899183,FMC,chemical industry,http://www.wikidata.org/entity/Q899183
FMC Technologies,Q1164386,FTI,list of oilfield service companies,http://www.wikidata.org/entity/Q1164386
FNB Corporation,Q5426765,FNB,financial services,http://www.wikidata.org/entity/Q5426765
FTI Consulting,Q5427196,FCN,professional services industry,http://www.wikidata.org/entity/Q5427196
FactSet,Q1885491,FDS,software industry,http://www.wikidata.org/entity/Q1885491
Family Dollar,Q5433101,FDO,retail,http://www.wikidata.org/entity/Q5433101
Farfetch,Q18712957,FTCH,e-commerce,http://www.wikidata.org/entity/Q18712957
Federal Agricultural Mortgage Corporation,Q5439999,AGM,,http://www.wikidata.org/entity/Q5439999
Federal Realty Investment Trust,Q27988152,FRT,real estate investment trust,http://www.wikidata.org/entity/Q27988152
Federal Signal Corporation,Q1400073,FSS,automotive supplier,http://www.wikidata.org/entity/Q1400073
Federated Hermes,Q5440684,FHI,investment management,http://www.wikidata.org/entity/Q5440684
Ferrari,Q22243729,RACE,automotive industry,http://www.wikidata.org/entity/Q22243729
Ferrellgas,Q5445299,FGP,,http://www.wikidata.org/entity/Q5445299
Ferro Corporation,Q5445393,FOE,chemical industry,http://www.wikidata.org/entity/Q5445393
Fiat Chrysler Automobiles,Q15678788,FCAU,automotive industry,http://www.wikidata.org/entity/Q15678788
Fibria,Q1410766,fbr,pulp and paper industry,http://www.wikidata.org/entity/Q1410766
Fidelity & Guaranty Life,Q5446775,FGL,financial services,http://www.wikidata.org/entity/Q5446775
Fidelity National Financial,Q5446791,FNF,,http://www.wikidata.org/entity/Q5446791
Figma Inc,Q138548226,FIG,software industry,http://www.wikidata.org/entity/Q138548226
First American Corporation,Q5452290,,financial services,http://www.wikidata.org/entity/Q5452290
First BanCorp,Q5452333,FBP,bank,http://www.wikidata.org/entity/Q5452333
First Commonwealth Bank,Q5452773,FCF,bank,http://www.wikidata.org/entity/Q5452773
First Horizon Bank,Q5453875,FHN,financial services,http://www.wikidata.org/entity/Q5453875
First Horizon National Corporation,Q1419446,FHN,financial services,http://www.wikidata.org/entity/Q1419446
First Majestic Silver,Q5453243,AG,mining,http://www.wikidata.org/entity/Q5453243
First Republic Bank,Q5453752,FRC,financial services,http://www.wikidata.org/entity/Q5453752
FirstCash,Q5048636,FCFS,retail,http://www.wikidata.org/entity/Q5048636
FirstEnergy,Q1419248,FE,electricity supply company,http://www.wikidata.org/entity/Q1419248
Fiserv,Q1420513,FI,financial services,http://www.wikidata.org/entity/Q1420513
Flagstar Bancorp,Q133806332,FBC,,http://www.wikidata.org/entity/Q133806332
Flagstar Financial,Q6517792,NYCB,commercial bank,http://www.wikidata.org/entity/Q6517792
Fleetmatics,Q20642307,FLTX,software industry,http://www.wikidata.org/entity/Q20642307
Floor & Decor,Q56280964,FND,retail,http://www.wikidata.org/entity/Q56280964
Flowers Foods,Q5462295,FLO,,http://www.wikidata.org/entity/Q5462295
Flowserve,Q1430331,FLS,,http://www.wikidata.org/entity/Q1430331
Flutter Entertainment,Q23022611,FLUT,bookmaker,http://www.wikidata.org/entity/Q23022611
Foot Locker,Q63335,FL,retail,http://www.wikidata.org/entity/Q63335
Forest City Realty Trust,Q5468821,FCE.B,real estate investment trust,http://www.wikidata.org/entity/Q5468821
Forestar Group,Q5469210,FOR,,http://www.wikidata.org/entity/Q5469210
ForgeRock,Q18150963,FORG,enterprise software,http://www.wikidata.org/entity/Q18150963
Fortive,Q27919383,FTV,,http://www.wikidata.org/entity/Q27919383
Fortune Brands Home & Security,Q5472859,FBHS,,http://www.wikidata.org/entity/Q5472859
Forum Energy Technologies,Q20708639,FET,list of oilfield service companies,http://www.wikidata.org/entity/Q20708639
Foundation Coal,Q5474321,ANR,mining,http://www.wikidata.org/entity/Q5474321
Fox Entertainment Group,Q925249,FOX,film industry,http://www.wikidata.org/entity/Q925249
France Télécom,Q912413,FTE,telecommunications,http://www.wikidata.org/entity/Q912413
Franco-Nevada,Q5484477,FNV,,http://www.wikidata.org/entity/Q5484477
Franklin Templeton Investments,Q744683,BEN,financial services,http://www.wikidata.org/entity/Q744683
FranklinCovey,Q5491211,FC,,http://www.wikidata.org/entity/Q5491211
Freeport-McMoRan,Q1453620,FCX,mining,http://www.wikidata.org/entity/Q1453620
Fresenius Medical Care,Q650259,FMS,health care,http://www.wikidata.org/entity/Q650259
Fresh Del Monte Produce,Q3211367,FDP,agriculture,http://www.wikidata.org/entity/Q3211367
Freyr Battery,Q120761341,FREY,battery industry,http://www.wikidata.org/entity/Q120761341
Frontenac Company,Q5505929,,,http://www.wikidata.org/entity/Q5505929
Frontier Oil,Q5506029,FTO,petroleum industry,http://www.wikidata.org/entity/Q5506029
Frontline,Q529157,FRO,shipping,http://www.wikidata.org/entity/Q529157
Frost Bank,Q5506152,CFR,financial services,http://www.wikidata.org/entity/Q5506152
Fubo,Q28408034,FUBO,subscription television,http://www.wikidata.org/entity/Q28408034
FutureFuel,Q15917534,FF,,http://www.wikidata.org/entity/Q15917534
GAIN Capital,Q5517210,GCAP,financial services,http://www.wikidata.org/entity/Q5517210
GAMCO Investors,Q5512854,GBL,financial services,http://www.wikidata.org/entity/Q5512854
GEROVA Financial Group,Q5513200,,,http://www.wikidata.org/entity/Q5513200
GFI Brokers,Q1328736,GFIG,financial services,http://www.wikidata.org/entity/Q1328736
GPA,Q1541470,CBD,retail,http://www.wikidata.org/entity/Q1541470
GSK,Q212322,GSK,biotechnology,http://www.wikidata.org/entity/Q212322
GSX Techedu,Q98704372,GSX,,http://www.wikidata.org/entity/Q98704372
"GXO, Inc.",Q116550003,GXO,logistics,http://www.wikidata.org/entity/Q116550003
Gafisa,Q3064078,GFA,,http://www.wikidata.org/entity/Q3064078
GameStop,Q202210,GME,retail,http://www.wikidata.org/entity/Q202210
Gardner Denver,Q1494132,,mechanical engineering,http://www.wikidata.org/entity/Q1494132
Garmin Group,Q658789,GRMN,software industry,http://www.wikidata.org/entity/Q658789
Garmin Ltd.,Q30338591,GRMN,,http://www.wikidata.org/entity/Q30338591
Gartner,Q174198,IT,market research,http://www.wikidata.org/entity/Q174198
Gates Corporation,Q5527100,GTES,automotive supplier,http://www.wikidata.org/entity/Q5527100
Gaylord Hotels,Q3099664,,hospitality industry,http://www.wikidata.org/entity/Q3099664
GenOn Energy,Q5530848,GEN,electricity supply company,http://www.wikidata.org/entity/Q5530848
Generac Holdings Inc.,Q5531627,GNRC,industrial manufacturing,http://www.wikidata.org/entity/Q5531627
General American Investors Company,Q5531683,,,http://www.wikidata.org/entity/Q5531683
General American Transportation Corporation,Q940421,GATX,railways rolling stock leasing,http://www.wikidata.org/entity/Q940421
General Cable,Q6662684,,manufacture of other electronic and electric wires and cables,http://www.wikidata.org/entity/Q6662684
Genesco,Q5532704,GCO,,http://www.wikidata.org/entity/Q5532704
Genesee & Wyoming,Q1230295,GWR,,http://www.wikidata.org/entity/Q1230295
Genesis HealthCare,Q5532813,,health care,http://www.wikidata.org/entity/Q5532813
Genie Energy,Q5533183,GNE,petroleum industry,http://www.wikidata.org/entity/Q5533183
Genpact,Q1007000,G,professional service,http://www.wikidata.org/entity/Q1007000
Genuine Parts Company,Q5533818,GPC,,http://www.wikidata.org/entity/Q5533818
Genworth Financial,Q1502712,GNW,financial services,http://www.wikidata.org/entity/Q1502712
Georgia Power,Q5547666,GAR,public utility,http://www.wikidata.org/entity/Q5547666
Gerdau,Q1511043,GGB,metal industry,http://www.wikidata.org/entity/Q1511043
Getty Images,Q1520122,GETY,publishing,http://www.wikidata.org/entity/Q1520122
Giant Interactive,Q16078481,,video game industry,http://www.wikidata.org/entity/Q16078481
Gildan Activewear,Q1524197,GIL,textile industry,http://www.wikidata.org/entity/Q1524197
GlassBridge Enterprises,Q285931,GLAE,investment,http://www.wikidata.org/entity/Q285931
Glatfelter,Q726654,GLT,pulp and paper industry,http://www.wikidata.org/entity/Q726654
Glimcher Realty Trust,Q5569625,GRT,real estate investment trust,http://www.wikidata.org/entity/Q5569625
Global Industrial Company,Q7663801,GIC,,http://www.wikidata.org/entity/Q7663801
Global Partners,Q5570537,,petroleum industry,http://www.wikidata.org/entity/Q5570537
Global Ship Lease,Q117392567,GSL,,http://www.wikidata.org/entity/Q117392567
Globant,Q5570946,GLOB,software development,http://www.wikidata.org/entity/Q5570946
Globe Life,Q7825574,GL,life insurance,http://www.wikidata.org/entity/Q7825574
Globus Medical,Q18344949,GMED,health technology,http://www.wikidata.org/entity/Q18344949
Gold Fields,Q1534597,GFI,gold mining,http://www.wikidata.org/entity/Q1534597
Gorman-Rupp Company,Q5586622,GRC,,http://www.wikidata.org/entity/Q5586622
Graco,Q5591659,GGG,,http://www.wikidata.org/entity/Q5591659
GrafTech,Q5592433,EAF,petrochemical industry,http://www.wikidata.org/entity/Q5592433
Graham Holdings Company,Q3121014,GHC,conglomerate,http://www.wikidata.org/entity/Q3121014
Granite Construction,Q5595849,GVA,construction,http://www.wikidata.org/entity/Q5595849
Granite Real Estate,Q1884246,,,http://www.wikidata.org/entity/Q1884246
Grant Prideco,Q16874768,GRP,oilfield service company,http://www.wikidata.org/entity/Q16874768
Graphic Packaging,Q5597139,GPK,,http://www.wikidata.org/entity/Q5597139
Great Plains Energy,Q5599779,GXP,electricity supply company,http://www.wikidata.org/entity/Q5599779
Green Dot Corporation,Q16975278,GDOT,financial services,http://www.wikidata.org/entity/Q16975278
Greenhill & Co.,Q18619272,GHL,investment bank,http://www.wikidata.org/entity/Q18619272
"Greif, Inc.",Q20486914,GEF,product packaging industry,http://www.wikidata.org/entity/Q20486914
Griffon Corporation,Q16840288,GFF,conglomerate,http://www.wikidata.org/entity/Q16840288
Grindr,Q2302402,GRND,Internet dating industry,http://www.wikidata.org/entity/Q2302402
Group 1 Automotive,Q5611081,GPI,car dealership,http://www.wikidata.org/entity/Q5611081
Gruma,Q545402,,food processing,http://www.wikidata.org/entity/Q545402
Grupo Aeroportuario del Pacífico,Q5612177,PAC,aviation,http://www.wikidata.org/entity/Q5612177
Grupo Aeroportuario del Sureste,Q1407601,ASR,aviation,http://www.wikidata.org/entity/Q1407601
Grupo Televisa,Q47099,TV,mass media,http://www.wikidata.org/entity/Q47099
Guangshen Railway,Q837982,GSH,,http://www.wikidata.org/entity/Q837982
Guidewire Software,Q5615528,GWRE,,http://www.wikidata.org/entity/Q5615528
Gulf Power Company,Q5617509,,public utility,http://www.wikidata.org/entity/Q5617509
"GulfMark Offshore, Inc",Q124724948,GLF,,http://www.wikidata.org/entity/Q124724948
H&R Block,Q5627799,HRB,,http://www.wikidata.org/entity/Q5627799
H.B. Fuller,Q20486915,FUL,chemical industry,http://www.wikidata.org/entity/Q20486915
HDFC Bank,Q631047,HDB,financial services,http://www.wikidata.org/entity/Q631047
HEICO,Q5629432,HEI,,http://www.wikidata.org/entity/Q5629432
HF Sinclair,Q5881864,HFC,petroleum industry,http://www.wikidata.org/entity/Q5881864
HNI Corporation,Q5635303,HNI,industrial manufacturing,http://www.wikidata.org/entity/Q5635303
HP Inc.,Q21404084,HPQ,software industry,http://www.wikidata.org/entity/Q21404084
HRG Group,Q147224,HRG,,http://www.wikidata.org/entity/Q147224
HSBC USA,Q17025895,HBAPRD,,http://www.wikidata.org/entity/Q17025895
Haemonetics,Q16980281,HAE,biomedical engineering,http://www.wikidata.org/entity/Q16980281
Hagerty Insurance Agency,Q16994702,HGTY,insurance,http://www.wikidata.org/entity/Q16994702
Hamilton Beach Brands,Q5644848,HBB,,http://www.wikidata.org/entity/Q5644848
Hanesbrands,Q5647768,HBI,,http://www.wikidata.org/entity/Q5647768
Hanover Insurance,Q5649395,THG,insurance,http://www.wikidata.org/entity/Q5649395
Harman International Industries,Q1585599,,electronics,http://www.wikidata.org/entity/Q1585599
Harmony Gold,Q1507228,HMY,,http://www.wikidata.org/entity/Q1507228
Harte Hanks,Q5674337,HHS,marketing,http://www.wikidata.org/entity/Q5674337
Hatteras Financial Corp,Q17110569,HTS,real estate investment trust,http://www.wikidata.org/entity/Q17110569
Havertys,Q5683881,HVT,,http://www.wikidata.org/entity/Q5683881
Hawaiian Electric Industries,Q5684524,HE,,http://www.wikidata.org/entity/Q5684524
Head & Shoulders,Q555900,,,http://www.wikidata.org/entity/Q555900
Headwaters Incorporated,Q5690101,HW,,http://www.wikidata.org/entity/Q5690101
Health Management Associates,Q5690594,,,http://www.wikidata.org/entity/Q5690594
Health Net,Q3129010,HNT,managed care,http://www.wikidata.org/entity/Q3129010
Healthpeak Properties,Q16975567,DOC,real estate investment trust,http://www.wikidata.org/entity/Q16975567
Heartland Payment Systems,Q5692871,HPY,,http://www.wikidata.org/entity/Q5692871
Hecla Mining,Q5696498,HL,mining,http://www.wikidata.org/entity/Q5696498
Helix Energy Solutions Group,Q5706267,hlx,petroleum industry,http://www.wikidata.org/entity/Q5706267
Helmerich & Payne,Q19604418,HP,,http://www.wikidata.org/entity/Q19604418
Herbalife,Q572948,HLF,food industry,http://www.wikidata.org/entity/Q572948
Herc Holdings Inc.,Q107623842,HRI,,http://www.wikidata.org/entity/Q107623842
Hersha Hospitality Trust,Q16975645,HT,real estate investment trust,http://www.wikidata.org/entity/Q16975645
Hertz Car Sales,Q18349283,HTZ,car dealership,http://www.wikidata.org/entity/Q18349283
Hertz Global Holdings,Q95205133,HTZ,tourism industry,http://www.wikidata.org/entity/Q95205133
Hess Corporation,Q1615684,HES,petroleum industry,http://www.wikidata.org/entity/Q1615684
Hewlett Packard Enterprise,Q19923099,HPE,software industry,http://www.wikidata.org/entity/Q19923099
Hewlett-Packard,Q80978,HWP,software industry,http://www.wikidata.org/entity/Q80978
Hexcel,Q5748967,HXL,,http://www.wikidata.org/entity/Q5748967
Hhgregg,Q5750102,HGG,retail,http://www.wikidata.org/entity/Q5750102
High Voltage Engineering Corporation,Q136959566,HVE,,http://www.wikidata.org/entity/Q136959566
Hill International,Q5762186,HIL,professional service,http://www.wikidata.org/entity/Q5762186
HillRom,Q5761967,HRC,,http://www.wikidata.org/entity/Q5761967
"Hillenbrand, Inc.",Q5763038,HI,,http://www.wikidata.org/entity/Q5763038
Hilton Grand Vacations,Q13636126,HGV,timeshare,http://www.wikidata.org/entity/Q13636126
Hilton Worldwide,Q1057464,HLT,hospitality industry,http://www.wikidata.org/entity/Q1057464
Hims & Hers Health,Q64363662,HIMS,online pharmacy,http://www.wikidata.org/entity/Q64363662
HireRight,Q7236674,HRT,,http://www.wikidata.org/entity/Q7236674
Holliday Fenoglio Fowler,Q5881333,HF,,http://www.wikidata.org/entity/Q5881333
Home BancShares,Q28402394,HOMB,financial services,http://www.wikidata.org/entity/Q28402394
Home Properties,Q5888639,,,http://www.wikidata.org/entity/Q5888639
"Honeywell International, Inc.",Q898208,HON,chemical industry,http://www.wikidata.org/entity/Q898208
Hormel,Q1454852,HRL,food processing,http://www.wikidata.org/entity/Q1454852
Hornbeck Offshore Services,Q16980395,HOS,,http://www.wikidata.org/entity/Q16980395
Hospira,Q1470525,HSP,pharmaceutical industry,http://www.wikidata.org/entity/Q1470525
Houlihan Lokey,Q1410137,HLI,financial services,http://www.wikidata.org/entity/Q1410137
Huami Corporation,Q56421559,HMI,industrial manufacturing,http://www.wikidata.org/entity/Q56421559
Huaneng Power International,Q1507642,HNP,electric power industry,http://www.wikidata.org/entity/Q1507642
Hubbell Incorporated,Q21036456,HUBB,electronics industry,http://www.wikidata.org/entity/Q21036456
HudBay Minerals,Q5928181,HBM,,http://www.wikidata.org/entity/Q5928181
Hudson Pacific Properties,Q55614037,HPP,,http://www.wikidata.org/entity/Q55614037
Humana,Q910866,HUM,insurance industry,http://www.wikidata.org/entity/Q910866
Huntsman Corporation,Q851361,HUN,chemical industry,http://www.wikidata.org/entity/Q851361
Hyatt Hotels Corporation,Q1425063,H,hospitality industry,http://www.wikidata.org/entity/Q1425063
Hyster-Yale Materials Handling,Q19876423,HY,,http://www.wikidata.org/entity/Q19876423
ICICI Bank,Q1653258,IBN,economics of banking,http://www.wikidata.org/entity/Q1653258
IDEX Corporation,Q5970002,IEX,industrial manufacturing,http://www.wikidata.org/entity/Q5970002
IDT Corporation,Q1925384,IDT,telecommunications,http://www.wikidata.org/entity/Q1925384
IHG Hotels & Resorts,Q1424962,IHG,hotel industry,http://www.wikidata.org/entity/Q1424962
IHS Inc.,Q1662481,INFO,Information Services,http://www.wikidata.org/entity/Q1662481
ION Geophysical,Q5972866,IO,petroleum,http://www.wikidata.org/entity/Q5972866
IONQ,Q47462183,IONQ,quantum computing industry,http://www.wikidata.org/entity/Q47462183
"IQVIA Holdings, Inc.",Q305473,IQV,pharmaceutical industry,http://www.wikidata.org/entity/Q305473
ITC Transmission,Q5974728,,public utility,http://www.wikidata.org/entity/Q5974728
ITT Corporation,Q582418,ITT,industrial manufacturing,http://www.wikidata.org/entity/Q582418
ITT Technical Institute,Q5974942,ESI,,http://www.wikidata.org/entity/Q5974942
Iamgold,Q1655409,IAG,mining,http://www.wikidata.org/entity/Q1655409
"Ibero-America Fund, Inc.",Q10884844,SNF,,http://www.wikidata.org/entity/Q10884844
Ibotta,Q28133993,IBTA,technology,http://www.wikidata.org/entity/Q28133993
Icl Group Ltd,Q903957,ICL,,http://www.wikidata.org/entity/Q903957
Idacorp,Q5987232,IDA,,http://www.wikidata.org/entity/Q5987232
Illinois Tool Works,Q1510378,ITW,industrial manufacturing,http://www.wikidata.org/entity/Q1510378
Inergy,Q6028443,NRGY,,http://www.wikidata.org/entity/Q6028443
Infoblox,Q15831130,BLOX,computer network,http://www.wikidata.org/entity/Q15831130
Informatica,Q941392,INFA,software industry,http://www.wikidata.org/entity/Q941392
Infosys,Q26989,INFY,IT service management,http://www.wikidata.org/entity/Q26989
Ingersoll Rand,Q1663044,TT,conglomerate,http://www.wikidata.org/entity/Q1663044
Ingersoll Rand,Q55453962,IR,,http://www.wikidata.org/entity/Q55453962
Ingram Micro,Q324616,INGM,"Wholesale of computers, computer peripheral equipment and software",http://www.wikidata.org/entity/Q324616
Ingredion,Q8273105,INGR,textile industry,http://www.wikidata.org/entity/Q8273105
Innovate Corp.,Q7243710,HCHC,financial services,http://www.wikidata.org/entity/Q7243710
Insperity,Q16980616,NSP,professional service,http://www.wikidata.org/entity/Q16980616
Integrys Energy Group,Q6043367,TEG,,http://www.wikidata.org/entity/Q6043367
Intelsat,Q778126,I,telecommunications,http://www.wikidata.org/entity/Q778126
InterOil,Q16980647,IOC),petroleum industry,http://www.wikidata.org/entity/Q16980647
Intercontinental Exchange,Q841458,ICE,,http://www.wikidata.org/entity/Q841458
Interline Brands,Q6047075,,wholesale,http://www.wikidata.org/entity/Q6047075
Intermec,Q4041486,IN,,http://www.wikidata.org/entity/Q4041486
International Coal Group,Q6049324,ICO,mining of coal,http://www.wikidata.org/entity/Q6049324
International Game Technology,Q1666600,IGT,gambling,http://www.wikidata.org/entity/Q1666600
International Game Technology,Q5514677,IGT,gambling,http://www.wikidata.org/entity/Q5514677
International Rectifier,Q863127,IRF,semiconductor industry,http://www.wikidata.org/entity/Q863127
Interpublic Group of Companies,Q1501630,IPG,marketing,http://www.wikidata.org/entity/Q1501630
Interxion,Q685641,,data center,http://www.wikidata.org/entity/Q685641
IntraLinks,Q6058311,IL,financial services,http://www.wikidata.org/entity/Q6058311
Intrepid Potash,Q6058618,IPI,,http://www.wikidata.org/entity/Q6058618
Invacare,Q4994426,IVC,,http://www.wikidata.org/entity/Q4994426
Inversiones y Representaciones Sociedad Anónima,Q6060469,IRS,,http://www.wikidata.org/entity/Q6060469
Invesco,Q522617,IVZ,financial services,http://www.wikidata.org/entity/Q522617
Invesco PowerShares,Q6060595,,asset management,http://www.wikidata.org/entity/Q6060595
Investment Technology Group,Q6060808,ITG,financial services,http://www.wikidata.org/entity/Q6060808
Iron Mountain Incorporated,Q1673079,IRM,computer storage media,http://www.wikidata.org/entity/Q1673079
IronSource,Q17050559,,,http://www.wikidata.org/entity/Q17050559
Isac,Q16958009,THS,food industry,http://www.wikidata.org/entity/Q16958009
Itaú Unibanco,Q1424293,ITUB,economics of banking,http://www.wikidata.org/entity/Q1424293
J. Alexander's,Q16997495,JAX,food service,http://www.wikidata.org/entity/Q16997495
J. C. Penney,Q920037,JCP,retail,http://www.wikidata.org/entity/Q920037
J.Jill,Q64448268,JILL,,http://www.wikidata.org/entity/Q64448268
JBG Smith,Q17109683,JBGS,real property,http://www.wikidata.org/entity/Q17109683
JBT Marel Corporation,Q3156864,JBT,food processing industry,http://www.wikidata.org/entity/Q3156864
Jabil,Q2171646,JBL,electronics,http://www.wikidata.org/entity/Q2171646
Jacobs Engineering Group,Q3157622,J,engineering,http://www.wikidata.org/entity/Q3157622
James Hardie,Q6135535,JHX,building material,http://www.wikidata.org/entity/Q6135535
Janus Capital Group,Q1683034,JHG,finance,http://www.wikidata.org/entity/Q1683034
Jarden,Q6159625,JAH,,http://www.wikidata.org/entity/Q6159625
Jefferies & Company,Q325789,JEF,investment,http://www.wikidata.org/entity/Q325789
Jefferies Financial Group,Q6533918,LUK,conglomerate,http://www.wikidata.org/entity/Q6533918
Jeld-Wen,Q1612593,JELD,,http://www.wikidata.org/entity/Q1612593
Jinko Solar,Q20182011,JKS,photovoltaics,http://www.wikidata.org/entity/Q20182011
Jo-Ann Stores,Q6203968,JOAN,retail,http://www.wikidata.org/entity/Q6203968
Joby Aviation,Q54933259,JOBY,aerospace industry,http://www.wikidata.org/entity/Q54933259
Jones Lang LaSalle,Q1703389,JLL,,http://www.wikidata.org/entity/Q1703389
Journal Communications,Q6294662,JMG,mass media,http://www.wikidata.org/entity/Q6294662
Jumià,Q17061030,JMIA,retail,http://www.wikidata.org/entity/Q17061030
Just Energy,Q6315968,JE,,http://www.wikidata.org/entity/Q6315968
K. Hovnanian Homes,Q16980428,HOV,construction,http://www.wikidata.org/entity/Q16980428
KB Home,Q6326486,KBH,,http://www.wikidata.org/entity/Q6326486
KB Kookmin Bank,Q496606,KB,financial sector,http://www.wikidata.org/entity/Q496606
"KBR, Inc.",Q596499,KBR,,http://www.wikidata.org/entity/Q596499
KCG Holdings,Q16980911,KCG,financial services,http://www.wikidata.org/entity/Q16980911
KT Corporation,Q485908,KT,mobile phone industry,http://www.wikidata.org/entity/Q485908
KV Pharmaceutical,Q6340370,KVA,pharmaceutical industry,http://www.wikidata.org/entity/Q6340370
Kabad,Q67684488,,,http://www.wikidata.org/entity/Q67684488
Kadant,Q16980871,KAI,,http://www.wikidata.org/entity/Q16980871
Kaleyra,Q105985613,KLR,,http://www.wikidata.org/entity/Q105985613
Kansas City Southern,Q16980898,KSU,,http://www.wikidata.org/entity/Q16980898
Kapstone,Q6367245,,pulp and paper industry,http://www.wikidata.org/entity/Q6367245
Kate Spade & Company,Q753521,KATE,,http://www.wikidata.org/entity/Q753521
Kellanova,Q856897,K,food industry,http://www.wikidata.org/entity/Q856897
Kellogg's,Q130326112,K,food processing,http://www.wikidata.org/entity/Q130326112
Kemper Corporation,Q6387063,KMPR,insurance,http://www.wikidata.org/entity/Q6387063
Kenexa,Q6389159,,,http://www.wikidata.org/entity/Q6389159
Kennametal,Q6389509,KMT,,http://www.wikidata.org/entity/Q6389509
Kenneth Cole Productions,Q6389988,,retail,http://www.wikidata.org/entity/Q6389988
Kenon Holdings Ltd,Q19605389,KEN,,http://www.wikidata.org/entity/Q19605389
Key Energy Services,Q6398035,KEG,list of oilfield service companies,http://www.wikidata.org/entity/Q6398035
KeyBank,Q1740314,KEY,economics of banking,http://www.wikidata.org/entity/Q1740314
Keysight Technologies,Q17551096,KEYS,,http://www.wikidata.org/entity/Q17551096
Kid Brands,Q6404433,KID,game industry,http://www.wikidata.org/entity/Q6404433
Kimberly-Clark,Q1741634,KMB,personal care product,http://www.wikidata.org/entity/Q1741634
Kimco Realty,Q6410043,KIM,real estate investment trust,http://www.wikidata.org/entity/Q6410043
Kinder Morgan,Q931032,KMI,petroleum industry,http://www.wikidata.org/entity/Q931032
Kinder Morgan Energy Partners,Q6410558,,petroleum industry,http://www.wikidata.org/entity/Q6410558
Kindred Healthcare,Q921363,KND,health care,http://www.wikidata.org/entity/Q921363
Kinross Gold,Q546880,KGC,mining,http://www.wikidata.org/entity/Q546880
Kirby Corporation,Q18151094,KEX,water transport,http://www.wikidata.org/entity/Q18151094
Klaviyo,Q106631196,KVYO,information technology,http://www.wikidata.org/entity/Q106631196
Knight Capital Group,Q3197996,KCG,financial services,http://www.wikidata.org/entity/Q3197996
Knight-Swift Transportation,Q6422289,KNX,,http://www.wikidata.org/entity/Q6422289
Kohlberg Kravis Roberts,Q1570773,KKR,asset management,http://www.wikidata.org/entity/Q1570773
Kontoor Brands,Q96386259,KTB,,http://www.wikidata.org/entity/Q96386259
Koppers,Q1784126,KOP,,http://www.wikidata.org/entity/Q1784126
Korea Electric Power Corporation,Q486737,KEP,electricity supply company,http://www.wikidata.org/entity/Q486737
Korn Ferry,Q1728446,KFY,employment services industry,http://www.wikidata.org/entity/Q1728446
Kosmos Energy,Q16733729,KOS,petroleum industry,http://www.wikidata.org/entity/Q16733729
Kraton Polymers,Q2417728,KRA,,http://www.wikidata.org/entity/Q2417728
Kyndryl,Q106581385,KD,,http://www.wikidata.org/entity/Q106581385
Kyocera,Q745099,KYO,electronics,http://www.wikidata.org/entity/Q745099
L-1 Identity Solutions,Q2480102,,,http://www.wikidata.org/entity/Q2480102
L3 Technologies,Q1781428,LLL,telecommunications,http://www.wikidata.org/entity/Q1781428
L3Harris Technologies,Q30291091,LHX,weapons industry,http://www.wikidata.org/entity/Q30291091
LG Display,Q483006,LPL,electronics,http://www.wikidata.org/entity/Q483006
LIN Media,Q6458767,LIN,terrestrial television,http://www.wikidata.org/entity/Q6458767
La-Z-Boy,Q6391583,LZB,industrial manufacturing,http://www.wikidata.org/entity/Q6391583
LaBranche & Co,Q6460680,,financial services,http://www.wikidata.org/entity/Q6460680
LabCorp,Q6466630,LH,health care,http://www.wikidata.org/entity/Q6466630
Labcorp Drug Development,Q909356,CVD,pharmaceutical industry,http://www.wikidata.org/entity/Q909356
Las Vegas Sands,Q1506045,LVS,gambling,http://www.wikidata.org/entity/Q1506045
Lazard,Q637440,LAZ,asset management,http://www.wikidata.org/entity/Q637440
Leaf Group,Q5255025,LEAF,online service,http://www.wikidata.org/entity/Q5255025
LeapFrog Enterprises,Q6509896,LF,game industry,http://www.wikidata.org/entity/Q6509896
Lear Corporation,Q502344,LEA,automotive supplier,http://www.wikidata.org/entity/Q502344
Lee Enterprises,Q6513538,LEE,,http://www.wikidata.org/entity/Q6513538
Legg Mason,Q1134746,,financial services,http://www.wikidata.org/entity/Q1134746
Leggett & Platt,Q1812555,LEG,bedding,http://www.wikidata.org/entity/Q1812555
Lehman Brothers,Q212900,LEH,investment,http://www.wikidata.org/entity/Q212900
Leidos,Q502132,LDOS,defense contractor,http://www.wikidata.org/entity/Q502132
Leif Höegh & Co,Q945739,HMLP,freight transport,http://www.wikidata.org/entity/Q945739
Lemonade,Q37019245,LMND,insurance,http://www.wikidata.org/entity/Q37019245
Lending Club,Q6522340,LC,finance,http://www.wikidata.org/entity/Q6522340
Lennar Corporation,Q16981175,LEN,construction,http://www.wikidata.org/entity/Q16981175
Level 3 Communications,Q322320,LVLT,telecommunications,http://www.wikidata.org/entity/Q322320
Lexmark,Q1415501,LXK,computer industry,http://www.wikidata.org/entity/Q1415501
Li-Cycle Holdings Corp.,Q124377649,LICY,,http://www.wikidata.org/entity/Q124377649
Liberty Property Trust,Q6541925,LPT,real estate investment trust,http://www.wikidata.org/entity/Q6541925
Life Storage,Q7882701,LSI,real estate investment trust,http://www.wikidata.org/entity/Q7882701
Life Time,Q6545004,LTM,,http://www.wikidata.org/entity/Q6545004
LifeLock,Q6544620,LOCK,software industry,http://www.wikidata.org/entity/Q6544620
Lincoln National Corporation,Q1825763,LNC,insurance,http://www.wikidata.org/entity/Q1825763
Lindsay Manufacturing,Q6552749,LNN,,http://www.wikidata.org/entity/Q6552749
Lineage Cell Therapeutics,Q96482392,LCTX,biotechnology,http://www.wikidata.org/entity/Q96482392
Link Motion Inc,Q6955096,LKM,,http://www.wikidata.org/entity/Q6955096
LinkedIn Corporation,Q127278673,LNKD,Internet,http://www.wikidata.org/entity/Q127278673
Lion Electric Company,Q6555405,LEV,bus manufacturing,http://www.wikidata.org/entity/Q6555405
Lithia Motors,Q6647881,LAD,car dealership,http://www.wikidata.org/entity/Q6647881
Lithium Corporation of America,Q6647933,LAC,mining,http://www.wikidata.org/entity/Q6647933
LiveRamp,Q125352505,RAMP,,http://www.wikidata.org/entity/Q125352505
LiveWire,Q110761625,LVWR,,http://www.wikidata.org/entity/Q110761625
Liveperson Inc.,Q6654568,,,http://www.wikidata.org/entity/Q6654568
Lloyds Banking Group,Q1152764,LYG,financial services,http://www.wikidata.org/entity/Q1152764
LoanDepot,Q65117079,LDI,financial services,http://www.wikidata.org/entity/Q65117079
Loews Corporation,Q826526,L,,http://www.wikidata.org/entity/Q826526
Loma Negra,Q6669086,LOMA,construction industry,http://www.wikidata.org/entity/Q6669086
Lorillard Tobacco Company,Q3259566,,tobacco industry,http://www.wikidata.org/entity/Q3259566
Louisiana-Pacific,Q1872227,LPX,construction,http://www.wikidata.org/entity/Q1872227
Lowe's,Q1373493,LOW,hardware store,http://www.wikidata.org/entity/Q1373493
Luby's,Q6695701,LUB,system catering,http://www.wikidata.org/entity/Q6695701
Lufax,Q19840382,LU,financial services,http://www.wikidata.org/entity/Q19840382
Lumber Liquidators,Q6703090,LL,retail,http://www.wikidata.org/entity/Q6703090
Lumen Technologies,Q5063092,LUMN,technology company,http://www.wikidata.org/entity/Q5063092
Luxoft,Q1435010,LXFT,software development,http://www.wikidata.org/entity/Q1435010
M&F Worldwide,Q6711814,,holding company,http://www.wikidata.org/entity/Q6711814
M&T Bank,Q3272257,MTB,economics of banking,http://www.wikidata.org/entity/Q3272257
M/I Homes,Q98424095,MHO,,http://www.wikidata.org/entity/Q98424095
MBIA,Q1371852,MBI,finance,http://www.wikidata.org/entity/Q1371852
MDC Holdings,Q6715131,MDC,,http://www.wikidata.org/entity/Q6715131
MDU Resources,Q6715200,MDU,,http://www.wikidata.org/entity/Q6715200
MEDLEY,Q96482451,,financial services,http://www.wikidata.org/entity/Q96482451
MGM Resorts International,Q568532,MGM,hospitality industry,http://www.wikidata.org/entity/Q568532
MP Materials,Q105563992,MP,,http://www.wikidata.org/entity/Q105563992
MPLX,Q105965677,MPLX,,http://www.wikidata.org/entity/Q105965677
MSA Safety,Q3009498,MSA,,http://www.wikidata.org/entity/Q3009498
MSC Industrial Direct,Q6717732,MSM,,http://www.wikidata.org/entity/Q6717732
MSCI,Q768773,MSCI,,http://www.wikidata.org/entity/Q768773
Macerich,Q6723256,MAC,real estate investment trust,http://www.wikidata.org/entity/Q6723256
Mack-Cali Realty Corporation,Q17109460,VRE,real estate investment trust,http://www.wikidata.org/entity/Q17109460
Macquarie Infrastructure Company,Q6724984,MIC,aerospace industry,http://www.wikidata.org/entity/Q6724984
Macro Bank,Q2335199,BMA,economics of banking,http://www.wikidata.org/entity/Q2335199
"Macy's, Inc.",Q5479360,M,retail,http://www.wikidata.org/entity/Q5479360
Magellan Midstream Partners,Q22906645,MMP,petroleum industry,http://www.wikidata.org/entity/Q22906645
Maidenform,Q6735419,,,http://www.wikidata.org/entity/Q6735419
Main Street Capital Corp,Q22674048,MAIN,,http://www.wikidata.org/entity/Q22674048
Mallinckrodt Pharmaceuticals,Q6744211,MNK,pharmaceutical industry,http://www.wikidata.org/entity/Q6744211
Manchester United F.C.,Q18656,,,http://www.wikidata.org/entity/Q18656
Manchester United plc,Q27346385,MANU,sports industry,http://www.wikidata.org/entity/Q27346385
Manitowoc Cranes,Q4043693,MTW,industrial manufacturing,http://www.wikidata.org/entity/Q4043693
Manulife Financial,Q1652574,MFC,insurance industry,http://www.wikidata.org/entity/Q1652574
Marathon Oil,Q1577587,MRO,petroleum industry,http://www.wikidata.org/entity/Q1577587
Marcus & Millichap,Q6757974,MMI,,http://www.wikidata.org/entity/Q6757974
Marcus Corporation,Q6758107,MCS,hospitality industry,http://www.wikidata.org/entity/Q6758107
MariaDB Corporation Ab,Q56826699,MRDB,software industry,http://www.wikidata.org/entity/Q56826699
Marin Software,Q6763754,,software as a service,http://www.wikidata.org/entity/Q6763754
MarkWest Energy,Q16981738,,petroleum industry,http://www.wikidata.org/entity/Q16981738
Markel Corporation,Q6770621,MKL,insurance,http://www.wikidata.org/entity/Q6770621
Markforged,Q96392042,MKFG,3D printing,http://www.wikidata.org/entity/Q96392042
Marriott Vacations Worldwide Corporation,Q6772994,VAC,tourism,http://www.wikidata.org/entity/Q6772994
Marsh & McLennan Companies,Q1786345,MMC,,http://www.wikidata.org/entity/Q1786345
Martha Stewart Living Omnimedia,Q6774578,MSO,broadcasting,http://www.wikidata.org/entity/Q6774578
Martin Marietta Materials,Q6776123,MLM,mining,http://www.wikidata.org/entity/Q6776123
MasTec,Q6782217,MTZ,construction,http://www.wikidata.org/entity/Q6782217
Masco,Q6782872,MAS,,http://www.wikidata.org/entity/Q6782872
Masonite International,Q6783802,DOOR,industrial manufacturing,http://www.wikidata.org/entity/Q6783802
Massey Energy,Q3297582,MEE,coal,http://www.wikidata.org/entity/Q3297582
Mastech Digital,Q52876645,MHH,,http://www.wikidata.org/entity/Q52876645
Mastercard,Q489921,MA,financial services,http://www.wikidata.org/entity/Q489921
Materion,Q4979671,MTRN,,http://www.wikidata.org/entity/Q4979671
"Matson, Inc.",Q6787989,MATX,shipping line,http://www.wikidata.org/entity/Q6787989
Maui Land & Pineapple Company,Q6792378,MLP,,http://www.wikidata.org/entity/Q6792378
MaxLinear,Q6794502,MXL,,http://www.wikidata.org/entity/Q6794502
Maximus Inc.,Q6795931,MMS,government contractor,http://www.wikidata.org/entity/Q6795931
McCormick & Company,Q1915049,MKC,food industry,http://www.wikidata.org/entity/Q1915049
McDermott International,Q1915079,,,http://www.wikidata.org/entity/Q1915079
McEwen Mining,Q6801109,MUX,mining,http://www.wikidata.org/entity/Q6801109
Mead Johnson,Q3303765,MJN,,http://www.wikidata.org/entity/Q3303765
MeadWestvaco,Q6803126,MWV,industrial manufacturing,http://www.wikidata.org/entity/Q6803126
Mechel,Q1915579,MTL,iron and steel industry,http://www.wikidata.org/entity/Q1915579
Medco Health Solutions,Q1364494,MHS,pharmacy benefits manager,http://www.wikidata.org/entity/Q1364494
Media General,Q6805492,MEG,mass media,http://www.wikidata.org/entity/Q6805492
Mediacom,Q3853691,MCCC,telecommunications,http://www.wikidata.org/entity/Q3853691
Medical Properties Trust,Q30693638,MPW,real estate investment trust,http://www.wikidata.org/entity/Q30693638
Medicis Pharmaceutical,Q6806775,MRX,pharmaceutical industry,http://www.wikidata.org/entity/Q6806775
Medifast,Q6806861,MED,,http://www.wikidata.org/entity/Q6806861
Mercury Insurance Group,Q16981897,MCY,insurance,http://www.wikidata.org/entity/Q16981897
Meredian Holdings Group Inc.,Q19865135,DNMR,biotechnology,http://www.wikidata.org/entity/Q19865135
Meredith Corporation,Q1921579,MDP,media company,http://www.wikidata.org/entity/Q1921579
Meritage Homes Corporation,Q6819538,MTH,,http://www.wikidata.org/entity/Q6819538
Meritor,Q322153,MTOR,,http://www.wikidata.org/entity/Q322153
Methode Electronics,Q18151484,MEI,electronics,http://www.wikidata.org/entity/Q18151484
Mettler Toledo,Q680186,MTD,,http://www.wikidata.org/entity/Q680186
Micro Focus International,Q1931458,MFGP,information technology,http://www.wikidata.org/entity/Q1931458
Micron Products,Q48741327,MICR,,http://www.wikidata.org/entity/Q48741327
Midas,Q3312613,MDS,,http://www.wikidata.org/entity/Q3312613
Milacron,Q19893981,,plastics industry,http://www.wikidata.org/entity/Q19893981
Miller Industries,Q96418958,MLR,automotive industry,http://www.wikidata.org/entity/Q96418958
Mindray,Q15138136,MR,,http://www.wikidata.org/entity/Q15138136
Mingyang Wind Power,Q6864857,MY,industrial manufacturing,http://www.wikidata.org/entity/Q6864857
Mississippi Power,Q17108791,mpj,public utility,http://www.wikidata.org/entity/Q17108791
Mitsubishi UFJ Financial Group,Q1542175,MTU,financial services,http://www.wikidata.org/entity/Q1542175
Mizuho Financial Group,Q166621,MFG,financial services,http://www.wikidata.org/entity/Q166621
Mobileye,Q2901365,MBLY,automotive industry,http://www.wikidata.org/entity/Q2901365
Moelis & Company,Q16953039,MC,financial services,http://www.wikidata.org/entity/Q16953039
Molson Coors Brewing Company,Q3319685,TAP,brewing industry,http://www.wikidata.org/entity/Q3319685
Monsanto,Q207983,MON,biotechnology,http://www.wikidata.org/entity/Q207983
Moody's Corporation,Q675585,MCO,financial services,http://www.wikidata.org/entity/Q675585
Moog Inc.,Q6907265,,aerospace engineering,http://www.wikidata.org/entity/Q6907265
Mortgage Guaranty Insurance Corporation,Q6914636,MTG,lenders mortgage insurance,http://www.wikidata.org/entity/Q6914636
Mueller Industries,Q16885315,MLI,,http://www.wikidata.org/entity/Q16885315
Mueller Water Products,Q16982326,MWA,,http://www.wikidata.org/entity/Q16982326
Murphy Oil,Q951259,MUR,petroleum industry,http://www.wikidata.org/entity/Q951259
Murphy USA,Q19604459,MUSA,petroleum industry,http://www.wikidata.org/entity/Q19604459
Mytheresa,Q53108351,MYTE,e-commerce,http://www.wikidata.org/entity/Q53108351
NACCO Industries,Q6952158,NC,,http://www.wikidata.org/entity/Q6952158
NCI Building Systems,Q16982478,NCS,,http://www.wikidata.org/entity/Q16982478
NCR Corporation,Q524989,VYX,information and communications technology,http://www.wikidata.org/entity/Q524989
NDTV,Q2985356,NDTV,mass media,http://www.wikidata.org/entity/Q2985356
NIS Group,Q11235714,NIS,,http://www.wikidata.org/entity/Q11235714
NL Industries,Q6954692,,,http://www.wikidata.org/entity/Q6954692
NRG Energy,Q6955139,NRG,electricity supply company,http://www.wikidata.org/entity/Q6955139
NSTAR,Q19866912,,public utility,http://www.wikidata.org/entity/Q19866912
NTT DoCoMo,Q853958,DCM,telecommunications,http://www.wikidata.org/entity/Q853958
NV Energy,Q1961658,,energy supply,http://www.wikidata.org/entity/Q1961658
NW Natural,Q6955989,NWN,,http://www.wikidata.org/entity/Q6955989
Nabors Industries,Q1962059,NBR,,http://www.wikidata.org/entity/Q1962059
Nam Tai Property,Q99976763,NTP,,http://www.wikidata.org/entity/Q99976763
NatWest Group,Q13218598,RBS,financial sector,http://www.wikidata.org/entity/Q13218598
National Fuel Gas,Q12859164,NFG,fossil fuel,http://www.wikidata.org/entity/Q12859164
National Oilwell Varco,Q1817417,NOV,,http://www.wikidata.org/entity/Q1817417
National Presto Industries,Q6975043,NPK,product,http://www.wikidata.org/entity/Q6975043
National Retail Properties,Q6978096,NNN,real estate investment trust,http://www.wikidata.org/entity/Q6978096
National Rural Utilities Cooperative Finance Corporation,Q17145638,NRUC,financial services,http://www.wikidata.org/entity/Q17145638
Natura & Co,Q130331887,NTCO,cosmetics industry,http://www.wikidata.org/entity/Q130331887
Natural Grocers,Q17146520,NGVC,retail,http://www.wikidata.org/entity/Q17146520
Natuzzi,Q3873359,NTZ,industrial manufacturing,http://www.wikidata.org/entity/Q3873359
"Nautilus, Inc.",Q3337196,NLS,,http://www.wikidata.org/entity/Q3337196
Navios Maritime Holdings,Q6982488,NNA,freight transport,http://www.wikidata.org/entity/Q6982488
"Neenah, Inc.",Q56527497,NP,papermaking,http://www.wikidata.org/entity/Q56527497
Nelnet,Q6990264,NNI,financial services,http://www.wikidata.org/entity/Q6990264
NetSuite,Q4045248,,software development,http://www.wikidata.org/entity/Q4045248
Netezza,Q3874960,,,http://www.wikidata.org/entity/Q3874960
Neustar,Q7002903,NSR,,http://www.wikidata.org/entity/Q7002903
New Gold,Q13529435,,mining,http://www.wikidata.org/entity/Q13529435
New Jersey Resources,Q7009312,NJR,,http://www.wikidata.org/entity/Q7009312
New Mountain Capital,Q7010502,,,http://www.wikidata.org/entity/Q7010502
New Oriental,Q13631921,EDU,educational system,http://www.wikidata.org/entity/Q13631921
New Relic,Q7011152,NEWR,software industry,http://www.wikidata.org/entity/Q7011152
New Senior Investment Group,Q25046191,SNR,real estate investment trust,http://www.wikidata.org/entity/Q25046191
New York & Company,Q7012977,NWY,retail,http://www.wikidata.org/entity/Q7012977
NewAlliance Bank,Q7005093,NAL,financial services,http://www.wikidata.org/entity/Q7005093
NewMarket Corporation,Q17562023,NEU,chemical industry,http://www.wikidata.org/entity/Q17562023
Newell Brands,Q667599,NWL,consumer goods industry,http://www.wikidata.org/entity/Q667599
Newfield Exploration,Q7017778,NFX,petroleum industry,http://www.wikidata.org/entity/Q7017778
Newpark Resources,Q17114287,NR,,http://www.wikidata.org/entity/Q17114287
Newsmax Media,Q11991273,NMAX,news media,http://www.wikidata.org/entity/Q11991273
NextEra Energy,Q967868,NEE,energy company,http://www.wikidata.org/entity/Q967868
NextEra Energy Partners,Q20667333,NEP,,http://www.wikidata.org/entity/Q20667333
Nextdoor,Q7021239,KIND,,http://www.wikidata.org/entity/Q7021239
NiSource,Q1984481,NI,public utility,http://www.wikidata.org/entity/Q1984481
Nicolet Bankshares,Q24960003,NIC,,http://www.wikidata.org/entity/Q24960003
Nidec,Q3341241,NJ,,http://www.wikidata.org/entity/Q3341241
Nio Inc.,Q29921278,NIO,automotive industry,http://www.wikidata.org/entity/Q29921278
Niska Gas Storage Partners,Q16958140,NKA,,http://www.wikidata.org/entity/Q16958140
Noah Holdings,Q121001340,NOAH,financial services,http://www.wikidata.org/entity/Q121001340
Noble Corporation,Q7045708,NE,petroleum industry,http://www.wikidata.org/entity/Q7045708
Noble Energy,Q2659099,NBL,petroleum industry,http://www.wikidata.org/entity/Q2659099
Nomura Group,Q658089,NMR,,http://www.wikidata.org/entity/Q658089
Nomura Holdings,Q1295105,NMR,financial services,http://www.wikidata.org/entity/Q1295105
Nord Anglia Education,Q7050535,,,http://www.wikidata.org/entity/Q7050535
Nordic American Offshore,Q63296010,NAO,,http://www.wikidata.org/entity/Q63296010
Nordion,Q907227,NDZ,pharmaceutical industry,http://www.wikidata.org/entity/Q907227
Nordstrom,Q174310,JWN,retail,http://www.wikidata.org/entity/Q174310
Norfolk Southern Corporation,Q20858163,NSC,,http://www.wikidata.org/entity/Q20858163
Norfolk Southern Railway,Q1321054,NSC,transport,http://www.wikidata.org/entity/Q1321054
Nortel,Q464996,NT,telecommunications,http://www.wikidata.org/entity/Q464996
NorthWestern Energy,Q7053620,,public utility,http://www.wikidata.org/entity/Q7053620
Northern Tier Energy,Q20486931,NTI,petroleum industry,http://www.wikidata.org/entity/Q20486931
Norwegian Cruise Line Holdings Ltd.,Q60767471,NCLH,,http://www.wikidata.org/entity/Q60767471
Novartis,Q507154,NVS,chemical industry,http://www.wikidata.org/entity/Q507154
Nu Holdings Ltd.,Q107453017,NU,,http://www.wikidata.org/entity/Q107453017
Nu Skin Enterprises,Q1764040,NUS,personal care product,http://www.wikidata.org/entity/Q1764040
NuScale,Q7067710,SMR,energy industry,http://www.wikidata.org/entity/Q7067710
NuStar Energy,Q7067712,NS,petroleum industry,http://www.wikidata.org/entity/Q7067712
Nubank,Q25422888,NU,financial services,http://www.wikidata.org/entity/Q25422888
Nutrien,Q48742870,NTR,agriculture,http://www.wikidata.org/entity/Q48742870
OFG Bancorp,Q7102329,OFG,financial services,http://www.wikidata.org/entity/Q7102329
OM Group,Q1545542,OMG,chemical industry,http://www.wikidata.org/entity/Q1545542
OMNOVA Solutions,Q7072730,OMN,,http://www.wikidata.org/entity/Q7072730
ON24,Q17072593,ONTF,software as a service,http://www.wikidata.org/entity/Q17072593
ONE Gas,Q16983192,OGS,public utility,http://www.wikidata.org/entity/Q16983192
ONEOK,Q11074156,OKE,public utility,http://www.wikidata.org/entity/Q11074156
OR Royalties,Q96419113,OR,,http://www.wikidata.org/entity/Q96419113
"Oak Street Health, Inc.",Q106207298,OSH,,http://www.wikidata.org/entity/Q106207298
Oaktree Capital Management,Q2008551,OAK-B,financial services,http://www.wikidata.org/entity/Q2008551
Obsidian Energy,Q764321,OBE,petroleum industry,http://www.wikidata.org/entity/Q764321
Occidental Petroleum,Q2013357,OXY,petroleum industry,http://www.wikidata.org/entity/Q2013357
Ocwen,Q7077162,,financial services,http://www.wikidata.org/entity/Q7077162
Oil States International,Q17182243,OIS,petroleum industry,http://www.wikidata.org/entity/Q17182243
Oklahoma Gas & Electric,Q2007484,OGE,,http://www.wikidata.org/entity/Q2007484
Oklo,Q110706493,OKLO,nuclear industry,http://www.wikidata.org/entity/Q110706493
Old Republic International,Q7084833,ORI,insurance,http://www.wikidata.org/entity/Q7084833
Olin Corporation,Q7086908,OLN,chemical industry,http://www.wikidata.org/entity/Q7086908
Olo,Q5574638,OLO,Internet,http://www.wikidata.org/entity/Q5574638
Omega Protein,Q7090016,OME,,http://www.wikidata.org/entity/Q7090016
Omnicare,Q7090375,,pharmacy,http://www.wikidata.org/entity/Q7090375
Omnicom Group,Q1519267,OMC,mass media,http://www.wikidata.org/entity/Q1519267
OnDeck Capital,Q24204582,ONDK,fintech,http://www.wikidata.org/entity/Q24204582
One by AOL,Q6858766,MM,,http://www.wikidata.org/entity/Q6858766
OneBeacon,Q7092365,,insurance,http://www.wikidata.org/entity/Q7092365
OneConnect,Q85884912,OCFT,financial services,http://www.wikidata.org/entity/Q85884912
OneMain Financial,Q28444592,OMF,financial services,http://www.wikidata.org/entity/Q28444592
Onto Innovation,Q7377461,ONTO,,http://www.wikidata.org/entity/Q7377461
Ooma,Q7095328,OOMA,telecommunications,http://www.wikidata.org/entity/Q7095328
Opower,Q7098529,OPWR,software industry,http://www.wikidata.org/entity/Q7098529
OppFi Inc.,Q130281150,OPFI,fintech,http://www.wikidata.org/entity/Q130281150
Oppenheimer Holdings,Q7098552,OPY,financial services,http://www.wikidata.org/entity/Q7098552
Orbital Sciences Corporation,Q1030096,ORB,aerospace industry,http://www.wikidata.org/entity/Q1030096
"Oregon Tool, Inc.",Q20857833,BLT,manufacture of machinery and equipment,http://www.wikidata.org/entity/Q20857833
Organon & Co.,Q903372,OGN,pharmaceutical industry,http://www.wikidata.org/entity/Q903372
Orion Office REIT,Q109619213,ONL,real property,http://www.wikidata.org/entity/Q109619213
Orix,Q906055,IX,financial services,http://www.wikidata.org/entity/Q906055
Ormat Technologies,Q1549511,ORA,,http://www.wikidata.org/entity/Q1549511
Oscar Health,Q24204297,OSCR,insurance industry,http://www.wikidata.org/entity/Q24204297
Oshkosh Corporation,Q1969091,OSK,automotive industry,http://www.wikidata.org/entity/Q1969091
Otis Worldwide Corporation,Q1134069,OTIS,,http://www.wikidata.org/entity/Q1134069
Ouster,Q97574745,OUST,,http://www.wikidata.org/entity/Q97574745
Outfront Media,Q23090931,OUT,out-of-home advertising,http://www.wikidata.org/entity/Q23090931
Owens & Minor,Q7114733,OMI,health care,http://www.wikidata.org/entity/Q7114733
Owens Corning,Q7114736,OC,,http://www.wikidata.org/entity/Q7114736
Owens-Illinois,Q180106,OI,product packaging industry,http://www.wikidata.org/entity/Q180106
Oxford Industries,Q7115371,OXM,textile industry,http://www.wikidata.org/entity/Q7115371
PBF Energy,Q16979157,PBF,petroleum industry,http://www.wikidata.org/entity/Q16979157
PDD Holdings,Q124461238,PDD,e-commerce,http://www.wikidata.org/entity/Q124461238
PGi,Q1576191,,,http://www.wikidata.org/entity/Q1576191
PHH Corporation,Q7119231,PHH,financial services,http://www.wikidata.org/entity/Q7119231
PJT Partners,Q23680081,PJT,investment bank,http://www.wikidata.org/entity/Q23680081
PLDT,Q644167,PHI,telecommunications,http://www.wikidata.org/entity/Q644167
PNC Financial Services,Q38928,PNC,economics of banking,http://www.wikidata.org/entity/Q38928
POSCO,Q483946,PKX,iron and steel industry,http://www.wikidata.org/entity/Q483946
PPG Industries,Q48754,PPG,paint,http://www.wikidata.org/entity/Q48754
PPL,Q2044512,PPL,electricity supply company,http://www.wikidata.org/entity/Q2044512
PROS,Q20858221,PRO,,http://www.wikidata.org/entity/Q20858221
PS Business Parks,Q7120810,PSB,real estate investment trust,http://www.wikidata.org/entity/Q7120810
Pacific Gas and Electric Company,Q1815011,PCG,,http://www.wikidata.org/entity/Q1815011
PagSeguro,Q7124128,PAGS,,http://www.wikidata.org/entity/Q7124128
PagerDuty,Q48989804,PD,information technology industry,http://www.wikidata.org/entity/Q48989804
Pall Corporation,Q1532489,,biotechnology,http://www.wikidata.org/entity/Q1532489
Pampa Energía,Q2838738,pam,energy supply,http://www.wikidata.org/entity/Q2838738
Park Electrochemical Corp,Q16983368,PKE,,http://www.wikidata.org/entity/Q16983368
Park Hotels & Resorts,Q55075186,PK,hospitality industry,http://www.wikidata.org/entity/Q55075186
Parker Hannifin,Q1470619,PH,industrial manufacturing,http://www.wikidata.org/entity/Q1470619
Parkway Properties,Q16983374,,real estate investment trust,http://www.wikidata.org/entity/Q16983374
Parsons Corporation,Q3896512,PSN,information technology,http://www.wikidata.org/entity/Q3896512
Party City,Q7140896,PRTY,retail,http://www.wikidata.org/entity/Q7140896
Paycom,Q17084959,PAYC,human resource management,http://www.wikidata.org/entity/Q17084959
Payless ShoeSource,Q7156755,PSS,,http://www.wikidata.org/entity/Q7156755
Paysafe Group,Q1977666,PSFE,,http://www.wikidata.org/entity/Q1977666
Peabody Energy,Q1785549,BTU,mining of coal,http://www.wikidata.org/entity/Q1785549
Pearson plc,Q1916402,PSO,construction,http://www.wikidata.org/entity/Q1916402
Pediatrix Medical Group,Q16981865,MD,,http://www.wikidata.org/entity/Q16981865
Pembina Pipeline,Q7161915,PBA,petroleum industry,http://www.wikidata.org/entity/Q7161915
Pengrowth Energy,Q7162745,PGH,petroleum industry,http://www.wikidata.org/entity/Q7162745
Pennsylvania Real Estate Investment Trust,Q7164054,PEI,real estate investment trust,http://www.wikidata.org/entity/Q7164054
Penske Automotive Group,Q1975799,PAG,automotive industry,http://www.wikidata.org/entity/Q1975799
Pentair,Q7165001,PNR,,http://www.wikidata.org/entity/Q7165001
Penumbra,Q104822216,,,http://www.wikidata.org/entity/Q104822216
Pep Boys,Q3375007,PBY,,http://www.wikidata.org/entity/Q3375007
"Pepco Holdings, Inc.",Q577911,POM,energy supply,http://www.wikidata.org/entity/Q577911
Perfect Corp,Q124528304,PERF,,http://www.wikidata.org/entity/Q124528304
Performance Food Group,Q2070689,PFGC,,http://www.wikidata.org/entity/Q2070689
Permian Basin Royalty Trust,Q7169321,PBT,petroleum industry,http://www.wikidata.org/entity/Q7169321
Perrigo Company Plc,Q2916497,PRGO,pharmaceutical industry,http://www.wikidata.org/entity/Q2916497
Pershing Square Tontine Holdings,Q105853613,PSTH,,http://www.wikidata.org/entity/Q105853613
Perspecta Inc.,Q97359908,PRSP,computer security,http://www.wikidata.org/entity/Q97359908
"Pet, Inc.",Q7171522,,dairy,http://www.wikidata.org/entity/Q7171522
PetroChina Company Limited,Q503182,PTR,petroleum industry,http://www.wikidata.org/entity/Q503182
Petrobras,Q210047,PBR,petroleum industry,http://www.wikidata.org/entity/Q210047
Petrobras Argentina,Q3377614,PZE,petroleum industry,http://www.wikidata.org/entity/Q3377614
Petroleum & Resources Corporation,Q7178935,PEO,investment,http://www.wikidata.org/entity/Q7178935
PharMerica,Q3378100,,,http://www.wikidata.org/entity/Q3378100
Phoenix Tree Holdings Limited,Q85884125,DNK,,http://www.wikidata.org/entity/Q85884125
Phreesia Inc.,Q7188106,PHR,,http://www.wikidata.org/entity/Q7188106
Pier 1 Imports,Q7191691,PIR,e-commerce,http://www.wikidata.org/entity/Q7191691
Ping Identity,Q85793376,PING,,http://www.wikidata.org/entity/Q85793376
Pinnacle Entertainment,Q7196290,,,http://www.wikidata.org/entity/Q7196290
Pinnacle West Capital Corporation,Q26110522,PNW,electricity supply company,http://www.wikidata.org/entity/Q26110522
Pinterest Inc.,Q96095585,PINS,social media,http://www.wikidata.org/entity/Q96095585
Pioneer Natural Resources,Q4046987,PXD,petroleum industry,http://www.wikidata.org/entity/Q4046987
Piper Sandler Companies,Q3389022,PIPR,financial services,http://www.wikidata.org/entity/Q3389022
Pitney Bowes,Q428977,PBI,service,http://www.wikidata.org/entity/Q428977
Pivotal Software,Q16335785,,software industry,http://www.wikidata.org/entity/Q16335785
Plains All American Pipeline,Q7200719,,petroleum industry,http://www.wikidata.org/entity/Q7200719
Plains Exploration & Production,Q7200726,PXP,petroleum industry,http://www.wikidata.org/entity/Q7200726
Plains GP Holdings,Q19730939,PAGP,,http://www.wikidata.org/entity/Q19730939
Planet Fitness,Q7201095,PLNT,,http://www.wikidata.org/entity/Q7201095
Plantronics,Q1531473,,electronics,http://www.wikidata.org/entity/Q1531473
Plum Creek Timber,Q1751032,PCL,real estate investment trust,http://www.wikidata.org/entity/Q1751032
Polaris,Q1850587,PII,automotive industry,http://www.wikidata.org/entity/Q1850587
Portland General Electric,Q7231939,POR,public utility,http://www.wikidata.org/entity/Q7231939
Post Consumer Brands,Q7233641,,food processing,http://www.wikidata.org/entity/Q7233641
Post Holdings,Q27988145,POST,food processing,http://www.wikidata.org/entity/Q27988145
Post Properties,Q7233708,PPS,apartment,http://www.wikidata.org/entity/Q7233708
Potash Corporation of Saskatchewan,Q902908,POT,,http://www.wikidata.org/entity/Q902908
Precision Castparts Corp.,Q7239519,PCP,aerospace engineering,http://www.wikidata.org/entity/Q7239519
Precision Drilling,Q2108251,PDS,petroleum industry,http://www.wikidata.org/entity/Q2108251
Prestige Brands,Q7241774,PBH,,http://www.wikidata.org/entity/Q7241774
Primerica,Q7243481,PRI,financial services,http://www.wikidata.org/entity/Q7243481
Primo Water,Q2071102,PRMW,business service,http://www.wikidata.org/entity/Q2071102
ProAssurance,Q7246635,PRA,insurance,http://www.wikidata.org/entity/Q7246635
Procore,Q25831309,PCOR,construction,http://www.wikidata.org/entity/Q25831309
Prologis,Q16983765,PLD,real estate investment trust,http://www.wikidata.org/entity/Q16983765
Prosperity Bancshares,Q7250893,PB,economics of banking,http://www.wikidata.org/entity/Q7250893
Protective Life,Q7251369,,insurance,http://www.wikidata.org/entity/Q7251369
Proto Labs,Q17152492,PRLB,,http://www.wikidata.org/entity/Q17152492
Provida,Q7252351,pvd,pension,http://www.wikidata.org/entity/Q7252351
Provident Bank of New Jersey,Q7252517,PFS,finance,http://www.wikidata.org/entity/Q7252517
Prudential plc,Q1374135,PUK,insurance,http://www.wikidata.org/entity/Q1374135
Public Service Enterprise Group,Q930919,PEG,public utility,http://www.wikidata.org/entity/Q930919
Public Storage,Q1156045,PSA,real estate investment trust,http://www.wikidata.org/entity/Q1156045
PulteGroup,Q7259716,PHM,,http://www.wikidata.org/entity/Q7259716
QEP Resources,Q47080830,QEP,petroleum industry,http://www.wikidata.org/entity/Q47080830
Qiagen,Q315287,QGEN,biotechnology,http://www.wikidata.org/entity/Q315287
Qihoo 360,Q7267707,QIHU,software industry,http://www.wikidata.org/entity/Q7267707
Qimonda,Q682533,,,http://www.wikidata.org/entity/Q682533
Quad,Q7268255,QUAD,,http://www.wikidata.org/entity/Q7268255
Quaker Chemical Corporation,Q16983837,KWR,chemical industry,http://www.wikidata.org/entity/Q16983837
Quality Technology Services,Q18392800,,real estate investment trust,http://www.wikidata.org/entity/Q18392800
Quanergy,Q43401341,,,http://www.wikidata.org/entity/Q43401341
Quanta Services,Q7268886,PWR,,http://www.wikidata.org/entity/Q7268886
QuantumScape,Q99036143,QS,,http://www.wikidata.org/entity/Q99036143
Qudian,Q59089890,QD,financial services,http://www.wikidata.org/entity/Q59089890
Questar Corporation,Q7271499,STR,petroleum industry,http://www.wikidata.org/entity/Q7271499
Quiksilver,Q1329463,ZQK,textile industry,http://www.wikidata.org/entity/Q1329463
Qwest Corporation,Q7273147,,telecommunications,http://www.wikidata.org/entity/Q7273147
R1 RCM,Q4672868,RCM,,http://www.wikidata.org/entity/Q4672868
RELX,Q998470,RELX,,http://www.wikidata.org/entity/Q998470
REX American Resources,Q17143142,REX,,http://www.wikidata.org/entity/Q17143142
RLI Corp.,Q7276947,RLI,insurance industry,http://www.wikidata.org/entity/Q7276947
RLX Technology Inc.,Q105965623,RLX,,http://www.wikidata.org/entity/Q105965623
RPM International,Q48755,RPM,paint,http://www.wikidata.org/entity/Q48755
RPT Realty,Q7289304,RPT,real estate investment trust,http://www.wikidata.org/entity/Q7289304
RR Donnelley,Q2124539,RRD,,http://www.wikidata.org/entity/Q2124539
RTI International Metals,Q7277843,,,http://www.wikidata.org/entity/Q7277843
RYB Education,Q43452224,RYB,educational system,http://www.wikidata.org/entity/Q43452224
Rackspace Technology,Q2990586,RXT,cloud computing,http://www.wikidata.org/entity/Q2990586
Radian Group,Q7280290,RDN,insurance,http://www.wikidata.org/entity/Q7280290
RadioShack,Q1195490,,retail,http://www.wikidata.org/entity/Q1195490
Range Resources,Q4048013,RRC,petroleum industry,http://www.wikidata.org/entity/Q4048013
Ranger Oil Corporation,Q7163348,,,http://www.wikidata.org/entity/Q7163348
Ranpak,Q97188497,PACK,,http://www.wikidata.org/entity/Q97188497
Raymond James Financial,Q7298901,RJF,investment,http://www.wikidata.org/entity/Q7298901
Rayonier,Q7299366,RYN,,http://www.wikidata.org/entity/Q7299366
Rayonier Advanced Materials,Q18619467,RYAM,,http://www.wikidata.org/entity/Q18619467
Raytheon,Q156644,RTN,aerospace industry,http://www.wikidata.org/entity/Q156644
RealD,Q3421578,RLD,,http://www.wikidata.org/entity/Q3421578
Realty Income Corporation,Q7301386,O,real estate investment trust,http://www.wikidata.org/entity/Q7301386
Red Hat,Q485593,RHT,software industry,http://www.wikidata.org/entity/Q485593
Red Lion Hotels Corporation,Q7304530,RLH,,http://www.wikidata.org/entity/Q7304530
Redwire,Q106432676,RDW,aerospace industry,http://www.wikidata.org/entity/Q106432676
Regal Rexnord,Q7307899,RRX,,http://www.wikidata.org/entity/Q7307899
Regency Centers,Q7308000,REG,real estate investment trust,http://www.wikidata.org/entity/Q7308000
Regions Financial Corporation,Q917131,RF,economics of banking,http://www.wikidata.org/entity/Q917131
Regis Corporation,Q7309325,RGS,,http://www.wikidata.org/entity/Q7309325
Reinsurance Group of America,Q1793182,RGA,insurance industry,http://www.wikidata.org/entity/Q1793182
"Reliance, Inc.",Q7311031,RS,,http://www.wikidata.org/entity/Q7311031
RenaissanceRe,Q16984071,RNR,,http://www.wikidata.org/entity/Q16984071
Renren,Q784022,RENN,social networking service,http://www.wikidata.org/entity/Q784022
Rentokil Initial,Q2622493,RTO,pest control,http://www.wikidata.org/entity/Q2622493
Repsol Oil & Gas Canada,Q838716,TLM,petroleum industry,http://www.wikidata.org/entity/Q838716
Resideo,Q110443096,REZI,,http://www.wikidata.org/entity/Q110443096
Resmed,Q7314903,RMD,,http://www.wikidata.org/entity/Q7314903
Resolute Forest Products,Q3406795,,pulp and paper industry,http://www.wikidata.org/entity/Q3406795
Restaurant Brands International,Q18619470,QSR,food service,http://www.wikidata.org/entity/Q18619470
Restoration Hardware,Q7316207,RH,retail,http://www.wikidata.org/entity/Q7316207
Revlon,Q1459595,REV,cosmetics industry,http://www.wikidata.org/entity/Q1459595
Revvity,Q120467527,RVTY,biotechnology,http://www.wikidata.org/entity/Q120467527
Reynolds American,Q947718,RAI,tobacco industry,http://www.wikidata.org/entity/Q947718
RingCentral,Q7334682,RNG,cloud computing,http://www.wikidata.org/entity/Q7334682
Rio Alto Mining,Q16984125,RIOM,gold mining,http://www.wikidata.org/entity/Q16984125
Rio Tinto plc,Q10291918,RIO,,http://www.wikidata.org/entity/Q10291918
Riskified,Q22908338,RSKD,e-commerce,http://www.wikidata.org/entity/Q22908338
Ritchie Bros. Auctioneers,Q7336661,RBA,auction,http://www.wikidata.org/entity/Q7336661
Rite Aid,Q3433273,RAD,retail,http://www.wikidata.org/entity/Q3433273
Rithm Capital,Q124054377,RITM,financial services,http://www.wikidata.org/entity/Q124054377
Robbins & Myers,Q16984162,,,http://www.wikidata.org/entity/Q16984162
Robert Half,Q2157448,RHI,employment services industry,http://www.wikidata.org/entity/Q2157448
RockTenn,Q7354154,,industrial manufacturing,http://www.wikidata.org/entity/Q7354154
Rockwell Collins,Q461210,COL,aerospace industry,http://www.wikidata.org/entity/Q461210
Rockwell International,Q1348664,ROK,aerospace industry,http://www.wikidata.org/entity/Q1348664
Rogers Communications,Q165684,RCI,telecommunications,http://www.wikidata.org/entity/Q165684
Rogers Corporation,Q16984188,ROG,,http://www.wikidata.org/entity/Q16984188
Rollins Inc.,Q7361273,ROL,pest control,http://www.wikidata.org/entity/Q7361273
Roper Technologies,Q16932392,ROP,conglomerate,http://www.wikidata.org/entity/Q16932392
Rosetta Stone,Q7368695,RST,software industry,http://www.wikidata.org/entity/Q7368695
Roundy's,Q7371288,,grocery store,http://www.wikidata.org/entity/Q7371288
Rouse Properties,Q7371324,,real estate investment trust,http://www.wikidata.org/entity/Q7371324
Rowan Companies,Q1503728,,petroleum industry,http://www.wikidata.org/entity/Q1503728
Royal Bank of Canada,Q735261,RY,financial services,http://www.wikidata.org/entity/Q735261
Royal Caribbean Group,Q427881,RCL,cruise line,http://www.wikidata.org/entity/Q427881
Rubicon Project,Q4411116,RUBI,advertising industry,http://www.wikidata.org/entity/Q4411116
Rubrik,Q55632076,RBRK,computer security,http://www.wikidata.org/entity/Q55632076
Ruby Tuesday,Q7376400,,restaurant,http://www.wikidata.org/entity/Q7376400
Ruckus Networks,Q7376642,RKUS,telecommunications device,http://www.wikidata.org/entity/Q7376642
Russell 2000,Q1329524,,,http://www.wikidata.org/entity/Q1329524
Ryder,Q2178198,R,logistics,http://www.wikidata.org/entity/Q2178198
"Ryerson, Inc.",Q7385029,RYI,steel,http://www.wikidata.org/entity/Q7385029
Ryland Homes,Q7385157,,,http://www.wikidata.org/entity/Q7385157
Ryman Hospitality Properties,Q7385192,RHP,real estate investment trust,http://www.wikidata.org/entity/Q7385192
S&P Global,Q868587,SPGI,financial services,http://www.wikidata.org/entity/Q868587
S&P Global Ratings,Q106158,,financial services,http://www.wikidata.org/entity/Q106158
SCANA,Q7389067,SCG,electric power industry,http://www.wikidata.org/entity/Q7389067
SEACOR Holdings,Q16933746,,petroleum industry,http://www.wikidata.org/entity/Q16933746
SITHE Energies Inc,Q125269695,,,http://www.wikidata.org/entity/Q125269695
SJW Group,Q17141393,SJW,"water collection, treatment and supply",http://www.wikidata.org/entity/Q17141393
SK Telecom,Q493145,SKM,mobile phone industry,http://www.wikidata.org/entity/Q493145
SL Green Realty,Q7391016,SLG,real estate investment trust,http://www.wikidata.org/entity/Q7391016
SM Energy,Q16984687,SM,petroleum industry,http://www.wikidata.org/entity/Q16984687
SPDR,Q7392495,,,http://www.wikidata.org/entity/Q7392495
SPDR Gold Shares,Q2207539,,,http://www.wikidata.org/entity/Q2207539
SPX Corporation,Q2207629,SPXC,conglomerate,http://www.wikidata.org/entity/Q2207629
SPX FLOW,Q10659632,FLOW,,http://www.wikidata.org/entity/Q10659632
STMicroelectronics,Q661845,STM,semiconductor industry,http://www.wikidata.org/entity/Q661845
Sabesp,Q183184,sbs,water supply,http://www.wikidata.org/entity/Q183184
Sabre Corporation,Q4376955,TSG,,http://www.wikidata.org/entity/Q4376955
Safeway,Q1508234,SWY,retail,http://www.wikidata.org/entity/Q1508234
Safway Services LLC,Q7398856,,,http://www.wikidata.org/entity/Q7398856
Sally Beauty Holdings,Q7405065,SBH,,http://www.wikidata.org/entity/Q7405065
Samsara,Q108770716,IOT,,http://www.wikidata.org/entity/Q108770716
SandRidge Energy,Q7415751,SD,petroleum industry,http://www.wikidata.org/entity/Q7415751
Sandstorm Gold,Q7416970,SAND,mining,http://www.wikidata.org/entity/Q7416970
Santander Group,Q806215,SAN,financial services,http://www.wikidata.org/entity/Q806215
Sasol,Q905998,SSL,petroleum industry,http://www.wikidata.org/entity/Q905998
Schneider National,Q7431894,SNDR,logistics,http://www.wikidata.org/entity/Q7431894
Science Applications International Corporation,Q14993631,SAIC,information technology,http://www.wikidata.org/entity/Q14993631
Scorpio Tankers,Q39075113,,,http://www.wikidata.org/entity/Q39075113
Scotiabank,Q451476,BNS,economics of banking,http://www.wikidata.org/entity/Q451476
Scripps Networks Interactive,Q2144525,SNI,broadcasting,http://www.wikidata.org/entity/Q2144525
Sculptor Capital Management,Q7076286,SCU,financial services,http://www.wikidata.org/entity/Q7076286
Sea Ltd,Q93520415,SE,e-commerce,http://www.wikidata.org/entity/Q93520415
Seabridge Gold,Q7440212,,mining,http://www.wikidata.org/entity/Q7440212
Seadrill,Q1477156,SDRL,petroleum industry,http://www.wikidata.org/entity/Q1477156
Sealed Air,Q7440621,SEE,conglomerate,http://www.wikidata.org/entity/Q7440621
Sealy Corporation,Q1131835,ZZ,mattress,http://www.wikidata.org/entity/Q1131835
Sears,Q6499202,S,retail,http://www.wikidata.org/entity/Q6499202
Select Medical,Q16984522,SEM,health care,http://www.wikidata.org/entity/Q16984522
SemGroup,Q256598,SEMG,petroleum industry,http://www.wikidata.org/entity/Q256598
Semiconductor Manufacturing International Corporation,Q648533,SMI,manufacture of electronic components,http://www.wikidata.org/entity/Q648533
Sempra,Q7449804,SRE,public utility,http://www.wikidata.org/entity/Q7449804
Sensient Technologies,Q7451039,SXT,,http://www.wikidata.org/entity/Q7451039
SentinelOne,Q104844406,S,computer security,http://www.wikidata.org/entity/Q104844406
Sequenom,Q7452488,SQNM,biotechnology,http://www.wikidata.org/entity/Q7452488
Seritage Growth Properties,Q105099852,SRG,,http://www.wikidata.org/entity/Q105099852
Service Corporation International,Q11306218,SCI,funeral services industry,http://www.wikidata.org/entity/Q11306218
ServiceNow,Q7455653,NOW,enterprise software,http://www.wikidata.org/entity/Q7455653
Shake Shack,Q1058722,SHAK,restaurant,http://www.wikidata.org/entity/Q1058722
Shanghai Petrochemical,Q820770,,petrochemistry,http://www.wikidata.org/entity/Q820770
Shapeways,Q2748407,SHPW,3D printing,http://www.wikidata.org/entity/Q2748407
Shaw Communications,Q1516849,SJR,telecommunications,http://www.wikidata.org/entity/Q1516849
Shinhan Bank,Q487230,SHG,financial sector,http://www.wikidata.org/entity/Q487230
Shinhan Financial Group,Q491325,SHG,financial services,http://www.wikidata.org/entity/Q491325
Shutterstock,Q3482689,SSTK,stock photography,http://www.wikidata.org/entity/Q3482689
Sibanye-Stillwater,Q21639712,SBSW,mining,http://www.wikidata.org/entity/Q21639712
Siemens Mexico,Q16984598,SI,conglomerate,http://www.wikidata.org/entity/Q16984598
Signet Jewelers Limited,Q7512923,SIG,retail,http://www.wikidata.org/entity/Q7512923
Silvercorp Metals,Q7516654,SVM,mining,http://www.wikidata.org/entity/Q7516654
Silvergate Capital,Q115625249,,,http://www.wikidata.org/entity/Q115625249
Simcere Pharmaceutical,Q7517459,,pharmaceutical industry,http://www.wikidata.org/entity/Q7517459
Similarweb,Q17538813,SMWB,information technology,http://www.wikidata.org/entity/Q17538813
Simon Property Group,Q2287759,SPG,real estate investment trust,http://www.wikidata.org/entity/Q2287759
Simpson Manufacturing Company,Q29469208,SSD,construction,http://www.wikidata.org/entity/Q29469208
Six Flags,Q824278,SIX,leisure park industry,http://www.wikidata.org/entity/Q824278
Skechers,Q2945643,SKX,clothing industry,http://www.wikidata.org/entity/Q2945643
Skillz,Q18378515,SKLZ,technology,http://www.wikidata.org/entity/Q18378515
Slack Technologies,Q7808625,WORK,business software industry,http://www.wikidata.org/entity/Q7808625
Smartsheet Inc.,Q85801645,SMAR,,http://www.wikidata.org/entity/Q85801645
Smith & Nephew,Q502509,SNN,medical technology industry,http://www.wikidata.org/entity/Q502509
Smithfield Foods,Q1477575,,agriculture,http://www.wikidata.org/entity/Q1477575
Snap-on,Q1631922,SNA,industrial manufacturing,http://www.wikidata.org/entity/Q1631922
Snowflake Inc.,Q22078063,SNOW,cloud computing,http://www.wikidata.org/entity/Q22078063
SoFi,Q17020720,SOFI,financial services,http://www.wikidata.org/entity/Q17020720
Sociedad Química y Minera de Chile,Q3067064,SQM,mining,http://www.wikidata.org/entity/Q3067064
Sogou,Q7554565,SOGO,software development,http://www.wikidata.org/entity/Q7554565
Soho House,Q7554758,SHCO,,http://www.wikidata.org/entity/Q7554758
SolarWinds,Q7555837,SWI,software industry,http://www.wikidata.org/entity/Q7555837
Solera Holdings,Q7557672,,software industry,http://www.wikidata.org/entity/Q7557672
Sonic Automotive,Q7561788,SAH,automotive industry,http://www.wikidata.org/entity/Q7561788
Sonida Senior Living,Q5035662,SNDA,Senior living,http://www.wikidata.org/entity/Q5035662
Sonoco,Q7562151,SON,product packaging industry,http://www.wikidata.org/entity/Q7562151
South Jersey Industries,Q7567571,SJI,energy service company,http://www.wikidata.org/entity/Q7567571
Southern California Edison,Q1706317,,electricity supply company,http://www.wikidata.org/entity/Q1706317
Southern Company,Q2304693,SO,electric power industry,http://www.wikidata.org/entity/Q2304693
Southern Copper Corporation,Q7569806,SCCO,mining,http://www.wikidata.org/entity/Q7569806
Southside Bank,Q134008655,SBSI,,http://www.wikidata.org/entity/Q134008655
Southwest Gas,Q7571280,SWX,,http://www.wikidata.org/entity/Q7571280
Southwestern Energy,Q7571413,SWN,petroleum industry,http://www.wikidata.org/entity/Q7571413
Spansion,Q1192654,CODE,,http://www.wikidata.org/entity/Q1192654
Sparklight,Q11301445,CABO,telecommunications,http://www.wikidata.org/entity/Q11301445
Spectra Energy,Q7575161,SE,petroleum industry,http://www.wikidata.org/entity/Q7575161
Spectrum Brands,Q771865,SPB,industrial manufacturing,http://www.wikidata.org/entity/Q771865
Speedway Motorsports,Q2308517,TRK,motorsport,http://www.wikidata.org/entity/Q2308517
Spire Global,Q19877982,SPIR,,http://www.wikidata.org/entity/Q19877982
Spire Inc.,Q6468754,LG,petroleum industry,http://www.wikidata.org/entity/Q6468754
Spirit AeroSystems,Q3493556,SPR,aerospace industry,http://www.wikidata.org/entity/Q3493556
Spirit Airlines,Q1190598,SAVE,,http://www.wikidata.org/entity/Q1190598
Sprinklr,Q18636409,CXM,marketing software industry,http://www.wikidata.org/entity/Q18636409
Sprint Corporation,Q301965,S,telecommunications,http://www.wikidata.org/entity/Q301965
St. Joe Company,Q7588561,JOE,real estate development,http://www.wikidata.org/entity/Q7588561
St. Jude Medical,Q2319810,STJ,,http://www.wikidata.org/entity/Q2319810
Stage Stores Inc.,Q7596814,,retail,http://www.wikidata.org/entity/Q7596814
StanCorp Financial Group,Q7597518,SFG,insurance,http://www.wikidata.org/entity/Q7597518
Standard & Poor's Depositary Receipts,Q7598157,,,http://www.wikidata.org/entity/Q7598157
Standard Lithium Ltd,Q121033088,SLI,lithium,http://www.wikidata.org/entity/Q121033088
Standard Pacific Homes,Q7598287,,,http://www.wikidata.org/entity/Q7598287
Standex International,Q48743554,SXI,,http://www.wikidata.org/entity/Q48743554
Stantec,Q2331913,STN,,http://www.wikidata.org/entity/Q2331913
Starwood,Q552363,HOT,hotel industry,http://www.wikidata.org/entity/Q552363
Starwood Property Trust,Q106241909,STWD,,http://www.wikidata.org/entity/Q106241909
Steelcase,Q479167,SCS,industrial manufacturing,http://www.wikidata.org/entity/Q479167
Stellantis,Q97439162,STLA,automotive industry,http://www.wikidata.org/entity/Q97439162
Stem Inc.,Q111384730,STEM,,http://www.wikidata.org/entity/Q111384730
Stepan Company,Q3208192,SCL,chemistry,http://www.wikidata.org/entity/Q3208192
Steris,Q80947821,STE,health care industry,http://www.wikidata.org/entity/Q80947821
Sterlite Copper,Q7611500,,mining,http://www.wikidata.org/entity/Q7611500
Stewart Information Services Corporation,Q7615829,STC,financial services,http://www.wikidata.org/entity/Q7615829
Stifel,Q7616390,SF,investment,http://www.wikidata.org/entity/Q7616390
Stillwater Mining Company,Q7617297,SWC,,http://www.wikidata.org/entity/Q7617297
Stone Energy Corporation,Q22025568,SGY,petroleum industry,http://www.wikidata.org/entity/Q22025568
Strategic Hotels & Resorts,Q19878105,,,http://www.wikidata.org/entity/Q19878105
"Stride, Inc.",Q6324302,LRN,educational technology,http://www.wikidata.org/entity/Q6324302
Stryker Corporation,Q2357515,SYK,health technology,http://www.wikidata.org/entity/Q2357515
"Sturm, Ruger & Co.",Q1508526,RGR,weapons industry,http://www.wikidata.org/entity/Q1508526
Sumitomo Mitsui Financial Group,Q2094989,SMFG,financial sector,http://www.wikidata.org/entity/Q2094989
Sun Communities,Q7638250,SUI,real estate investment trust,http://www.wikidata.org/entity/Q7638250
Sun Life Financial,Q835456,SLF,financial services,http://www.wikidata.org/entity/Q835456
SunEdison,Q946713,SUNE,energy sector,http://www.wikidata.org/entity/Q946713
SunTrust Banks,Q181507,STI,financial services,http://www.wikidata.org/entity/Q181507
Sunbelt Rentals,Q4805956,SUNB,equipment rental,http://www.wikidata.org/entity/Q4805956
Suncor Energy,Q1516410,SU,petroleum industry,http://www.wikidata.org/entity/Q1516410
Sunnova,Q98055133,NOVA,,http://www.wikidata.org/entity/Q98055133
Sunoco,Q1423218,SUN,petroleum industry,http://www.wikidata.org/entity/Q1423218
Sunrise Senior Living,Q612714,SRZ,health care,http://www.wikidata.org/entity/Q612714
Suntory Global Spirits,Q2892812,,beverage industry,http://www.wikidata.org/entity/Q2892812
Superior Energy Services,Q20486937,SPN,petroleum industry,http://www.wikidata.org/entity/Q20486937
Sweetgreen,Q18636413,SG,restaurant industry,http://www.wikidata.org/entity/Q18636413
Swift Transportation,Q16985220,SWFT,,http://www.wikidata.org/entity/Q16985220
Symetra,Q1315706,,insurance industry,http://www.wikidata.org/entity/Q1315706
Synnex,Q7662493,SNX,information technology,http://www.wikidata.org/entity/Q7662493
Synovus,Q3508889,SNV,bank,http://www.wikidata.org/entity/Q3508889
TAL Education Group,Q96407440,TAL,Elementary and Secondary Schools,http://www.wikidata.org/entity/Q96407440
TARO Pharmaceuticals,Q16131515,TARO,pharmaceutical industry,http://www.wikidata.org/entity/Q16131515
TC Energy,Q1516108,TRP,petroleum industry,http://www.wikidata.org/entity/Q1516108
TC PipeLines,Q16985313,TCP,,http://www.wikidata.org/entity/Q16985313
TD Ameritrade,Q7669886,AMTD,financial services,http://www.wikidata.org/entity/Q7669886
TECO Energy,Q7669940,TE,energy industry,http://www.wikidata.org/entity/Q7669940
TFI International,Q7833614,TFII,logistics,http://www.wikidata.org/entity/Q7833614
TIM Brasil,Q2079243,TIMB,telecommunications,http://www.wikidata.org/entity/Q2079243
TIM Group,Q144617,TI,telecommunications,http://www.wikidata.org/entity/Q144617
TJX Companies,Q1285819,TJX,retail,http://www.wikidata.org/entity/Q1285819
TRI Pointe Group,Q58041994,TPH,,http://www.wikidata.org/entity/Q58041994
TRW Automotive,Q1117943,TRW,automotive industry,http://www.wikidata.org/entity/Q1117943
TSYS,Q7671766,,,http://www.wikidata.org/entity/Q7671766
TXNM Energy,Q7119849,PNM,,http://www.wikidata.org/entity/Q7119849
Tahoe Resources,Q7675621,TAHO,mining,http://www.wikidata.org/entity/Q7675621
Tailored Brands,Q3305660,MW,retail,http://www.wikidata.org/entity/Q3305660
Takeda Pharmaceutical Company,Q899133,TAK,pharmaceutical industry,http://www.wikidata.org/entity/Q899133
Talen Energy,Q20687182,TLN,energy industry,http://www.wikidata.org/entity/Q20687182
Tallgrass Energy Partners,Q17089427,TGE,,http://www.wikidata.org/entity/Q17089427
Talos Energy,Q39055285,TALO,petroleum industry,http://www.wikidata.org/entity/Q39055285
Tanger Inc.,Q7682888,SKT,outlet store,http://www.wikidata.org/entity/Q7682888
"Tapestry, Inc.",Q56273715,TPR,fashion accessory,http://www.wikidata.org/entity/Q56273715
Targa Resources,Q7685824,TRGP,,http://www.wikidata.org/entity/Q7685824
Tata Motors Ltd,Q188514,TTM,automotive industry,http://www.wikidata.org/entity/Q188514
Taubman Centers,Q7688650,TCO,real estate investment trust,http://www.wikidata.org/entity/Q7688650
Taylor Corporation,Q17108752,,,http://www.wikidata.org/entity/Q17108752
Taylor Morrison,Q7690075,TMHC,,http://www.wikidata.org/entity/Q7690075
Team Health Holdings,Q19863999,TMH,health care,http://www.wikidata.org/entity/Q19863999
TechnipFMC,Q30324333,FTI,petroleum industry,http://www.wikidata.org/entity/Q30324333
Teck Resources,Q688725,TECK,zinc industry,http://www.wikidata.org/entity/Q688725
Tefron Ltd.,Q6954876,OTCPINK:TFRFF,,http://www.wikidata.org/entity/Q6954876
Tejon Ranch,Q7695260,TRC,,http://www.wikidata.org/entity/Q7695260
Teladoc,Q20715093,TDOC,medicine,http://www.wikidata.org/entity/Q20715093
Telecom Argentina,Q1544312,TEO,telecommunications,http://www.wikidata.org/entity/Q1544312
Telecomunicações de São Paulo,Q3063918,,telecommunications,http://www.wikidata.org/entity/Q3063918
Teledyne Technologies,Q7696127,TDY,conglomerate,http://www.wikidata.org/entity/Q7696127
Teleflex,Q7696143,TFX,medical device design,http://www.wikidata.org/entity/Q7696143
Telefónica,Q160229,TEF,telecommunications,http://www.wikidata.org/entity/Q160229
Telefônica Brasil,Q20059505,VIV,telecommunications,http://www.wikidata.org/entity/Q20059505
Telephone and Data Systems,Q7696488,TDS,telecommunications,http://www.wikidata.org/entity/Q7696488
Telkom,Q1818970,,telecommunications,http://www.wikidata.org/entity/Q1818970
Telus Communications,Q165858,TU,telecommunications,http://www.wikidata.org/entity/Q165858
Telus Digital,Q7697923,TIXT,,http://www.wikidata.org/entity/Q7697923
Tempur Sealy International,Q19604577,TPX,mattress,http://www.wikidata.org/entity/Q19604577
Tempur-Pedic,Q1756920,,mattress,http://www.wikidata.org/entity/Q1756920
Tenaris,Q642106,TS,mining industry,http://www.wikidata.org/entity/Q642106
Tencent Music,Q56011958,TME,entertainment industry,http://www.wikidata.org/entity/Q56011958
Tenet Healthcare,Q3518066,THC,health care,http://www.wikidata.org/entity/Q3518066
Tennant Company,Q19884156,TNC,,http://www.wikidata.org/entity/Q19884156
Tenneco,Q1509038,TEN,automotive part,http://www.wikidata.org/entity/Q1509038
Teradata,Q430745,TDC,,http://www.wikidata.org/entity/Q430745
Terex,Q1937503,TEX,manufacture of machinery and equipment,http://www.wikidata.org/entity/Q1937503
Ternium,Q918208,TX,iron and steel industry,http://www.wikidata.org/entity/Q918208
Terra Nitrogen Company,Q16985436,,,http://www.wikidata.org/entity/Q16985436
Terran Orbital Corporation,Q118725786,LLAP,,http://www.wikidata.org/entity/Q118725786
Tesoro Corporation,Q2037080,ANDV,petroleum industry,http://www.wikidata.org/entity/Q2037080
Teva Pharmaceutical Industries Ltd.,Q898750,TEVA,pharmaceutical industry,http://www.wikidata.org/entity/Q898750
Texas Pacific Land Trust,Q7707900,TPL,,http://www.wikidata.org/entity/Q7707900
Textainer Group Holdings,Q16985465,TGH,,http://www.wikidata.org/entity/Q16985465
Textron,Q2140315,TXT,automotive industry,http://www.wikidata.org/entity/Q2140315
The Bank of New York Mellon,Q589288,BK,economics of banking,http://www.wikidata.org/entity/Q589288
The Container Store,Q7727445,TCS,retail,http://www.wikidata.org/entity/Q7727445
The Cooper Companies,Q1129792,COO,medical device,http://www.wikidata.org/entity/Q1129792
The Corporate Executive Board Company,Q7727656,,,http://www.wikidata.org/entity/Q7727656
The Greenbrier Companies,Q7738224,GBX,,http://www.wikidata.org/entity/Q7738224
The Hartford,Q444110,HIG,,http://www.wikidata.org/entity/Q444110
The Hershey Company,Q1056637,HSY,"manufacture of cocoa, chocolate and sugar confectionery",http://www.wikidata.org/entity/Q1056637
The Howard Hughes Corporation,Q12521253,HHH,real estate development,http://www.wikidata.org/entity/Q12521253
The J.M. Smucker Company,Q7742790,SJM,,http://www.wikidata.org/entity/Q7742790
The Jones Group,Q7743510,,fashion,http://www.wikidata.org/entity/Q7743510
The Knot Worldwide,Q7744883,,,http://www.wikidata.org/entity/Q7744883
The L. S. Starrett Company,Q6456630,SCX,,http://www.wikidata.org/entity/Q6456630
The Manitowoc Company,Q836040,MTW,industrial manufacturing,http://www.wikidata.org/entity/Q836040
The McClatchy Company,Q1660027,MNI,publishing,http://www.wikidata.org/entity/Q1660027
The Mosaic Company,Q7752327,MOS,agriculture,http://www.wikidata.org/entity/Q7752327
The Phoenix Companies,Q7756963,,financial services,http://www.wikidata.org/entity/Q7756963
The RMR Group,Q84698811,RMR,Real estate investment,http://www.wikidata.org/entity/Q84698811
The Rouse Company,Q7761625,RSE,real estate development,http://www.wikidata.org/entity/Q7761625
The Scotts Miracle-Gro Company,Q2414097,SMG,horticulture,http://www.wikidata.org/entity/Q2414097
The Timberland Company,Q1539185,,fashion,http://www.wikidata.org/entity/Q1539185
The Travelers Companies,Q942471,TRV,insurance,http://www.wikidata.org/entity/Q942471
Thomas & Betts,Q7786824,TNB,,http://www.wikidata.org/entity/Q7786824
Thomas Properties Group,Q7793308,TPGI,real estate investment trust,http://www.wikidata.org/entity/Q7793308
Thompson Creek Metals,Q7795716,TC,mining,http://www.wikidata.org/entity/Q7795716
Thomson Reuters,Q1141267,TRI,media industry,http://www.wikidata.org/entity/Q1141267
Ticketmaster,Q2609162,ACE,entertainment,http://www.wikidata.org/entity/Q2609162
Tidewater,Q7800873,TDW,water transport,http://www.wikidata.org/entity/Q7800873
Tillys,Q7802889,TLYS,retail,http://www.wikidata.org/entity/Q7802889
Tim Hortons,Q175106,THI,fast food,http://www.wikidata.org/entity/Q175106
Time Warner Cable,Q1885099,TWC,telecommunications,http://www.wikidata.org/entity/Q1885099
Timken Company,Q469553,TKR,industrial manufacturing,http://www.wikidata.org/entity/Q469553
Titan Tire Corporation,Q7809776,TWI,,http://www.wikidata.org/entity/Q7809776
Titanium Metals,Q16985644,TIE,,http://www.wikidata.org/entity/Q16985644
"Toast, Inc.",Q25025312,TOST,,http://www.wikidata.org/entity/Q25025312
Tokio Marine HCC,Q5629085,HCC,insurance,http://www.wikidata.org/entity/Q5629085
Toll Brothers,Q7814310,TOL,,http://www.wikidata.org/entity/Q7814310
Tootsie Roll Industries,Q7824332,TR,,http://www.wikidata.org/entity/Q7824332
TopBuild Corp.,Q106253502,BLD,,http://www.wikidata.org/entity/Q106253502
Toro,Q935059,TTC,mechanical engineering,http://www.wikidata.org/entity/Q935059
Toronto-Dominion Bank,Q1194832,TD,financial services,http://www.wikidata.org/entity/Q1194832
Torrid,Q7827120,CURV,retail,http://www.wikidata.org/entity/Q7827120
Tower International,Q3996930,TOWR,automotive industry,http://www.wikidata.org/entity/Q3996930
Towers Watson,Q3535949,TW,professional service,http://www.wikidata.org/entity/Q3535949
Townsquare Media,Q7830269,TSQ,mass media,http://www.wikidata.org/entity/Q7830269
TransAlta Corporation,Q2448801,TAC,electricity generation,http://www.wikidata.org/entity/Q2448801
TransDigm Group Inc.,Q7833612,TDG,industrial manufacturing,http://www.wikidata.org/entity/Q7833612
TransMontaigne,Q1295969,TLP,petroleum industry,http://www.wikidata.org/entity/Q1295969
TransUnion,Q7833641,TRU,information technology industry,http://www.wikidata.org/entity/Q7833641
Transocean,Q686785,RIG,list of oilfield service companies,http://www.wikidata.org/entity/Q686785
Tredegar corporation,Q7837478,TG,,http://www.wikidata.org/entity/Q7837478
"Trex Company, Inc.",Q16985774,TREX,,http://www.wikidata.org/entity/Q16985774
Tri Pointe Homes,Q105038141,TPH,,http://www.wikidata.org/entity/Q105038141
TriNet HR Services,Q7839814,TNET,,http://www.wikidata.org/entity/Q7839814
Tribune Media,Q2140077,TRCO,media industry,http://www.wikidata.org/entity/Q2140077
Trina Solar,Q2453426,,photovoltaics,http://www.wikidata.org/entity/Q2453426
Trinity Industries,Q7842860,TRN,conglomerate,http://www.wikidata.org/entity/Q7842860
Trinseo,Q18354527,TSE,industrial manufacturing,http://www.wikidata.org/entity/Q18354527
Triple-S Management Corporation,Q7843323,GTS,insurance industry,http://www.wikidata.org/entity/Q7843323
Triton International,Q48180669,TRTN,,http://www.wikidata.org/entity/Q48180669
Triumph Group,Q15507516,TGI,industrial manufacturing,http://www.wikidata.org/entity/Q15507516
Tronox,Q3999691,TROX,mining,http://www.wikidata.org/entity/Q3999691
TrueBlue,Q33127130,TBI,,http://www.wikidata.org/entity/Q33127130
Trulia,Q7847653,TRLA,real estate industry,http://www.wikidata.org/entity/Q7847653
Tufin,Q7851506,,computer security,http://www.wikidata.org/entity/Q7851506
Tumi Inc.,Q4465402,TUMI,,http://www.wikidata.org/entity/Q4465402
Tupperware Brands,Q16985829,TUP,,http://www.wikidata.org/entity/Q16985829
Turkcell,Q283852,TKC,telecommunications,http://www.wikidata.org/entity/Q283852
Turquoise Hill Resources,Q7856196,TRQ,mining,http://www.wikidata.org/entity/Q7856196
Tutor Perini,Q7856971,TPC,construction,http://www.wikidata.org/entity/Q7856971
Twilio,Q7858039,TWLO,software development,http://www.wikidata.org/entity/Q7858039
Tyler Technologies,Q48802335,TYL,software industry,http://www.wikidata.org/entity/Q48802335
Tyson Foods,Q1325987,TSN,agriculture,http://www.wikidata.org/entity/Q1325987
U-Haul Holding Company,Q106221634,UHAL.B,,http://www.wikidata.org/entity/Q106221634
U.S. Cellular,Q2466256,USM,telecommunications,http://www.wikidata.org/entity/Q2466256
UBS,Q193199,UBS,"financial service activities, except insurance and pension funding",http://www.wikidata.org/entity/Q193199
UGI Corporation,Q2852632,UGI,energy industry,http://www.wikidata.org/entity/Q2852632
UIL Holdings Corporation,Q7864706,UIL,holding company,http://www.wikidata.org/entity/Q7864706
UMH Properties,Q25103752,UMH,,http://www.wikidata.org/entity/Q25103752
US Airways Group,Q7875835,U,aviation,http://www.wikidata.org/entity/Q7875835
US Foods,Q1668265,USFD,foodservice distributor,http://www.wikidata.org/entity/Q1668265
USANA Health Sciences,Q2502355,USNA,food industry,http://www.wikidata.org/entity/Q2502355
USG Corporation,Q3550736,USG,industrial manufacturing,http://www.wikidata.org/entity/Q3550736
UWM Holdings,Q106024170,UWMC,financial sector,http://www.wikidata.org/entity/Q106024170
UiPath,Q55080120,PATH,software industry,http://www.wikidata.org/entity/Q55080120
Ultrapar,Q1579222,UGP,petroleum industry,http://www.wikidata.org/entity/Q1579222
UniFirst,Q7884645,UNF,industrial laundry,http://www.wikidata.org/entity/Q7884645
Union Pacific Railroad,Q725793,CNP,rail transport,http://www.wikidata.org/entity/Q725793
Unisys,Q518016,UIS,IT service management,http://www.wikidata.org/entity/Q518016
United Airlines Holdings,Q871700,UAL,air transport,http://www.wikidata.org/entity/Q871700
United Asset Management,Q7887485,BSIG,financial services,http://www.wikidata.org/entity/Q7887485
United Microelectronics Corporation,Q143616,UMC,semiconductor industry,http://www.wikidata.org/entity/Q143616
United Natural Foods,Q7888979,UNFI,wholesale,http://www.wikidata.org/entity/Q7888979
United Nuclear Corporation,Q100321332,UNC,mining,http://www.wikidata.org/entity/Q100321332
United Parcel Service,Q155026,UPS,logistics,http://www.wikidata.org/entity/Q155026
United Parks & Resorts,Q828545,PRKS,leisure park industry,http://www.wikidata.org/entity/Q828545
United Rentals,Q7889101,URI,equipment rental,http://www.wikidata.org/entity/Q7889101
United Technologies Corporation,Q1045758,UTX,holding company,http://www.wikidata.org/entity/Q1045758
United Wholesale Mortgage,Q110877094,UWMC,,http://www.wikidata.org/entity/Q110877094
Unitil Corporation,Q17144598,UTL,public utility,http://www.wikidata.org/entity/Q17144598
Unity Technologies,Q7893816,U,video game industry,http://www.wikidata.org/entity/Q7893816
Univar Solutions,Q772813,UNVR,,http://www.wikidata.org/entity/Q772813
Universal American,Q7893879,UAM,health insurance,http://www.wikidata.org/entity/Q7893879
Universal Corporation,Q7893929,UVV,,http://www.wikidata.org/entity/Q7893929
Universal Health Services,Q7893967,UHS,,http://www.wikidata.org/entity/Q7893967
Universal Technical Institute,Q7894082,UTI,education,http://www.wikidata.org/entity/Q7894082
University of Phoenix,Q1889100,PXED,,http://www.wikidata.org/entity/Q1889100
Unum,Q143435,UNM,,http://www.wikidata.org/entity/Q143435
Urstadt Biddle Properties,Q60763554,UBA,real estate investment trust,http://www.wikidata.org/entity/Q60763554
VF Corporation,Q457960,VFC,clothing industry,http://www.wikidata.org/entity/Q457960
Vaalco Energy,Q7907809,EGY,petroleum industry,http://www.wikidata.org/entity/Q7907809
Vail Resorts,Q16986288,MTN,ski industry,http://www.wikidata.org/entity/Q16986288
Valaris plc,Q5379929,VAL,petroleum industry,http://www.wikidata.org/entity/Q5379929
Valassis,Q7909276,VCI,advertising,http://www.wikidata.org/entity/Q7909276
Vale,Q583268,VALE,mining,http://www.wikidata.org/entity/Q583268
Valens Semiconductor,Q3553552,VLN,,http://www.wikidata.org/entity/Q3553552
"Valhi, Inc.",Q22909604,VHI,holding company,http://www.wikidata.org/entity/Q22909604
Valley National Bank,Q7912152,,financial services,http://www.wikidata.org/entity/Q7912152
Valmont Industries,Q7912506,VMI,industrial manufacturing,http://www.wikidata.org/entity/Q7912506
Valspar,Q48822,VAL,chemical industry,http://www.wikidata.org/entity/Q48822
Valvoline,Q16531742,VVV,chemical industry,http://www.wikidata.org/entity/Q16531742
VanceInfo,Q7914005,,information technology,http://www.wikidata.org/entity/Q7914005
Vanguard Health Systems,Q7914826,,hospital,http://www.wikidata.org/entity/Q7914826
Vapotherm,Q19865696,VAPO,,http://www.wikidata.org/entity/Q19865696
Varian Medical Systems,Q4993917,VAR,health technology,http://www.wikidata.org/entity/Q4993917
Vector Group,Q7917805,VGR,,http://www.wikidata.org/entity/Q7917805
Vectren,Q7917863,VVC,public utility,http://www.wikidata.org/entity/Q7917863
Vedanta Limited,Q3958138,VEDL,mining,http://www.wikidata.org/entity/Q3958138
Vedanta Resources,Q1503753,VEDL,mining,http://www.wikidata.org/entity/Q1503753
Veeva Systems,Q24204493,VEEV,software industry,http://www.wikidata.org/entity/Q24204493
Velodyne Lidar,Q7919303,VLDR,intelligent transportation system,http://www.wikidata.org/entity/Q7919303
"Ventas, Inc.",Q19865761,VTR,real estate investment trust,http://www.wikidata.org/entity/Q19865761
Veralto Corporation,Q124721239,VLTO,,http://www.wikidata.org/entity/Q124721239
Veritiv,Q27988208,VRTV,pulp and paper industry,http://www.wikidata.org/entity/Q27988208
Vermilion Energy,Q7921589,VET,petroleum industry,http://www.wikidata.org/entity/Q7921589
Versar,Q16986417,VSR,,http://www.wikidata.org/entity/Q16986417
Vertical Aerospace,Q60754620,EVTL,aerospace industry,http://www.wikidata.org/entity/Q60754620
Vestis Corporation,Q122947676,VSTS,,http://www.wikidata.org/entity/Q122947676
Via,Q25339988,VIA,taxi service,http://www.wikidata.org/entity/Q25339988
Viad,Q7924444,VVI,,http://www.wikidata.org/entity/Q7924444
Vipshop,Q19854317,VIPS,e-commerce,http://www.wikidata.org/entity/Q19854317
Virgin Galactic,Q373225,SPCE,space tourism,http://www.wikidata.org/entity/Q373225
Viridien,Q2931412,CGG,petroleum industry,http://www.wikidata.org/entity/Q2931412
VirnetX,Q17087047,VHC,internet security,http://www.wikidata.org/entity/Q17087047
Vishay Intertechnology,Q2528284,VSH,electronics,http://www.wikidata.org/entity/Q2528284
Vishay Precision Group,Q120007567,VPG,electronics,http://www.wikidata.org/entity/Q120007567
Vista Oil & Gas,Q98525405,VIST,petroleum industry,http://www.wikidata.org/entity/Q98525405
Vista Outdoor,Q21072695,VSTO,shooting sports,http://www.wikidata.org/entity/Q21072695
Visteon,Q637474,,automotive supplier,http://www.wikidata.org/entity/Q637474
Vistra,Q104158381,VST,,http://www.wikidata.org/entity/Q104158381
Vital Energy,Q16981100,VTLE,petroleum industry,http://www.wikidata.org/entity/Q16981100
Vivint Solar,Q7937913,VSLR,solar panel,http://www.wikidata.org/entity/Q7937913
Volaris,Q431757,VLRS,,http://www.wikidata.org/entity/Q431757
Volta Charging,Q109307156,VLTA,electric vehicle charging network,http://www.wikidata.org/entity/Q109307156
Vonage,Q866972,,telecommunications,http://www.wikidata.org/entity/Q866972
Vontier,Q101209850,VNT,,http://www.wikidata.org/entity/Q101209850
Voxeljet,Q19799775,VJET,,http://www.wikidata.org/entity/Q19799775
Voya Financial,Q5972276,VOYA,financial services,http://www.wikidata.org/entity/Q5972276
Vulcan Materials Company,Q1685287,VMC,list of building materials,http://www.wikidata.org/entity/Q1685287
W. P. Carey & Co.,Q7945867,WPC,real estate investment trust,http://www.wikidata.org/entity/Q7945867
W. R. Berkley,Q1369955,WRB,insurance,http://www.wikidata.org/entity/Q1369955
W. R. Grace and Company,Q498746,GRA,,http://www.wikidata.org/entity/Q498746
W. W. Grainger,Q1627894,GWW,,http://www.wikidata.org/entity/Q1627894
"WABCO Holdings, Inc.",Q7946278,WBC,,http://www.wikidata.org/entity/Q7946278
WABCO Vehicle Control Systems,Q663448,WBC,automotive supplier,http://www.wikidata.org/entity/Q663448
WEC Energy Group,Q8027166,WEC,,http://www.wikidata.org/entity/Q8027166
WESCO International,Q7949044,WCC,maintenance,http://www.wikidata.org/entity/Q7949044
WME Group,Q1515039,EDR,talent agent,http://www.wikidata.org/entity/Q1515039
WNS Global Services,Q7953597,WNS,information technology consulting,http://www.wikidata.org/entity/Q7953597
WOW!,Q7954024,WOW,telecommunications,http://www.wikidata.org/entity/Q7954024
WPP plc,Q1318049,WPP,marketing,http://www.wikidata.org/entity/Q1318049
WPX Energy,Q19867294,WPX,extraction of petroleum,http://www.wikidata.org/entity/Q19867294
"WRKCo, Inc.",Q21016487,WRK,corrugated fiberboard,http://www.wikidata.org/entity/Q21016487
Wabash National,Q7958645,WNC,transport,http://www.wikidata.org/entity/Q7958645
Wabtec,Q741707,WAB,transport industry,http://www.wikidata.org/entity/Q741707
Waddell & Reed,Q7958965,WDR,,http://www.wikidata.org/entity/Q7958965
Walgreens,Q1591889,WAG,retail,http://www.wikidata.org/entity/Q1591889
Walker & Dunlop,Q60764327,WD,,http://www.wikidata.org/entity/Q60764327
Wallbox,Q107183498,WBX,,http://www.wikidata.org/entity/Q107183498
Walter Energy,Q7964770,WLT,mining of coal,http://www.wikidata.org/entity/Q7964770
Warby Parker,Q7968882,WRBY,retail,http://www.wikidata.org/entity/Q7968882
Warnaco Group,Q7969661,WRC,retail,http://www.wikidata.org/entity/Q7969661
Washington Gas,Q7971876,,public utility,http://www.wikidata.org/entity/Q7971876
Washington Prime Group,Q24908086,WPG,real estate investment trust,http://www.wikidata.org/entity/Q24908086
Waste Connections,Q7972797,,waste management,http://www.wikidata.org/entity/Q7972797
Waste Connections of Canada,Q7248824,BIN,waste management,http://www.wikidata.org/entity/Q7248824
"Waste Management, Inc",Q2552219,WM,waste management industry,http://www.wikidata.org/entity/Q2552219
Watsco,Q7974766,WSO,"heating, ventilation, and air conditioning",http://www.wikidata.org/entity/Q7974766
Wausau Paper,Q16986877,WPP,pulp and paper industry,http://www.wikidata.org/entity/Q16986877
WeWork,Q19995004,WE,coworking industry,http://www.wikidata.org/entity/Q19995004
Weatherford International,Q621071,,,http://www.wikidata.org/entity/Q621071
Weber-Stephen Products,Q2740047,WEBR,industrial manufacturing,http://www.wikidata.org/entity/Q2740047
Webster Bank,Q7978891,WBS,finance,http://www.wikidata.org/entity/Q7978891
Weingarten Realty,Q17091323,WRI,real estate investment trust,http://www.wikidata.org/entity/Q17091323
Weis Markets,Q7980370,WMK,,http://www.wikidata.org/entity/Q7980370
Welltower,Q20486917,WELL,real estate investment trust,http://www.wikidata.org/entity/Q20486917
West Fraser Timber,Q1765036,WFG,forestry,http://www.wikidata.org/entity/Q1765036
West Pharmaceutical Services (United States),Q30338243,WST,,http://www.wikidata.org/entity/Q30338243
Western Alliance Bancorporation,Q106238038,WAL,bank,http://www.wikidata.org/entity/Q106238038
Western Refining,Q7988215,WNR,petroleum industry,http://www.wikidata.org/entity/Q7988215
Westlake Corporation,Q17326957,WLK,petroleum industry,http://www.wikidata.org/entity/Q17326957
Westpac,Q2031726,WBK,economics of banking,http://www.wikidata.org/entity/Q2031726
Westwood Holdings Group,Q21010691,WHG,,http://www.wikidata.org/entity/Q21010691
Wheaton Precious Metals,Q1747133,SLW,mining,http://www.wikidata.org/entity/Q1747133
Wheels Up,Q56273933,UP,,http://www.wikidata.org/entity/Q56273933
Whirlpool,Q1471346,WHR,home appliance industry,http://www.wikidata.org/entity/Q1471346
White Mountains Insurance Group,Q7995089,WTM,,http://www.wikidata.org/entity/Q7995089
Whitestone REIT,Q100323973,WSR,,http://www.wikidata.org/entity/Q100323973
Willbros Group,Q8003525,WG,construction,http://www.wikidata.org/entity/Q8003525
Willis Group,Q919120,WSH,insurance broker,http://www.wikidata.org/entity/Q919120
Winnebago Industries,Q8025558,WGO,automotive industry,http://www.wikidata.org/entity/Q8025558
Wipro,Q1364176,WIT,information technology consulting,http://www.wikidata.org/entity/Q1364176
WisdomTree Investments,Q8027406,WT,,http://www.wikidata.org/entity/Q8027406
Wolfspeed,Q5183828,WOLF,electronics,http://www.wikidata.org/entity/Q5183828
Wolverine World Wide,Q8030548,WWW,textile industry,http://www.wikidata.org/entity/Q8030548
Woodside Energy,Q1812208,WDS,petroleum industry,http://www.wikidata.org/entity/Q1812208
Workiva,Q18156998,WK,,http://www.wikidata.org/entity/Q18156998
World Fuel Services,Q8035757,INT,energy industry,http://www.wikidata.org/entity/Q8035757
Worldpay,Q7915220,VNTV,financial services,http://www.wikidata.org/entity/Q7915220
Worthington Industries,Q2594130,WOR,,http://www.wikidata.org/entity/Q2594130
Wright Express,Q8038212,WEX,,http://www.wikidata.org/entity/Q8038212
WuXi AppTec,Q8038871,,pharmaceutical industry,http://www.wikidata.org/entity/Q8038871
Wyndham Worldwide,Q303341,WYN,hospitality industry,http://www.wikidata.org/entity/Q303341
XL Group,Q2597501,,holding company activities,http://www.wikidata.org/entity/Q2597501
"XPO, Inc.",Q8042415,XPO,logistics,http://www.wikidata.org/entity/Q8042415
XPeng,Q63035278,XPEV,automotive industry,http://www.wikidata.org/entity/Q63035278
Xenia Hotels and Resorts,Q21021003,XHR,real estate investment trust,http://www.wikidata.org/entity/Q21021003
Xerox,Q152433,XRX,computer industry,http://www.wikidata.org/entity/Q152433
Xinyuan Real Estate,Q8044687,XIN,real estate development,http://www.wikidata.org/entity/Q8044687
YETI,Q22026369,YETI,,http://www.wikidata.org/entity/Q22026369
YPF,Q2006989,YPF,petroleum industry,http://www.wikidata.org/entity/Q2006989
Yadkin Valley Bank and Trust,Q8046570,,,http://www.wikidata.org/entity/Q8046570
Yanzhou Coal Mining Company,Q850451,YZC,mining,http://www.wikidata.org/entity/Q850451
Yext,Q8053341,YEXT,technology industry,http://www.wikidata.org/entity/Q8053341
Yingli,Q1572831,,photovoltaics,http://www.wikidata.org/entity/Q1572831
Youku,Q151135,YOKU,Internet industry,http://www.wikidata.org/entity/Q151135
YuMe,Q8059885,YUME,,http://www.wikidata.org/entity/Q8059885
Yum China,Q30645592,YUMC,fast food,http://www.wikidata.org/entity/Q30645592
ZTO Express,Q10876705,ZTO,logistics,http://www.wikidata.org/entity/Q10876705
Zendesk,Q15401349,zen,software industry,http://www.wikidata.org/entity/Q15401349
Zepp Health,Q107725159,ZEPP,,http://www.wikidata.org/entity/Q107725159
Zeta Interactive,Q8069710,ZETA,business software industry,http://www.wikidata.org/entity/Q8069710
Zevia,Q8069865,ZVIA,beverage industry,http://www.wikidata.org/entity/Q8069865
Zhihu,Q15898172,ZH,,http://www.wikidata.org/entity/Q15898172
Zim Integrated Shipping Services Ltd,Q203386,ZIM,water transport,http://www.wikidata.org/entity/Q203386
Zimmer Biomet Holdings,Q203552,ZBH,biomedical engineering,http://www.wikidata.org/entity/Q203552
ZipRecruiter,Q8072594,ZIP,software industry,http://www.wikidata.org/entity/Q8072594
Zoës Kitchen,Q8074747,ZOES,fast casual restaurant,http://www.wikidata.org/entity/Q8074747
Zuora,Q8075320,ZUO,,http://www.wikidata.org/entity/Q8075320
Zymeworks,Q16968498,ZYME,pharmaceutical industry,http://www.wikidata.org/entity/Q16968498
cars.com,Q5046846,CARS,,http://www.wikidata.org/entity/Q5046846
dice.com,Q5272335,DHX,,http://www.wikidata.org/entity/Q5272335
e.l.f. Cosmetics,Q5422801,ELF,cosmetics industry,http://www.wikidata.org/entity/Q5422801
eHi,Q120755508,EHIC,,http://www.wikidata.org/entity/Q120755508
monster.com,Q692041,,,http://www.wikidata.org/entity/Q692041
3M,Q159433,MMM,occupational safety,http://www.wikidata.org/entity/Q159433
A. O. Smith,Q4648219,AOS,"water collection, treatment and supply",http://www.wikidata.org/entity/Q4648219
AES Corporation,Q291508,AES,electricity generation,http://www.wikidata.org/entity/Q291508
ALCON MANAGEMENT SA,Q684825,ALC,pharmaceutical industry,http://www.wikidata.org/entity/Q684825
AMD,Q128896,AMD,computer industry,http://www.wikidata.org/entity/Q128896
AT&T,Q35476,T,telecommunications,http://www.wikidata.org/entity/Q35476
AbbVie,Q14662364,ABBV,biotechnology,http://www.wikidata.org/entity/Q14662364
Abbott Laboratories,Q306764,ABT,medical technology industry,http://www.wikidata.org/entity/Q306764
Accenture,Q338825,ACN,information technology,http://www.wikidata.org/entity/Q338825
Aegon,Q291171,AEG,insurance,http://www.wikidata.org/entity/Q291171
Aetna,Q26049,AET,insurance,http://www.wikidata.org/entity/Q26049
Aflac,Q26311,AFL,,http://www.wikidata.org/entity/Q26311
Airgas,Q80635,ARG,industrial gas,http://www.wikidata.org/entity/Q80635
Albemarle Corporation,Q127074,ALB,chemical industry,http://www.wikidata.org/entity/Q127074
Albertsons,Q2831861,ACI,retail,http://www.wikidata.org/entity/Q2831861
Alexandria Real Estate Equities,Q48739877,ARE,real estate investment trust,http://www.wikidata.org/entity/Q48739877
Alibaba Group,Q1359568,BABA,e-commerce,http://www.wikidata.org/entity/Q1359568
Allstate,Q2645636,ALL,insurance,http://www.wikidata.org/entity/Q2645636
Alpha Natural Resources,Q2839509,AMR,mining,http://www.wikidata.org/entity/Q2839509
Alpha Tomo Global Resoures Sdn Bhd,Q1472539,MAN,staffing industry,http://www.wikidata.org/entity/Q1472539
Altria,Q445007,MO,food industry,http://www.wikidata.org/entity/Q445007
American Electric Power,Q464092,AEP,electricity generation,http://www.wikidata.org/entity/Q464092
American Express,Q194360,AXP,"financial service activities, except insurance and pension funding",http://www.wikidata.org/entity/Q194360
American International Group,Q212235,AIG,financial services,http://www.wikidata.org/entity/Q212235
American Water Works,Q467238,AWK,public utility,http://www.wikidata.org/entity/Q467238
Ameriprise Financial,Q2843129,AMP,financial services,http://www.wikidata.org/entity/Q2843129
Ametek,Q470317,AME,industrial manufacturing,http://www.wikidata.org/entity/Q470317
Amphenol,Q474621,APH,electronics,http://www.wikidata.org/entity/Q474621
América Móvil,Q482267,AMX,mobile phone industry,http://www.wikidata.org/entity/Q482267
Anheuser-Busch InBev,Q128738,BUD,brewing industry,http://www.wikidata.org/entity/Q128738
Antero Resources,Q39046155,AR,petroleum industry,http://www.wikidata.org/entity/Q39046155
Apollo Global Management,Q619121,APO,asset management,http://www.wikidata.org/entity/Q619121
Arcadium Lithium,Q131308915,ALTM,chemical industry,http://www.wikidata.org/entity/Q131308915
Archer Daniels Midland,Q632694,ADM,food processing,http://www.wikidata.org/entity/Q632694
Arista Networks,Q2861324,ANET,computer network,http://www.wikidata.org/entity/Q2861324
Assurant,Q4810399,AIZ,insurance,http://www.wikidata.org/entity/Q4810399
AstraZeneca,Q731938,AZN,pharmaceutical industry,http://www.wikidata.org/entity/Q731938
Atmos Energy,Q4817084,ATO,,http://www.wikidata.org/entity/Q4817084
"Audacy, Inc.",Q5380195,AUD,broadcasting,http://www.wikidata.org/entity/Q5380195
AutoZone,Q4826087,AZO,automotive industry,http://www.wikidata.org/entity/Q4826087
BHP,Q625713,BHP,mining,http://www.wikidata.org/entity/Q625713
BMO Financial Group,Q806693,BMO,economics of banking,http://www.wikidata.org/entity/Q806693
BP,Q152057,BP,petroleum industry,http://www.wikidata.org/entity/Q152057
Baker Hughes,Q804353,BHGE,petroleum industry,http://www.wikidata.org/entity/Q804353
Ball Corporation,Q4034815,BLL,mechanical engineering,http://www.wikidata.org/entity/Q4034815
Banco Bilbao Vizcaya Argentaria,Q806189,BBVA,financial services,http://www.wikidata.org/entity/Q806189
Banco Bradesco S.A.,Q806181,BBD,economics of banking,http://www.wikidata.org/entity/Q806181
Bank of America,Q487907,BAC,financial services,http://www.wikidata.org/entity/Q487907
Barnes & Noble,Q795454,BKS,bookselling,http://www.wikidata.org/entity/Q795454
Becton Dickinson,Q813780,BDX,biotechnology,http://www.wikidata.org/entity/Q813780
Belden,Q815327,BDC,electronics,http://www.wikidata.org/entity/Q815327
Belo,Q729754,BLC,broadcasting,http://www.wikidata.org/entity/Q729754
Berkshire Hathaway,Q217583,BRK.A,insurance,http://www.wikidata.org/entity/Q217583
Best Buy,Q533415,BBY,retail,http://www.wikidata.org/entity/Q533415
Birkenstock,Q648458,BIRK,footwear industry,http://www.wikidata.org/entity/Q648458
BlackBerry,Q502121,BB,information technology,http://www.wikidata.org/entity/Q502121
BlackRock,Q219635,BLK,asset management,http://www.wikidata.org/entity/Q219635
Blackstone Group,Q880942,BX,financial services,http://www.wikidata.org/entity/Q880942
"Block, Inc.",Q110778747,SQ,financial services,http://www.wikidata.org/entity/Q110778747
Boeing,Q66,BA,weapons industry,http://www.wikidata.org/entity/Q66
Boston Scientific,Q894585,BSX,,http://www.wikidata.org/entity/Q894585
Bristol-Myers Squibb,Q266423,BMY,pharmaceutical industry,http://www.wikidata.org/entity/Q266423
Brookfield Corporation,Q908324,BAM,financial services,http://www.wikidata.org/entity/Q908324
Brown & Brown,Q4976010,BRO,general insurance,http://www.wikidata.org/entity/Q4976010
Brown-Forman,Q392221,BF.B,beverage industry,http://www.wikidata.org/entity/Q392221
Burlington,Q4999220,BURL,retail,http://www.wikidata.org/entity/Q4999220
"CBRE, Inc.",Q1023013,CBRE,real estate industry,http://www.wikidata.org/entity/Q1023013
CBS Corporation,Q950380,CBSA,television,http://www.wikidata.org/entity/Q950380
CEMIG,Q1121202,CIG,,http://www.wikidata.org/entity/Q1121202
CGI,Q1798370,GIB,IT service management,http://www.wikidata.org/entity/Q1798370
CMB.TECH,Q2188613,CMBT,water transport,http://www.wikidata.org/entity/Q2188613
CNX Resources,Q65066950,CNX,petroleum industry,http://www.wikidata.org/entity/Q65066950
CVS Health,Q624375,CVS,retail,http://www.wikidata.org/entity/Q624375
Calpine,Q5023914,CPN,,http://www.wikidata.org/entity/Q5023914
Capital One,Q1034654,COF,financial services,http://www.wikidata.org/entity/Q1034654
Capri Holdings,Q19572998,CPRI,clothing industry,http://www.wikidata.org/entity/Q19572998
CarMax,Q5037190,KMX,,http://www.wikidata.org/entity/Q5037190
Cardinal Health,Q902397,CAH,health care,http://www.wikidata.org/entity/Q902397
Carvana,Q16247191,CVNA,e-commerce,http://www.wikidata.org/entity/Q16247191
Catalent,Q19866242,CTLT,pharmaceutical industry,http://www.wikidata.org/entity/Q19866242
Caterpillar,Q459965,CAT,mechanical engineering,http://www.wikidata.org/entity/Q459965
Celestica,Q225440,CLS,electronics,http://www.wikidata.org/entity/Q225440
Centene Corporation,Q5059102,CNC,health care,http://www.wikidata.org/entity/Q5059102
Centerra Gold,Q3742240,CGAU,mining,http://www.wikidata.org/entity/Q3742240
Charles River Laboratories,Q5082076,CRL,,http://www.wikidata.org/entity/Q5082076
Charles Schwab Corporation,Q1066028,SCHW,financial services,http://www.wikidata.org/entity/Q1066028
Chevron Corporation,Q319642,CVX,petroleum industry,http://www.wikidata.org/entity/Q319642
Chewy,Q28130158,CHWY,retail,http://www.wikidata.org/entity/Q28130158
Chico's FAS,Q5096393,CHS,retail,http://www.wikidata.org/entity/Q5096393
Chipotle Mexican Grill,Q465751,CMG,fast food,http://www.wikidata.org/entity/Q465751
Citigroup,Q219508,C,bank,http://www.wikidata.org/entity/Q219508
Citizens Financial Group,Q5122694,CFG,economics of banking,http://www.wikidata.org/entity/Q5122694
Clorox,Q910368,CLX,food industry,http://www.wikidata.org/entity/Q910368
Cloudflare,Q4778915,NET,information and communications technology,http://www.wikidata.org/entity/Q4778915
Colgate-Palmolive,Q609466,CL,personal care product,http://www.wikidata.org/entity/Q609466
ConocoPhillips,Q214763,COP,petroleum industry,http://www.wikidata.org/entity/Q214763
Consolidated Edison,Q1127536,ED,energy industry,http://www.wikidata.org/entity/Q1127536
Constellation Energy,Q259195,CEG,,http://www.wikidata.org/entity/Q259195
Copel,Q1130970,ELP,,http://www.wikidata.org/entity/Q1130970
CoreCivic,Q1135278,CXW,industrial sector,http://www.wikidata.org/entity/Q1135278
Corning Inc.,Q5842736,GLW,biotechnology,http://www.wikidata.org/entity/Q5842736
Coursera,Q499962,COUR,educational technology,http://www.wikidata.org/entity/Q499962
D-Wave Quantum,Q138161948,QBTS,,http://www.wikidata.org/entity/Q138161948
Danaher Corporation,Q1159256,DHR,conglomerate,http://www.wikidata.org/entity/Q1159256
Darden Restaurants,Q742196,DRI,system catering,http://www.wikidata.org/entity/Q742196
Deckers Outdoor Corporation,Q1181953,DECK,,http://www.wikidata.org/entity/Q1181953
Deere & Company,Q496302,DE,manufacture of machinery and equipment,http://www.wikidata.org/entity/Q496302
Dell Inc.,Q30873,DELL,software industry,http://www.wikidata.org/entity/Q30873
Dell Technologies,Q27500963,DELL,information technology,http://www.wikidata.org/entity/Q27500963
Delta Air Lines,Q188920,DAL,aviation,http://www.wikidata.org/entity/Q188920
Deutsche Bank,Q66048,DB,financial services,http://www.wikidata.org/entity/Q66048
Diageo,Q161140,DEO,beverage industry,http://www.wikidata.org/entity/Q161140
DigitalOcean,Q17052116,DOCN,cloud computing,http://www.wikidata.org/entity/Q17052116
Discover Financial,Q5281775,DFS,financial services,http://www.wikidata.org/entity/Q5281775
Dole plc,Q492747,DOLE,agribusiness,http://www.wikidata.org/entity/Q492747
Dollar General,Q145168,DG,retail,http://www.wikidata.org/entity/Q145168
Domino's Pizza,Q839466,DPZ,,http://www.wikidata.org/entity/Q839466
DoorDash,Q20714323,DASH,logistics,http://www.wikidata.org/entity/Q20714323
Dover Corporation,Q16974527,DOV,mechanical engineering,http://www.wikidata.org/entity/Q16974527
Dow Inc.,Q62739842,DOW,chemical industry,http://www.wikidata.org/entity/Q62739842
Dr Pepper Snapple Group,Q1254149,DPS,beverage industry,http://www.wikidata.org/entity/Q1254149
DuPont,Q221062,DD,chemical industry,http://www.wikidata.org/entity/Q221062
Duke Energy,Q1264404,DUK,electricity generation,http://www.wikidata.org/entity/Q1264404
EMCOR,Q5370289,EME,engineering,http://www.wikidata.org/entity/Q5370289
Eastman Chemical Company,Q899022,EMN,industrial manufacturing,http://www.wikidata.org/entity/Q899022
Eaton Corporation,Q48872,ETN,industrial manufacturing,http://www.wikidata.org/entity/Q48872
Ecolab,Q1282031,ECL,conglomerate,http://www.wikidata.org/entity/Q1282031
Edison International,Q662095,EIX,electricity generation,http://www.wikidata.org/entity/Q662095
Elevance Health,Q677488,ELV,health insurance,http://www.wikidata.org/entity/Q677488
Embraer,Q105557,ERJ,weapons industry,http://www.wikidata.org/entity/Q105557
Emergent,Q5370757,EBS,pharmaceutical industry,http://www.wikidata.org/entity/Q5370757
Equifax,Q5384453,EFX,,http://www.wikidata.org/entity/Q5384453
Estée Lauder,Q1260606,EL,cosmetics industry,http://www.wikidata.org/entity/Q1260606
Everyday Health,Q5417806,,,http://www.wikidata.org/entity/Q5417806
Exelon,Q1383669,EXC,energy industry,http://www.wikidata.org/entity/Q1383669
Extra Space Storage,Q5422162,EXR,self storage,http://www.wikidata.org/entity/Q5422162
ExxonMobil,Q156238,XOM,petroleum industry,http://www.wikidata.org/entity/Q156238
Fastly,Q34045622,FSLY,computer security,http://www.wikidata.org/entity/Q34045622
FedEx,Q459477,FDX,logistics,http://www.wikidata.org/entity/Q459477
Fidelity National Information Services,Q1411295,FIS,financial services,http://www.wikidata.org/entity/Q1411295
Fiverr International Ltd.,Q136684502,FVRR,,http://www.wikidata.org/entity/Q136684502
Fluor,Q653581,FLR,construction,http://www.wikidata.org/entity/Q653581
Ford Motor Company,Q44294,F,automotive industry,http://www.wikidata.org/entity/Q44294
GE Aerospace,Q1485061,GE,aerospace industry,http://www.wikidata.org/entity/Q1485061
GE Vernova,Q118957699,GEV,,http://www.wikidata.org/entity/Q118957699
GEO Group,Q1502794,GEO,real estate investment trust,http://www.wikidata.org/entity/Q1502794
Gap Inc.,Q420822,GAP,retail,http://www.wikidata.org/entity/Q420822
General Dynamics,Q502940,GD,mechanical engineering,http://www.wikidata.org/entity/Q502940
General Electric,Q54173,GE,mechanical engineering,http://www.wikidata.org/entity/Q54173
General Mills,Q629998,GIS,food industry,http://www.wikidata.org/entity/Q629998
General Motors,Q81965,GM,automotive industry,http://www.wikidata.org/entity/Q81965
Ginkgo Bioworks,Q29026065,DNA,biotechnology,http://www.wikidata.org/entity/Q29026065
Global Payments,Q5570544,GPN,,http://www.wikidata.org/entity/Q5570544
GoDaddy,Q1416215,GDDY,web hosting service,http://www.wikidata.org/entity/Q1416215
Gol Linhas Aéreas,Q691637,GOL,,http://www.wikidata.org/entity/Q691637
Goldman Sachs,Q193326,GS,International Standard Industrial Classification,http://www.wikidata.org/entity/Q193326
Gray Media,Q5598232,GTN,terrestrial television,http://www.wikidata.org/entity/Q5598232
Guess,Q2470307,GES,retail,http://www.wikidata.org/entity/Q2470307
HCA Corporation,Q1630431,HCA,health care,http://www.wikidata.org/entity/Q1630431
HSBC,Q190464,HSBC,insurance,http://www.wikidata.org/entity/Q190464
Haleon,Q112860932,HLN,,http://www.wikidata.org/entity/Q112860932
Halliburton,Q656165,HAL,petroleum,http://www.wikidata.org/entity/Q656165
Harley-Davidson,Q192814,HOG,automotive industry,http://www.wikidata.org/entity/Q192814
Harris Corporation,Q1433308,,aerospace industry,http://www.wikidata.org/entity/Q1433308
Honda,Q9584,HMC,automotive industry,http://www.wikidata.org/entity/Q9584
Host Hotels & Resorts,Q1630559,HST,hotel industry,http://www.wikidata.org/entity/Q1630559
Howmet Aerospace,Q25104597,ARNC,aerospace industry,http://www.wikidata.org/entity/Q25104597
HubSpot,Q5926631,HUBS,marketing,http://www.wikidata.org/entity/Q5926631
Huntington Ingalls Industries,Q7257522,HII,shipbuilding,http://www.wikidata.org/entity/Q7257522
Hypercom,Q5957866,HYC,,http://www.wikidata.org/entity/Q5957866
IBM,Q37156,IBM,software industry,http://www.wikidata.org/entity/Q37156
IMAX Corporation,Q1654103,IMAX,Motion Picture Production and Services,http://www.wikidata.org/entity/Q1654103
ING Group,Q645708,ING,"financial service activities, except insurance and pension funding",http://www.wikidata.org/entity/Q645708
Indosat,Q2393592,IIT,telecommunications,http://www.wikidata.org/entity/Q2393592
Integer,Q30297996,ITGR,,http://www.wikidata.org/entity/Q30297996
International Flavor & Fragrances,Q1666568,IFF,specialty chemicals,http://www.wikidata.org/entity/Q1666568
International Paper,Q202972,IP,pulp and paper industry,http://www.wikidata.org/entity/Q202972
Invitation Homes,Q85769855,INVH,real estate investment trust,http://www.wikidata.org/entity/Q85769855
JPMorgan Chase,Q192314,JPM,financial services,http://www.wikidata.org/entity/Q192314
Janus Henderson,Q30325409,JHG,investment management,http://www.wikidata.org/entity/Q30325409
Johnson & Johnson,Q333718,JNJ,pharmaceutical industry,http://www.wikidata.org/entity/Q333718
Johnson Controls plc,Q667865,JCI,,http://www.wikidata.org/entity/Q667865
Juniper Networks,Q1049080,JNPR,technology,http://www.wikidata.org/entity/Q1049080
Kenvue,Q118905792,KVUE,,http://www.wikidata.org/entity/Q118905792
Keurig Dr Pepper,Q3116111,KDP,beverage industry,http://www.wikidata.org/entity/Q3116111
Knoll,Q1624295,KNL,industrial manufacturing,http://www.wikidata.org/entity/Q1624295
Kodak,Q486269,KODK,chemical industry,http://www.wikidata.org/entity/Q486269
Kohl's,Q967265,KSS,retail,http://www.wikidata.org/entity/Q967265
Koninklijke Philips Electronics N.V.,Q170416,PHG,electrical industry,http://www.wikidata.org/entity/Q170416
Kroger,Q153417,KR,retail,http://www.wikidata.org/entity/Q153417
Lamb Weston,Q3216600,LW,,http://www.wikidata.org/entity/Q3216600
Lennox International,Q224751,LII,,http://www.wikidata.org/entity/Q224751
Levi Strauss & Co.,Q127962,LEVI,clothing industry,http://www.wikidata.org/entity/Q127962
Lightspeed,Q18635265,LSPD,,http://www.wikidata.org/entity/Q18635265
Linde Group,Q682759,LIN,chemical industry,http://www.wikidata.org/entity/Q682759
Live Nation Entertainment,Q1061903,LYV,show business,http://www.wikidata.org/entity/Q1061903
Livent Corp.,Q113279646,LTHM,mining,http://www.wikidata.org/entity/Q113279646
Lockheed Martin,Q7240,LMT,weapons industry,http://www.wikidata.org/entity/Q7240
LyondellBasell,Q899255,LYB,,http://www.wikidata.org/entity/Q899255
MAA,Q27988239,MAA,real estate investment trust,http://www.wikidata.org/entity/Q27988239
MCA Inc.,Q304509,,music industry,http://www.wikidata.org/entity/Q304509
Magna International,Q697311,MGA,automotive industry,http://www.wikidata.org/entity/Q697311
Marathon Petroleum,Q458363,MPC,petroleum industry,http://www.wikidata.org/entity/Q458363
McDonald's,Q38076,MCD,food service,http://www.wikidata.org/entity/Q38076
McKesson Corporation,Q570473,MCK,product distribution,http://www.wikidata.org/entity/Q570473
Medtronic,Q642189,MDT,medical technology industry,http://www.wikidata.org/entity/Q642189
Merck & Co.,Q247489,MRK,pharmaceutical industry,http://www.wikidata.org/entity/Q247489
MetLife,Q607131,MET,insurance industry,http://www.wikidata.org/entity/Q607131
Miniso,Q20732498,MNSO,retail,http://www.wikidata.org/entity/Q20732498
Mirion Technologies,Q30298277,MIR,electronics,http://www.wikidata.org/entity/Q30298277
Mohawk Industries,Q6893780,MHK,conglomerate,http://www.wikidata.org/entity/Q6893780
Molina Healthcare,Q6896175,MOH,health care industry,http://www.wikidata.org/entity/Q6896175
Morgan Stanley,Q334204,MS,financial services,http://www.wikidata.org/entity/Q334204
Motorola Solutions Incorporated,Q634815,MSI,telecommunications,http://www.wikidata.org/entity/Q634815
Movado,Q939816,MOV,,http://www.wikidata.org/entity/Q939816
"NVR, Inc.",Q6955706,NVR,,http://www.wikidata.org/entity/Q6955706
National Grid,Q1465461,NGG,electric power industry,http://www.wikidata.org/entity/Q1465461
Newmont Mining Corporation,Q1785405,NEM,mining,http://www.wikidata.org/entity/Q1785405
Nielsen Company,Q540891,NLSN,information industry,http://www.wikidata.org/entity/Q540891
Nike,Q483915,NKE,industrial sector,http://www.wikidata.org/entity/Q483915
Nokia,Q1418,NOK,computer network,http://www.wikidata.org/entity/Q1418
Northrop Grumman Corporation,Q329953,NOC,weapons industry,http://www.wikidata.org/entity/Q329953
Novo Nordisk,Q818846,NVO,pharmaceutical industry,http://www.wikidata.org/entity/Q818846
Nucor,Q1645081,NUE,iron and steel industry,http://www.wikidata.org/entity/Q1645081
Oi,Q1538731,,telecommunications,http://www.wikidata.org/entity/Q1538731
On Holding AG,Q114422270,ONON,retail,http://www.wikidata.org/entity/Q114422270
Oracle Corporation,Q19900,ORCL,software development,http://www.wikidata.org/entity/Q19900
Orange,Q1431486,ORAN,,http://www.wikidata.org/entity/Q1431486
PT Telkom Indonesia (Persero),Q2305438,TLK,telecommunications,http://www.wikidata.org/entity/Q2305438
PVH Corp.,Q1132272,PVH,fashion,http://www.wikidata.org/entity/Q1132272
Packaging Corporation of America,Q16983334,PKG,,http://www.wikidata.org/entity/Q16983334
Palantir Technologies,Q2047336,PLTR,computer and network surveillance,http://www.wikidata.org/entity/Q2047336
Pandora,Q1196431,P,software industry,http://www.wikidata.org/entity/Q1196431
PepsiCo,Q334800,PEP,food industry,http://www.wikidata.org/entity/Q334800
PerkinElmer,Q2066858,PKI,health technology,http://www.wikidata.org/entity/Q2066858
Pfizer,Q206921,PFE,pharmaceutical industry,http://www.wikidata.org/entity/Q206921
Philip Morris International,Q1852556,PM,tobacco industry,http://www.wikidata.org/entity/Q1852556
Phillips 66,Q1656230,PSX,petroleum industry,http://www.wikidata.org/entity/Q1656230
Planet Labs,Q17085620,PL,space industry,http://www.wikidata.org/entity/Q17085620
Pool Corporation,Q101209811,POOL,,http://www.wikidata.org/entity/Q101209811
Procter & Gamble,Q212405,PG,pharmaceutical industry,http://www.wikidata.org/entity/Q212405
Progressive Corporation,Q7248721,PGR,vehicle insurance,http://www.wikidata.org/entity/Q7248721
Prudential Financial,Q2114414,PRU,life insurance,http://www.wikidata.org/entity/Q2114414
"Pure Storage, Inc.",Q7261135,PSTG,recording medium,http://www.wikidata.org/entity/Q7261135
Quest Diagnostics,Q7271456,DGX,health care,http://www.wikidata.org/entity/Q7271456
RTX,Q89368734,RTX,weapons industry,http://www.wikidata.org/entity/Q89368734
Ralph Lauren Corporation,Q1641437,RL,commerce,http://www.wikidata.org/entity/Q1641437
Reddit Inc.,Q111759432,RDDT,,http://www.wikidata.org/entity/Q111759432
Republic Services,Q7314415,RSG,waste management,http://www.wikidata.org/entity/Q7314415
Rio Tinto,Q821293,RIO,metal industry,http://www.wikidata.org/entity/Q821293
Roblox Corporation,Q67186598,RBLX,video game industry,http://www.wikidata.org/entity/Q67186598
Rocket Companies,Q105887484,RKT,,http://www.wikidata.org/entity/Q105887484
Rockwell Automation,Q1529234,ROK,,http://www.wikidata.org/entity/Q1529234
SAP,Q552581,SAP,software development,http://www.wikidata.org/entity/Q552581
SLB,Q1425316,SLB,petroleum industry,http://www.wikidata.org/entity/Q1425316
Salesforce,Q941127,CRM,automation,http://www.wikidata.org/entity/Q941127
Sanofi,Q158205,SNY,pharmaceutical industry,http://www.wikidata.org/entity/Q158205
Semrush,Q48818116,SEMR,marketing,http://www.wikidata.org/entity/Q48818116
Sherwin-Williams,Q48881,SHW,chemical industry,http://www.wikidata.org/entity/Q48881
Shopify,Q7501150,SHOP,e-commerce,http://www.wikidata.org/entity/Q7501150
Six Flags,Q127324768,FUN,entertainment industry,http://www.wikidata.org/entity/Q127324768
Smurfit Westrock,Q1536176,SW,product packaging industry,http://www.wikidata.org/entity/Q1536176
Snap Inc.,Q27022329,SNAP,technology,http://www.wikidata.org/entity/Q27022329
Solventum,Q124795355,SOLV,health care,http://www.wikidata.org/entity/Q124795355
Sony Group,Q41187,SONY,video game industry,http://www.wikidata.org/entity/Q41187
Sotheby's,Q654762,BID,auction,http://www.wikidata.org/entity/Q654762
Southwest Airlines,Q503308,LUV,air transport,http://www.wikidata.org/entity/Q503308
Spelling Television,Q2721586,SP,television,http://www.wikidata.org/entity/Q2721586
Spotify Technology,Q60269744,SPOT,streaming media,http://www.wikidata.org/entity/Q60269744
Squarespace,Q7582097,SQSP,,http://www.wikidata.org/entity/Q7582097
Stanley Black & Decker,Q706094,SWK,power tool,http://www.wikidata.org/entity/Q706094
Starz Entertainment,Q515869,LGF,show business,http://www.wikidata.org/entity/Q515869
State Street Corporation,Q2037125,STT,financial services,http://www.wikidata.org/entity/Q2037125
SuperValu,Q682047,SVU,retail,http://www.wikidata.org/entity/Q682047
Symbol Technologies,Q603253,SBL,computer hardware industry,http://www.wikidata.org/entity/Q603253
Synchrony Financial,Q18387139,SYF,financial services,http://www.wikidata.org/entity/Q18387139
Sysco,Q2376711,SYY,wholesale,http://www.wikidata.org/entity/Q2376711
TD SYNNEX,Q109539474,SNX,IT service management,http://www.wikidata.org/entity/Q109539474
TE Connectivity,Q663452,TEL,electronics,http://www.wikidata.org/entity/Q663452
TKO Group Holdings,Q120435068,TKO,mass media,http://www.wikidata.org/entity/Q120435068
TSMC,Q713418,TSM,semiconductor industry,http://www.wikidata.org/entity/Q713418
Target Corporation,Q1046951,TGT,retail,http://www.wikidata.org/entity/Q1046951
Tegna Inc.,Q20648663,TGNA,,http://www.wikidata.org/entity/Q20648663
The Cigna Group,Q642271,CI,managed care,http://www.wikidata.org/entity/Q642271
The Coca-Cola Company,Q3295867,KO,fast-moving consumer goods,http://www.wikidata.org/entity/Q3295867
The Home Depot,Q864407,HD,retail,http://www.wikidata.org/entity/Q864407
The New York Times Company,Q2529982,NYT,journalism,http://www.wikidata.org/entity/Q2529982
The Vitamin Shoppe,Q7772938,VSI,retail,http://www.wikidata.org/entity/Q7772938
The Walt Disney Company,Q7414,DIS,animation,http://www.wikidata.org/entity/Q7414
Thermo Fisher Scientific,Q643674,TMO,biotechnology industry,http://www.wikidata.org/entity/Q643674
Thor Industries,Q7796068,THO,leisure industry,http://www.wikidata.org/entity/Q7796068
Tiffany & Co.,Q1066858,TIF,retail,http://www.wikidata.org/entity/Q1066858
TotalEnergies,Q154037,TTE,petroleum industry,http://www.wikidata.org/entity/Q154037
Toyota,Q53268,TM,automotive industry,http://www.wikidata.org/entity/Q53268
Transportadora de Gas del Sur,Q2449642,TGS,,http://www.wikidata.org/entity/Q2449642
Truist Financial,Q795486,TFC,financial services,http://www.wikidata.org/entity/Q795486
Tupperware,Q1129117,TUP,direct selling,http://www.wikidata.org/entity/Q1129117
"Twitter, Inc.",Q1390577,TWTR,Internet industry,http://www.wikidata.org/entity/Q1390577
Tyco International,Q672885,TYC,,http://www.wikidata.org/entity/Q672885
U.S. Bancorp,Q739084,USB,financial services,http://www.wikidata.org/entity/Q739084
U.S. Steel,Q72539,X,iron and steel industry,http://www.wikidata.org/entity/Q72539
UDR,Q27988153,UDR,real estate investment trust,http://www.wikidata.org/entity/Q27988153
USA Today Co.,Q1345971,GCI,mass media,http://www.wikidata.org/entity/Q1345971
Uber,Q780442,UBER,peer-to-peer ridesharing,http://www.wikidata.org/entity/Q780442
Ubiquiti,Q7876533,UI,computer network,http://www.wikidata.org/entity/Q7876533
Under Armour,Q2031485,UA,clothing industry,http://www.wikidata.org/entity/Q2031485
Unilever,Q157062,UL,food industry,http://www.wikidata.org/entity/Q157062
Union Pacific Corporation,Q20183163,UNP,transport,http://www.wikidata.org/entity/Q20183163
UnitedHealth Group,Q2103926,UNH,health insurance company,http://www.wikidata.org/entity/Q2103926
Utz Brands,Q7903503,UTZ,,http://www.wikidata.org/entity/Q7903503
VMware,Q11407,VMW,software industry,http://www.wikidata.org/entity/Q11407
Valero Energy,Q1283291,VLO,petroleum industry,http://www.wikidata.org/entity/Q1283291
VeriFone,Q2912154,PAY,electronics,http://www.wikidata.org/entity/Q2912154
Verizon Communications,Q467752,VZ,telecommunications,http://www.wikidata.org/entity/Q467752
Vertiv,Q5370909,VRT,industrial manufacturing,http://www.wikidata.org/entity/Q5370909
Vici Properties,Q54263910,VICI,real property,http://www.wikidata.org/entity/Q54263910
Victoria’s Secret,Q332477,VSCO,clothing industry,http://www.wikidata.org/entity/Q332477
Visa,Q328840,V,financial services,http://www.wikidata.org/entity/Q328840
Vivo,Q1428656,,mobile phone industry,http://www.wikidata.org/entity/Q1428656
Vizio,Q3561692,VZIO,electronics,http://www.wikidata.org/entity/Q3561692
Vornado Realty Trust,Q368181,VNO,real estate investment trust,http://www.wikidata.org/entity/Q368181
WK Kellogg Co,Q123112141,KLG,,http://www.wikidata.org/entity/Q123112141
WWE,Q35339,TKO,professional wrestling,http://www.wikidata.org/entity/Q35339
WarnerMedia,Q191715,TWX,telecommunications,http://www.wikidata.org/entity/Q191715
Waters Corporation,Q1322011,WAT,manufacturing of scientific and technical instrumentation,http://www.wikidata.org/entity/Q1322011
Wayfair,Q3540193,W,e-commerce,http://www.wikidata.org/entity/Q3540193
WellCare,Q7981065,WCG,health care,http://www.wikidata.org/entity/Q7981065
Wells Fargo,Q744149,WFC,financial services,http://www.wikidata.org/entity/Q744149
Western Union,Q861042,WU,financial services,http://www.wikidata.org/entity/Q861042
Weyerhaeuser,Q1780382,WY,pulp and paper industry,http://www.wikidata.org/entity/Q1780382
Wiley,Q1479654,WLY,,http://www.wikidata.org/entity/Q1479654
Williams Companies,Q930639,WMB,petroleum industry,http://www.wikidata.org/entity/Q930639
"Williams-Sonoma, Inc.",Q2581220,WSM,home furnishing,http://www.wikidata.org/entity/Q2581220
Woori Financial Group,Q484117,WF,finance,http://www.wikidata.org/entity/Q484117
"Workday, Inc.",Q8034666,WDAY,software industry,http://www.wikidata.org/entity/Q8034666
Wyndham Hotels & Resorts,Q8040120,WH,hospitality industry,http://www.wikidata.org/entity/Q8040120
Xcel Energy,Q1486956,XEL,public utility,http://www.wikidata.org/entity/Q1486956
Xylem Inc.,Q3146975,XYL,industrial manufacturing,http://www.wikidata.org/entity/Q3146975
Yamana Gold,Q835370,AUY,mining,http://www.wikidata.org/entity/Q835370
Yelp,Q2299611,YELP,information technology,http://www.wikidata.org/entity/Q2299611
Yum! Brands,Q668737,YUM,retail,http://www.wikidata.org/entity/Q668737
Zoetis,Q8073337,ZTS,pharmaceutical industry,http://www.wikidata.org/entity/Q8073337
