company,company_id,exchange,ticker,industry,company_url
,Q315287,New York Stock Exchange,QGEN,biotechnology,http://www.wikidata.org/entity/Q315287
,Q285931,New York Stock Exchange,GLAE,investment,http://www.wikidata.org/entity/Q285931
,Q325789,New York Stock Exchange,JEF,investment,http://www.wikidata.org/entity/Q325789
,Q81230,New York Stock Exchange,SI,electronics,http://www.wikidata.org/entity/Q81230
,Q680841,Nasdaq,SIAL,biotechnology,http://www.wikidata.org/entity/Q680841
,Q160229,New York Stock Exchange,TEF,telecommunications,http://www.wikidata.org/entity/Q160229
,Q624649,Nasdaq,KLAC,electronics,http://www.wikidata.org/entity/Q624649
,Q663452,New York Stock Exchange,TEL,electronics,http://www.wikidata.org/entity/Q663452
,Q465751,New York Stock Exchange,CMG,fast food,http://www.wikidata.org/entity/Q465751
,Q474621,New York Stock Exchange,APH,electronics,http://www.wikidata.org/entity/Q474621
,Q483006,New York Stock Exchange,LPL,electronics,http://www.wikidata.org/entity/Q483006
,Q502121,Nasdaq,BBRY,information technology,http://www.wikidata.org/entity/Q502121
,Q502121,New York Stock Exchange,BB,information technology,http://www.wikidata.org/entity/Q502121
,Q697311,New York Stock Exchange,MGA,automotive industry,http://www.wikidata.org/entity/Q697311
,Q225440,New York Stock Exchange,CLS,electronics,http://www.wikidata.org/entity/Q225440
,Q300120,New York Stock Exchange,AUO,electronics,http://www.wikidata.org/entity/Q300120
,Q460446,Nasdaq,DOX,communication,http://www.wikidata.org/entity/Q460446
,Q460446,New York Stock Exchange,DOX,communication,http://www.wikidata.org/entity/Q460446
,Q621592,Nasdaq,DISCK,mass media,http://www.wikidata.org/entity/Q621592
,Q175106,New York Stock Exchange,THI,fast food,http://www.wikidata.org/entity/Q175106
,Q219508,New York Stock Exchange,C,bank,http://www.wikidata.org/entity/Q219508
,Q745099,New York Stock Exchange,KYO,industrial sector,http://www.wikidata.org/entity/Q745099
,Q734338,Nasdaq,VRSN,telecommunications,http://www.wikidata.org/entity/Q734338
,Q691126,New York Stock Exchange,EDS,information technology industry,http://www.wikidata.org/entity/Q691126
,Q734779,Nasdaq,SCOR,Internet,http://www.wikidata.org/entity/Q734779
,Q583268,New York Stock Exchange,VALE,mining,http://www.wikidata.org/entity/Q583268
,Q625713,New York Stock Exchange,BHP,mining,http://www.wikidata.org/entity/Q625713
,Q691592,Nasdaq,GFS,semiconductor industry,http://www.wikidata.org/entity/Q691592
,Q694872,Nasdaq,TRMD,shipping line,http://www.wikidata.org/entity/Q694872
,Q483915,New York Stock Exchange,NKE,industrial sector,http://www.wikidata.org/entity/Q483915
,Q484117,New York Stock Exchange,WF,finance,http://www.wikidata.org/entity/Q484117
,Q813780,New York Stock Exchange,BDX,biotechnology,http://www.wikidata.org/entity/Q813780
,Q766417,Nasdaq,BUCY,mining,http://www.wikidata.org/entity/Q766417
,Q808908,New York Stock Exchange,GOLD,mining,http://www.wikidata.org/entity/Q808908
,Q612714,Nasdaq,SNRZ,health care,http://www.wikidata.org/entity/Q612714
,Q612714,New York Stock Exchange,SRZ,health care,http://www.wikidata.org/entity/Q612714
,Q650259,New York Stock Exchange,FMS,health care,http://www.wikidata.org/entity/Q650259
,Q215639,Nasdaq,OPRA,marketing,http://www.wikidata.org/entity/Q215639
,Q656165,New York Stock Exchange,HAL,petroleum,http://www.wikidata.org/entity/Q656165
,Q459477,New York Stock Exchange,FDX,logistics,http://www.wikidata.org/entity/Q459477
,Q126559,New York Stock Exchange,bap,insurance,http://www.wikidata.org/entity/Q126559
,Q151670,New York Stock Exchange,Y,insurance,http://www.wikidata.org/entity/Q151670
,Q459965,New York Stock Exchange,CAT,mechanical engineering,http://www.wikidata.org/entity/Q459965
,Q502940,New York Stock Exchange,GD,mechanical engineering,http://www.wikidata.org/entity/Q502940
,Q815327,New York Stock Exchange,BDC,electronics,http://www.wikidata.org/entity/Q815327
,Q654343,Nasdaq,SYNM,engineering,http://www.wikidata.org/entity/Q654343
,Q145168,New York Stock Exchange,DG,retail,http://www.wikidata.org/entity/Q145168
,Q153417,New York Stock Exchange,KR,retail,http://www.wikidata.org/entity/Q153417
,Q174310,New York Stock Exchange,JWN,retail,http://www.wikidata.org/entity/Q174310
,Q155026,New York Stock Exchange,UPS,logistics,http://www.wikidata.org/entity/Q155026
,Q483551,Nasdaq,WMT,retail,http://www.wikidata.org/entity/Q483551
,Q265176,Nasdaq,HQCL,engineering,http://www.wikidata.org/entity/Q265176
,Q624375,New York Stock Exchange,CVS,retail,http://www.wikidata.org/entity/Q624375
,Q668737,New York Stock Exchange,YUM,retail,http://www.wikidata.org/entity/Q668737
,Q682047,New York Stock Exchange,SVU,retail,http://www.wikidata.org/entity/Q682047
,Q265286,Nasdaq,TRVG,tourism,http://www.wikidata.org/entity/Q265286
,Q144060,Nasdaq,CRAY,supercomputer,http://www.wikidata.org/entity/Q144060
,Q156376,Nasdaq,VMEO,online video platform,http://www.wikidata.org/entity/Q156376
,Q780442,New York Stock Exchange,UBER,information technology,http://www.wikidata.org/entity/Q780442
,Q81965,New York Stock Exchange,GM,automotive industry,http://www.wikidata.org/entity/Q81965
,Q217583,New York Stock Exchange,BRK.A,insurance,http://www.wikidata.org/entity/Q217583
,Q291171,New York Stock Exchange,AEG,insurance,http://www.wikidata.org/entity/Q291171
,Q452340,Nasdaq,HSNI,cable television,http://www.wikidata.org/entity/Q452340
,Q733482,Nasdaq,GPRO,photography,http://www.wikidata.org/entity/Q733482
,Q127074,New York Stock Exchange,ALB,chemical industry,http://www.wikidata.org/entity/Q127074
,Q469553,New York Stock Exchange,TKR,industrial manufacturing,http://www.wikidata.org/entity/Q469553
,Q470317,New York Stock Exchange,AME,industrial manufacturing,http://www.wikidata.org/entity/Q470317
,Q478214,Nasdaq,TSLA,automotive industry,http://www.wikidata.org/entity/Q478214
,Q479167,New York Stock Exchange,SCS,industrial manufacturing,http://www.wikidata.org/entity/Q479167
,Q489469,Nasdaq,MLHR,industrial manufacturing,http://www.wikidata.org/entity/Q489469
,Q105557,New York Stock Exchange,ERJ,weapons industry,http://www.wikidata.org/entity/Q105557
,Q585861,Nasdaq,,information system,http://www.wikidata.org/entity/Q585861
,Q643626,New York Stock Exchange,DLPH,automotive industry,http://www.wikidata.org/entity/Q643626
,Q66048,New York Stock Exchange,DB,financial services,http://www.wikidata.org/entity/Q66048
,Q106158,New York Stock Exchange,,financial services,http://www.wikidata.org/entity/Q106158
,Q166621,New York Stock Exchange,MFG,financial services,http://www.wikidata.org/entity/Q166621
,Q319344,New York Stock Exchange,ANF,retail,http://www.wikidata.org/entity/Q319344
,Q285161,Nasdaq,IRBT,robotics,http://www.wikidata.org/entity/Q285161
,Q715583,Nasdaq,COST,retail,http://www.wikidata.org/entity/Q715583
,Q768231,Nasdaq,ESRX,retail,http://www.wikidata.org/entity/Q768231
,Q784804,New York Stock Exchange,AN,retail,http://www.wikidata.org/entity/Q784804
,Q785943,Nasdaq,SPLS,retail,http://www.wikidata.org/entity/Q785943
,Q794565,New York Stock Exchange,ARO,retail,http://www.wikidata.org/entity/Q794565
,Q813782,Nasdaq,BBBY,retail,http://www.wikidata.org/entity/Q813782
,Q288129,New York Stock Exchange,ACCO,industrial manufacturing,http://www.wikidata.org/entity/Q288129
,Q292292,New York Stock Exchange,AGCO,industrial manufacturing,http://www.wikidata.org/entity/Q292292
,Q135281,New York Stock Exchange,ALEX,conglomerate,http://www.wikidata.org/entity/Q135281
,Q486269,New York Stock Exchange,KODK,chemical industry,http://www.wikidata.org/entity/Q486269
,Q705392,Nasdaq,STX,computer storage media,http://www.wikidata.org/entity/Q705392
,Q738770,Nasdaq,WDC,computer storage media,http://www.wikidata.org/entity/Q738770
,Q157062,New York Stock Exchange,UL,food industry,http://www.wikidata.org/entity/Q157062
,Q158205,New York Stock Exchange,SNY,pharmaceutical industry,http://www.wikidata.org/entity/Q158205
,Q625708,New York Stock Exchange,ARMK,food service,http://www.wikidata.org/entity/Q625708
,Q654762,New York Stock Exchange,BID,auction,http://www.wikidata.org/entity/Q654762
,Q240333,Nasdaq,,integrated circuit,http://www.wikidata.org/entity/Q240333
,Q119991,New York Stock Exchange,APA,petroleum industry,http://www.wikidata.org/entity/Q119991
,Q152057,New York Stock Exchange,BP,petroleum industry,http://www.wikidata.org/entity/Q152057
,Q154037,New York Stock Exchange,TTE,petroleum industry,http://www.wikidata.org/entity/Q154037
,Q154950,New York Stock Exchange,RDS.B,petroleum industry,http://www.wikidata.org/entity/Q154950
,Q156238,New York Stock Exchange,XOM,petroleum industry,http://www.wikidata.org/entity/Q156238
,Q94933,Nasdaq,TTWO,video game industry,http://www.wikidata.org/entity/Q94933
,Q173941,Nasdaq,EA,video game industry,http://www.wikidata.org/entity/Q173941
,Q820770,New York Stock Exchange,,petrochemistry,http://www.wikidata.org/entity/Q820770
,Q260833,Nasdaq,SNDK,flash memory,http://www.wikidata.org/entity/Q260833
,Q267313,Nasdaq,MCFE,antivirus software,http://www.wikidata.org/entity/Q267313
,Q162852,Nasdaq,SVMK,software as a service,http://www.wikidata.org/entity/Q162852
,Q582418,New York Stock Exchange,ITT,industrial manufacturing,http://www.wikidata.org/entity/Q582418
,Q620875,Nasdaq,GT,industrial manufacturing,http://www.wikidata.org/entity/Q620875
,Q687478,Nasdaq,,industrial manufacturing,http://www.wikidata.org/entity/Q687478
,Q705757,Nasdaq,,e-commerce,http://www.wikidata.org/entity/Q705757
,Q725634,New York Stock Exchange,ASH,industrial manufacturing,http://www.wikidata.org/entity/Q725634
,Q771865,New York Stock Exchange,SPB,industrial manufacturing,http://www.wikidata.org/entity/Q771865
,Q797609,New York Stock Exchange,BW,industrial manufacturing,http://www.wikidata.org/entity/Q797609
,Q645525,Nasdaq,SPWR,photovoltaics,http://www.wikidata.org/entity/Q645525
,Q689446,New York Stock Exchange,AWI,building material,http://www.wikidata.org/entity/Q689446
,Q128896,Nasdaq,AMD,electrical industry,http://www.wikidata.org/entity/Q128896
,Q128896,New York Stock Exchange,AMD,electrical industry,http://www.wikidata.org/entity/Q128896
,Q170416,New York Stock Exchange,PHG,electrical industry,http://www.wikidata.org/entity/Q170416
,Q669977,Nasdaq,,chemical industry,http://www.wikidata.org/entity/Q669977
,Q682759,Nasdaq,LIN,chemical industry,http://www.wikidata.org/entity/Q682759
,Q682759,New York Stock Exchange,LIN,chemical industry,http://www.wikidata.org/entity/Q682759
,Q294721,New York Stock Exchange,AMC,entertainment,http://www.wikidata.org/entity/Q294721
,Q247489,New York Stock Exchange,MRK,pharmaceutical industry,http://www.wikidata.org/entity/Q247489
,Q266423,New York Stock Exchange,BMY,pharmaceutical industry,http://www.wikidata.org/entity/Q266423
,Q305473,New York Stock Exchange,IQV,pharmaceutical industry,http://www.wikidata.org/entity/Q305473
,Q333718,New York Stock Exchange,JNJ,pharmaceutical industry,http://www.wikidata.org/entity/Q333718
,Q717093,Nasdaq,ITOCY,trade,http://www.wikidata.org/entity/Q717093
,Q173476,New York Stock Exchange,CMI,manufacture of machinery and equipment,http://www.wikidata.org/entity/Q173476
,Q690604,Nasdaq,TASR,weapons industry,http://www.wikidata.org/entity/Q690604
,Q731938,New York Stock Exchange,AZN,pharmaceutical industry,http://www.wikidata.org/entity/Q731938
,Q811857,New York Stock Exchange,BLCO,pharmaceutical industry,http://www.wikidata.org/entity/Q811857
,Q818846,New York Stock Exchange,NVO,pharmaceutical industry,http://www.wikidata.org/entity/Q818846
,Q477993,Nasdaq,IHRT,music industry,http://www.wikidata.org/entity/Q477993
,Q493712,Nasdaq,DCGN,biopharmaceutical,http://www.wikidata.org/entity/Q493712
,Q159433,New York Stock Exchange,MMM,occupational safety,http://www.wikidata.org/entity/Q159433
,Q451476,New York Stock Exchange,BNS,economics of banking,http://www.wikidata.org/entity/Q451476
,Q463090,Nasdaq,SWHC,weapons industry,http://www.wikidata.org/entity/Q463090
,Q492747,New York Stock Exchange,DOLE,agribusiness,http://www.wikidata.org/entity/Q492747
,Q632240,New York Stock Exchange,LLY,pharmaceutical industry,http://www.wikidata.org/entity/Q632240
,Q663596,Nasdaq,GILD,pharmaceutical industry,http://www.wikidata.org/entity/Q663596
,Q684825,New York Stock Exchange,ALC,pharmaceutical industry,http://www.wikidata.org/entity/Q684825
,Q470156,New York Stock Exchange,ABC,pharmaceutical industry,http://www.wikidata.org/entity/Q470156
,Q470517,Nasdaq,AMGN,pharmaceutical industry,http://www.wikidata.org/entity/Q470517
,Q482044,Nasdaq,,pharmaceutical industry,http://www.wikidata.org/entity/Q482044
,Q152433,New York Stock Exchange,XRX,computer industry,http://www.wikidata.org/entity/Q152433
,Q464092,New York Stock Exchange,AEP,electricity generation,http://www.wikidata.org/entity/Q464092
,Q122141,Nasdaq,VOD,telecommunications,http://www.wikidata.org/entity/Q122141
,Q122141,New York Stock Exchange,,telecommunications,http://www.wikidata.org/entity/Q122141
,Q144617,New York Stock Exchange,TI,telecommunications,http://www.wikidata.org/entity/Q144617
,Q154387,Nasdaq,IRDM,telecommunications,http://www.wikidata.org/entity/Q154387
,Q165684,New York Stock Exchange,RCI,telecommunications,http://www.wikidata.org/entity/Q165684
,Q165858,New York Stock Exchange,TU,telecommunications,http://www.wikidata.org/entity/Q165858
,Q173395,Nasdaq,CSCO,telecommunications,http://www.wikidata.org/entity/Q173395
,Q689475,Nasdaq,LAUR,educational system,http://www.wikidata.org/entity/Q689475
,Q736091,Nasdaq,AZPN,software development,http://www.wikidata.org/entity/Q736091
,Q787324,Nasdaq,BEAS,software development,http://www.wikidata.org/entity/Q787324
,Q445007,New York Stock Exchange,MO,food industry,http://www.wikidata.org/entity/Q445007
,Q590897,New York Stock Exchange,ICA,construction,http://www.wikidata.org/entity/Q590897
,Q653581,New York Stock Exchange,FLR,construction,http://www.wikidata.org/entity/Q653581
,Q662095,New York Stock Exchange,EIX,electricity generation,http://www.wikidata.org/entity/Q662095
,Q629998,New York Stock Exchange,GIS,food industry,http://www.wikidata.org/entity/Q629998
,Q645072,New York Stock Exchange,DF,food industry,http://www.wikidata.org/entity/Q645072
,Q293796,New York Stock Exchange,AIV,real estate investment trust,http://www.wikidata.org/entity/Q293796
,Q174769,Nasdaq,UAL,air transport,http://www.wikidata.org/entity/Q174769
,Q327751,Nasdaq,KRFT,food industry,http://www.wikidata.org/entity/Q327751
,Q334800,New York Stock Exchange,PEP,food industry,http://www.wikidata.org/entity/Q334800
,Q735261,New York Stock Exchange,RY,financial services,http://www.wikidata.org/entity/Q735261
,Q739084,New York Stock Exchange,USB,financial services,http://www.wikidata.org/entity/Q739084
,Q744149,New York Stock Exchange,WFC,financial services,http://www.wikidata.org/entity/Q744149
,Q744683,New York Stock Exchange,BEN,financial services,http://www.wikidata.org/entity/Q744683
,Q795486,New York Stock Exchange,TFC,financial services,http://www.wikidata.org/entity/Q795486
,Q798819,Nasdaq,HBAN,financial services,http://www.wikidata.org/entity/Q798819
,Q806181,New York Stock Exchange,BBD,financial services,http://www.wikidata.org/entity/Q806181
,Q806189,New York Stock Exchange,BBVA,financial services,http://www.wikidata.org/entity/Q806189
,Q806206,New York Stock Exchange,CIB,financial services,http://www.wikidata.org/entity/Q806206
,Q806215,New York Stock Exchange,SAN,financial services,http://www.wikidata.org/entity/Q806215
,Q806689,New York Stock Exchange,BIRG,financial services,http://www.wikidata.org/entity/Q806689
,Q806693,New York Stock Exchange,BMO,financial services,http://www.wikidata.org/entity/Q806693
,Q677488,New York Stock Exchange,ELV,health insurance,http://www.wikidata.org/entity/Q677488
,Q329953,New York Stock Exchange,NOC,weapons industry,http://www.wikidata.org/entity/Q329953
,Q286214,Nasdaq,AAON,central heating,http://www.wikidata.org/entity/Q286214
,Q492058,Nasdaq,XMSR,radio broadcasting,http://www.wikidata.org/entity/Q492058
,Q282997,Nasdaq,FOXF,automotive industry,http://www.wikidata.org/entity/Q282997
,Q291508,New York Stock Exchange,AES,electricity generation,http://www.wikidata.org/entity/Q291508
,Q221062,New York Stock Exchange,DD,chemical industry,http://www.wikidata.org/entity/Q221062
,Q456563,Nasdaq,AMBC,financial services,http://www.wikidata.org/entity/Q456563
,Q456563,New York Stock Exchange,AMBC,financial services,http://www.wikidata.org/entity/Q456563
,Q487907,New York Stock Exchange,BAC,financial services,http://www.wikidata.org/entity/Q487907
,Q489921,New York Stock Exchange,MA,financial services,http://www.wikidata.org/entity/Q489921
,Q491325,New York Stock Exchange,SHG,financial services,http://www.wikidata.org/entity/Q491325
,Q458363,New York Stock Exchange,MPC,petroleum industry,http://www.wikidata.org/entity/Q458363
,Q483637,New York Stock Exchange,APC,petroleum industry,http://www.wikidata.org/entity/Q483637
,Q80978,New York Stock Exchange,HWP,software industry,http://www.wikidata.org/entity/Q80978
,Q174198,New York Stock Exchange,IT,market research,http://www.wikidata.org/entity/Q174198
,Q214763,New York Stock Exchange,COP,petroleum industry,http://www.wikidata.org/entity/Q214763
,Q256598,Nasdaq,RRMS,petroleum industry,http://www.wikidata.org/entity/Q256598
,Q256598,New York Stock Exchange,SEMG,petroleum industry,http://www.wikidata.org/entity/Q256598
,Q319642,New York Stock Exchange,CVX,petroleum industry,http://www.wikidata.org/entity/Q319642
,Q219635,New York Stock Exchange,BLK,asset management,http://www.wikidata.org/entity/Q219635
,Q223407,Nasdaq,NOVL,software industry,http://www.wikidata.org/entity/Q223407
,Q143616,New York Stock Exchange,UMC,semiconductor industry,http://www.wikidata.org/entity/Q143616
,Q245343,New York Stock Exchange,BCS,economics of banking,http://www.wikidata.org/entity/Q245343
,Q328840,New York Stock Exchange,V,financial services,http://www.wikidata.org/entity/Q328840
,Q334204,New York Stock Exchange,MS,financial services,http://www.wikidata.org/entity/Q334204
,Q628051,Nasdaq,ADSK,software development,http://www.wikidata.org/entity/Q628051
,Q632694,New York Stock Exchange,ADM,food processing,http://www.wikidata.org/entity/Q632694
,Q764321,New York Stock Exchange,OBE,petroleum industry,http://www.wikidata.org/entity/Q764321
,Q804353,New York Stock Exchange,BHGE,petroleum industry,http://www.wikidata.org/entity/Q804353
,Q304509,New York Stock Exchange,,music industry,http://www.wikidata.org/entity/Q304509
,Q485593,New York Stock Exchange,RHT,software industry,http://www.wikidata.org/entity/Q485593
,Q489080,Nasdaq,ADP,software industry,http://www.wikidata.org/entity/Q489080
,Q589288,New York Stock Exchange,BK,economics of banking,http://www.wikidata.org/entity/Q589288
,Q631047,New York Stock Exchange,HDB,economics of banking,http://www.wikidata.org/entity/Q631047
,Q666694,New York Stock Exchange,CM,economics of banking,http://www.wikidata.org/entity/Q666694
,Q685641,New York Stock Exchange,,data center,http://www.wikidata.org/entity/Q685641
,Q688687,New York Stock Exchange,ECA,petroleum industry,http://www.wikidata.org/entity/Q688687
,Q80635,New York Stock Exchange,ARG,industrial gas,http://www.wikidata.org/entity/Q80635
,Q135325,New York Stock Exchange,AA,aluminium industry,http://www.wikidata.org/entity/Q135325
,Q72539,New York Stock Exchange,X,iron and steel industry,http://www.wikidata.org/entity/Q72539
,Q484143,Nasdaq,GRVY,video game industry,http://www.wikidata.org/entity/Q484143
,Q283457,New York Stock Exchange,SSP,broadcast television system,http://www.wikidata.org/entity/Q283457
,Q324603,Nasdaq,CPQ,computer industry,http://www.wikidata.org/entity/Q324603
,Q675585,New York Stock Exchange,MCO,financial services,http://www.wikidata.org/entity/Q675585
,Q689791,Nasdaq,,facility management,http://www.wikidata.org/entity/Q689791
,Q116319,Nasdaq,RKLB,aerospace industry,http://www.wikidata.org/entity/Q116319
,Q156644,New York Stock Exchange,RTN,aerospace industry,http://www.wikidata.org/entity/Q156644
,Q261288,New York Stock Exchange,DLB,audio signal processing,http://www.wikidata.org/entity/Q261288
,Q500088,Nasdaq,DWA,film production,http://www.wikidata.org/entity/Q500088
,Q303341,New York Stock Exchange,WYN,hospitality industry,http://www.wikidata.org/entity/Q303341
,Q486737,New York Stock Exchange,KEP,electricity supply company,http://www.wikidata.org/entity/Q486737
,Q501476,Nasdaq,HAS,game industry,http://www.wikidata.org/entity/Q501476
,Q619121,Nasdaq,AINV,asset management,http://www.wikidata.org/entity/Q619121
,Q619121,New York Stock Exchange,APO,asset management,http://www.wikidata.org/entity/Q619121
,Q637440,New York Stock Exchange,LAZ,asset management,http://www.wikidata.org/entity/Q637440
,Q739518,New York Stock Exchange,AON,professional service,http://www.wikidata.org/entity/Q739518
,Q821293,New York Stock Exchange,RIO,mining industry,http://www.wikidata.org/entity/Q821293
,Q731912,New York Stock Exchange,CARR,"heating, ventilation, and air conditioning",http://www.wikidata.org/entity/Q731912
,Q742196,New York Stock Exchange,DRI,system catering,http://www.wikidata.org/entity/Q742196
,Q706094,New York Stock Exchange,SWK,bricolage,http://www.wikidata.org/entity/Q706094
,Q795454,New York Stock Exchange,BKS,bookselling,http://www.wikidata.org/entity/Q795454
,Q481472,New York Stock Exchange,SPP,pulp and paper industry,http://www.wikidata.org/entity/Q481472
,Q810773,New York Stock Exchange,BBWI,final good,http://www.wikidata.org/entity/Q810773
,Q127962,New York Stock Exchange,LEVI,clothing industry,http://www.wikidata.org/entity/Q127962
,Q128738,New York Stock Exchange,BUD,brewing industry,http://www.wikidata.org/entity/Q128738
,Q642106,New York Stock Exchange,TS,mining industry,http://www.wikidata.org/entity/Q642106
,Q851641,Nasdaq,EQIX,Internet,http://www.wikidata.org/entity/Q851641
,Q140676,Nasdaq,REDF,online service,http://www.wikidata.org/entity/Q140676
,Q297879,Nasdaq,ASML,semiconductor industry,http://www.wikidata.org/entity/Q297879
,Q464767,New York Stock Exchange,AM,greeting card,http://www.wikidata.org/entity/Q464767
,Q151135,New York Stock Exchange,YOKU,Internet industry,http://www.wikidata.org/entity/Q151135
,Q152695,New York Stock Exchange,AS,sporting goods industry,http://www.wikidata.org/entity/Q152695
,Q741707,New York Stock Exchange,WAB,transport industry,http://www.wikidata.org/entity/Q741707
,Q327646,New York Stock Exchange,ENE,energy industry,http://www.wikidata.org/entity/Q327646
,Q502132,New York Stock Exchange,LDOS,defense contractor,http://www.wikidata.org/entity/Q502132
,Q608776,Nasdaq,CDNS,software industry,http://www.wikidata.org/entity/Q608776
,Q642372,Nasdaq,CIMT,software industry,http://www.wikidata.org/entity/Q642372
,Q658789,New York Stock Exchange,GRMN,software industry,http://www.wikidata.org/entity/Q658789
,Q677085,Nasdaq,SYMC,software industry,http://www.wikidata.org/entity/Q677085
,Q787044,New York Stock Exchange,ALV,automotive supplier,http://www.wikidata.org/entity/Q787044
,Q161140,New York Stock Exchange,DEO,beverage industry,http://www.wikidata.org/entity/Q161140
,Q220485,Nasdaq,ZRAN,electronics industry,http://www.wikidata.org/entity/Q220485
,Q259011,New York Stock Exchange,MOT,electronics industry,http://www.wikidata.org/entity/Q259011
,Q245772,Nasdaq,ZNGA,video game industry,http://www.wikidata.org/entity/Q245772
,Q276345,Nasdaq,TIGO,telecommunications,http://www.wikidata.org/entity/Q276345
,Q283852,New York Stock Exchange,TKC,telecommunications,http://www.wikidata.org/entity/Q283852
,Q301965,New York Stock Exchange,S,telecommunications,http://www.wikidata.org/entity/Q301965
,Q322320,New York Stock Exchange,LVLT,telecommunications,http://www.wikidata.org/entity/Q322320
,Q846246,Nasdaq,NEON,telecommunications,http://www.wikidata.org/entity/Q846246
,Q899130,New York Stock Exchange,BTM,telecommunications,http://www.wikidata.org/entity/Q899130
,Q912413,New York Stock Exchange,FTE,telecommunications,http://www.wikidata.org/entity/Q912413
,Q784022,New York Stock Exchange,RENN,social networking service,http://www.wikidata.org/entity/Q784022
,Q462984,New York Stock Exchange,AEE,energy industry,http://www.wikidata.org/entity/Q462984
,Q496302,New York Stock Exchange,DE,manufacture of machinery and equipment,http://www.wikidata.org/entity/Q496302
,Q747489,Nasdaq,CYRX,electronics industry,http://www.wikidata.org/entity/Q747489
,Q761965,New York Stock Exchange,BAX,medical equipment,http://www.wikidata.org/entity/Q761965
,Q295774,Nasdaq,ANSS,software publishing,http://www.wikidata.org/entity/Q295774
,Q324616,New York Stock Exchange,INGM,"Wholesale of computers, computer peripheral equipment and software",http://www.wikidata.org/entity/Q324616
,Q729754,New York Stock Exchange,BLC,broadcasting,http://www.wikidata.org/entity/Q729754
,Q289761,Nasdaq,FDML,automotive supplier,http://www.wikidata.org/entity/Q289761
,Q499962,New York Stock Exchange,COUR,educational technology,http://www.wikidata.org/entity/Q499962
,Q238765,New York Stock Exchange,ATK,aerospace industry,http://www.wikidata.org/entity/Q238765
,Q717531,New York Stock Exchange,CHT,mobile phone industry,http://www.wikidata.org/entity/Q717531
,Q596139,Nasdaq,MAT,game industry,http://www.wikidata.org/entity/Q596139
,Q621532,Nasdaq,APPB,system catering,http://www.wikidata.org/entity/Q621532
,Q642271,New York Stock Exchange,CI,managed care,http://www.wikidata.org/entity/Q642271
,Q688725,New York Stock Exchange,TECK,coal industry,http://www.wikidata.org/entity/Q688725
,Q725793,New York Stock Exchange,CNP,rail transport,http://www.wikidata.org/entity/Q725793
,Q677464,New York Stock Exchange,D,energy industry,http://www.wikidata.org/entity/Q677464
,Q726654,New York Stock Exchange,GLT,pulp and paper industry,http://www.wikidata.org/entity/Q726654
,Q778126,New York Stock Exchange,I,telecommunications,http://www.wikidata.org/entity/Q778126
,Q791285,New York Stock Exchange,AVP,cosmetics industry,http://www.wikidata.org/entity/Q791285
,Q464996,New York Stock Exchange,NT,telecommunications,http://www.wikidata.org/entity/Q464996
,Q467752,Nasdaq,VZ,telecommunications,http://www.wikidata.org/entity/Q467752
,Q467752,New York Stock Exchange,VZ,telecommunications,http://www.wikidata.org/entity/Q467752
,Q482267,Nasdaq,AMOV,telecommunications,http://www.wikidata.org/entity/Q482267
,Q482267,New York Stock Exchange,AMX,telecommunications,http://www.wikidata.org/entity/Q482267
,Q485908,New York Stock Exchange,KT,telecommunications,http://www.wikidata.org/entity/Q485908
,Q493145,New York Stock Exchange,SKM,telecommunications,http://www.wikidata.org/entity/Q493145
,Q713418,New York Stock Exchange,TSM,semiconductor industry,http://www.wikidata.org/entity/Q713418
,Q747207,Nasdaq,LSCC,semiconductor industry,http://www.wikidata.org/entity/Q747207
,Q757489,Nasdaq,ATML,semiconductor industry,http://www.wikidata.org/entity/Q757489
,Q790060,Nasdaq,AVGO,semiconductor industry,http://www.wikidata.org/entity/Q790060
,Q600624,Nasdaq,CA,enterprise software,http://www.wikidata.org/entity/Q600624
,Q741046,Nasdaq,PRGS,software industry,http://www.wikidata.org/entity/Q741046
,Q757307,Nasdaq,TEAM,software industry,http://www.wikidata.org/entity/Q757307
,Q818314,Nasdaq,BSY,software industry,http://www.wikidata.org/entity/Q818314
,Q823303,Nasdaq,,software industry,http://www.wikidata.org/entity/Q823303
,Q805383,New York Stock Exchange,BYI,gambling industry,http://www.wikidata.org/entity/Q805383
,Q461210,New York Stock Exchange,COL,aerospace industry,http://www.wikidata.org/entity/Q461210
,Q484930,Nasdaq,ADI,semiconductor industry,http://www.wikidata.org/entity/Q484930
,Q467238,New York Stock Exchange,AWK,public utility,http://www.wikidata.org/entity/Q467238
,Q483946,New York Stock Exchange,PKX,iron and steel industry,http://www.wikidata.org/entity/Q483946
,Q373740,Nasdaq,BBOX,technology,http://www.wikidata.org/entity/Q373740
,Q607131,New York Stock Exchange,MET,insurance industry,http://www.wikidata.org/entity/Q607131
,Q661845,New York Stock Exchange,STM,semiconductor industry,http://www.wikidata.org/entity/Q661845
,Q306764,New York Stock Exchange,ABT,medical technology industry,http://www.wikidata.org/entity/Q306764
,Q624798,New York Stock Exchange,CNI,rail freight transport,http://www.wikidata.org/entity/Q624798
,Q634815,New York Stock Exchange,MSI,telecommunications,http://www.wikidata.org/entity/Q634815
,Q644167,New York Stock Exchange,PHI,telecommunications,http://www.wikidata.org/entity/Q644167
,Q644289,New York Stock Exchange,ATUS,telecommunications,http://www.wikidata.org/entity/Q644289
,Q917487,New York Stock Exchange,EAT,music,http://www.wikidata.org/entity/Q917487
,Q332477,New York Stock Exchange,VSCO,clothing industry,http://www.wikidata.org/entity/Q332477
,Q447403,New York Stock Exchange,AWC,aluminium industry,http://www.wikidata.org/entity/Q447403
,Q447855,New York Stock Exchange,ACH,aluminium industry,http://www.wikidata.org/entity/Q447855
,Q609466,New York Stock Exchange,CL,personal care product,http://www.wikidata.org/entity/Q609466
,Q637474,Nasdaq,VC,automotive supplier,http://www.wikidata.org/entity/Q637474
,Q637474,New York Stock Exchange,,automotive supplier,http://www.wikidata.org/entity/Q637474
,Q663448,New York Stock Exchange,WBC,automotive supplier,http://www.wikidata.org/entity/Q663448
,Q686785,New York Stock Exchange,RIG,list of oilfield service companies,http://www.wikidata.org/entity/Q686785
,Q487230,New York Stock Exchange,SHG,financial sector,http://www.wikidata.org/entity/Q487230
,Q496606,New York Stock Exchange,KB,financial sector,http://www.wikidata.org/entity/Q496606
,Q603253,New York Stock Exchange,SBL,computer hardware industry,http://www.wikidata.org/entity/Q603253
,Q610728,Nasdaq,,computer hardware industry,http://www.wikidata.org/entity/Q610728
,Q642189,New York Stock Exchange,MDT,medical technology industry,http://www.wikidata.org/entity/Q642189
,Q648533,New York Stock Exchange,SMI,semiconductor industry in China,http://www.wikidata.org/entity/Q648533
,Q657648,New York Stock Exchange,FUN,leisure park industry,http://www.wikidata.org/entity/Q657648
,Q916196,Nasdaq,CTXS,technology,http://www.wikidata.org/entity/Q916196
,Q619111,Nasdaq,APOL,for-profit education,http://www.wikidata.org/entity/Q619111
,Q402788,Nasdaq,ORBC,telecommunications,http://www.wikidata.org/entity/Q402788
,Q420597,Nasdaq,CTEL,telecommunications,http://www.wikidata.org/entity/Q420597
,Q847232,New York Stock Exchange,URS,engineering,http://www.wikidata.org/entity/Q847232
,Q1225892,Nasdaq,SONM,telecommunications,http://www.wikidata.org/entity/Q1225892
,Q863675,New York Stock Exchange,FSL,central processing unit,http://www.wikidata.org/entity/Q863675
,Q420506,Nasdaq,WIX,Internet,http://www.wikidata.org/entity/Q420506
,Q790650,New York Stock Exchange,AVY,product packaging industry,http://www.wikidata.org/entity/Q790650
,Q816379,New York Stock Exchange,BMS,product packaging industry,http://www.wikidata.org/entity/Q816379
,Q433896,Nasdaq,ALTI,electronics,http://www.wikidata.org/entity/Q433896
,Q16858748,Nasdaq,CERE,biotechnology,http://www.wikidata.org/entity/Q16858748
,Q1135278,New York Stock Exchange,CXW,industrial sector,http://www.wikidata.org/entity/Q1135278
,Q1885099,New York Stock Exchange,TWC,telecommunications,http://www.wikidata.org/entity/Q1885099
,Q1925384,New York Stock Exchange,IDT,telecommunications,http://www.wikidata.org/entity/Q1925384
,Q502509,New York Stock Exchange,SNN,medical technology industry,http://www.wikidata.org/entity/Q502509
,Q502344,New York Stock Exchange,LEA,automotive supplier,http://www.wikidata.org/entity/Q502344
,Q2068984,Nasdaq,ILMN,biotechnology,http://www.wikidata.org/entity/Q2068984
,Q2069413,Nasdaq,GNOM,biotechnology,http://www.wikidata.org/entity/Q2069413
,Q1931458,New York Stock Exchange,MFGP,information technology,http://www.wikidata.org/entity/Q1931458
,Q2056977,Nasdaq,IGTE,information technology,http://www.wikidata.org/entity/Q2056977
,Q919511,Nasdaq,ELNK,internet service provider,http://www.wikidata.org/entity/Q919511
,Q643674,New York Stock Exchange,TMO,biotechnology industry,http://www.wikidata.org/entity/Q643674
,Q648458,New York Stock Exchange,BIRK,footwear industry,http://www.wikidata.org/entity/Q648458
,Q645708,New York Stock Exchange,ING,"financial service activities, except insurance and pension funding",http://www.wikidata.org/entity/Q645708
,Q667599,New York Stock Exchange,NWL,consumer goods industry,http://www.wikidata.org/entity/Q667599
,Q16959092,Nasdaq,UBFO,bank,http://www.wikidata.org/entity/Q16959092
,Q1140680,Nasdaq,FLEX,electronics,http://www.wikidata.org/entity/Q1140680
,Q1152374,Nasdaq,GEHC,electronics,http://www.wikidata.org/entity/Q1152374
,Q1155668,Nasdaq,NXPI,electronics,http://www.wikidata.org/entity/Q1155668
,Q1157767,Nasdaq,DAKT,electronics,http://www.wikidata.org/entity/Q1157767
,Q457960,New York Stock Exchange,VFC,clothing industry,http://www.wikidata.org/entity/Q457960
,Q434017,Nasdaq,ALTR,artificial intelligence,http://www.wikidata.org/entity/Q434017
,Q846743,Nasdaq,ORBK,electronics,http://www.wikidata.org/entity/Q846743
,Q877536,New York Stock Exchange,EMC,electronics,http://www.wikidata.org/entity/Q877536
,Q386193,New York Stock Exchange,CDE,mining,http://www.wikidata.org/entity/Q386193
,Q338825,New York Stock Exchange,ACN,information technology,http://www.wikidata.org/entity/Q338825
,Q850451,New York Stock Exchange,YZC,mining,http://www.wikidata.org/entity/Q850451
,Q393762,New York Stock Exchange,A,high-performance liquid chromatography,http://www.wikidata.org/entity/Q393762
,Q844805,New York Stock Exchange,DDS,retail,http://www.wikidata.org/entity/Q844805
,Q864407,New York Stock Exchange,HD,retail,http://www.wikidata.org/entity/Q864407
,Q898208,New York Stock Exchange,HON,retail,http://www.wikidata.org/entity/Q898208
,Q920037,New York Stock Exchange,JCP,retail,http://www.wikidata.org/entity/Q920037
,Q931354,New York Stock Exchange,LB,retail,http://www.wikidata.org/entity/Q931354
,Q915543,New York Stock Exchange,BGG,mechanical engineering,http://www.wikidata.org/entity/Q915543
,Q935059,New York Stock Exchange,TTC,mechanical engineering,http://www.wikidata.org/entity/Q935059
,Q16988748,Nasdaq,CSGP,information technology,http://www.wikidata.org/entity/Q16988748
,Q1943468,Nasdaq,,electronics,http://www.wikidata.org/entity/Q1943468
,Q2071877,New York Stock Exchange,HELI,transport,http://www.wikidata.org/entity/Q2071877
,Q1123366,New York Stock Exchange,CNW,transport,http://www.wikidata.org/entity/Q1123366
,Q891163,Nasdaq,BOJA,fast food,http://www.wikidata.org/entity/Q891163
,Q373225,New York Stock Exchange,SPCE,space tourism,http://www.wikidata.org/entity/Q373225
,Q16964955,Nasdaq,NETL,electronics,http://www.wikidata.org/entity/Q16964955
,Q1902726,Nasdaq,FINB,bank,http://www.wikidata.org/entity/Q1902726
,Q2032800,New York Stock Exchange,ALLY,bank,http://www.wikidata.org/entity/Q2032800
,Q356349,Nasdaq,ADEP,robotics,http://www.wikidata.org/entity/Q356349
,Q420822,New York Stock Exchange,GAP,retail,http://www.wikidata.org/entity/Q420822
,Q902397,New York Stock Exchange,CAH,health care,http://www.wikidata.org/entity/Q902397
,Q921363,New York Stock Exchange,KND,health care,http://www.wikidata.org/entity/Q921363
,Q372657,New York Stock Exchange,CS,financial services,http://www.wikidata.org/entity/Q372657
,Q16829282,Nasdaq,CHRM,advertising,http://www.wikidata.org/entity/Q16829282
,Q16983204,New York Stock Exchange,AMWL,health care,http://www.wikidata.org/entity/Q16983204
,Q16984522,New York Stock Exchange,SEM,health care,http://www.wikidata.org/entity/Q16984522
,Q1770710,Nasdaq,TRIP,tourism,http://www.wikidata.org/entity/Q1770710
,Q1765036,New York Stock Exchange,WFG,forestry,http://www.wikidata.org/entity/Q1765036
,Q1785405,New York Stock Exchange,NEM,metal,http://www.wikidata.org/entity/Q1785405
,Q223127,Nasdaq,LOGI,computer hardware industry,http://www.wikidata.org/entity/Q223127
,Q460307,New York Stock Exchange,AMCR,product packaging industry,http://www.wikidata.org/entity/Q460307
,Q931233,New York Stock Exchange,CISN,public relations,http://www.wikidata.org/entity/Q931233
,Q1132272,New York Stock Exchange,PVH,fashion,http://www.wikidata.org/entity/Q1132272
,Q1122747,Nasdaq,,information technology,http://www.wikidata.org/entity/Q1122747
,Q1139852,Nasdaq,RVBD,information technology,http://www.wikidata.org/entity/Q1139852
,Q16981897,New York Stock Exchange,MCY,insurance,http://www.wikidata.org/entity/Q16981897
,Q16994702,New York Stock Exchange,HGTY,insurance,http://www.wikidata.org/entity/Q16994702
,Q1138662,Nasdaq,WPPGY,marketing,http://www.wikidata.org/entity/Q1138662
,Q1318049,Nasdaq,WPP,marketing,http://www.wikidata.org/entity/Q1318049
,Q1318049,New York Stock Exchange,WPP,marketing,http://www.wikidata.org/entity/Q1318049
,Q344341,Nasdaq,ATVI,video game industry,http://www.wikidata.org/entity/Q344341
,Q16839584,Nasdaq,GLYN,retail,http://www.wikidata.org/entity/Q16839584
,Q16956136,New York Stock Exchange,CATO,retail,http://www.wikidata.org/entity/Q16956136
,Q16968488,Nasdaq,ZU,retail,http://www.wikidata.org/entity/Q16968488
,Q1195490,New York Stock Exchange,,retail,http://www.wikidata.org/entity/Q1195490
,Q1285819,New York Stock Exchange,TJX,retail,http://www.wikidata.org/entity/Q1285819
,Q16988699,Nasdaq,CPNO,natural gas,http://www.wikidata.org/entity/Q16988699
,Q368181,New York Stock Exchange,VNO,real estate investment trust,http://www.wikidata.org/entity/Q368181
,Q343204,New York Stock Exchange,ACT,pharmaceutical industry,http://www.wikidata.org/entity/Q343204
,Q427881,New York Stock Exchange,RCL,cruise line,http://www.wikidata.org/entity/Q427881
,Q1275613,New York Stock Exchange,EPAM,outsourcing,http://www.wikidata.org/entity/Q1275613
,Q1145004,Nasdaq,GOLD,mining,http://www.wikidata.org/entity/Q1145004
,Q1232862,New York Stock Exchange,EGO,mining,http://www.wikidata.org/entity/Q1232862
,Q1756920,New York Stock Exchange,,mattress,http://www.wikidata.org/entity/Q1756920
,Q931200,Nasdaq,CHRW,logistics,http://www.wikidata.org/entity/Q931200
,Q16973267,New York Stock Exchange,DQ,photovoltaics,http://www.wikidata.org/entity/Q16973267
,Q1825763,New York Stock Exchange,LNC,insurance,http://www.wikidata.org/entity/Q1825763
,Q415598,Nasdaq,AKAM,web hosting service,http://www.wikidata.org/entity/Q415598
,Q16951448,Nasdaq,CPRT,automotive industry,http://www.wikidata.org/entity/Q16951448
,Q16958713,New York Stock Exchange,CLC,membrane,http://www.wikidata.org/entity/Q16958713
,Q16994021,Nasdaq,THRM,automotive industry,http://www.wikidata.org/entity/Q16994021
,Q1758392,Nasdaq,IDXX,health care,http://www.wikidata.org/entity/Q1758392
,Q864338,Nasdaq,BIIB,pharmaceutical industry,http://www.wikidata.org/entity/Q864338
,Q898750,New York Stock Exchange,TEVA,pharmaceutical industry,http://www.wikidata.org/entity/Q898750
,Q899010,Nasdaq,MYL,pharmaceutical industry,http://www.wikidata.org/entity/Q899010
,Q899133,New York Stock Exchange,TAK,pharmaceutical industry,http://www.wikidata.org/entity/Q899133
,Q901262,Nasdaq,GRFS,pharmaceutical industry,http://www.wikidata.org/entity/Q901262
,Q903372,New York Stock Exchange,OGN,pharmaceutical industry,http://www.wikidata.org/entity/Q903372
,Q905049,Nasdaq,SHPG,pharmaceutical industry,http://www.wikidata.org/entity/Q905049
,Q906187,New York Stock Exchange,AGN,pharmaceutical industry,http://www.wikidata.org/entity/Q906187
,Q907227,New York Stock Exchange,NDZ,pharmaceutical industry,http://www.wikidata.org/entity/Q907227
,Q908961,New York Stock Exchange,RDY,pharmaceutical industry,http://www.wikidata.org/entity/Q908961
,Q909356,New York Stock Exchange,CVD,pharmaceutical industry,http://www.wikidata.org/entity/Q909356
,Q1131835,New York Stock Exchange,ZZ,mattress,http://www.wikidata.org/entity/Q1131835
,Q356212,Nasdaq,FOSL,bijou,http://www.wikidata.org/entity/Q356212
,Q392221,New York Stock Exchange,BF.B,beverage industry,http://www.wikidata.org/entity/Q392221
,Q1319505,Nasdaq,NATH,fast food,http://www.wikidata.org/entity/Q1319505
,Q2112884,New York Stock Exchange,,chemical industry,http://www.wikidata.org/entity/Q2112884
,Q897097,New York Stock Exchange,BRC,industrial manufacturing,http://www.wikidata.org/entity/Q897097
,Q899022,New York Stock Exchange,EMN,industrial manufacturing,http://www.wikidata.org/entity/Q899022
,Q16974527,New York Stock Exchange,DOV,mechanical engineering,http://www.wikidata.org/entity/Q16974527
,Q16994357,Nasdaq,SSYS,mechanical engineering,http://www.wikidata.org/entity/Q16994357
,Q941127,New York Stock Exchange,CRM,automation,http://www.wikidata.org/entity/Q941127
,Q400384,New York Stock Exchange,SID,metal industry,http://www.wikidata.org/entity/Q400384
,Q1136433,New York Stock Exchange,CMRE,water transport,http://www.wikidata.org/entity/Q1136433
,Q1872227,New York Stock Exchange,LPX,construction,http://www.wikidata.org/entity/Q1872227
,Q1916402,New York Stock Exchange,PSO,construction,http://www.wikidata.org/entity/Q1916402
,Q1944412,Nasdaq,MGI,wire transfer,http://www.wikidata.org/entity/Q1944412
,Q428977,New York Stock Exchange,PBI,service,http://www.wikidata.org/entity/Q428977
,Q1264404,New York Stock Exchange,DUK,electricity generation,http://www.wikidata.org/entity/Q1264404
,Q851361,New York Stock Exchange,HUN,chemical industry,http://www.wikidata.org/entity/Q851361
,Q855639,New York Stock Exchange,DOW,chemical industry,http://www.wikidata.org/entity/Q855639
,Q899183,New York Stock Exchange,FMC,chemical industry,http://www.wikidata.org/entity/Q899183
,Q905806,New York Stock Exchange,CF,chemical industry,http://www.wikidata.org/entity/Q905806
,Q16968189,Nasdaq,YTRA,travel agency,http://www.wikidata.org/entity/Q16968189
,Q1189695,Nasdaq,DENN,gastronomy,http://www.wikidata.org/entity/Q1189695
,Q1192805,Nasdaq,DNUT,gastronomy,http://www.wikidata.org/entity/Q1192805
,Q1192805,New York Stock Exchange,KKD,gastronomy,http://www.wikidata.org/entity/Q1192805
,Q829961,Nasdaq,FORR,market research,http://www.wikidata.org/entity/Q829961
,Q856897,New York Stock Exchange,K,food industry,http://www.wikidata.org/entity/Q856897
,Q899097,New York Stock Exchange,BRFS,food industry,http://www.wikidata.org/entity/Q899097
,Q910368,New York Stock Exchange,CLX,food industry,http://www.wikidata.org/entity/Q910368
,Q16531742,New York Stock Exchange,VVV,chemical industry,http://www.wikidata.org/entity/Q16531742
,Q16983837,New York Stock Exchange,KWR,chemical industry,http://www.wikidata.org/entity/Q16983837
,Q1138291,New York Stock Exchange,CW,weapons industry,http://www.wikidata.org/entity/Q1138291
,Q16972754,Nasdaq,COIN,Bitcoin,http://www.wikidata.org/entity/Q16972754
,Q1809448,Nasdaq,WFM,food industry,http://www.wikidata.org/entity/Q1809448
,Q1915049,New York Stock Exchange,MKC,food industry,http://www.wikidata.org/entity/Q1915049
,Q825943,New York Stock Exchange,BWA,automotive industry,http://www.wikidata.org/entity/Q825943
,Q836040,New York Stock Exchange,MTW,industrial manufacturing,http://www.wikidata.org/entity/Q836040
,Q2021416,Nasdaq,VLCM,textile industry,http://www.wikidata.org/entity/Q2021416
,Q2103926,New York Stock Exchange,UNH,health insurance company,http://www.wikidata.org/entity/Q2103926
,Q1850587,New York Stock Exchange,PII,automotive industry,http://www.wikidata.org/entity/Q1850587
,Q1969091,New York Stock Exchange,OSK,automotive industry,http://www.wikidata.org/entity/Q1969091
,Q1975799,New York Stock Exchange,PAG,automotive industry,http://www.wikidata.org/entity/Q1975799
,Q1117943,New York Stock Exchange,TRW,automotive industry,http://www.wikidata.org/entity/Q1117943
,Q1129847,New York Stock Exchange,CTB,industrial manufacturing,http://www.wikidata.org/entity/Q1129847
,Q1287771,Nasdaq,CSTE,industrial manufacturing,http://www.wikidata.org/entity/Q1287771
,Q385452,Nasdaq,AVID,computer hardware industry,http://www.wikidata.org/entity/Q385452
,Q407237,Nasdaq,AFRAF,holding company activities,http://www.wikidata.org/entity/Q407237
,Q835370,New York Stock Exchange,AUY,mining,http://www.wikidata.org/entity/Q835370
,Q2128566,Nasdaq,CMPR,e-commerce,http://www.wikidata.org/entity/Q2128566
,Q1156045,New York Stock Exchange,PSA,self storage,http://www.wikidata.org/entity/Q1156045
,Q1192211,Nasdaq,MSTR,analytics,http://www.wikidata.org/entity/Q1192211
,Q1138888,Nasdaq,FSLR,photovoltaics,http://www.wikidata.org/entity/Q1138888
,Q918206,New York Stock Exchange,ENI,utility,http://www.wikidata.org/entity/Q918206
,Q919120,New York Stock Exchange,WSH,insurance broker,http://www.wikidata.org/entity/Q919120
,Q1922290,Nasdaq,MESA,aviation,http://www.wikidata.org/entity/Q1922290
,Q852787,Nasdaq,GRPN,e-commerce,http://www.wikidata.org/entity/Q852787
,Q917131,New York Stock Exchange,RF,economics of banking,http://www.wikidata.org/entity/Q917131
,Q835456,New York Stock Exchange,SLF,financial services,http://www.wikidata.org/entity/Q835456
,Q16974955,Nasdaq,ITRN,telematics,http://www.wikidata.org/entity/Q16974955
,Q1199757,Nasdaq,DISH,satellite television,http://www.wikidata.org/entity/Q1199757
,Q1319601,Nasdaq,ALGT,civil aviation,http://www.wikidata.org/entity/Q1319601
,Q1816028,New York Stock Exchange,NBG,financial services,http://www.wikidata.org/entity/Q1816028
,Q2008551,New York Stock Exchange,OAK-B,financial services,http://www.wikidata.org/entity/Q2008551
,Q2031726,New York Stock Exchange,WBK,economics of banking,http://www.wikidata.org/entity/Q2031726
,Q2037125,New York Stock Exchange,STT,financial services,http://www.wikidata.org/entity/Q2037125
,Q16980281,New York Stock Exchange,HAE,biomedical engineering,http://www.wikidata.org/entity/Q16980281
,Q16980428,New York Stock Exchange,HOV,construction,http://www.wikidata.org/entity/Q16980428
,Q16981175,New York Stock Exchange,LEN,construction,http://www.wikidata.org/entity/Q16981175
,Q1751032,New York Stock Exchange,PCL,real estate investment trust,http://www.wikidata.org/entity/Q1751032
,Q2013404,Nasdaq,ORIG,oil platform,http://www.wikidata.org/entity/Q2013404
,Q2047336,New York Stock Exchange,PLTR,computer and network surveillance,http://www.wikidata.org/entity/Q2047336
,Q2114414,New York Stock Exchange,PRU,life insurance,http://www.wikidata.org/entity/Q2114414
,Q861042,New York Stock Exchange,WU,financial services,http://www.wikidata.org/entity/Q861042
,Q868587,New York Stock Exchange,SPGI,financial services,http://www.wikidata.org/entity/Q868587
,Q880942,New York Stock Exchange,BX,financial services,http://www.wikidata.org/entity/Q880942
,Q906055,New York Stock Exchange,IX,financial services,http://www.wikidata.org/entity/Q906055
,Q908324,New York Stock Exchange,BAM,financial services,http://www.wikidata.org/entity/Q908324
,Q926806,Nasdaq,CG,financial services,http://www.wikidata.org/entity/Q926806
,Q1776022,New York Stock Exchange,EQNR,petroleum industry,http://www.wikidata.org/entity/Q1776022
,Q1812208,New York Stock Exchange,WDS,petroleum industry,http://www.wikidata.org/entity/Q1812208
,Q2006989,New York Stock Exchange,YPF,petroleum industry,http://www.wikidata.org/entity/Q2006989
,Q2013357,New York Stock Exchange,OXY,petroleum industry,http://www.wikidata.org/entity/Q2013357
,Q2037080,New York Stock Exchange,ANDV,petroleum industry,http://www.wikidata.org/entity/Q2037080
,Q2108251,New York Stock Exchange,PDS,petroleum industry,http://www.wikidata.org/entity/Q2108251
,Q2119898,New York Stock Exchange,DNR,petroleum industry,http://www.wikidata.org/entity/Q2119898
,Q6647933,New York Stock Exchange,LAC,lithium,http://www.wikidata.org/entity/Q6647933
,Q6703279,Nasdaq,LMNX,biotechnology,http://www.wikidata.org/entity/Q6703279
,Q6750663,Nasdaq,MNKD,biotechnology,http://www.wikidata.org/entity/Q6750663
,Q1123399,New York Stock Exchange,CAG,food industry,http://www.wikidata.org/entity/Q1123399
,Q1129426,New York Stock Exchange,CVG,customer relationship management,http://www.wikidata.org/entity/Q1129426
,Q16858667,Nasdaq,KTOS,weapons industry,http://www.wikidata.org/entity/Q16858667
,Q824467,Nasdaq,PRXL,pharmaceutical industry,http://www.wikidata.org/entity/Q824467
,Q842947,Nasdaq,CELG,pharmaceutical industry,http://www.wikidata.org/entity/Q842947
,Q1206686,New York Stock Exchange,DDR,real estate investment trust,http://www.wikidata.org/entity/Q1206686
,Q1138073,New York Stock Exchange,CVH,health insurance,http://www.wikidata.org/entity/Q1138073
,Q824278,New York Stock Exchange,SIX,leisure park industry,http://www.wikidata.org/entity/Q824278
,Q828545,New York Stock Exchange,PRKS,leisure park industry,http://www.wikidata.org/entity/Q828545
,Q899395,New York Stock Exchange,BAK,petroleum industry,http://www.wikidata.org/entity/Q899395
,Q905998,New York Stock Exchange,SSL,petroleum industry,http://www.wikidata.org/entity/Q905998
,Q930639,New York Stock Exchange,WMB,petroleum industry,http://www.wikidata.org/entity/Q930639
,Q931032,New York Stock Exchange,KMI,petroleum industry,http://www.wikidata.org/entity/Q931032
,Q831445,New York Stock Exchange,SNP,petroleum industry,http://www.wikidata.org/entity/Q831445
,Q838716,New York Stock Exchange,TLM,petroleum industry,http://www.wikidata.org/entity/Q838716
,Q6459789,Nasdaq,LRAD,technology,http://www.wikidata.org/entity/Q6459789
,Q6294662,New York Stock Exchange,JMG,mass media,http://www.wikidata.org/entity/Q6294662
,Q16824238,Nasdaq,XLRN,pharmaceutical industry,http://www.wikidata.org/entity/Q16824238
,Q16824426,Nasdaq,AGIO,pharmaceutical industry,http://www.wikidata.org/entity/Q16824426
,Q16827821,Nasdaq,AMBI,pharmaceutical industry,http://www.wikidata.org/entity/Q16827821
,Q16844753,Nasdaq,HZNP,pharmaceutical industry,http://www.wikidata.org/entity/Q16844753
,Q16968498,New York Stock Exchange,ZYME,pharmaceutical industry,http://www.wikidata.org/entity/Q16968498
,Q16974682,Nasdaq,ALNY,pharmaceutical industry,http://www.wikidata.org/entity/Q16974682
,Q16974741,Nasdaq,AMAG,pharmaceutical industry,http://www.wikidata.org/entity/Q16974741
,Q16991690,Nasdaq,ASRT,pharmaceutical industry,http://www.wikidata.org/entity/Q16991690
,Q839555,Nasdaq,LE,retail,http://www.wikidata.org/entity/Q839555
,Q6485221,Nasdaq,LSTR,transport,http://www.wikidata.org/entity/Q6485221
,Q6537864,Nasdaq,LXBK,bank,http://www.wikidata.org/entity/Q6537864
,Q16840288,New York Stock Exchange,GFF,conglomerate,http://www.wikidata.org/entity/Q16840288
,Q16932392,New York Stock Exchange,ROP,conglomerate,http://www.wikidata.org/entity/Q16932392
,Q16984598,New York Stock Exchange,SI,conglomerate,http://www.wikidata.org/entity/Q16984598
,Q923062,Nasdaq,QLIK,software industry,http://www.wikidata.org/entity/Q923062
,Q1206980,New York Stock Exchange,DVN,petroleum industry,http://www.wikidata.org/entity/Q1206980
,Q1275577,New York Stock Exchange,EOG,petroleum industry,http://www.wikidata.org/entity/Q1275577
,Q1282130,New York Stock Exchange,EC,petroleum industry,http://www.wikidata.org/entity/Q1282130
,Q1283291,New York Stock Exchange,VLO,petroleum industry,http://www.wikidata.org/entity/Q1283291
,Q1295969,New York Stock Exchange,TLP,petroleum industry,http://www.wikidata.org/entity/Q1295969
,Q6460227,Nasdaq,LTXX,electronics,http://www.wikidata.org/entity/Q6460227
,Q6648755,Nasdaq,LFUS,electronics,http://www.wikidata.org/entity/Q6648755
,Q6522340,New York Stock Exchange,LC,finance,http://www.wikidata.org/entity/Q6522340
,Q856411,New York Stock Exchange,BTI,tobacco industry,http://www.wikidata.org/entity/Q856411
,Q16828730,New York Stock Exchange,NLY,real estate investment trust,http://www.wikidata.org/entity/Q16828730
,Q16953751,Nasdaq,CONE,real estate investment trust,http://www.wikidata.org/entity/Q16953751
,Q16975567,New York Stock Exchange,DOC,real estate investment trust,http://www.wikidata.org/entity/Q16975567
,Q16975645,New York Stock Exchange,HT,real estate investment trust,http://www.wikidata.org/entity/Q16975645
,Q16983374,New York Stock Exchange,,real estate investment trust,http://www.wikidata.org/entity/Q16983374
,Q16983765,New York Stock Exchange,PLD,real estate investment trust,http://www.wikidata.org/entity/Q16983765
,Q16836218,New York Stock Exchange,AXS,reinsurance,http://www.wikidata.org/entity/Q16836218
,Q16974884,New York Stock Exchange,AWR,"water collection, treatment and supply",http://www.wikidata.org/entity/Q16974884
,Q1798370,New York Stock Exchange,GIB,IT service management,http://www.wikidata.org/entity/Q1798370
,Q2066858,New York Stock Exchange,PKI,health technology,http://www.wikidata.org/entity/Q2066858
,Q1129117,New York Stock Exchange,TUP,direct selling,http://www.wikidata.org/entity/Q1129117
,Q1760641,Nasdaq,PTC,software industry,http://www.wikidata.org/entity/Q1760641
,Q1770325,Nasdaq,TIBX,software industry,http://www.wikidata.org/entity/Q1770325
,Q1885491,New York Stock Exchange,FDS,software industry,http://www.wikidata.org/entity/Q1885491
,Q2025791,Nasdaq,OTEX,software industry,http://www.wikidata.org/entity/Q2025791
,Q2059537,New York Stock Exchange,ARW,product distribution,http://www.wikidata.org/entity/Q2059537
,Q2091479,Nasdaq,NICE,software industry,http://www.wikidata.org/entity/Q2091479
,Q871700,New York Stock Exchange,UAL,air transport,http://www.wikidata.org/entity/Q871700
,Q1852556,New York Stock Exchange,PM,fast-moving consumer goods,http://www.wikidata.org/entity/Q1852556
,Q1921579,New York Stock Exchange,MDP,media company,http://www.wikidata.org/entity/Q1921579
,Q2044512,New York Stock Exchange,PPL,electricity supply company,http://www.wikidata.org/entity/Q2044512
,Q16826875,Nasdaq,BBCN,economics of banking,http://www.wikidata.org/entity/Q16826875
,Q16920636,Nasdaq,UBSI,economics of banking,http://www.wikidata.org/entity/Q16920636
,Q16510256,New York Stock Exchange,CCSC,food industry,http://www.wikidata.org/entity/Q16510256
,Q16958009,New York Stock Exchange,THS,food industry,http://www.wikidata.org/entity/Q16958009
,Q1812555,New York Stock Exchange,LEG,bedding,http://www.wikidata.org/entity/Q1812555
,Q2034659,Nasdaq,EXTR,networking hardware,http://www.wikidata.org/entity/Q2034659
,Q1159256,New York Stock Exchange,DHR,conglomerate,http://www.wikidata.org/entity/Q1159256
,Q1282031,New York Stock Exchange,ECL,conglomerate,http://www.wikidata.org/entity/Q1282031
,Q925249,New York Stock Exchange,FOX,film industry,http://www.wikidata.org/entity/Q925249
,Q1122329,New York Stock Exchange,CSC,IT service management,http://www.wikidata.org/entity/Q1122329
,Q1172038,Nasdaq,DASTY,enterprise software,http://www.wikidata.org/entity/Q1172038
,Q1318848,Nasdaq,INTU,enterprise software,http://www.wikidata.org/entity/Q1318848
,Q1164386,New York Stock Exchange,FTI,list of oilfield service companies,http://www.wikidata.org/entity/Q1164386
,Q1134746,New York Stock Exchange,,financial services,http://www.wikidata.org/entity/Q1134746
,Q1152764,New York Stock Exchange,LYG,financial services,http://www.wikidata.org/entity/Q1152764
,Q1194832,New York Stock Exchange,TD,financial services,http://www.wikidata.org/entity/Q1194832
,Q1295105,New York Stock Exchange,NMR,financial services,http://www.wikidata.org/entity/Q1295105
,Q1764040,New York Stock Exchange,NUS,personal care product,http://www.wikidata.org/entity/Q1764040
,Q1793182,New York Stock Exchange,RGA,insurance industry,http://www.wikidata.org/entity/Q1793182
,Q930919,New York Stock Exchange,PEG,public utility,http://www.wikidata.org/entity/Q930919
,Q6466630,New York Stock Exchange,LH,health care,http://www.wikidata.org/entity/Q6466630
,Q1141173,Nasdaq,MAR,hospitality industry,http://www.wikidata.org/entity/Q1141173
,Q16950619,Nasdaq,CWBC,financial services,http://www.wikidata.org/entity/Q16950619
,Q16952393,Nasdaq,COWN,financial services,http://www.wikidata.org/entity/Q16952393
,Q16953039,New York Stock Exchange,MC,financial services,http://www.wikidata.org/entity/Q16953039
,Q16955055,Nasdaq,CAFI,financial services,http://www.wikidata.org/entity/Q16955055
,Q16959074,Nasdaq,UBNK,financial services,http://www.wikidata.org/entity/Q16959074
,Q16975278,New York Stock Exchange,GDOT,financial services,http://www.wikidata.org/entity/Q16975278
,Q16980911,New York Stock Exchange,KCG,financial services,http://www.wikidata.org/entity/Q16980911
,Q16994588,Nasdaq,GFED,financial services,http://www.wikidata.org/entity/Q16994588
,Q919300,Nasdaq,AVAV,aerospace industry,http://www.wikidata.org/entity/Q919300
,Q6387063,New York Stock Exchange,KMPR,insurance,http://www.wikidata.org/entity/Q6387063
,Q6770621,New York Stock Exchange,MKL,insurance,http://www.wikidata.org/entity/Q6770621
,Q1129792,New York Stock Exchange,COO,medical device,http://www.wikidata.org/entity/Q1129792
,Q1254149,New York Stock Exchange,DPS,beverage industry,http://www.wikidata.org/entity/Q1254149
,Q1144473,Nasdaq,CVAC,biotechnology industry,http://www.wikidata.org/entity/Q1144473
,Q1260606,New York Stock Exchange,EL,cosmetics industry,http://www.wikidata.org/entity/Q1260606
,Q6702957,Nasdaq,LULU,retail,http://www.wikidata.org/entity/Q6702957
,Q6703090,New York Stock Exchange,LL,retail,http://www.wikidata.org/entity/Q6703090
,Q6791878,Nasdaq,MFRM,retail,http://www.wikidata.org/entity/Q6791878
,Q1127536,New York Stock Exchange,ED,energy industry,http://www.wikidata.org/entity/Q1127536
,Q1144929,New York Stock Exchange,LR,cement industry,http://www.wikidata.org/entity/Q1144929
,Q1146061,New York Stock Exchange,CWK,real estate industry,http://www.wikidata.org/entity/Q1146061
,Q1183818,Nasdaq,TACO,system catering,http://www.wikidata.org/entity/Q1183818
,Q1269170,New York Stock Exchange,DYN,energy industry,http://www.wikidata.org/entity/Q1269170
,Q6772994,New York Stock Exchange,VAC,tourism,http://www.wikidata.org/entity/Q6772994
,Q863127,New York Stock Exchange,IRF,semiconductor industry,http://www.wikidata.org/entity/Q863127
,Q910866,New York Stock Exchange,HUM,insurance industry,http://www.wikidata.org/entity/Q910866
,Q1193833,Nasdaq,TRID,computer hardware industry,http://www.wikidata.org/entity/Q1193833
,Q1224697,New York Stock Exchange,DGI,geospatial industry,http://www.wikidata.org/entity/Q1224697
,Q6203968,New York Stock Exchange,JOAN,retail,http://www.wikidata.org/entity/Q6203968
,Q6204078,Nasdaq,,retail,http://www.wikidata.org/entity/Q6204078
,Q6389988,New York Stock Exchange,,retail,http://www.wikidata.org/entity/Q6389988
,Q6415714,Nasdaq,KIRK,retail,http://www.wikidata.org/entity/Q6415714
,Q6499202,Nasdaq,SHLD,retail,http://www.wikidata.org/entity/Q6499202
,Q6499202,New York Stock Exchange,S,retail,http://www.wikidata.org/entity/Q6499202
,Q6511665,Nasdaq,LECH,retail,http://www.wikidata.org/entity/Q6511665
,Q1137289,Nasdaq,NUAN,software industry,http://www.wikidata.org/entity/Q1137289
,Q1196431,New York Stock Exchange,P,software industry,http://www.wikidata.org/entity/Q1196431
,Q1937503,New York Stock Exchange,TEX,manufacture of machinery and equipment,http://www.wikidata.org/entity/Q1937503
,Q1984481,New York Stock Exchange,NI,public utility,http://www.wikidata.org/entity/Q1984481
,Q847743,Nasdaq,DNKN,fast food restaurant chain,http://www.wikidata.org/entity/Q847743
,Q913851,New York Stock Exchange,HEW,human resource consulting,http://www.wikidata.org/entity/Q913851
,Q938668,Nasdaq,SINA,entertainment industry,http://www.wikidata.org/entity/Q938668
,Q6776123,New York Stock Exchange,MLM,mining,http://www.wikidata.org/entity/Q6776123
,Q6801109,New York Stock Exchange,MUX,mining,http://www.wikidata.org/entity/Q6801109
,Q1945295,Nasdaq,MNST,beverage industry,http://www.wikidata.org/entity/Q1945295
,Q2031485,New York Stock Exchange,UA,clothing industry,http://www.wikidata.org/entity/Q2031485
,Q1961658,New York Stock Exchange,,energy supply,http://www.wikidata.org/entity/Q1961658
,Q2003999,Nasdaq,SIMG,integrated device manufacturer,http://www.wikidata.org/entity/Q2003999
,Q191715,New York Stock Exchange,TWX,telecommunications,http://www.wikidata.org/entity/Q191715
,Q940421,New York Stock Exchange,GATX,railways rolling stock leasing,http://www.wikidata.org/entity/Q940421
,Q1235669,New York Stock Exchange,DTG,tourism industry,http://www.wikidata.org/entity/Q1235669
,Q1781428,New York Stock Exchange,LLL,telecommunications,http://www.wikidata.org/entity/Q1781428
,Q1818970,New York Stock Exchange,,telecommunications,http://www.wikidata.org/entity/Q1818970
,Q1957521,Nasdaq,MITL,telecommunications,http://www.wikidata.org/entity/Q1957521
,Q2000500,Nasdaq,PTNR,telecommunications,http://www.wikidata.org/entity/Q2000500
,Q2079243,New York Stock Exchange,TIMB,telecommunications,http://www.wikidata.org/entity/Q2079243
,Q2105426,New York Stock Exchange,,telecommunications,http://www.wikidata.org/entity/Q2105426
,Q1817174,Nasdaq,SMCI,computer industry,http://www.wikidata.org/entity/Q1817174
,Q880296,New York Stock Exchange,BKH,energy industry,http://www.wikidata.org/entity/Q880296
,Q893221,New York Stock Exchange,BAH,consulting company,http://www.wikidata.org/entity/Q893221
,Q1238739,New York Stock Exchange,UFS,pulp and paper industry,http://www.wikidata.org/entity/Q1238739
,Q1280748,Nasdaq,SATS,telecommunications,http://www.wikidata.org/entity/Q1280748
,Q1128160,New York Stock Exchange,STZ,alcohol industry,http://www.wikidata.org/entity/Q1128160
,Q1315706,New York Stock Exchange,,insurance industry,http://www.wikidata.org/entity/Q1315706
,Q853958,New York Stock Exchange,DCM,mobile phone industry,http://www.wikidata.org/entity/Q853958
,Q16733729,New York Stock Exchange,KOS,petroleum industry,http://www.wikidata.org/entity/Q16733729
,Q16829606,New York Stock Exchange,XEC,petroleum industry,http://www.wikidata.org/entity/Q16829606
,Q16829833,New York Stock Exchange,,petroleum industry,http://www.wikidata.org/entity/Q16829833
,Q16933746,New York Stock Exchange,,petroleum industry,http://www.wikidata.org/entity/Q16933746
,Q16979157,New York Stock Exchange,PBF,petroleum industry,http://www.wikidata.org/entity/Q16979157
,Q16980647,New York Stock Exchange,IOC),petroleum industry,http://www.wikidata.org/entity/Q16980647
,Q16981100,New York Stock Exchange,VTLE,petroleum industry,http://www.wikidata.org/entity/Q16981100
,Q16981738,New York Stock Exchange,,petroleum industry,http://www.wikidata.org/entity/Q16981738
,Q16984687,New York Stock Exchange,SM,petroleum industry,http://www.wikidata.org/entity/Q16984687
,Q866972,New York Stock Exchange,,telecommunications,http://www.wikidata.org/entity/Q866972
,Q918208,New York Stock Exchange,TX,iron and steel industry,http://www.wikidata.org/entity/Q918208
,Q934853,New York Stock Exchange,MMI,telecommunications,http://www.wikidata.org/entity/Q934853
,Q7954024,New York Stock Exchange,WOW,telecommunications,http://www.wikidata.org/entity/Q7954024
,Q8041964,Nasdaq,XGTI,telecommunications,http://www.wikidata.org/entity/Q8041964
,Q21874220,Nasdaq,ATRA,biotechnology,http://www.wikidata.org/entity/Q21874220
,Q22121862,Nasdaq,AGTC,biotechnology,http://www.wikidata.org/entity/Q22121862
,Q22121863,Nasdaq,ARWR,biotechnology,http://www.wikidata.org/entity/Q22121863
,Q23679974,Nasdaq,ADVM,biotechnology,http://www.wikidata.org/entity/Q23679974
,Q25111982,Nasdaq,HTBX,biotechnology,http://www.wikidata.org/entity/Q25111982
,Q16994890,Nasdaq,HBIO,life sciences,http://www.wikidata.org/entity/Q16994890
,Q1114148,New York Stock Exchange,CMA,financial sector,http://www.wikidata.org/entity/Q1114148
,Q7921231,Nasdaq,VRNM,biotechnology,http://www.wikidata.org/entity/Q7921231
,Q1931557,Nasdaq,MCRS,computer hardware industry,http://www.wikidata.org/entity/Q1931557
,Q6135535,New York Stock Exchange,JHX,building material,http://www.wikidata.org/entity/Q6135535
,Q1141267,New York Stock Exchange,TRI,media industry,http://www.wikidata.org/entity/Q1141267
,Q185278,Nasdaq,NWSA,mass media,http://www.wikidata.org/entity/Q185278
,Q8003328,Nasdaq,WVVI,wine,http://www.wikidata.org/entity/Q8003328
,Q2094989,New York Stock Exchange,SMFG,financial sector,http://www.wikidata.org/entity/Q2094989
,Q2140077,New York Stock Exchange,TRCO,media industry,http://www.wikidata.org/entity/Q2140077
,Q2071102,New York Stock Exchange,PRMW,business service,http://www.wikidata.org/entity/Q2071102
,Q27022329,New York Stock Exchange,SNAP,technology,http://www.wikidata.org/entity/Q27022329
,Q1780382,New York Stock Exchange,WY,pulp and paper industry,http://www.wikidata.org/entity/Q1780382
,Q1915579,New York Stock Exchange,MTL,iron and steel industry,http://www.wikidata.org/entity/Q1915579
,Q212900,New York Stock Exchange,LEH,investment,http://www.wikidata.org/entity/Q212900
,Q16338433,Nasdaq,IGLD,telecommunications,http://www.wikidata.org/entity/Q16338433
,Q16986877,New York Stock Exchange,WPP,pulp and paper industry,http://www.wikidata.org/entity/Q16986877
,Q16984125,New York Stock Exchange,RIOM,gold mining,http://www.wikidata.org/entity/Q16984125
,Q1785549,New York Stock Exchange,BTU,mining of coal,http://www.wikidata.org/entity/Q1785549
,Q2062132,New York Stock Exchange,ARCH,mining of coal,http://www.wikidata.org/entity/Q2062132
,Q2069106,Nasdaq,PACB,biotechnology industry,http://www.wikidata.org/entity/Q2069106
,Q207983,New York Stock Exchange,MON,biotechnology,http://www.wikidata.org/entity/Q207983
,Q212322,New York Stock Exchange,GSK,biotechnology,http://www.wikidata.org/entity/Q212322
,Q6458767,New York Stock Exchange,LIN,terrestrial television,http://www.wikidata.org/entity/Q6458767
,Q6391583,New York Stock Exchange,LZB,industrial manufacturing,http://www.wikidata.org/entity/Q6391583
,Q6550657,Nasdaq,LECO,industrial manufacturing,http://www.wikidata.org/entity/Q6550657
,Q6783802,New York Stock Exchange,DOOR,industrial manufacturing,http://www.wikidata.org/entity/Q6783802
,Q6803126,New York Stock Exchange,MWV,industrial manufacturing,http://www.wikidata.org/entity/Q6803126
,Q16766290,Nasdaq,RLOC,digital marketing,http://www.wikidata.org/entity/Q16766290
,Q6711814,New York Stock Exchange,,holding company,http://www.wikidata.org/entity/Q6711814
,Q6735891,Nasdaq,DIVX,video codec,http://www.wikidata.org/entity/Q6735891
,Q16957733,New York Stock Exchange,CYD,automotive part,http://www.wikidata.org/entity/Q16957733
,Q16966841,New York Stock Exchange,EW,medical device,http://www.wikidata.org/entity/Q16966841
,Q16335785,New York Stock Exchange,,software industry,http://www.wikidata.org/entity/Q16335785
,Q16974631,New York Stock Exchange,,software industry,http://www.wikidata.org/entity/Q16974631
,Q7958645,New York Stock Exchange,WNC,transport,http://www.wikidata.org/entity/Q7958645
,Q23781052,Nasdaq,XRAY,dentistry,http://www.wikidata.org/entity/Q23781052
,Q6746136,Nasdaq,MANT,weapons industry,http://www.wikidata.org/entity/Q6746136
,Q16959310,New York Stock Exchange,CST,convenience store,http://www.wikidata.org/entity/Q16959310
,Q193412,Nasdaq,TXN,electronics,http://www.wikidata.org/entity/Q193412
,Q27500963,New York Stock Exchange,DELL,information technology,http://www.wikidata.org/entity/Q27500963
,Q203386,New York Stock Exchange,ZIM,water transport,http://www.wikidata.org/entity/Q203386
,Q16980616,New York Stock Exchange,NSP,professional service,http://www.wikidata.org/entity/Q16980616
,Q16983192,New York Stock Exchange,OGS,public utility,http://www.wikidata.org/entity/Q16983192
,Q16835875,Nasdaq,AUTH,semiconductor industry,http://www.wikidata.org/entity/Q16835875
,Q16967024,Nasdaq,WSPI,web hosting service,http://www.wikidata.org/entity/Q16967024
,Q181114,New York Stock Exchange,C,automotive industry,http://www.wikidata.org/entity/Q181114
,Q188514,New York Stock Exchange,TTM,automotive industry,http://www.wikidata.org/entity/Q188514
,Q192814,New York Stock Exchange,HOG,automotive industry,http://www.wikidata.org/entity/Q192814
,Q8025339,Nasdaq,WING,restaurant,http://www.wikidata.org/entity/Q8025339
,Q6458324,Nasdaq,LGIH,construction,http://www.wikidata.org/entity/Q6458324
,Q6549207,Nasdaq,LLNW,digital distribution,http://www.wikidata.org/entity/Q6549207
,Q6782217,New York Stock Exchange,MTZ,construction,http://www.wikidata.org/entity/Q6782217
,Q203552,New York Stock Exchange,ZBH,biomedical engineering,http://www.wikidata.org/entity/Q203552
,Q21639712,New York Stock Exchange,SBSW,mining,http://www.wikidata.org/entity/Q21639712
,Q22671405,New York Stock Exchange,BTG,mining,http://www.wikidata.org/entity/Q22671405
,Q188920,New York Stock Exchange,DAL,aviation,http://www.wikidata.org/entity/Q188920
,Q212433,New York Stock Exchange,AVYA,mechanical engineering,http://www.wikidata.org/entity/Q212433
,Q21070725,Nasdaq,DFRG,restaurant,http://www.wikidata.org/entity/Q21070725
,Q22079519,Nasdaq,CLOV,health care,http://www.wikidata.org/entity/Q22079519
,Q24083464,New York Stock Exchange,BBLN,health care,http://www.wikidata.org/entity/Q24083464
,Q27346316,Nasdaq,,health care,http://www.wikidata.org/entity/Q27346316
,Q7894082,New York Stock Exchange,UTI,education,http://www.wikidata.org/entity/Q7894082
,Q6432445,Nasdaq,KRNT,textile industry,http://www.wikidata.org/entity/Q6432445
,Q6545549,Nasdaq,LWAY,food industry,http://www.wikidata.org/entity/Q6545549
,Q27150140,Nasdaq,ABCB,bank,http://www.wikidata.org/entity/Q27150140
,Q202210,New York Stock Exchange,GME,retail,http://www.wikidata.org/entity/Q202210
,Q6410043,New York Stock Exchange,KIM,real estate investment trust,http://www.wikidata.org/entity/Q6410043
,Q6541925,New York Stock Exchange,LPT,real estate investment trust,http://www.wikidata.org/entity/Q6541925
,Q6723256,New York Stock Exchange,MAC,real estate investment trust,http://www.wikidata.org/entity/Q6723256
,Q7914005,New York Stock Exchange,,information technology,http://www.wikidata.org/entity/Q7914005
,Q190464,New York Stock Exchange,HSBC,insurance,http://www.wikidata.org/entity/Q190464
,Q7960224,Nasdaq,WAIN,finance,http://www.wikidata.org/entity/Q7960224
,Q7978891,New York Stock Exchange,WBS,finance,http://www.wikidata.org/entity/Q7978891
,Q7924358,Nasdaq,VSAT,communication,http://www.wikidata.org/entity/Q7924358
,Q204727,Nasdaq,ALXN,pharmaceutical industry,http://www.wikidata.org/entity/Q204727
,Q206921,New York Stock Exchange,PFE,pharmaceutical industry,http://www.wikidata.org/entity/Q206921
,Q212405,New York Stock Exchange,PG,pharmaceutical industry,http://www.wikidata.org/entity/Q212405
,Q22909236,Nasdaq,CART,retail,http://www.wikidata.org/entity/Q22909236
,Q6110451,Nasdaq,JCDAF,software industry,http://www.wikidata.org/entity/Q6110451
,Q6544620,New York Stock Exchange,LOCK,software industry,http://www.wikidata.org/entity/Q6544620
,Q6731214,Nasdaq,LAVA,software industry,http://www.wikidata.org/entity/Q6731214
,Q6770934,Nasdaq,MKTO,software industry,http://www.wikidata.org/entity/Q6770934
,Q7968882,New York Stock Exchange,WRBY,retail,http://www.wikidata.org/entity/Q7968882
,Q7969661,New York Stock Exchange,WRC,retail,http://www.wikidata.org/entity/Q7969661
,Q8058700,Nasdaq,,retail,http://www.wikidata.org/entity/Q8058700
,Q21189883,Nasdaq,WTW,risk management,http://www.wikidata.org/entity/Q21189883
,Q7914826,New York Stock Exchange,,hospital,http://www.wikidata.org/entity/Q7914826
,Q16874768,New York Stock Exchange,GRP,oilfield service company,http://www.wikidata.org/entity/Q16874768
,Q16986288,New York Stock Exchange,MTN,ski industry,http://www.wikidata.org/entity/Q16986288
,Q6517792,New York Stock Exchange,NYCB,commercial bank,http://www.wikidata.org/entity/Q6517792
,Q6533918,New York Stock Exchange,LUK,conglomerate,http://www.wikidata.org/entity/Q6533918
,Q6647881,New York Stock Exchange,LAD,car dealership,http://www.wikidata.org/entity/Q6647881
,Q6060595,New York Stock Exchange,,asset management,http://www.wikidata.org/entity/Q6060595
,Q6109309,Nasdaq,JJSF,snack,http://www.wikidata.org/entity/Q6109309
,Q6340370,New York Stock Exchange,KVA,pharmaceutical industry,http://www.wikidata.org/entity/Q6340370
,Q6537727,Nasdaq,LXRX,pharmaceutical industry,http://www.wikidata.org/entity/Q6537727
,Q6744211,New York Stock Exchange,MNK,pharmaceutical industry,http://www.wikidata.org/entity/Q6744211
,Q7909276,New York Stock Exchange,VCI,advertising,http://www.wikidata.org/entity/Q7909276
,Q22243729,New York Stock Exchange,RACE,automotive industry,http://www.wikidata.org/entity/Q22243729
,Q24887050,Nasdaq,NKLA,automotive industry,http://www.wikidata.org/entity/Q24887050
,Q25245312,Nasdaq,RUSHA,automotive industry,http://www.wikidata.org/entity/Q25245312
,Q181507,New York Stock Exchange,STI,economics of banking,http://www.wikidata.org/entity/Q181507
,Q192314,New York Stock Exchange,JPM,economics of banking,http://www.wikidata.org/entity/Q192314
,Q193199,New York Stock Exchange,UBS,economics of banking,http://www.wikidata.org/entity/Q193199
,Q7981065,New York Stock Exchange,WCG,health care,http://www.wikidata.org/entity/Q7981065
,Q187212,Nasdaq,SEDG,photovoltaics,http://www.wikidata.org/entity/Q187212
,Q16959629,Nasdaq,NTNX,Hyper-converged infrastructure,http://www.wikidata.org/entity/Q16959629
,Q193326,New York Stock Exchange,GS,financial services,http://www.wikidata.org/entity/Q193326
,Q194360,New York Stock Exchange,AXP,financial services,http://www.wikidata.org/entity/Q194360
,Q205378,Nasdaq,ZION,financial services,http://www.wikidata.org/entity/Q205378
,Q212235,New York Stock Exchange,AIG,financial services,http://www.wikidata.org/entity/Q212235
,Q6058311,New York Stock Exchange,IL,financial services,http://www.wikidata.org/entity/Q6058311
,Q6060808,New York Stock Exchange,ITG,financial services,http://www.wikidata.org/entity/Q6060808
,Q6459734,Nasdaq,LPLA,financial services,http://www.wikidata.org/entity/Q6459734
,Q6460680,New York Stock Exchange,,financial services,http://www.wikidata.org/entity/Q6460680
,Q6496310,New York Stock Exchange,SAN,economics of banking,http://www.wikidata.org/entity/Q6496310
,Q6522334,New York Stock Exchange,BKI,financial services,http://www.wikidata.org/entity/Q6522334
,Q6324302,New York Stock Exchange,LRN,educational technology,http://www.wikidata.org/entity/Q6324302
,Q6429285,Nasdaq,KZ,video game industry,http://www.wikidata.org/entity/Q6429285
,Q6743395,Nasdaq,MBUU,building of pleasure and sporting boats,http://www.wikidata.org/entity/Q6743395
,Q25231005,Nasdaq,GNUS,entertainment,http://www.wikidata.org/entity/Q25231005
,Q206678,New York Stock Exchange,OTE,telecommunications,http://www.wikidata.org/entity/Q206678
,Q7912506,New York Stock Exchange,VMI,industrial manufacturing,http://www.wikidata.org/entity/Q7912506
,Q8025558,New York Stock Exchange,WGO,automotive industry,http://www.wikidata.org/entity/Q8025558
,Q7972797,New York Stock Exchange,,waste management,http://www.wikidata.org/entity/Q7972797
,Q21189117,Nasdaq,WDFC,chemical industry,http://www.wikidata.org/entity/Q21189117
,Q6774578,New York Stock Exchange,MSO,publishing,http://www.wikidata.org/entity/Q6774578
,Q202972,New York Stock Exchange,IP,pulp and paper industry,http://www.wikidata.org/entity/Q202972
,Q7936709,Nasdaq,VITC,e-commerce,http://www.wikidata.org/entity/Q7936709
,Q210047,New York Stock Exchange,PBR,petroleum industry,http://www.wikidata.org/entity/Q210047
,Q6410558,New York Stock Exchange,,petroleum industry,http://www.wikidata.org/entity/Q6410558
,Q6468754,New York Stock Exchange,LG,petroleum industry,http://www.wikidata.org/entity/Q6468754
,Q6554513,Nasdaq,,petroleum industry,http://www.wikidata.org/entity/Q6554513
,Q187740,New York Stock Exchange,EQR,real estate industry,http://www.wikidata.org/entity/Q187740
,Q8003525,New York Stock Exchange,WG,construction,http://www.wikidata.org/entity/Q8003525
,Q6455439,Nasdaq,LLEN,coal industry,http://www.wikidata.org/entity/Q6455439
,Q6675775,Nasdaq,LOOP,real estate industry,http://www.wikidata.org/entity/Q6675775
,Q6695701,New York Stock Exchange,LUB,system catering,http://www.wikidata.org/entity/Q6695701
,Q6545346,Nasdaq,WSTG,software distribution,http://www.wikidata.org/entity/Q6545346
,Q8042415,New York Stock Exchange,XPO,logistics,http://www.wikidata.org/entity/Q8042415
,Q22908338,New York Stock Exchange,RSKD,e-commerce,http://www.wikidata.org/entity/Q22908338
,Q23680003,Nasdaq,VRM,e-commerce,http://www.wikidata.org/entity/Q23680003
,Q176587,Nasdaq,CHKP,computer security software,http://www.wikidata.org/entity/Q176587
,Q183184,New York Stock Exchange,sbs,water supply,http://www.wikidata.org/entity/Q183184
,Q7906620,Nasdaq,WOOF,veterinary medicine,http://www.wikidata.org/entity/Q7906620
,Q180922,New York Stock Exchange,CAE,aerospace engineering,http://www.wikidata.org/entity/Q180922
,Q210780,Nasdaq,FMCN,service,http://www.wikidata.org/entity/Q210780
,Q6101088,Nasdaq,XXIA,computer network,http://www.wikidata.org/entity/Q6101088
,Q6763754,New York Stock Exchange,,software as a service,http://www.wikidata.org/entity/Q6763754
,Q6783278,Nasdaq,MASI,medical equipment,http://www.wikidata.org/entity/Q6783278
,Q6795931,New York Stock Exchange,MMS,government contractor,http://www.wikidata.org/entity/Q6795931
,Q23680081,New York Stock Exchange,PJT,investment bank,http://www.wikidata.org/entity/Q23680081
,Q25831309,New York Stock Exchange,PCOR,construction,http://www.wikidata.org/entity/Q25831309
,Q22909604,New York Stock Exchange,VHI,holding company,http://www.wikidata.org/entity/Q22909604
,Q6398035,New York Stock Exchange,KEG,list of oilfield service companies,http://www.wikidata.org/entity/Q6398035
,Q6724984,New York Stock Exchange,MIC,aerospace industry,http://www.wikidata.org/entity/Q6724984
,Q7945867,New York Stock Exchange,WPC,real estate investment trust,http://www.wikidata.org/entity/Q7945867
,Q8044687,New York Stock Exchange,XIN,real estate development,http://www.wikidata.org/entity/Q8044687
,Q6216567,New York Stock Exchange,DESP,tourism industry,http://www.wikidata.org/entity/Q6216567
,Q21072695,New York Stock Exchange,VSTO,shooting sports,http://www.wikidata.org/entity/Q21072695
,Q6758107,New York Stock Exchange,MCS,hospitality industry,http://www.wikidata.org/entity/Q6758107
,Q6348410,Nasdaq,KALU,Industrial Machinery Manufacturing,http://www.wikidata.org/entity/Q6348410
,Q121033088,New York Stock Exchange,SLI,lithium,http://www.wikidata.org/entity/Q121033088
,Q6404433,New York Stock Exchange,KID,game industry,http://www.wikidata.org/entity/Q6404433
,Q6509896,New York Stock Exchange,LF,game industry,http://www.wikidata.org/entity/Q6509896
,Q115011580,Nasdaq,GLUE,biotechnology,http://www.wikidata.org/entity/Q115011580
,Q117169721,Nasdaq,AZTA,biotechnology,http://www.wikidata.org/entity/Q117169721
,Q120467527,New York Stock Exchange,RVTY,biotechnology,http://www.wikidata.org/entity/Q120467527
,Q214346,Nasdaq,VIA,media industry,http://www.wikidata.org/entity/Q214346
,Q7937913,New York Stock Exchange,VSLR,solar panel,http://www.wikidata.org/entity/Q7937913
,Q7971859,Nasdaq,WAFD,economics of banking,http://www.wikidata.org/entity/Q7971859
,Q7983629,Nasdaq,WSBC,economics of banking,http://www.wikidata.org/entity/Q7983629
,Q7987101,Nasdaq,WABC,economics of banking,http://www.wikidata.org/entity/Q7987101
,Q196259,Nasdaq,NTES,technology industry,http://www.wikidata.org/entity/Q196259
,Q7934840,Nasdaq,VPHM,pharmaceutical industry,http://www.wikidata.org/entity/Q7934840
,Q7937957,Nasdaq,VVUS,pharmaceutical industry,http://www.wikidata.org/entity/Q7937957
,Q8038871,New York Stock Exchange,,pharmaceutical industry,http://www.wikidata.org/entity/Q8038871
,Q8073337,New York Stock Exchange,ZTS,pharmaceutical industry,http://www.wikidata.org/entity/Q8073337
,Q5099601,Nasdaq,CBPO,biotechnology,http://www.wikidata.org/entity/Q5099601
,Q5157220,Nasdaq,CGEN,biotechnology,http://www.wikidata.org/entity/Q5157220
,Q120435068,New York Stock Exchange,TKO,mass media,http://www.wikidata.org/entity/Q120435068
,Q21463167,Nasdaq,HCP,IT infrastructure,http://www.wikidata.org/entity/Q21463167
,Q23133268,Nasdaq,MTCH,online dating service,http://www.wikidata.org/entity/Q23133268
,Q27988145,New York Stock Exchange,POST,food processing,http://www.wikidata.org/entity/Q27988145
,Q23090931,New York Stock Exchange,OUT,out-of-home advertising,http://www.wikidata.org/entity/Q23090931
,Q25100315,Nasdaq,TGAN,power electronics,http://www.wikidata.org/entity/Q25100315
,Q180106,New York Stock Exchange,OI,product packaging industry,http://www.wikidata.org/entity/Q180106
,Q213849,Nasdaq,ATYT,computer hardware industry,http://www.wikidata.org/entity/Q213849
,Q182477,Nasdaq,NVDA,semiconductor industry,http://www.wikidata.org/entity/Q182477
,Q6049324,New York Stock Exchange,ICO,mining of coal,http://www.wikidata.org/entity/Q6049324
,Q6669086,New York Stock Exchange,LOMA,construction industry,http://www.wikidata.org/entity/Q6669086
,Q6715642,New York Stock Exchange,MGF,investment management,http://www.wikidata.org/entity/Q6715642
,Q22079529,Nasdaq,HROW,pharmaceutical industry,http://www.wikidata.org/entity/Q22079529
,Q23131313,Nasdaq,EDIT,pharmaceutical industry,http://www.wikidata.org/entity/Q23131313
,Q23786068,Nasdaq,CLVS,pharmaceutical industry,http://www.wikidata.org/entity/Q23786068
,Q25004808,New York Stock Exchange,DPLO,pharmaceutical industry,http://www.wikidata.org/entity/Q25004808
,Q25245434,Nasdaq,AERI,pharmaceutical industry,http://www.wikidata.org/entity/Q25245434
,Q21177770,Nasdaq,CYN,software development,http://www.wikidata.org/entity/Q21177770
,Q6555405,New York Stock Exchange,LEV,bus manufacturing,http://www.wikidata.org/entity/Q6555405
,Q6662684,New York Stock Exchange,,manufacture of other electronic and electric wires and cables,http://www.wikidata.org/entity/Q6662684
,Q23680018,Nasdaq,WTFC,financial services,http://www.wikidata.org/entity/Q23680018
,Q24204272,New York Stock Exchange,BUR,financial services,http://www.wikidata.org/entity/Q24204272
,Q24204571,Nasdaq,SBNY,economics of banking,http://www.wikidata.org/entity/Q24204571
,Q24915031,New York Stock Exchange,ENV,financial services,http://www.wikidata.org/entity/Q24915031
,Q25422888,New York Stock Exchange,NU,financial services,http://www.wikidata.org/entity/Q25422888
,Q27686100,New York Stock Exchange,BLDR,building materials trade,http://www.wikidata.org/entity/Q27686100
,Q22078063,New York Stock Exchange,SNOW,cloud computing,http://www.wikidata.org/entity/Q22078063
,Q7907809,New York Stock Exchange,EGY,petroleum industry,http://www.wikidata.org/entity/Q7907809
,Q7921589,Nasdaq,,petroleum industry,http://www.wikidata.org/entity/Q7921589
,Q7921589,New York Stock Exchange,VET,petroleum industry,http://www.wikidata.org/entity/Q7921589
,Q7988215,New York Stock Exchange,WNR,petroleum industry,http://www.wikidata.org/entity/Q7988215
,Q7919303,New York Stock Exchange,VLDR,intelligent transportation system,http://www.wikidata.org/entity/Q7919303
,Q8030548,New York Stock Exchange,WWW,textile industry,http://www.wikidata.org/entity/Q8030548
,Q199296,Nasdaq,ZD,Internet industry,http://www.wikidata.org/entity/Q199296
,Q6367245,New York Stock Exchange,,pulp and paper industry,http://www.wikidata.org/entity/Q6367245
,Q6787989,New York Stock Exchange,MATX,shipping line,http://www.wikidata.org/entity/Q6787989
,Q21021003,New York Stock Exchange,XHR,real estate investment trust,http://www.wikidata.org/entity/Q21021003
,Q23022611,New York Stock Exchange,FLUT,bookmaker,http://www.wikidata.org/entity/Q23022611
,Q23680028,New York Stock Exchange,,real estate investment trust,http://www.wikidata.org/entity/Q23680028
,Q24908086,New York Stock Exchange,WPG,real estate investment trust,http://www.wikidata.org/entity/Q24908086
,Q25046191,New York Stock Exchange,SNR,real estate investment trust,http://www.wikidata.org/entity/Q25046191
,Q27964091,New York Stock Exchange,ESS,real estate investment trust,http://www.wikidata.org/entity/Q27964091
,Q7912152,New York Stock Exchange,,financial services,http://www.wikidata.org/entity/Q7912152
,Q7912737,Nasdaq,VALU,financial services,http://www.wikidata.org/entity/Q7912737
,Q7915220,New York Stock Exchange,VNTV,financial services,http://www.wikidata.org/entity/Q7915220
,Q7934906,Nasdaq,VIRT,financial services,http://www.wikidata.org/entity/Q7934906
,Q7984769,Nasdaq,,financial services,http://www.wikidata.org/entity/Q7984769
,Q5063615,Nasdaq,CRNT,telecommunications,http://www.wikidata.org/entity/Q5063615
,Q5152057,Nasdaq,COMM,telecommunications,http://www.wikidata.org/entity/Q5152057
,Q6541837,Nasdaq,QVCA,broadcasting,http://www.wikidata.org/entity/Q6541837
,Q5130656,New York Stock Exchange,CCO,mass media,http://www.wikidata.org/entity/Q5130656
,Q5057419,New York Stock Exchange,CGI,transport,http://www.wikidata.org/entity/Q5057419
,Q5179012,Nasdaq,CVTI,transport,http://www.wikidata.org/entity/Q5179012
,Q114422270,New York Stock Exchange,ONON,retail,http://www.wikidata.org/entity/Q114422270
,Q24525746,New York Stock Exchange,BCE,telecommunications,http://www.wikidata.org/entity/Q24525746
,Q24834296,New York Stock Exchange,CHA,telecommunications,http://www.wikidata.org/entity/Q24834296
,Q22058448,Nasdaq,MPWR,semiconductor industry,http://www.wikidata.org/entity/Q22058448
,Q24204297,New York Stock Exchange,OSCR,insurance industry,http://www.wikidata.org/entity/Q24204297
,Q7893879,New York Stock Exchange,UAM,health insurance,http://www.wikidata.org/entity/Q7893879
,Q8024771,Nasdaq,WIN,telephone directory,http://www.wikidata.org/entity/Q8024771
,Q7921363,Nasdaq,VRNT,software industry,http://www.wikidata.org/entity/Q7921363
,Q8034666,Nasdaq,WDAY,software industry,http://www.wikidata.org/entity/Q8034666
,Q8034666,New York Stock Exchange,WDAY,software industry,http://www.wikidata.org/entity/Q8034666
,Q8072594,New York Stock Exchange,ZIP,software industry,http://www.wikidata.org/entity/Q8072594
,Q21189310,Nasdaq,DKNG,sports betting,http://www.wikidata.org/entity/Q21189310
,Q26110522,New York Stock Exchange,PNW,electricity supply company,http://www.wikidata.org/entity/Q26110522
,Q7893816,New York Stock Exchange,U,video game industry,http://www.wikidata.org/entity/Q7893816
,Q7978457,Nasdaq,MECK,recruitment,http://www.wikidata.org/entity/Q7978457
,Q7949044,New York Stock Exchange,WCC,maintenance,http://www.wikidata.org/entity/Q7949044
,Q121002697,Nasdaq,PERI,advertising,http://www.wikidata.org/entity/Q121002697
,Q120007567,Nasdaq,,electronics,http://www.wikidata.org/entity/Q120007567
,Q120007567,New York Stock Exchange,VPG,electronics,http://www.wikidata.org/entity/Q120007567
,Q113279646,New York Stock Exchange,LTHM,mining,http://www.wikidata.org/entity/Q113279646
,Q5154604,Nasdaq,COB,bank,http://www.wikidata.org/entity/Q5154604
,Q5098617,Nasdaq,SNSTA,restaurant,http://www.wikidata.org/entity/Q5098617
,Q5118415,Nasdaq,CHUY,restaurant,http://www.wikidata.org/entity/Q5118415
,Q111387693,Nasdaq,CRNC,artificial intelligence,http://www.wikidata.org/entity/Q111387693
,Q5063137,Nasdaq,CNTY,gambling,http://www.wikidata.org/entity/Q5063137
,Q21404084,New York Stock Exchange,HPQ,software industry,http://www.wikidata.org/entity/Q21404084
,Q22074922,New York Stock Exchange,ESTC,software industry,http://www.wikidata.org/entity/Q22074922
,Q24204493,New York Stock Exchange,VEEV,software industry,http://www.wikidata.org/entity/Q24204493
,Q25831370,Nasdaq,APPF,software industry,http://www.wikidata.org/entity/Q25831370
,Q23134166,Nasdaq,RP,property management,http://www.wikidata.org/entity/Q23134166
,Q24110304,Nasdaq,BPYPP,real estate industry,http://www.wikidata.org/entity/Q24110304
,Q24110304,New York Stock Exchange,BPY,real estate industry,http://www.wikidata.org/entity/Q24110304
,Q7953597,New York Stock Exchange,WNS,information technology consulting,http://www.wikidata.org/entity/Q7953597
,Q8044589,Nasdaq,XFML,Media,http://www.wikidata.org/entity/Q8044589
,Q5152058,Nasdaq,CVLT,information technology,http://www.wikidata.org/entity/Q5152058
,Q24890758,Nasdaq,CRWD,computer security,http://www.wikidata.org/entity/Q24890758
,Q27346385,New York Stock Exchange,MANU,sports industry,http://www.wikidata.org/entity/Q27346385
,Q7922702,New York Stock Exchange,,pulp and paper industry,http://www.wikidata.org/entity/Q7922702
,Q116550003,New York Stock Exchange,GXO,logistics,http://www.wikidata.org/entity/Q116550003
,Q117706368,New York Stock Exchange,CP,logistics,http://www.wikidata.org/entity/Q117706368
,Q21036456,New York Stock Exchange,HUBB,electronics industry,http://www.wikidata.org/entity/Q21036456
,Q22661749,Nasdaq,GTLS,medical device,http://www.wikidata.org/entity/Q22661749
,Q21196367,New York Stock Exchange,BSM,petroleum industry,http://www.wikidata.org/entity/Q21196367
,Q22025568,New York Stock Exchange,SGY,petroleum industry,http://www.wikidata.org/entity/Q22025568
,Q22906645,New York Stock Exchange,MMP,petroleum industry,http://www.wikidata.org/entity/Q22906645
,Q7899307,Nasdaq,UPST,fintech,http://www.wikidata.org/entity/Q7899307
,Q7935247,Nasdaq,VRTS,portfolio management,http://www.wikidata.org/entity/Q7935247
,Q7964770,New York Stock Exchange,WLT,mining of coal,http://www.wikidata.org/entity/Q7964770
,Q8040120,New York Stock Exchange,WH,hospitality industry,http://www.wikidata.org/entity/Q8040120
,Q8033550,Nasdaq,WWD,aerospace engineering,http://www.wikidata.org/entity/Q8033550
,Q7939183,Nasdaq,CALL,telecommunications,http://www.wikidata.org/entity/Q7939183
,Q7987345,Nasdaq,WSTL,telecommunications,http://www.wikidata.org/entity/Q7987345
,Q110401429,Nasdaq,FAT,restaurant,http://www.wikidata.org/entity/Q110401429
,Q25104597,New York Stock Exchange,ARNC,aerospace industry,http://www.wikidata.org/entity/Q25104597
,Q26913624,New York Stock Exchange,APRN,online food ordering,http://www.wikidata.org/entity/Q26913624
,Q5059102,New York Stock Exchange,CNC,health care,http://www.wikidata.org/entity/Q5059102
,Q22121866,Nasdaq,EXAS,health care industry,http://www.wikidata.org/entity/Q22121866
,Q24204582,New York Stock Exchange,ONDK,fintech,http://www.wikidata.org/entity/Q24204582
,Q5120253,Nasdaq,CINF,insurance,http://www.wikidata.org/entity/Q5120253
,Q116452644,Nasdaq,NFLX,streaming media,http://www.wikidata.org/entity/Q116452644
,Q8053341,New York Stock Exchange,YEXT,technology industry,http://www.wikidata.org/entity/Q8053341
,Q108888216,Nasdaq,TCBK,online banking,http://www.wikidata.org/entity/Q108888216
,Q110186196,Nasdaq,WIRE,industrial manufacturing,http://www.wikidata.org/entity/Q110186196
,Q5099817,New York Stock Exchange,NPD,pharmaceutical industry,http://www.wikidata.org/entity/Q5099817
,Q5099719,Nasdaq,CHLN,construction,http://www.wikidata.org/entity/Q5099719
,Q5130494,New York Stock Exchange,CLH,waste management,http://www.wikidata.org/entity/Q5130494
,Q5178891,New York Stock Exchange,CVA,waste management,http://www.wikidata.org/entity/Q5178891
,Q21016487,New York Stock Exchange,WRK,corrugated fiberboard,http://www.wikidata.org/entity/Q21016487
,Q7921370,Nasdaq,VRSK,risk assessment,http://www.wikidata.org/entity/Q7921370
,Q8074786,Nasdaq,ZS,internet security,http://www.wikidata.org/entity/Q8074786
,Q7955609,Nasdaq,WSFS,financial sector,http://www.wikidata.org/entity/Q7955609
,Q8044926,Nasdaq,XOOM,financial sector,http://www.wikidata.org/entity/Q8044926
,Q7917863,New York Stock Exchange,VVC,public utility,http://www.wikidata.org/entity/Q7917863
,Q7971876,New York Stock Exchange,,public utility,http://www.wikidata.org/entity/Q7971876
,Q7974766,New York Stock Exchange,WSO,"heating, ventilation, and air conditioning",http://www.wikidata.org/entity/Q7974766
,Q7889101,New York Stock Exchange,URI,equipment rental,http://www.wikidata.org/entity/Q7889101
,Q8069865,New York Stock Exchange,ZVIA,beverage industry,http://www.wikidata.org/entity/Q8069865
,Q7893563,Nasdaq,USTR,product distribution,http://www.wikidata.org/entity/Q7893563
,Q112892574,Nasdaq,SYM,robotics,http://www.wikidata.org/entity/Q112892574
,Q8074747,New York Stock Exchange,ZOES,fast casual restaurant,http://www.wikidata.org/entity/Q8074747
,Q7933662,Nasdaq,,fabless semiconductor manufacturer,http://www.wikidata.org/entity/Q7933662
,Q7987107,New York Stock Exchange,EVRG,electricity supply company,http://www.wikidata.org/entity/Q7987107
,Q8074134,Nasdaq,ZI,information broker,http://www.wikidata.org/entity/Q8074134
,Q5139058,Nasdaq,COKE,food processing,http://www.wikidata.org/entity/Q5139058
,Q5163620,Nasdaq,CTCT,online advertising,http://www.wikidata.org/entity/Q5163620
,Q5140275,Nasdaq,CDXS,protein engineering,http://www.wikidata.org/entity/Q5140275
,Q108076472,Nasdaq,HYZN,fuel cell,http://www.wikidata.org/entity/Q108076472
,Q7178935,New York Stock Exchange,PEO,investment,http://www.wikidata.org/entity/Q7178935
,Q7298901,New York Stock Exchange,RJF,investment,http://www.wikidata.org/entity/Q7298901
,Q5148361,New York Stock Exchange,CLP,real estate investment trust,http://www.wikidata.org/entity/Q5148361
,Q5170140,New York Stock Exchange,,real estate investment trust,http://www.wikidata.org/entity/Q5170140
,Q5172422,New York Stock Exchange,CDP,real estate investment trust,http://www.wikidata.org/entity/Q5172422
,Q7273147,New York Stock Exchange,,telecommunications,http://www.wikidata.org/entity/Q7273147
,Q7322037,Nasdaq,RITT,telecommunications,http://www.wikidata.org/entity/Q7322037
,Q21233433,Nasdaq,BMBL,Internet dating industry,http://www.wikidata.org/entity/Q21233433
,Q24909030,Nasdaq,CAN,consumer electronics industry,http://www.wikidata.org/entity/Q24909030
,Q25048844,New York Stock Exchange,DT,application performance management,http://www.wikidata.org/entity/Q25048844
,Q25339988,New York Stock Exchange,VIA,taxi service,http://www.wikidata.org/entity/Q25339988
,Q5122694,New York Stock Exchange,CFG,economics of banking,http://www.wikidata.org/entity/Q5122694
,Q5154635,New York Stock Exchange,CBU,economics of banking,http://www.wikidata.org/entity/Q5154635
,Q5050852,Nasdaq,DXLG,retail,http://www.wikidata.org/entity/Q5050852
,Q5096393,New York Stock Exchange,CHS,retail,http://www.wikidata.org/entity/Q5096393
,Q5111816,New York Stock Exchange,,retail,http://www.wikidata.org/entity/Q5111816
,Q5122438,Nasdaq,CTRN,retail,http://www.wikidata.org/entity/Q5122438
,Q5161257,Nasdaq,CONN,retail,http://www.wikidata.org/entity/Q5161257
,Q123269714,Nasdaq,TTMI,printed circuit board,http://www.wikidata.org/entity/Q123269714
,Q5162777,New York Stock Exchange,CNO,financial services,http://www.wikidata.org/entity/Q5162777
,Q5170137,New York Stock Exchange,,financial services,http://www.wikidata.org/entity/Q5170137
,Q5165812,Nasdaq,CTRL,home automation,http://www.wikidata.org/entity/Q5165812
,Q5090664,New York Stock Exchange,CHMT,chemical industry,http://www.wikidata.org/entity/Q5090664
,Q109609566,Nasdaq,,automotive industry,http://www.wikidata.org/entity/Q109609566
,Q111804995,Nasdaq,INVZ,automotive industry,http://www.wikidata.org/entity/Q111804995
,Q5429751,Nasdaq,FRP,telecommunications,http://www.wikidata.org/entity/Q5429751
,Q7943131,Nasdaq,VRNG,consumer electronics industry,http://www.wikidata.org/entity/Q7943131
,Q8041701,Nasdaq,DGII,computer hardware industry,http://www.wikidata.org/entity/Q8041701
,Q8046013,Nasdaq,YRCW,trucking industry,http://www.wikidata.org/entity/Q8046013
,Q8064381,Nasdaq,ZAGG,consumer electronics industry,http://www.wikidata.org/entity/Q8064381
,Q8069710,New York Stock Exchange,ZETA,business software industry,http://www.wikidata.org/entity/Q8069710
,Q7998742,Nasdaq,BREW,brewing industry,http://www.wikidata.org/entity/Q7998742
,Q8075252,Nasdaq,ZUMZ,clothing industry,http://www.wikidata.org/entity/Q8075252
,Q8085893,Nasdaq,EXPE,tourism industry,http://www.wikidata.org/entity/Q8085893
,Q7208364,Nasdaq,PNTR,transport,http://www.wikidata.org/entity/Q7208364
,Q5419989,Nasdaq,EXEL,biotechnology,http://www.wikidata.org/entity/Q5419989
,Q8035757,New York Stock Exchange,INT,energy industry,http://www.wikidata.org/entity/Q8035757
,Q108415683,Nasdaq,JWEL,e-commerce,http://www.wikidata.org/entity/Q108415683
,Q112038007,Nasdaq,DRS,weapons industry,http://www.wikidata.org/entity/Q112038007
,Q124445202,Nasdaq,JFBR,e-commerce,http://www.wikidata.org/entity/Q124445202
,Q124461238,New York Stock Exchange,PDD,e-commerce,http://www.wikidata.org/entity/Q124461238
,Q5104985,Nasdaq,CHRD,software industry,http://www.wikidata.org/entity/Q5104985
,Q5140043,Nasdaq,CDRB,software industry,http://www.wikidata.org/entity/Q5140043
,Q5159089,Nasdaq,,software industry,http://www.wikidata.org/entity/Q5159089
,Q5173965,Nasdaq,LOGM,software industry,http://www.wikidata.org/entity/Q5173965
,Q5177980,Nasdaq,COUP,software industry,http://www.wikidata.org/entity/Q5177980
,Q5479014,Nasdaq,PLNR,technology,http://www.wikidata.org/entity/Q5479014
,Q5151691,New York Stock Exchange,FIX,"heating, ventilation, and air conditioning",http://www.wikidata.org/entity/Q5151691
,Q5175243,Nasdaq,COSI,hospitality industry,http://www.wikidata.org/entity/Q5175243
,Q5165314,New York Stock Exchange,CLR,petroleum industry,http://www.wikidata.org/entity/Q5165314
,Q5170174,New York Stock Exchange,CLB,petroleum industry,http://www.wikidata.org/entity/Q5170174
,Q5433448,Nasdaq,DAVE,restaurant,http://www.wikidata.org/entity/Q5433448
,Q7391381,Nasdaq,SMTX,electronics,http://www.wikidata.org/entity/Q7391381
,Q5476713,Nasdaq,FOXA,journalism,http://www.wikidata.org/entity/Q5476713
,Q5374115,Nasdaq,NYNY,gambling,http://www.wikidata.org/entity/Q5374115
,Q7205567,Nasdaq,PLUR,biotechnology,http://www.wikidata.org/entity/Q7205567
,Q7250583,Nasdaq,RNA,biotechnology,http://www.wikidata.org/entity/Q7250583
,Q7368685,Nasdaq,ROSG,biotechnology,http://www.wikidata.org/entity/Q7368685
,Q109619213,New York Stock Exchange,ONL,real estate investment trust,http://www.wikidata.org/entity/Q109619213
,Q112892633,Nasdaq,WRD,autonomous car,http://www.wikidata.org/entity/Q112892633
,Q7385029,New York Stock Exchange,RYI,steel,http://www.wikidata.org/entity/Q7385029
,Q111982872,Nasdaq,SAVA,pharmaceutical industry,http://www.wikidata.org/entity/Q111982872
,Q113503520,Nasdaq,KYMR,pharmaceutical industry,http://www.wikidata.org/entity/Q113503520
,Q113503524,Nasdaq,KRTX,pharmaceutical industry,http://www.wikidata.org/entity/Q113503524
,Q113503532,Nasdaq,MIRM,pharmaceutical industry,http://www.wikidata.org/entity/Q113503532
,Q113503877,New York Stock Exchange,RCUS,pharmaceutical industry,http://www.wikidata.org/entity/Q113503877
,Q113510355,Nasdaq,HCM,pharmaceutical industry,http://www.wikidata.org/entity/Q113510355
,Q113530745,Nasdaq,ARWR,pharmaceutical industry,http://www.wikidata.org/entity/Q113530745
,Q120908465,Nasdaq,KNTE,pharmaceutical industry,http://www.wikidata.org/entity/Q120908465
,Q124039716,Nasdaq,NMRA,pharmaceutical industry,http://www.wikidata.org/entity/Q124039716
,Q124130142,Nasdaq,OMGA,pharmaceutical industry,http://www.wikidata.org/entity/Q124130142
,Q124352463,Nasdaq,SPRC,pharmaceutical industry,http://www.wikidata.org/entity/Q124352463
,Q124635521,Nasdaq,MNPR,pharmaceutical industry,http://www.wikidata.org/entity/Q124635521
,Q7313497,Nasdaq,RCII,furniture,http://www.wikidata.org/entity/Q7313497
,Q7390195,Nasdaq,SHFL,gambling,http://www.wikidata.org/entity/Q7390195
,Q5402870,New York Stock Exchange,ETD,furniture,http://www.wikidata.org/entity/Q5402870
,Q5419210,New York Stock Exchange,,artificial intelligence,http://www.wikidata.org/entity/Q5419210
,Q5156101,New York Stock Exchange,CMP,mining industry,http://www.wikidata.org/entity/Q5156101
,Q5176149,New York Stock Exchange,CHPT,charging station,http://www.wikidata.org/entity/Q5176149
,Q5452228,Nasdaq,FMER,bank,http://www.wikidata.org/entity/Q5452228
,Q5452333,New York Stock Exchange,FBP,bank,http://www.wikidata.org/entity/Q5452333
,Q5452773,New York Stock Exchange,FCF,bank,http://www.wikidata.org/entity/Q5452773
,Q5452995,Nasdaq,FDEF,bank,http://www.wikidata.org/entity/Q5452995
,Q5453450,Nasdaq,FNFG,bank,http://www.wikidata.org/entity/Q5453450
,Q109369035,New York Stock Exchange,ACHR,aviation,http://www.wikidata.org/entity/Q109369035
,Q7275093,Nasdaq,RADA,information technology,http://www.wikidata.org/entity/Q7275093
,Q5120216,New York Stock Exchange,,telecommunications,http://www.wikidata.org/entity/Q5120216
,Q5127720,Nasdaq,AMOV,telecommunications,http://www.wikidata.org/entity/Q5127720
,Q5130975,Nasdaq,,telecommunications,http://www.wikidata.org/entity/Q5130975
,Q7304886,Nasdaq,RRGB,restaurant,http://www.wikidata.org/entity/Q7304886
,Q7376400,New York Stock Exchange,,restaurant,http://www.wikidata.org/entity/Q7376400
,Q7382830,Nasdaq,RUTH,restaurant,http://www.wikidata.org/entity/Q7382830
,Q5072155,Nasdaq,CYOU,video game industry,http://www.wikidata.org/entity/Q5072155
,Q110778747,New York Stock Exchange,SQ,financial services,http://www.wikidata.org/entity/Q110778747
,Q111839764,Nasdaq,SIVBP,financial services,http://www.wikidata.org/entity/Q111839764
,Q114795591,New York Stock Exchange,OWL,financial services,http://www.wikidata.org/entity/Q114795591
,Q115803672,New York Stock Exchange,CRBG,financial services,http://www.wikidata.org/entity/Q115803672
,Q121001340,New York Stock Exchange,NOAH,financial services,http://www.wikidata.org/entity/Q121001340
,Q121816947,Nasdaq,VCTR,financial services,http://www.wikidata.org/entity/Q121816947
,Q123481906,Nasdaq,BPOP,financial services,http://www.wikidata.org/entity/Q123481906
,Q124054377,New York Stock Exchange,RITM,financial services,http://www.wikidata.org/entity/Q124054377
,Q7271456,New York Stock Exchange,DGX,health care,http://www.wikidata.org/entity/Q7271456
,Q5130952,New York Stock Exchange,CLW,pulp and paper industry,http://www.wikidata.org/entity/Q5130952
,Q5133094,New York Stock Exchange,CLF,iron and steel industry,http://www.wikidata.org/entity/Q5133094
,Q5152510,New York Stock Exchange,CMC,iron and steel industry,http://www.wikidata.org/entity/Q5152510
,Q5063092,New York Stock Exchange,LUMN,technology company,http://www.wikidata.org/entity/Q5063092
,Q5154770,New York Stock Exchange,CYH,health care industry,http://www.wikidata.org/entity/Q5154770
,Q5089544,New York Stock Exchange,CHGG,educational technology,http://www.wikidata.org/entity/Q5089544
,Q5132401,Nasdaq,CKSW,business software,http://www.wikidata.org/entity/Q5132401
,Q111948614,New York Stock Exchange,ETRN,petroleum industry,http://www.wikidata.org/entity/Q111948614
,Q5388314,Nasdaq,ERIE,insurance,http://www.wikidata.org/entity/Q5388314
,Q5452733,Nasdaq,FCNCA,insurance,http://www.wikidata.org/entity/Q5452733
,Q7196294,Nasdaq,PNFP,finance,http://www.wikidata.org/entity/Q7196294
,Q7252517,New York Stock Exchange,PFS,finance,http://www.wikidata.org/entity/Q7252517
,Q7265394,Nasdaq,qcrh,finance,http://www.wikidata.org/entity/Q7265394
,Q5152411,Nasdaq,CBSH,financial sector,http://www.wikidata.org/entity/Q5152411
,Q111411592,New York Stock Exchange,ASAN,software industry,http://www.wikidata.org/entity/Q111411592
,Q112871910,Nasdaq,GPSI,software industry,http://www.wikidata.org/entity/Q112871910
,Q124545138,New York Stock Exchange,BBAI,software industry,http://www.wikidata.org/entity/Q124545138
,Q5380687,New York Stock Exchange,EVC,mass media,http://www.wikidata.org/entity/Q5380687
,Q5431118,Nasdaq,SALM,mass media,http://www.wikidata.org/entity/Q5431118
,Q7316207,New York Stock Exchange,RH,retail,http://www.wikidata.org/entity/Q7316207
,Q5421507,Nasdaq,FAIL,research,http://www.wikidata.org/entity/Q5421507
,Q544847,Nasdaq,QCOM,telecommunications,http://www.wikidata.org/entity/Q544847
,Q5118174,Nasdaq,CHDN,gambling industry,http://www.wikidata.org/entity/Q5118174
,Q109539474,New York Stock Exchange,SNX,IT service management,http://www.wikidata.org/entity/Q109539474
,Q124352446,Nasdaq,AFIB,health technology,http://www.wikidata.org/entity/Q124352446
,Q5464133,Nasdaq,FOGO,gastronomy,http://www.wikidata.org/entity/Q5464133
,Q7246635,New York Stock Exchange,PRA,insurance,http://www.wikidata.org/entity/Q7246635
,Q7251369,New York Stock Exchange,,insurance,http://www.wikidata.org/entity/Q7251369
,Q7280290,New York Stock Exchange,RDN,insurance,http://www.wikidata.org/entity/Q7280290
,Q5430910,Nasdaq,FWM,retail,http://www.wikidata.org/entity/Q5430910
,Q5433101,New York Stock Exchange,FDO,retail,http://www.wikidata.org/entity/Q5433101
,Q5450341,Nasdaq,FINL,retail,http://www.wikidata.org/entity/Q5450341
,Q5479360,New York Stock Exchange,M,retail,http://www.wikidata.org/entity/Q5479360
,Q7171526,Nasdaq,PETS,veterinary medicine,http://www.wikidata.org/entity/Q7171526
,Q110723009,New York Stock Exchange,EVEX,aerospace industry,http://www.wikidata.org/entity/Q110723009
,Q112659289,Nasdaq,ASTS,space industry,http://www.wikidata.org/entity/Q112659289
,Q124036729,Nasdaq,SIDU,space industry,http://www.wikidata.org/entity/Q124036729
,Q541076,New York Stock Exchange,AU,mining,http://www.wikidata.org/entity/Q541076
,Q546880,New York Stock Exchange,KGC,mining,http://www.wikidata.org/entity/Q546880
,Q113153195,New York Stock Exchange,DIDI,transport industry,http://www.wikidata.org/entity/Q113153195
,Q124343800,Nasdaq,RVSN,transport industry,http://www.wikidata.org/entity/Q124343800
,Q7374224,Nasdaq,RGLD,mining,http://www.wikidata.org/entity/Q7374224
,Q507154,New York Stock Exchange,NVS,chemical industry,http://www.wikidata.org/entity/Q507154
,Q547450,New York Stock Exchange,CE,chemical industry,http://www.wikidata.org/entity/Q547450
,Q539056,Nasdaq,MDCA,advertising,http://www.wikidata.org/entity/Q539056
,Q5453008,Nasdaq,THFF,finance,http://www.wikidata.org/entity/Q5453008
,Q5453106,Nasdaq,INBK,finance,http://www.wikidata.org/entity/Q5453106
,Q7233708,New York Stock Exchange,PPS,apartment,http://www.wikidata.org/entity/Q7233708
,Q7354154,New York Stock Exchange,,industrial manufacturing,http://www.wikidata.org/entity/Q7354154
,Q5051394,Nasdaq,,pharmacy benefits manager,http://www.wikidata.org/entity/Q5051394
,Q5170685,Nasdaq,,for-profit education,http://www.wikidata.org/entity/Q5170685
,Q7336661,New York Stock Exchange,RBA,auction,http://www.wikidata.org/entity/Q7336661
,Q7261135,New York Stock Exchange,PSTG,recording medium,http://www.wikidata.org/entity/Q7261135
,Q5452775,Nasdaq,FCBC,holding company,http://www.wikidata.org/entity/Q5452775
,Q533415,New York Stock Exchange,BBY,retail,http://www.wikidata.org/entity/Q533415
,Q5453243,New York Stock Exchange,AG,mining,http://www.wikidata.org/entity/Q5453243
,Q5474321,New York Stock Exchange,ANR,mining,http://www.wikidata.org/entity/Q5474321
,Q7248824,New York Stock Exchange,BIN,waste management,http://www.wikidata.org/entity/Q7248824
,Q7314415,New York Stock Exchange,RSG,waste management,http://www.wikidata.org/entity/Q7314415
,Q7168146,Nasdaq,PRFT,business and other management consultancy activities,http://www.wikidata.org/entity/Q7168146
,Q7252351,New York Stock Exchange,pvd,pension,http://www.wikidata.org/entity/Q7252351
,Q572948,New York Stock Exchange,HLF,food industry,http://www.wikidata.org/entity/Q572948
,Q5455836,Nasdaq,FIVE,discount store,http://www.wikidata.org/entity/Q5455836
,Q5494350,Nasdaq,FRED,discount store,http://www.wikidata.org/entity/Q5494350
,Q5395348,New York Stock Exchange,,entertainment,http://www.wikidata.org/entity/Q5395348
,Q111143924,Nasdaq,CYXT,telecommunications,http://www.wikidata.org/entity/Q111143924
,Q124635501,Nasdaq,LRHC,real estate industry,http://www.wikidata.org/entity/Q124635501
,Q107571756,Nasdaq,MNMD,biotechnology industry,http://www.wikidata.org/entity/Q107571756
,Q116056726,Nasdaq,DTIL,biotechnology industry,http://www.wikidata.org/entity/Q116056726
,Q118327775,New York Stock Exchange,BRDG,investment management,http://www.wikidata.org/entity/Q118327775
,Q123382157,Nasdaq,NKGN,biotechnology industry,http://www.wikidata.org/entity/Q123382157
,Q124665205,Nasdaq,KRYS,biotechnology industry,http://www.wikidata.org/entity/Q124665205
,Q110706493,New York Stock Exchange,OKLO,nuclear industry,http://www.wikidata.org/entity/Q110706493
,Q115792001,Nasdaq,ICCM,medical device,http://www.wikidata.org/entity/Q115792001
,Q7180736,Nasdaq,PPD,pharmaceutical industry,http://www.wikidata.org/entity/Q7180736
,Q7338847,Nasdaq,RIVN,automotive industry,http://www.wikidata.org/entity/Q7338847
,Q109030760,Nasdaq,DJT,technology industry,http://www.wikidata.org/entity/Q109030760
,Q109307156,New York Stock Exchange,VLTA,electric vehicle charging network,http://www.wikidata.org/entity/Q109307156
,Q111821048,Nasdaq,ARBK,cryptocurrency mining,http://www.wikidata.org/entity/Q111821048
,Q7301554,Nasdaq,,pharmaceutical industry,http://www.wikidata.org/entity/Q7301554
,Q7308054,Nasdaq,REGN,pharmaceutical industry,http://www.wikidata.org/entity/Q7308054
,Q7314329,Nasdaq,,pharmaceutical industry,http://www.wikidata.org/entity/Q7314329
,Q109291018,Nasdaq,ARCB,freight transport industry,http://www.wikidata.org/entity/Q109291018
,Q109648854,Nasdaq,NNOX,medical technology industry,http://www.wikidata.org/entity/Q109648854
,Q115978123,Nasdaq,OSS,high-performance computing,http://www.wikidata.org/entity/Q115978123
,Q7226171,Nasdaq,BONA,cinematography,http://www.wikidata.org/entity/Q7226171
,Q7251172,Nasdaq,LFVN,food industry,http://www.wikidata.org/entity/Q7251172
,Q2529982,New York Stock Exchange,NYT,journalism,http://www.wikidata.org/entity/Q2529982
,Q7171522,New York Stock Exchange,,dairy,http://www.wikidata.org/entity/Q7171522
,Q7233641,New York Stock Exchange,,food processing,http://www.wikidata.org/entity/Q7233641
,Q515869,New York Stock Exchange,LGF,show business,http://www.wikidata.org/entity/Q515869
,Q503182,New York Stock Exchange,PTR,petroleum industry,http://www.wikidata.org/entity/Q503182
,Q565594,New York Stock Exchange,E,petroleum industry,http://www.wikidata.org/entity/Q565594
,Q2495283,Nasdaq,UNTD,Internet,http://www.wikidata.org/entity/Q2495283
,Q107657476,Nasdaq,PTON,computer hardware industry,http://www.wikidata.org/entity/Q107657476
,Q120761341,New York Stock Exchange,FREY,battery industry,http://www.wikidata.org/entity/Q120761341
,Q121032877,Nasdaq,CBAT,battery industry,http://www.wikidata.org/entity/Q121032877
,Q5376211,Nasdaq,ENDP,pharmaceutical industry,http://www.wikidata.org/entity/Q5376211
,Q5398941,Nasdaq,ESPR,pharmaceutical industry,http://www.wikidata.org/entity/Q5398941
,Q113459125,New York Stock Exchange,HKD,fintech,http://www.wikidata.org/entity/Q113459125
,Q7334682,New York Stock Exchange,RNG,cloud computing,http://www.wikidata.org/entity/Q7334682
,Q7165802,Nasdaq,PBCT,financial services,http://www.wikidata.org/entity/Q7165802
,Q7229656,Nasdaq,BPOP,financial services,http://www.wikidata.org/entity/Q7229656
,Q7239836,Nasdaq,PFBC,financial services,http://www.wikidata.org/entity/Q7239836
,Q7243481,New York Stock Exchange,PRI,financial services,http://www.wikidata.org/entity/Q7243481
,Q7243710,New York Stock Exchange,HCHC,financial services,http://www.wikidata.org/entity/Q7243710
,Q7314387,Nasdaq,RBCAA,financial services,http://www.wikidata.org/entity/Q7314387
,Q7389686,Nasdaq,SEIC,financial services,http://www.wikidata.org/entity/Q7389686
,Q7392916,Nasdaq,SSNC,financial services,http://www.wikidata.org/entity/Q7392916
,Q2826104,Nasdaq,AFFX,biotechnology,http://www.wikidata.org/entity/Q2826104
,Q2288792,Nasdaq,SBGI,telecommunications,http://www.wikidata.org/entity/Q2288792
,Q7242653,Nasdaq,BKNG,travel agency,http://www.wikidata.org/entity/Q7242653
,Q7257522,New York Stock Exchange,HII,shipbuilding,http://www.wikidata.org/entity/Q7257522
,Q2721586,New York Stock Exchange,SP,television,http://www.wikidata.org/entity/Q2721586
,Q5503999,Nasdaq,FFN,online dating service,http://www.wikidata.org/entity/Q5503999
,Q509255,Nasdaq,BWLD,fast food,http://www.wikidata.org/entity/Q509255
,Q550258,Nasdaq,WEN,fast food,http://www.wikidata.org/entity/Q550258
,Q7191691,Nasdaq,PIR,e-commerce,http://www.wikidata.org/entity/Q7191691
,Q7191691,New York Stock Exchange,PIR,e-commerce,http://www.wikidata.org/entity/Q7191691
,Q7313510,Nasdaq,RENT,e-commerce,http://www.wikidata.org/entity/Q7313510
,Q552581,New York Stock Exchange,SAP,software industry,http://www.wikidata.org/entity/Q552581
,Q570473,New York Stock Exchange,MCK,product distribution,http://www.wikidata.org/entity/Q570473
,Q5370909,New York Stock Exchange,VRT,industrial manufacturing,http://www.wikidata.org/entity/Q5370909
,Q5445393,New York Stock Exchange,FOE,chemical industry,http://www.wikidata.org/entity/Q5445393
,Q7250893,New York Stock Exchange,PB,economics of banking,http://www.wikidata.org/entity/Q7250893
,Q5424656,Nasdaq,FBRC,financial institution,http://www.wikidata.org/entity/Q5424656
,Q7164054,New York Stock Exchange,PEI,real estate investment trust,http://www.wikidata.org/entity/Q7164054
,Q7289304,New York Stock Exchange,RPT,real estate investment trust,http://www.wikidata.org/entity/Q7289304
,Q7301386,New York Stock Exchange,O,real estate investment trust,http://www.wikidata.org/entity/Q7301386
,Q7308000,New York Stock Exchange,REG,real estate investment trust,http://www.wikidata.org/entity/Q7308000
,Q7371324,New York Stock Exchange,,real estate investment trust,http://www.wikidata.org/entity/Q7371324
,Q7385192,New York Stock Exchange,RHP,real estate investment trust,http://www.wikidata.org/entity/Q7385192
,Q7391016,New York Stock Exchange,SLG,real estate investment trust,http://www.wikidata.org/entity/Q7391016
,Q503308,New York Stock Exchange,LUV,air transport,http://www.wikidata.org/entity/Q503308
,Q568532,New York Stock Exchange,MGM,hospitality industry,http://www.wikidata.org/entity/Q568532
,Q5426765,New York Stock Exchange,FNB,economics of banking,http://www.wikidata.org/entity/Q5426765
,Q5453249,New York Stock Exchange,AUB,economics of banking,http://www.wikidata.org/entity/Q5453249
,Q5453752,New York Stock Exchange,FRC,economics of banking,http://www.wikidata.org/entity/Q5453752
,Q5506152,New York Stock Exchange,CFR,economics of banking,http://www.wikidata.org/entity/Q5506152
,Q2299611,New York Stock Exchange,YELP,information technology,http://www.wikidata.org/entity/Q2299611
,Q2516971,Nasdaq,VRTU,information technology,http://www.wikidata.org/entity/Q2516971
,Q2171646,New York Stock Exchange,JBL,electronics,http://www.wikidata.org/entity/Q2171646
,Q2528284,New York Stock Exchange,VSH,electronics,http://www.wikidata.org/entity/Q2528284
,Q545402,New York Stock Exchange,,food processing,http://www.wikidata.org/entity/Q545402
,Q2308517,New York Stock Exchange,TRK,motorsport,http://www.wikidata.org/entity/Q2308517
,Q580866,Nasdaq,THQI,video game industry,http://www.wikidata.org/entity/Q580866
,Q7169321,New York Stock Exchange,PBT,petroleum industry,http://www.wikidata.org/entity/Q7169321
,Q7200719,New York Stock Exchange,,petroleum industry,http://www.wikidata.org/entity/Q7200719
,Q7200726,New York Stock Exchange,PXP,petroleum industry,http://www.wikidata.org/entity/Q7200726
,Q7248285,Nasdaq,PFIE,petroleum industry,http://www.wikidata.org/entity/Q7248285
,Q7271499,New York Stock Exchange,STR,petroleum industry,http://www.wikidata.org/entity/Q7271499
,Q7319192,Nasdaq,REXX,petroleum industry,http://www.wikidata.org/entity/Q7319192
,Q5384681,New York Stock Exchange,,real estate investment trust,http://www.wikidata.org/entity/Q5384681
,Q5419403,New York Stock Exchange,EXM,freight transport,http://www.wikidata.org/entity/Q5419403
,Q5468821,New York Stock Exchange,FCE.B,real estate investment trust,http://www.wikidata.org/entity/Q5468821
,Q522617,New York Stock Exchange,IVZ,financial services,http://www.wikidata.org/entity/Q522617
,Q5375543,Nasdaq,ECPG,financial services,http://www.wikidata.org/entity/Q5375543
,Q5412010,Nasdaq,EEFT,financial services,http://www.wikidata.org/entity/Q5412010
,Q5416802,New York Stock Exchange,,financial services,http://www.wikidata.org/entity/Q5416802
,Q5416929,New York Stock Exchange,EVR,financial services,http://www.wikidata.org/entity/Q5416929
,Q5426582,New York Stock Exchange,FLY,financial services,http://www.wikidata.org/entity/Q5426582
,Q5446775,New York Stock Exchange,FGL,financial services,http://www.wikidata.org/entity/Q5446775
,Q5452290,New York Stock Exchange,,financial services,http://www.wikidata.org/entity/Q5452290
,Q5453107,Nasdaq,FIBK,financial services,http://www.wikidata.org/entity/Q5453107
,Q5453875,New York Stock Exchange,FHN,financial services,http://www.wikidata.org/entity/Q5453875
,Q5457038,New York Stock Exchange,FBC,financial services,http://www.wikidata.org/entity/Q5457038
,Q518016,New York Stock Exchange,UIS,consulting,http://www.wikidata.org/entity/Q518016
,Q4111575,Nasdaq,,Internet,http://www.wikidata.org/entity/Q4111575
,Q5424650,New York Stock Exchange,FFG,life insurance,http://www.wikidata.org/entity/Q5424650
,Q5426537,Nasdaq,FLIR,thermography,http://www.wikidata.org/entity/Q5426537
,Q2668128,New York Stock Exchange,MHFI,agriculture,http://www.wikidata.org/entity/Q2668128
,Q529157,New York Stock Exchange,FRO,shipping,http://www.wikidata.org/entity/Q529157
,Q555925,Nasdaq,BRCM,semiconductor industry,http://www.wikidata.org/entity/Q555925
,Q2559267,Nasdaq,WEN,restaurant,http://www.wikidata.org/entity/Q2559267
,Q540891,New York Stock Exchange,NLSN,information industry,http://www.wikidata.org/entity/Q540891
,Q552363,New York Stock Exchange,HOT,hotel industry,http://www.wikidata.org/entity/Q552363
,Q577911,New York Stock Exchange,POM,energy supply,http://www.wikidata.org/entity/Q577911
,Q5376825,New York Stock Exchange,EGN,petroleum industry,http://www.wikidata.org/entity/Q5376825
,Q5377000,New York Stock Exchange,ETP,petroleum industry,http://www.wikidata.org/entity/Q5377000
,Q5379929,New York Stock Exchange,VAL,petroleum industry,http://www.wikidata.org/entity/Q5379929
,Q5380346,New York Stock Exchange,EPD,petroleum industry,http://www.wikidata.org/entity/Q5380346
,Q5506029,New York Stock Exchange,FTO,petroleum industry,http://www.wikidata.org/entity/Q5506029
,Q7231939,New York Stock Exchange,POR,public utility,http://www.wikidata.org/entity/Q7231939
,Q7361273,New York Stock Exchange,ROL,pest control,http://www.wikidata.org/entity/Q7361273
,Q5453330,Nasdaq,FMBI,commercial bank,http://www.wikidata.org/entity/Q5453330
,Q7168080,Nasdaq,PWRD,video game industry,http://www.wikidata.org/entity/Q7168080
,Q7208625,Nasdaq,PTEK,video game industry,http://www.wikidata.org/entity/Q7208625
,Q5422162,New York Stock Exchange,EXR,self storage,http://www.wikidata.org/entity/Q5422162
,Q2162158,Nasdaq,BOKF,bank,http://www.wikidata.org/entity/Q2162158
,Q2423252,New York Stock Exchange,ITCL,bank,http://www.wikidata.org/entity/Q2423252
,Q4033665,New York Stock Exchange,ALK,transport,http://www.wikidata.org/entity/Q4033665
,Q5470333,Nasdaq,FORTY,conglomerate,http://www.wikidata.org/entity/Q5470333
,Q7267707,New York Stock Exchange,QIHU,software industry,http://www.wikidata.org/entity/Q7267707
,Q7248721,New York Stock Exchange,PGR,vehicle insurance,http://www.wikidata.org/entity/Q7248721
,Q7371288,New York Stock Exchange,,grocery store,http://www.wikidata.org/entity/Q7371288
,Q524989,New York Stock Exchange,VYX,information and communications technology,http://www.wikidata.org/entity/Q524989
,Q5431722,Nasdaq,FALC,software industry,http://www.wikidata.org/entity/Q5431722
,Q4680345,New York Stock Exchange,ADX,investment,http://www.wikidata.org/entity/Q4680345
,Q5501354,Nasdaq,RAIL,rail transport,http://www.wikidata.org/entity/Q5501354
,Q7280957,Nasdaq,UONE,broadcasting,http://www.wikidata.org/entity/Q7280957
,Q7331170,Nasdaq,RICK,strip club,http://www.wikidata.org/entity/Q7331170
,Q7360089,Nasdaq,ROKU,broadcasting,http://www.wikidata.org/entity/Q7360089
,Q4651203,Nasdaq,ADTN,telecommunications,http://www.wikidata.org/entity/Q4651203
,Q4682079,Nasdaq,ADELQ,telecommunications,http://www.wikidata.org/entity/Q4682079
,Q4655072,New York Stock Exchange,,electronics,http://www.wikidata.org/entity/Q4655072
,Q7314050,Nasdaq,ATTU,software industry,http://www.wikidata.org/entity/Q7314050
,Q7368695,New York Stock Exchange,RST,software industry,http://www.wikidata.org/entity/Q7368695
,Q2325665,New York Stock Exchange,,mining,http://www.wikidata.org/entity/Q2325665
,Q2839509,New York Stock Exchange,AMR,mining,http://www.wikidata.org/entity/Q2839509
,Q7280388,Nasdaq,RADA,game industry,http://www.wikidata.org/entity/Q7280388
,Q7301358,New York Stock Exchange,HOUS,real estate industry,http://www.wikidata.org/entity/Q7301358
,Q7376642,New York Stock Exchange,RKUS,telecommunications device,http://www.wikidata.org/entity/Q7376642
,Q4741141,Nasdaq,EPAX,education,http://www.wikidata.org/entity/Q4741141
,Q4686419,Nasdaq,ADXS,biotechnology,http://www.wikidata.org/entity/Q4686419
,Q4692116,Nasdaq,AGEN,biotechnology,http://www.wikidata.org/entity/Q4692116
,Q5373589,Nasdaq,EMMS,broadcasting,http://www.wikidata.org/entity/Q5373589
,Q5380195,New York Stock Exchange,ETM,broadcasting,http://www.wikidata.org/entity/Q5380195
,Q5384678,Nasdaq,EMDAQ,broadcasting,http://www.wikidata.org/entity/Q5384678
,Q5422801,New York Stock Exchange,ELF,cosmetics industry,http://www.wikidata.org/entity/Q5422801
,Q5440684,New York Stock Exchange,FHI,investment management,http://www.wikidata.org/entity/Q5440684
,Q5454776,Nasdaq,FSCI,broadcasting,http://www.wikidata.org/entity/Q5454776
,Q5461913,Nasdaq,FTD,Floral industry,http://www.wikidata.org/entity/Q5461913
,Q5497414,Nasdaq,FRBW,brewing industry,http://www.wikidata.org/entity/Q5497414
,Q7234777,Nasdaq,PBPB,fast casual restaurant,http://www.wikidata.org/entity/Q7234777
,Q7276947,New York Stock Exchange,RLI,insurance industry,http://www.wikidata.org/entity/Q7276947
,Q7296403,Nasdaq,RAVN,aerospace industry,http://www.wikidata.org/entity/Q7296403
,Q7339697,Nasdaq,ROAD,trucking industry,http://www.wikidata.org/entity/Q7339697
,Q7339697,New York Stock Exchange,CBB,trucking industry,http://www.wikidata.org/entity/Q7339697
,Q29026065,New York Stock Exchange,DNA,biotechnology,http://www.wikidata.org/entity/Q29026065
,Q2353849,Nasdaq,LOCO,fast food,http://www.wikidata.org/entity/Q2353849
,Q2414097,New York Stock Exchange,SMG,horticulture,http://www.wikidata.org/entity/Q2414097
,Q7388926,Nasdaq,SBAC,telecommunications,http://www.wikidata.org/entity/Q7388926
,Q7389067,New York Stock Exchange,SCG,electric power industry,http://www.wikidata.org/entity/Q7389067
,Q4033073,Nasdaq,ARRS,communication,http://www.wikidata.org/entity/Q4033073
,Q4403264,Nasdaq,CTCM,communication,http://www.wikidata.org/entity/Q4403264
,Q7239519,New York Stock Exchange,PCP,aerospace engineering,http://www.wikidata.org/entity/Q7239519
,Q2241604,Nasdaq,PANDORA,retail,http://www.wikidata.org/entity/Q2241604
,Q2365235,Nasdaq,OZON,retail,http://www.wikidata.org/entity/Q2365235
,Q2470307,New York Stock Exchange,GES,retail,http://www.wikidata.org/entity/Q2470307
,Q2831861,New York Stock Exchange,ACI,retail,http://www.wikidata.org/entity/Q2831861
,Q2842931,New York Stock Exchange,AEO,retail,http://www.wikidata.org/entity/Q2842931
,Q5376815,Nasdaq,ENOC,Energy,http://www.wikidata.org/entity/Q5376815
,Q5451274,Nasdaq,FEYE,computer security,http://www.wikidata.org/entity/Q5451274
,Q28172340,New York Stock Exchange,EMWP,mass media,http://www.wikidata.org/entity/Q28172340
,Q7268802,Nasdaq,QLYS,computer security,http://www.wikidata.org/entity/Q7268802
,Q2188613,New York Stock Exchange,CMBT,water transport,http://www.wikidata.org/entity/Q2188613
,Q28133993,New York Stock Exchange,IBTA,technology,http://www.wikidata.org/entity/Q28133993
,Q5376999,New York Stock Exchange,ET,energy industry,http://www.wikidata.org/entity/Q5376999
,Q5421850,Nasdaq,STAY,hospitality industry,http://www.wikidata.org/entity/Q5421850
,Q28027517,Nasdaq,LCID,battery,http://www.wikidata.org/entity/Q28027517
,Q2645636,New York Stock Exchange,ALL,insurance,http://www.wikidata.org/entity/Q2645636
,Q4118850,Nasdaq,RAVE,restaurant,http://www.wikidata.org/entity/Q4118850
,Q4677436,Nasdaq,ACTS,electronic component,http://www.wikidata.org/entity/Q4677436
,Q28776959,Nasdaq,RELL,electronic component,http://www.wikidata.org/entity/Q28776959
,Q28130158,New York Stock Exchange,CHWY,retail,http://www.wikidata.org/entity/Q28130158
,Q5370829,New York Stock Exchange,ESC,Senior living,http://www.wikidata.org/entity/Q5370829
,Q53308751,Nasdaq,GH,biotechnology,http://www.wikidata.org/entity/Q53308751
,Q54621387,Nasdaq,NTLA,biotechnology,http://www.wikidata.org/entity/Q54621387
,Q66823616,Nasdaq,FLGT,biotechnology,http://www.wikidata.org/entity/Q66823616
,Q79583223,Nasdaq,SOPH,biotechnology,http://www.wikidata.org/entity/Q79583223
,Q2609162,New York Stock Exchange,ACE,entertainment,http://www.wikidata.org/entity/Q2609162
,Q28209837,Nasdaq,ALDR,pharmaceutical industry,http://www.wikidata.org/entity/Q28209837
,Q28760388,Nasdaq,,pharmaceutical industry,http://www.wikidata.org/entity/Q28760388
,Q28877490,Nasdaq,PBYI,pharmaceutical industry,http://www.wikidata.org/entity/Q28877490
,Q28407181,Nasdaq,ACHC,health care,http://www.wikidata.org/entity/Q28407181
,Q54871457,Nasdaq,RBBN,telecommunications,http://www.wikidata.org/entity/Q54871457
,Q2178198,New York Stock Exchange,R,logistics,http://www.wikidata.org/entity/Q2178198
,Q5376661,Nasdaq,EIGI,internet hosting service,http://www.wikidata.org/entity/Q5376661
,Q28127133,Nasdaq,SOLO,automotive industry,http://www.wikidata.org/entity/Q28127133
,Q28405615,Nasdaq,ARVL,automotive industry,http://www.wikidata.org/entity/Q28405615
,Q28406599,Nasdaq,WKHS,automotive industry,http://www.wikidata.org/entity/Q28406599
,Q65090628,Nasdaq,LOCO,restaurant,http://www.wikidata.org/entity/Q65090628
,Q85751038,New York Stock Exchange,CAVA,restaurant,http://www.wikidata.org/entity/Q85751038
,Q4112833,New York Stock Exchange,CAL,retail,http://www.wikidata.org/entity/Q4112833
,Q4545752,Nasdaq,FLWS,retail,http://www.wikidata.org/entity/Q4545752
,Q4652302,Nasdaq,,retail,http://www.wikidata.org/entity/Q4652302
,Q4708382,Nasdaq,ALRM,retail,http://www.wikidata.org/entity/Q4708382
,Q4698227,Nasdaq,ATSG,airline,http://www.wikidata.org/entity/Q4698227
,Q4688284,New York Stock Exchange,HIVE,information technology,http://www.wikidata.org/entity/Q4688284
,Q4733274,Nasdaq,MDRX,information technology,http://www.wikidata.org/entity/Q4733274
,Q5427196,New York Stock Exchange,FCN,professional services industry,http://www.wikidata.org/entity/Q5427196
,Q4636301,New York Stock Exchange,DDD,computer-aided design,http://www.wikidata.org/entity/Q4636301
,Q4643844,New York Stock Exchange,,hotel,http://www.wikidata.org/entity/Q4643844
,Q4596288,Nasdaq,FCCY,bank,http://www.wikidata.org/entity/Q4596288
,Q4742486,Nasdaq,ASRV,bank,http://www.wikidata.org/entity/Q4742486
,Q56276948,New York Stock Exchange,AVNS,health care,http://www.wikidata.org/entity/Q56276948
,Q75256038,Nasdaq,CRON,health care,http://www.wikidata.org/entity/Q75256038
,Q28404585,New York Stock Exchange,DCP,petroleum industry,http://www.wikidata.org/entity/Q28404585
,Q2140315,New York Stock Exchange,TXT,automotive industry,http://www.wikidata.org/entity/Q2140315
,Q2740047,New York Stock Exchange,WEBR,industrial manufacturing,http://www.wikidata.org/entity/Q2740047
,Q4037686,Nasdaq,DNKN,gastronomy,http://www.wikidata.org/entity/Q4037686
,Q4492609,Nasdaq,CBRL,gastronomy,http://www.wikidata.org/entity/Q4492609
,Q76846862,Nasdaq,PARA,mass media,http://www.wikidata.org/entity/Q76846862
,Q2448801,New York Stock Exchange,TAC,electricity generation,http://www.wikidata.org/entity/Q2448801
,Q2825507,New York Stock Exchange,ACM,construction,http://www.wikidata.org/entity/Q2825507
,Q28155430,Nasdaq,ACGL,insurance,http://www.wikidata.org/entity/Q28155430
,Q3973262,Nasdaq,SRCL,tertiary sector of the economy,http://www.wikidata.org/entity/Q3973262
,Q2747818,Nasdaq,STRC,robotics,http://www.wikidata.org/entity/Q2747818
,Q65251731,Nasdaq,NNDM,electronics,http://www.wikidata.org/entity/Q65251731
,Q2207629,New York Stock Exchange,SPXC,conglomerate,http://www.wikidata.org/entity/Q2207629
,Q2287759,New York Stock Exchange,SPG,real estate investment trust,http://www.wikidata.org/entity/Q2287759
,Q2504058,Nasdaq,GOGL,freight transport,http://www.wikidata.org/entity/Q2504058
,Q60269744,New York Stock Exchange,SPOT,streaming media,http://www.wikidata.org/entity/Q60269744
,Q2748407,New York Stock Exchange,SHPW,3D printing,http://www.wikidata.org/entity/Q2748407
,Q2453426,New York Stock Exchange,,photovoltaics,http://www.wikidata.org/entity/Q2453426
,Q28402389,Nasdaq,SFNC,financial sector,http://www.wikidata.org/entity/Q28402389
,Q3999691,New York Stock Exchange,TROX,mining,http://www.wikidata.org/entity/Q3999691
,Q4655171,New York Stock Exchange,EQH,insurance,http://www.wikidata.org/entity/Q4655171
,Q28402394,Nasdaq,HOMB,financial services,http://www.wikidata.org/entity/Q28402394
,Q28402394,New York Stock Exchange,HOMB,financial services,http://www.wikidata.org/entity/Q28402394
,Q28444592,New York Stock Exchange,OMF,financial services,http://www.wikidata.org/entity/Q28444592
,Q28446528,Nasdaq,RNST,financial services,http://www.wikidata.org/entity/Q28446528
,Q29096796,Nasdaq,ZFOX,computer security,http://www.wikidata.org/entity/Q29096796
,Q28154806,Nasdaq,MB,software industry,http://www.wikidata.org/entity/Q28154806
,Q4034815,New York Stock Exchange,BLL,mechanical engineering,http://www.wikidata.org/entity/Q4034815
,Q2744099,Nasdaq,VRTX,pharmaceutical industry,http://www.wikidata.org/entity/Q2744099
,Q2659099,New York Stock Exchange,NBL,petroleum industry,http://www.wikidata.org/entity/Q2659099
,Q60742568,Nasdaq,CAMP,Internet of Things,http://www.wikidata.org/entity/Q60742568
,Q27988208,New York Stock Exchange,VRTV,pulp and paper industry,http://www.wikidata.org/entity/Q27988208
,Q28782856,New York Stock Exchange,DXC,quaternary sector of the economy,http://www.wikidata.org/entity/Q28782856
,Q2335199,New York Stock Exchange,BMA,economics of banking,http://www.wikidata.org/entity/Q2335199
,Q56280964,New York Stock Exchange,FND,retail,http://www.wikidata.org/entity/Q56280964
,Q60772582,Nasdaq,MIK,retail,http://www.wikidata.org/entity/Q60772582
,Q64005031,New York Stock Exchange,BRCC,retail,http://www.wikidata.org/entity/Q64005031
,Q4040469,Nasdaq,HHR,E-recruitment,http://www.wikidata.org/entity/Q4040469
,Q4646294,New York Stock Exchange,NDN,discount store,http://www.wikidata.org/entity/Q4646294
,Q4652575,Nasdaq,AMCX,independent film,http://www.wikidata.org/entity/Q4652575
,Q2466838,Nasdaq,SMT,computing,http://www.wikidata.org/entity/Q2466838
,Q2376711,New York Stock Exchange,SYY,wholesale,http://www.wikidata.org/entity/Q2376711
,Q2266483,New York Stock Exchange,AVG,software industry,http://www.wikidata.org/entity/Q2266483
,Q2303478,Nasdaq,SNPS,software industry,http://www.wikidata.org/entity/Q2303478
,Q2388717,Nasdaq,CMVT,software industry,http://www.wikidata.org/entity/Q2388717
,Q54622058,Nasdaq,TCBI,bank,http://www.wikidata.org/entity/Q54622058
,Q7616390,New York Stock Exchange,SF,investment,http://www.wikidata.org/entity/Q7616390
,Q27988152,New York Stock Exchange,FRT,real estate investment trust,http://www.wikidata.org/entity/Q27988152
,Q27988153,New York Stock Exchange,UDR,real estate investment trust,http://www.wikidata.org/entity/Q27988153
,Q27988239,New York Stock Exchange,MAA,real estate investment trust,http://www.wikidata.org/entity/Q27988239
,Q4648219,New York Stock Exchange,AOS,"water collection, treatment and supply",http://www.wikidata.org/entity/Q4648219
,Q4738904,Nasdaq,AFSI,reinsurance,http://www.wikidata.org/entity/Q4738904
,Q3996930,New York Stock Exchange,TOWR,automotive industry,http://www.wikidata.org/entity/Q3996930
,Q4043693,New York Stock Exchange,MTW,industrial manufacturing,http://www.wikidata.org/entity/Q4043693
,Q4047174,Nasdaq,PSNY,automotive industry,http://www.wikidata.org/entity/Q4047174
,Q4672315,Nasdaq,ACCL,industrial manufacturing,http://www.wikidata.org/entity/Q4672315
,Q4743120,New York Stock Exchange,AXL,automotive industry,http://www.wikidata.org/entity/Q4743120
,Q2502355,New York Stock Exchange,USNA,food industry,http://www.wikidata.org/entity/Q2502355
,Q56421559,New York Stock Exchange,HMI,industrial manufacturing,http://www.wikidata.org/entity/Q56421559
,Q63035278,New York Stock Exchange,XPEV,automotive industry,http://www.wikidata.org/entity/Q63035278
,Q56273983,Nasdaq,APPN,cloud computing,http://www.wikidata.org/entity/Q56273983
,Q53108351,New York Stock Exchange,MYTE,e-commerce,http://www.wikidata.org/entity/Q53108351
,Q28408034,New York Stock Exchange,FUBO,subscription television,http://www.wikidata.org/entity/Q28408034
,Q62739842,New York Stock Exchange,DOW,chemical industry,http://www.wikidata.org/entity/Q62739842
,Q2607502,Nasdaq,ETFC,financial services,http://www.wikidata.org/entity/Q2607502
,Q2837996,New York Stock Exchange,ADS,financial services,http://www.wikidata.org/entity/Q2837996
,Q2843129,New York Stock Exchange,AMP,financial services,http://www.wikidata.org/entity/Q2843129
,Q7537214,Nasdaq,SKYW,transport,http://www.wikidata.org/entity/Q7537214
,Q2450081,Nasdaq,GLUU,video game industry,http://www.wikidata.org/entity/Q2450081
,Q4356115,Nasdaq,IMBI,online shopping,http://www.wikidata.org/entity/Q4356115
,Q4045248,New York Stock Exchange,,cloud computing,http://www.wikidata.org/entity/Q4045248
,Q2838738,New York Stock Exchange,pam,energy supply,http://www.wikidata.org/entity/Q2838738
,Q2839213,New York Stock Exchange,,energy supply,http://www.wikidata.org/entity/Q2839213
,Q60744565,Nasdaq,TTD,online advertising,http://www.wikidata.org/entity/Q60744565
,Q2304693,New York Stock Exchange,SO,energy industry,http://www.wikidata.org/entity/Q2304693
,Q2843192,New York Stock Exchange,EDN,public utility,http://www.wikidata.org/entity/Q2843192
,Q2852632,New York Stock Exchange,UGI,energy industry,http://www.wikidata.org/entity/Q2852632
,Q53308720,Nasdaq,ROIV,pharmaceutical industry,http://www.wikidata.org/entity/Q53308720
,Q56481140,Nasdaq,CMPS,pharmaceutical industry,http://www.wikidata.org/entity/Q56481140
,Q65089744,Nasdaq,ORMP,pharmaceutical industry,http://www.wikidata.org/entity/Q65089744
,Q85769888,Nasdaq,IOVA,pharmaceutical industry,http://www.wikidata.org/entity/Q85769888
,Q3975878,Nasdaq,SSYS,3D printing,http://www.wikidata.org/entity/Q3975878
,Q56811344,Nasdaq,LK,café,http://www.wikidata.org/entity/Q56811344
,Q7417809,Nasdaq,SGMO,biotechnology,http://www.wikidata.org/entity/Q7417809
,Q7450899,Nasdaq,SNMX,biotechnology,http://www.wikidata.org/entity/Q7450899
,Q7452488,Nasdaq,SQNM,biotechnology,http://www.wikidata.org/entity/Q7452488
,Q7452488,New York Stock Exchange,SQNM,biotechnology,http://www.wikidata.org/entity/Q7452488
,Q7685835,Nasdaq,TARG,biotechnology,http://www.wikidata.org/entity/Q7685835
,Q4650338,New York Stock Exchange,ABM,facility management,http://www.wikidata.org/entity/Q4650338
,Q4677840,New York Stock Exchange,EPAC,conglomerate,http://www.wikidata.org/entity/Q4677840
,Q4045079,Nasdaq,NATR,food industry,http://www.wikidata.org/entity/Q4045079
,Q7501286,Nasdaq,SHOR,telecommunications,http://www.wikidata.org/entity/Q7501286
,Q7671950,Nasdaq,TTIL,telecommunications,http://www.wikidata.org/entity/Q7671950
,Q7696488,New York Stock Exchange,TDS,telecommunications,http://www.wikidata.org/entity/Q7696488
,Q2300605,Nasdaq,CMTO,computer network,http://www.wikidata.org/entity/Q2300605
,Q2861324,New York Stock Exchange,ANET,computer network,http://www.wikidata.org/entity/Q2861324
,Q55622230,Nasdaq,MKTX,financial services,http://www.wikidata.org/entity/Q55622230
,Q55633597,Nasdaq,SSB,financial services,http://www.wikidata.org/entity/Q55633597
,Q59089890,New York Stock Exchange,QD,financial services,http://www.wikidata.org/entity/Q59089890
,Q65117079,New York Stock Exchange,LDI,financial services,http://www.wikidata.org/entity/Q65117079
,Q83768717,New York Stock Exchange,BKKT,financial services,http://www.wikidata.org/entity/Q83768717
,Q84698811,New York Stock Exchange,RMR,Real estate investment,http://www.wikidata.org/entity/Q84698811
,Q54953653,New York Stock Exchange,BGS,food industry,http://www.wikidata.org/entity/Q54953653
,Q7638153,Nasdaq,STKL,mineral,http://www.wikidata.org/entity/Q7638153
,Q7561808,Nasdaq,SONC,restaurant,http://www.wikidata.org/entity/Q7561808
,Q2305438,New York Stock Exchange,TLK,telecommunications,http://www.wikidata.org/entity/Q2305438
,Q2393592,New York Stock Exchange,IIT,telecommunications,http://www.wikidata.org/entity/Q2393592
,Q2450722,New York Stock Exchange,CEL,telecommunications,http://www.wikidata.org/entity/Q2450722
,Q2466256,New York Stock Exchange,USM,telecommunications,http://www.wikidata.org/entity/Q2466256
,Q2622493,New York Stock Exchange,RTO,pest control,http://www.wikidata.org/entity/Q2622493
,Q4189507,Nasdaq,CATY,financial services,http://www.wikidata.org/entity/Q4189507
,Q4687934,New York Stock Exchange,AER,financial services,http://www.wikidata.org/entity/Q4687934
,Q4698062,New York Stock Exchange,AL,financial services,http://www.wikidata.org/entity/Q4698062
,Q2749364,Nasdaq,FTNT,computer security,http://www.wikidata.org/entity/Q2749364
,Q56527497,New York Stock Exchange,NP,papermaking,http://www.wikidata.org/entity/Q56527497
,Q60764012,Nasdaq,PEGI,electricity generation,http://www.wikidata.org/entity/Q60764012
,Q65090792,Nasdaq,REAL,Recommerce,http://www.wikidata.org/entity/Q65090792
,Q4742937,Nasdaq,AAL,aviation,http://www.wikidata.org/entity/Q4742937
,Q4653724,Nasdaq,ARIA,pharmaceutical industry,http://www.wikidata.org/entity/Q4653724
,Q4671580,Nasdaq,ACAD,pharmaceutical industry,http://www.wikidata.org/entity/Q4671580
,Q4674531,Nasdaq,ACOR,pharmaceutical industry,http://www.wikidata.org/entity/Q4674531
,Q4726659,Nasdaq,ALIM,pharmaceutical industry,http://www.wikidata.org/entity/Q4726659
,Q4727688,Nasdaq,ALKS,pharmaceutical industry,http://www.wikidata.org/entity/Q4727688
,Q4740289,Nasdaq,AMRN,pharmaceutical industry,http://www.wikidata.org/entity/Q4740289
,Q54263910,New York Stock Exchange,VICI,real property,http://www.wikidata.org/entity/Q54263910
,Q7669688,Nasdaq,TCF,bank,http://www.wikidata.org/entity/Q7669688
,Q4035714,New York Stock Exchange,CTRA,petroleum industry,http://www.wikidata.org/entity/Q4035714
,Q4046987,New York Stock Exchange,PXD,petroleum industry,http://www.wikidata.org/entity/Q4046987
,Q4048013,New York Stock Exchange,RRC,petroleum industry,http://www.wikidata.org/entity/Q4048013
,Q4654872,Nasdaq,,petroleum industry,http://www.wikidata.org/entity/Q4654872
,Q4686414,New York Stock Exchange,AAV,petroleum industry,http://www.wikidata.org/entity/Q4686414
,Q2357515,New York Stock Exchange,SYK,health technology,http://www.wikidata.org/entity/Q2357515
,Q2438391,New York Stock Exchange,CHKY,quick service restaurant sector,http://www.wikidata.org/entity/Q2438391
,Q2579502,New York Stock Exchange,ENOV,health technology,http://www.wikidata.org/entity/Q2579502
,Q7662405,Nasdaq,ELOS,health care,http://www.wikidata.org/entity/Q7662405
,Q4718099,New York Stock Exchange,ALX,real estate investment trust,http://www.wikidata.org/entity/Q4718099
,Q7597518,New York Stock Exchange,SFG,insurance,http://www.wikidata.org/entity/Q7597518
,Q7512309,Nasdaq,SIGM,semiconductor,http://www.wikidata.org/entity/Q7512309
,Q65056153,Nasdaq,PONY,autonomous car,http://www.wikidata.org/entity/Q65056153
,Q60740820,New York Stock Exchange,ARLO,home automation,http://www.wikidata.org/entity/Q60740820
,Q60742531,New York Stock Exchange,CRC,petroleum industry,http://www.wikidata.org/entity/Q60742531
,Q65066950,New York Stock Exchange,CNX,petroleum industry,http://www.wikidata.org/entity/Q65066950
,Q55080120,New York Stock Exchange,PATH,software industry,http://www.wikidata.org/entity/Q55080120
,Q55627388,Nasdaq,OKTA,software industry,http://www.wikidata.org/entity/Q55627388
,Q56314218,New York Stock Exchange,BKSY,software industry,http://www.wikidata.org/entity/Q56314218
,Q56826699,New York Stock Exchange,MRDB,software industry,http://www.wikidata.org/entity/Q56826699
,Q73883753,New York Stock Exchange,AYX,software industry,http://www.wikidata.org/entity/Q73883753
,Q60763554,New York Stock Exchange,UBA,real estate investment trust,http://www.wikidata.org/entity/Q60763554
,Q85769855,New York Stock Exchange,INVH,real estate investment trust,http://www.wikidata.org/entity/Q85769855
,Q4546965,Nasdaq,,software industry,http://www.wikidata.org/entity/Q4546965
,Q2144525,New York Stock Exchange,SNI,broadcasting,http://www.wikidata.org/entity/Q2144525
,Q65091423,Nasdaq,FANG,petroleum industry,http://www.wikidata.org/entity/Q65091423
,Q67186598,New York Stock Exchange,RBLX,video game industry,http://www.wikidata.org/entity/Q67186598
,Q85607259,Nasdaq,GDEV,video game industry,http://www.wikidata.org/entity/Q85607259
,Q4732268,New York Stock Exchange,AB,asset management,http://www.wikidata.org/entity/Q4732268
,Q7662493,New York Stock Exchange,SNX,information technology,http://www.wikidata.org/entity/Q7662493
,Q7697828,Nasdaq,TLS,information technology,http://www.wikidata.org/entity/Q7697828
,Q60760151,Nasdaq,LUNR,space industry,http://www.wikidata.org/entity/Q60760151
,Q64363662,New York Stock Exchange,HIMS,online pharmacy,http://www.wikidata.org/entity/Q64363662
,Q65091232,New York Stock Exchange,ALIT,professional service,http://www.wikidata.org/entity/Q65091232
,Q16997126,Nasdaq,ICPT,biotechnology,http://www.wikidata.org/entity/Q16997126
,Q17073430,Nasdaq,ONVO,biotechnology,http://www.wikidata.org/entity/Q17073430
,Q18149200,Nasdaq,CPRX,biotechnology,http://www.wikidata.org/entity/Q18149200
,Q56273715,New York Stock Exchange,TPR,fashion accessory,http://www.wikidata.org/entity/Q56273715
,Q54933259,New York Stock Exchange,JOBY,aerospace industry,http://www.wikidata.org/entity/Q54933259
,Q60754620,New York Stock Exchange,EVTL,aerospace industry,http://www.wikidata.org/entity/Q60754620
,Q4674547,Nasdaq,ACFN,energy industry,http://www.wikidata.org/entity/Q4674547
,Q7692144,Nasdaq,TTGT,marketing,http://www.wikidata.org/entity/Q7692144
,Q2157448,New York Stock Exchange,RHI,employment services industry,http://www.wikidata.org/entity/Q2157448
,Q2167391,New York Stock Exchange,GTW,computer hardware industry,http://www.wikidata.org/entity/Q2167391
,Q2302402,New York Stock Exchange,GRND,Internet dating industry,http://www.wikidata.org/entity/Q2302402
,Q2443609,Nasdaq,ZBRA,computer hardware industry,http://www.wikidata.org/entity/Q2443609
,Q2552219,New York Stock Exchange,WM,waste management industry,http://www.wikidata.org/entity/Q2552219
,Q2581220,New York Stock Exchange,WSM,home furnishing,http://www.wikidata.org/entity/Q2581220
,Q2597501,New York Stock Exchange,,holding company activities,http://www.wikidata.org/entity/Q2597501
,Q2814507,Nasdaq,CRTO,IT systems and software consulting,http://www.wikidata.org/entity/Q2814507
,Q17112434,Nasdaq,SDXC,Internet,http://www.wikidata.org/entity/Q17112434
,Q7516654,New York Stock Exchange,SVM,mining,http://www.wikidata.org/entity/Q7516654
,Q7569806,New York Stock Exchange,SCCO,mining,http://www.wikidata.org/entity/Q7569806
,Q7611500,New York Stock Exchange,,mining,http://www.wikidata.org/entity/Q7611500
,Q7675621,New York Stock Exchange,TAHO,mining,http://www.wikidata.org/entity/Q7675621
,Q2142669,New York Stock Exchange,ABEV,beverage industry,http://www.wikidata.org/entity/Q2142669
,Q4474231,Nasdaq,JAKK,video game industry,http://www.wikidata.org/entity/Q4474231
,Q7416970,New York Stock Exchange,SAND,mining,http://www.wikidata.org/entity/Q7416970
,Q7440212,New York Stock Exchange,,mining,http://www.wikidata.org/entity/Q7440212
,Q4736965,Nasdaq,ALTO,computer hardware industry,http://www.wikidata.org/entity/Q4736965
,Q5189410,Nasdaq,CRWN,television,http://www.wikidata.org/entity/Q5189410
,Q17088705,Nasdaq,SBSA,radio,http://www.wikidata.org/entity/Q17088705
,Q18151484,New York Stock Exchange,MEI,electronics,http://www.wikidata.org/entity/Q18151484
,Q18191351,Nasdaq,ELBT,electronics,http://www.wikidata.org/entity/Q18191351
,Q48988040,New York Stock Exchange,DVA,managed care,http://www.wikidata.org/entity/Q48988040
,Q50038825,Nasdaq,ITMR,health technology,http://www.wikidata.org/entity/Q50038825
,Q55075186,New York Stock Exchange,PK,hospitality industry,http://www.wikidata.org/entity/Q55075186
,Q4654921,Nasdaq,,health technology,http://www.wikidata.org/entity/Q4654921
,Q4674399,Nasdaq,APKT,networking hardware,http://www.wikidata.org/entity/Q4674399
,Q4411116,New York Stock Exchange,RUBI,advertising industry,http://www.wikidata.org/entity/Q4411116
,Q4708516,Nasdaq,ALSK,mobile phone industry,http://www.wikidata.org/entity/Q4708516
,Q4733161,Nasdaq,ALLT,media industry,http://www.wikidata.org/entity/Q4733161
,Q17538813,New York Stock Exchange,SMWB,information technology,http://www.wikidata.org/entity/Q17538813
,Q4045977,New York Stock Exchange,BEL,hospitality industry,http://www.wikidata.org/entity/Q4045977
,Q4674790,New York Stock Exchange,,digital marketing,http://www.wikidata.org/entity/Q4674790
,Q17141691,Nasdaq,PXLW,semiconductor,http://www.wikidata.org/entity/Q17141691
,Q57060073,New York Stock Exchange,NRGV,grid energy storage,http://www.wikidata.org/entity/Q57060073
,Q60769878,New York Stock Exchange,EVA,wood economy,http://www.wikidata.org/entity/Q60769878
,Q65085822,Nasdaq,AFRM,fintech,http://www.wikidata.org/entity/Q65085822
,Q4596612,Nasdaq,,financial sector,http://www.wikidata.org/entity/Q4596612
,Q7431894,New York Stock Exchange,SNDR,logistics,http://www.wikidata.org/entity/Q7431894
,Q4649932,New York Stock Exchange,AIR,aerospace industry,http://www.wikidata.org/entity/Q4649932
,Q4045074,Nasdaq,NWLI,insurance industry,http://www.wikidata.org/entity/Q4045074
,Q4705296,New York Stock Exchange,ALP-Q,electric power industry,http://www.wikidata.org/entity/Q4705296
,Q5244154,New York Stock Exchange,DV,education,http://www.wikidata.org/entity/Q5244154
,Q7501097,Nasdaq,VLGEA,supermarket,http://www.wikidata.org/entity/Q7501097
,Q7512923,New York Stock Exchange,SIG,retail,http://www.wikidata.org/entity/Q7512923
,Q7573912,Nasdaq,SPTN,retail,http://www.wikidata.org/entity/Q7573912
,Q7579306,Nasdaq,SPCHA,retail,http://www.wikidata.org/entity/Q7579306
,Q7596814,New York Stock Exchange,,retail,http://www.wikidata.org/entity/Q7596814
,Q7606770,Nasdaq,SMRT,retail,http://www.wikidata.org/entity/Q7606770
,Q7682888,New York Stock Exchange,SKT,outlet store,http://www.wikidata.org/entity/Q7682888
,Q5370289,New York Stock Exchange,EME,engineering,http://www.wikidata.org/entity/Q5370289
,Q4047452,Nasdaq,PFPT,computer security,http://www.wikidata.org/entity/Q4047452
,Q5227485,Nasdaq,DRAM,technology,http://www.wikidata.org/entity/Q5227485
,Q5204430,Nasdaq,DBVT,biotechnology,http://www.wikidata.org/entity/Q5204430
,Q7561788,New York Stock Exchange,SAH,automotive industry,http://www.wikidata.org/entity/Q7561788
,Q7573905,Nasdaq,SPAR,automotive industry,http://www.wikidata.org/entity/Q7573905
,Q7692916,Nasdaq,TECU,industrial manufacturing,http://www.wikidata.org/entity/Q7692916
,Q17068000,Nasdaq,MFNC,finance,http://www.wikidata.org/entity/Q17068000
,Q4019844,Nasdaq,WHLM,modeling agency,http://www.wikidata.org/entity/Q4019844
,Q4736257,Nasdaq,ATON,computer network,http://www.wikidata.org/entity/Q4736257
,Q17108492,Nasdaq,MIDD,oven,http://www.wikidata.org/entity/Q17108492
,Q17075854,Nasdaq,PWAV,telecommunications,http://www.wikidata.org/entity/Q17075854
,Q54622171,Nasdaq,MCBS,financial sector,http://www.wikidata.org/entity/Q54622171
,Q55639320,New York Stock Exchange,BRDS,e-scooter-sharing system,http://www.wikidata.org/entity/Q55639320
,Q60238941,Nasdaq,FOX,media industry,http://www.wikidata.org/entity/Q60238941
,Q55632076,New York Stock Exchange,RBRK,computer security,http://www.wikidata.org/entity/Q55632076
,Q55948312,Nasdaq,TENB,computer security,http://www.wikidata.org/entity/Q55948312
,Q17077936,Nasdaq,LYFT,transport,http://www.wikidata.org/entity/Q17077936
,Q1321054,New York Stock Exchange,NSC,transport,http://www.wikidata.org/entity/Q1321054
,Q48989804,New York Stock Exchange,PD,information technology industry,http://www.wikidata.org/entity/Q48989804
,Q63197674,New York Stock Exchange,CTVA,Pesticide and Other Agricultural Chemical Manufacturing,http://www.wikidata.org/entity/Q63197674
,Q7644560,Nasdaq,SPRT,tertiary sector of the economy,http://www.wikidata.org/entity/Q7644560
,Q5183828,Nasdaq,WOLF,electronics,http://www.wikidata.org/entity/Q5183828
,Q5183828,New York Stock Exchange,WOLF,electronics,http://www.wikidata.org/entity/Q5183828
,Q5227174,Nasdaq,DAIO,electronics,http://www.wikidata.org/entity/Q5227174
,Q5357940,Nasdaq,ESIO,electronics,http://www.wikidata.org/entity/Q5357940
,Q5362061,Nasdaq,VLSI,electronics,http://www.wikidata.org/entity/Q5362061
,Q4732492,Nasdaq,LNT,public utility,http://www.wikidata.org/entity/Q4732492
,Q4742102,Nasdaq,AMED,health care industry,http://www.wikidata.org/entity/Q4742102
,Q56585268,Nasdaq,TXG,biotechnology industry,http://www.wikidata.org/entity/Q56585268
,Q80947821,New York Stock Exchange,STE,health care industry,http://www.wikidata.org/entity/Q80947821
,Q85727717,Nasdaq,ONEM,health care industry,http://www.wikidata.org/entity/Q85727717
,Q17061030,New York Stock Exchange,JMIA,retail,http://www.wikidata.org/entity/Q17061030
,Q17146520,New York Stock Exchange,NGVC,retail,http://www.wikidata.org/entity/Q17146520
,Q7673435,New York Stock Exchange,DATA,customer relationship management,http://www.wikidata.org/entity/Q7673435
,Q5297502,New York Stock Exchange,,bank,http://www.wikidata.org/entity/Q5297502
,Q5330003,Nasdaq,EBC,bank,http://www.wikidata.org/entity/Q5330003
,Q50239180,Nasdaq,CATM,ATM operator,http://www.wikidata.org/entity/Q50239180
,Q65062134,New York Stock Exchange,BALY,gambling industry,http://www.wikidata.org/entity/Q65062134
,Q65066106,New York Stock Exchange,CNM,infrastructure industry,http://www.wikidata.org/entity/Q65066106
,Q7668516,Nasdaq,LANC,food processing,http://www.wikidata.org/entity/Q7668516
,Q1506045,New York Stock Exchange,LVS,gambling,http://www.wikidata.org/entity/Q1506045
,Q17006727,Nasdaq,KNDI,automotive industry,http://www.wikidata.org/entity/Q17006727
,Q17062565,Nasdaq,HYMTF,automotive industry,http://www.wikidata.org/entity/Q17062565
,Q7669439,Nasdaq,TATT,aviation,http://www.wikidata.org/entity/Q7669439
,Q17072102,Nasdaq,NOVB,bank,http://www.wikidata.org/entity/Q17072102
,Q17143144,Nasdaq,PACW,bank,http://www.wikidata.org/entity/Q17143144
,Q5179371,Nasdaq,COVS,information technology,http://www.wikidata.org/entity/Q5179371
,Q5197666,Nasdaq,CYBR,information technology,http://www.wikidata.org/entity/Q5197666
,Q5324516,Nasdaq,ETOR,information technology,http://www.wikidata.org/entity/Q5324516
,Q7404876,Nasdaq,SLXP,pharmaceutical industry,http://www.wikidata.org/entity/Q7404876
,Q7428211,Nasdaq,,pharmaceutical industry,http://www.wikidata.org/entity/Q7428211
,Q7517459,New York Stock Exchange,,pharmaceutical industry,http://www.wikidata.org/entity/Q7517459
,Q7575301,Nasdaq,SPPI,pharmaceutical industry,http://www.wikidata.org/entity/Q7575301
,Q17049669,Nasdaq,AGII,insurance,http://www.wikidata.org/entity/Q17049669
,Q56011958,New York Stock Exchange,TME,entertainment industry,http://www.wikidata.org/entity/Q56011958
,Q65080540,Nasdaq,REGI,renewable energy industry,http://www.wikidata.org/entity/Q65080540
,Q65080540,New York Stock Exchange,REGI,renewable energy industry,http://www.wikidata.org/entity/Q65080540
,Q16997495,New York Stock Exchange,JAX,food service,http://www.wikidata.org/entity/Q16997495
,Q18148458,Nasdaq,FARM,food service,http://www.wikidata.org/entity/Q18148458
,Q17086972,Nasdaq,HURN,business and other management consultancy activities,http://www.wikidata.org/entity/Q17086972
,Q18151094,New York Stock Exchange,KEX,water transport,http://www.wikidata.org/entity/Q18151094
,Q7588561,New York Stock Exchange,JOE,real estate development,http://www.wikidata.org/entity/Q7588561
,Q7638250,New York Stock Exchange,SUI,real estate investment trust,http://www.wikidata.org/entity/Q7638250
,Q7688650,New York Stock Exchange,TCO,real estate investment trust,http://www.wikidata.org/entity/Q7688650
,Q5323107,Nasdaq,EHTH,insurance,http://www.wikidata.org/entity/Q5323107
,Q1444583,Nasdaq,,electronics,http://www.wikidata.org/entity/Q1444583
,Q7615829,New York Stock Exchange,STC,financial services,http://www.wikidata.org/entity/Q7615829
,Q7643493,Nasdaq,SUPR,financial services,http://www.wikidata.org/entity/Q7643493
,Q7669886,New York Stock Exchange,AMTD,financial services,http://www.wikidata.org/entity/Q7669886
,Q1501630,New York Stock Exchange,IPG,marketing,http://www.wikidata.org/entity/Q1501630
,Q1345971,New York Stock Exchange,GCI,mass media,http://www.wikidata.org/entity/Q1345971
,Q7548877,Nasdaq,LNCE,food industry,http://www.wikidata.org/entity/Q7548877
,Q7444830,Nasdaq,SCWX,Managed security service,http://www.wikidata.org/entity/Q7444830
,Q7521341,Nasdaq,SLP,software industry,http://www.wikidata.org/entity/Q7521341
,Q7545224,Nasdaq,SMSI,software industry,http://www.wikidata.org/entity/Q7545224
,Q7555837,New York Stock Exchange,SWI,software industry,http://www.wikidata.org/entity/Q7555837
,Q7557672,New York Stock Exchange,,software industry,http://www.wikidata.org/entity/Q7557672
,Q7564622,Nasdaq,SOUN,software industry,http://www.wikidata.org/entity/Q7564622
,Q5206170,Nasdaq,DSPG,Voice over IP,http://www.wikidata.org/entity/Q5206170
,Q7501150,New York Stock Exchange,SHOP,e-commerce,http://www.wikidata.org/entity/Q7501150
,Q1371852,New York Stock Exchange,MBI,finance,http://www.wikidata.org/entity/Q1371852
,Q17562023,New York Stock Exchange,NEU,chemical industry,http://www.wikidata.org/entity/Q17562023
,Q1325987,New York Stock Exchange,TSN,agriculture,http://www.wikidata.org/entity/Q1325987
,Q1477575,New York Stock Exchange,,agriculture,http://www.wikidata.org/entity/Q1477575
,Q5204836,Nasdaq,,retail,http://www.wikidata.org/entity/Q5204836
,Q5206207,New York Stock Exchange,DSW,retail,http://www.wikidata.org/entity/Q5206207
,Q5215970,New York Stock Exchange,DANG,retail,http://www.wikidata.org/entity/Q5215970
,Q5265143,Nasdaq,DEST,retail,http://www.wikidata.org/entity/Q5265143
,Q5272601,New York Stock Exchange,DKS,retail,http://www.wikidata.org/entity/Q5272601
,Q5289230,Nasdaq,DLTR,retail,http://www.wikidata.org/entity/Q5289230
,Q5307031,Nasdaq,ASNA,retail,http://www.wikidata.org/entity/Q5307031
,Q5317253,New York Stock Exchange,BROS,retail,http://www.wikidata.org/entity/Q5317253
,Q16997846,Nasdaq,MIME,information security,http://www.wikidata.org/entity/Q16997846
,Q7440621,New York Stock Exchange,SEE,conglomerate,http://www.wikidata.org/entity/Q7440621
,Q7696127,New York Stock Exchange,TDY,conglomerate,http://www.wikidata.org/entity/Q7696127
,Q7415751,New York Stock Exchange,SD,petroleum industry,http://www.wikidata.org/entity/Q7415751
,Q7571413,New York Stock Exchange,SWN,petroleum industry,http://www.wikidata.org/entity/Q7571413
,Q7575161,Nasdaq,PMTC,petroleum industry,http://www.wikidata.org/entity/Q7575161
,Q7575161,New York Stock Exchange,SE,petroleum industry,http://www.wikidata.org/entity/Q7575161
,Q16996714,Nasdaq,IPXL,pharmaceutical industry,http://www.wikidata.org/entity/Q16996714
,Q16996714,New York Stock Exchange,AMRX,pharmaceutical industry,http://www.wikidata.org/entity/Q16996714
,Q17072200,Nasdaq,NVAX,pharmaceutical industry,http://www.wikidata.org/entity/Q17072200
,Q17078090,Nasdaq,RGEN,pharmaceutical industry,http://www.wikidata.org/entity/Q17078090
,Q17081612,Nasdaq,MRNA,pharmaceutical industry,http://www.wikidata.org/entity/Q17081612
,Q17092519,Nasdaq,PRAH,pharmaceutical industry,http://www.wikidata.org/entity/Q17092519
,Q17121792,Nasdaq,UNIS,pharmaceutical industry,http://www.wikidata.org/entity/Q17121792
,Q17125902,Nasdaq,ZIOP,pharmaceutical industry,http://www.wikidata.org/entity/Q17125902
,Q17131128,Nasdaq,RMTI,pharmaceutical industry,http://www.wikidata.org/entity/Q17131128
,Q17142127,Nasdaq,PTX,pharmaceutical industry,http://www.wikidata.org/entity/Q17142127
,Q17155112,Nasdaq,SGEN,pharmaceutical industry,http://www.wikidata.org/entity/Q17155112
,Q17747021,Nasdaq,ABUS,pharmaceutical industry,http://www.wikidata.org/entity/Q17747021
,Q18153430,Nasdaq,SYNH,pharmaceutical industry,http://www.wikidata.org/entity/Q18153430
,Q5182000,New York Stock Exchange,CR,mechanical engineering,http://www.wikidata.org/entity/Q5182000
,Q1453620,New York Stock Exchange,FCX,mining,http://www.wikidata.org/entity/Q1453620
,Q1503753,New York Stock Exchange,VEDL,mining,http://www.wikidata.org/entity/Q1503753
,Q17051868,Nasdaq,POSH,e-commerce,http://www.wikidata.org/entity/Q17051868
,Q18205935,New York Stock Exchange,,e-commerce,http://www.wikidata.org/entity/Q18205935
,Q7554565,New York Stock Exchange,SOGO,software development,http://www.wikidata.org/entity/Q7554565
,Q7581369,Nasdaq,SFM,grocery store,http://www.wikidata.org/entity/Q7581369
,Q7672563,Nasdaq,,telephone company,http://www.wikidata.org/entity/Q7672563
,Q17052116,New York Stock Exchange,DOCN,cloud computing,http://www.wikidata.org/entity/Q17052116
,Q17141393,New York Stock Exchange,SJW,"water collection, treatment and supply",http://www.wikidata.org/entity/Q17141393
,Q17460900,Nasdaq,ZM,video conference,http://www.wikidata.org/entity/Q17460900
,Q17068094,Nasdaq,TWNK,food industry,http://www.wikidata.org/entity/Q17068094
,Q18205509,Nasdaq,BYND,food industry,http://www.wikidata.org/entity/Q18205509
,Q1413997,Nasdaq,QMCO,computer storage media,http://www.wikidata.org/entity/Q1413997
,Q1494132,New York Stock Exchange,,mechanical engineering,http://www.wikidata.org/entity/Q1494132
,Q7455653,New York Stock Exchange,NOW,enterprise software,http://www.wikidata.org/entity/Q7455653
,Q7662679,Nasdaq,SYNT,IT service management,http://www.wikidata.org/entity/Q7662679
,Q17020720,New York Stock Exchange,SOFI,financial services,http://www.wikidata.org/entity/Q17020720
,Q17068931,Nasdaq,EBSB,financial services,http://www.wikidata.org/entity/Q17068931
,Q17074260,Nasdaq,PNBK,financial services,http://www.wikidata.org/entity/Q17074260
,Q17103838,Nasdaq,MRKT,financial services,http://www.wikidata.org/entity/Q17103838
,Q17109642,Nasdaq,SASR,economics of banking,http://www.wikidata.org/entity/Q17109642
,Q17112054,Nasdaq,,financial services,http://www.wikidata.org/entity/Q17112054
,Q17145638,New York Stock Exchange,NRUC,financial services,http://www.wikidata.org/entity/Q17145638
,Q17509919,New York Stock Exchange,CWAN,financial services,http://www.wikidata.org/entity/Q17509919
,Q18155123,Nasdaq,HOOD,financial services,http://www.wikidata.org/entity/Q18155123
,Q18156655,Nasdaq,BMTC,financial services,http://www.wikidata.org/entity/Q18156655
,Q1337797,Nasdaq,ODP,retail,http://www.wikidata.org/entity/Q1337797
,Q1508234,New York Stock Exchange,SWY,retail,http://www.wikidata.org/entity/Q1508234
,Q5322725,Nasdaq,,hybrid vehicle,http://www.wikidata.org/entity/Q5322725
,Q1369955,New York Stock Exchange,WRB,insurance,http://www.wikidata.org/entity/Q1369955
,Q1374135,New York Stock Exchange,PUK,insurance,http://www.wikidata.org/entity/Q1374135
,Q1391599,Nasdaq,MERC,risk management,http://www.wikidata.org/entity/Q1391599
,Q1477661,Nasdaq,PCAR,automotive industry,http://www.wikidata.org/entity/Q1477661
,Q1384324,Nasdaq,EXPD,logistics,http://www.wikidata.org/entity/Q1384324
,Q18111091,New York Stock Exchange,CMCM,mobile app,http://www.wikidata.org/entity/Q18111091
,Q17091323,New York Stock Exchange,WRI,real estate investment trust,http://www.wikidata.org/entity/Q17091323
,Q17109460,New York Stock Exchange,VRE,real estate investment trust,http://www.wikidata.org/entity/Q17109460
,Q17110569,New York Stock Exchange,HTS,real estate investment trust,http://www.wikidata.org/entity/Q17110569
,Q17512182,New York Stock Exchange,BRX,real estate investment trust,http://www.wikidata.org/entity/Q17512182
,Q7399844,Nasdaq,SAIA,transport industry,http://www.wikidata.org/entity/Q7399844
,Q7538146,Nasdaq,SWKS,semiconductor industry,http://www.wikidata.org/entity/Q7538146
,Q7649295,Nasdaq,SUSQ,bank holding company,http://www.wikidata.org/entity/Q7649295
,Q7669940,New York Stock Exchange,TE,energy industry,http://www.wikidata.org/entity/Q7669940
,Q5228205,Nasdaq,PLAY,gastronomy,http://www.wikidata.org/entity/Q5228205
,Q1470619,New York Stock Exchange,PH,industrial manufacturing,http://www.wikidata.org/entity/Q1470619
,Q1510378,New York Stock Exchange,ITW,industrial manufacturing,http://www.wikidata.org/entity/Q1510378
,Q17153461,New York Stock Exchange,CVEO,petroleum industry,http://www.wikidata.org/entity/Q17153461
,Q17182243,New York Stock Exchange,OIS,petroleum industry,http://www.wikidata.org/entity/Q17182243
,Q17326957,New York Stock Exchange,WLK,petroleum industry,http://www.wikidata.org/entity/Q17326957
,Q5201300,New York Stock Exchange,CYT,composite material,http://www.wikidata.org/entity/Q5201300
,Q5295362,New York Stock Exchange,DCI,membrane,http://www.wikidata.org/entity/Q5295362
,Q7597506,Nasdaq,STMP,service,http://www.wikidata.org/entity/Q7597506
,Q7449804,New York Stock Exchange,SRE,public utility,http://www.wikidata.org/entity/Q7449804
,Q7638158,Nasdaq,RUN,photovoltaic system,http://www.wikidata.org/entity/Q7638158
,Q7447640,Nasdaq,SNBR,bedding,http://www.wikidata.org/entity/Q7447640
,Q7489523,Nasdaq,SHCR,health technology,http://www.wikidata.org/entity/Q7489523
,Q5214701,New York Stock Exchange,DAN,automotive industry,http://www.wikidata.org/entity/Q5214701
,Q5307081,New York Stock Exchange,,industrial manufacturing,http://www.wikidata.org/entity/Q5307081
,Q17084959,New York Stock Exchange,PAYC,human resource management,http://www.wikidata.org/entity/Q17084959
,Q18154756,Nasdaq,TBLA,software industry,http://www.wikidata.org/entity/Q18154756
,Q7567571,New York Stock Exchange,SJI,energy service company,http://www.wikidata.org/entity/Q7567571
,Q7639364,Nasdaq,SDAY,mobile telephony,http://www.wikidata.org/entity/Q7639364
,Q5197796,Nasdaq,COOL,e-commerce,http://www.wikidata.org/entity/Q5197796
,Q5255058,New York Stock Exchange,,e-commerce,http://www.wikidata.org/entity/Q5255058
,Q5275978,Nasdaq,,e-commerce,http://www.wikidata.org/entity/Q5275978
,Q7433758,Nasdaq,SGMS,gambling industry,http://www.wikidata.org/entity/Q7433758
,Q7516369,Nasdaq,SSRM,zinc industry,http://www.wikidata.org/entity/Q7516369
,Q7555824,Nasdaq,SCTY,solar industry,http://www.wikidata.org/entity/Q7555824
,Q7557128,Nasdaq,TVIA,biotechnology industry,http://www.wikidata.org/entity/Q7557128
,Q7572694,Nasdaq,OSIS,health care industry,http://www.wikidata.org/entity/Q7572694
,Q7562151,New York Stock Exchange,SON,product packaging industry,http://www.wikidata.org/entity/Q7562151
,Q7696143,New York Stock Exchange,TFX,medical device design,http://www.wikidata.org/entity/Q7696143
,Q7863740,Nasdaq,,transport,http://www.wikidata.org/entity/Q7863740
,Q5254843,Nasdaq,PROJ,cloud computing,http://www.wikidata.org/entity/Q5254843
,Q7431916,Nasdaq,SCHN,iron and steel industry,http://www.wikidata.org/entity/Q7431916
,Q7605667,Nasdaq,STLD,iron and steel industry,http://www.wikidata.org/entity/Q7605667
,Q1435010,New York Stock Exchange,LXFT,software development,http://www.wikidata.org/entity/Q1435010
,Q1502794,New York Stock Exchange,GEO,real estate investment trust,http://www.wikidata.org/entity/Q1502794
,Q1454852,New York Stock Exchange,HRL,food processing,http://www.wikidata.org/entity/Q1454852
,Q16997523,Nasdaq,JCOM,digital media,http://www.wikidata.org/entity/Q16997523
,Q17087047,New York Stock Exchange,VHC,internet security,http://www.wikidata.org/entity/Q17087047
,Q5337641,New York Stock Exchange,EPC,hygiene,http://www.wikidata.org/entity/Q5337641
,Q5190041,Nasdaq,CRMB,bakery,http://www.wikidata.org/entity/Q5190041
,Q5323340,Nasdaq,LONG,travel agency,http://www.wikidata.org/entity/Q5323340
,Q7830269,New York Stock Exchange,TSQ,mass media,http://www.wikidata.org/entity/Q7830269
,Q7836120,Nasdaq,TZOO,mass media,http://www.wikidata.org/entity/Q7836120
,Q17114312,Nasdaq,EGOV,quaternary sector of the economy,http://www.wikidata.org/entity/Q17114312
,Q1353939,Nasdaq,ETSY,e-commerce,http://www.wikidata.org/entity/Q1353939
,Q1359568,New York Stock Exchange,BABA,e-commerce,http://www.wikidata.org/entity/Q1359568
,Q1329463,New York Stock Exchange,ZQK,textile industry,http://www.wikidata.org/entity/Q1329463
,Q1470525,New York Stock Exchange,HSP,pharmaceutical industry,http://www.wikidata.org/entity/Q1470525
,Q7752327,New York Stock Exchange,MOS,agriculture,http://www.wikidata.org/entity/Q7752327
,Q5192200,New York Stock Exchange,CUBE,self storage,http://www.wikidata.org/entity/Q5192200
,Q5319050,Nasdaq,DRCO,weapons industry,http://www.wikidata.org/entity/Q5319050
,Q17072593,New York Stock Exchange,ONTF,software as a service,http://www.wikidata.org/entity/Q17072593
,Q17110635,Nasdaq,HSII,executive search,http://www.wikidata.org/entity/Q17110635
,Q18150963,New York Stock Exchange,FORG,enterprise software,http://www.wikidata.org/entity/Q18150963
,Q16997218,Nasdaq,XENT,health technology,http://www.wikidata.org/entity/Q16997218
,Q17147182,Nasdaq,ZYXI,health technology,http://www.wikidata.org/entity/Q17147182
,Q17154829,Nasdaq,MLCO,hospitality industry,http://www.wikidata.org/entity/Q17154829
,Q7829730,Nasdaq,TSEM,semiconductor,http://www.wikidata.org/entity/Q7829730
,Q1373493,New York Stock Exchange,LOW,hardware store,http://www.wikidata.org/entity/Q1373493
,Q1424293,New York Stock Exchange,ITUB,economics of banking,http://www.wikidata.org/entity/Q1424293
,Q5309468,Nasdaq,DRYS,freight transport,http://www.wikidata.org/entity/Q5309468
,Q5203782,New York Stock Exchange,DHI,construction,http://www.wikidata.org/entity/Q5203782
,Q5198104,Nasdaq,CYCC,pharmaceutical industry,http://www.wikidata.org/entity/Q5198104
,Q5201295,Nasdaq,CYTR,pharmaceutical industry,http://www.wikidata.org/entity/Q5201295
,Q5370757,New York Stock Exchange,EBS,pharmaceutical industry,http://www.wikidata.org/entity/Q5370757
,Q1325369,Nasdaq,ESLT,weapons industry,http://www.wikidata.org/entity/Q1325369
,Q1508526,Nasdaq,RGR,weapons industry,http://www.wikidata.org/entity/Q1508526
,Q1508526,New York Stock Exchange,RGR,weapons industry,http://www.wikidata.org/entity/Q1508526
,Q1407601,New York Stock Exchange,ASR,aviation,http://www.wikidata.org/entity/Q1407601
,Q7743510,New York Stock Exchange,,fashion,http://www.wikidata.org/entity/Q7743510
,Q17108791,New York Stock Exchange,mpj,public utility,http://www.wikidata.org/entity/Q17108791
,Q17144598,New York Stock Exchange,UTL,public utility,http://www.wikidata.org/entity/Q17144598
,Q1328736,New York Stock Exchange,GFIG,financial services,http://www.wikidata.org/entity/Q1328736
,Q1381973,New York Stock Exchange,RE,financial services,http://www.wikidata.org/entity/Q1381973
,Q1389504,Nasdaq,MORN,financial services,http://www.wikidata.org/entity/Q1389504
,Q1410137,New York Stock Exchange,HLI,financial services,http://www.wikidata.org/entity/Q1410137
,Q1411295,New York Stock Exchange,FIS,financial services,http://www.wikidata.org/entity/Q1411295
,Q1419446,New York Stock Exchange,FHN,financial services,http://www.wikidata.org/entity/Q1419446
,Q1420513,Nasdaq,FISV,financial services,http://www.wikidata.org/entity/Q1420513
,Q1420513,New York Stock Exchange,FI,financial services,http://www.wikidata.org/entity/Q1420513
,Q1472929,Nasdaq,NDAQ,financial services,http://www.wikidata.org/entity/Q1472929
,Q1502712,New York Stock Exchange,GNW,financial services,http://www.wikidata.org/entity/Q1502712
,Q17109683,New York Stock Exchange,JBGS,real property,http://www.wikidata.org/entity/Q17109683
,Q17109731,Nasdaq,QSII,health information technology,http://www.wikidata.org/entity/Q17109731
,Q17141146,Nasdaq,MTBC,health information technology,http://www.wikidata.org/entity/Q17141146
,Q17080741,Nasdaq,SLGN,product packaging industry,http://www.wikidata.org/entity/Q17080741
,Q17109447,Nasdaq,MTSI,Semiconductor industry in the US,http://www.wikidata.org/entity/Q17109447
,Q127278673,New York Stock Exchange,LNKD,Internet,http://www.wikidata.org/entity/Q127278673
,Q14772,Nasdaq,BIDU,Internet,http://www.wikidata.org/entity/Q14772
,Q95,Nasdaq,GOOGL,Internet,http://www.wikidata.org/entity/Q95
,Q18124524,Nasdaq,EH,aerospace engineering,http://www.wikidata.org/entity/Q18124524
,Q1339966,New York Stock Exchange,ENB,petroleum industry,http://www.wikidata.org/entity/Q1339966
,Q1423218,New York Stock Exchange,SUN,petroleum industry,http://www.wikidata.org/entity/Q1423218
,Q1425316,New York Stock Exchange,SLB,petroleum industry,http://www.wikidata.org/entity/Q1425316
,Q1477156,New York Stock Exchange,SDRL,petroleum industry,http://www.wikidata.org/entity/Q1477156
,Q1503728,New York Stock Exchange,,petroleum industry,http://www.wikidata.org/entity/Q1503728
,Q1516108,New York Stock Exchange,TRP,petroleum industry,http://www.wikidata.org/entity/Q1516108
,Q16995776,Nasdaq,HTBI,financial sector,http://www.wikidata.org/entity/Q16995776
,Q17012234,Nasdaq,ENPH,renewable energy industry,http://www.wikidata.org/entity/Q17012234
,Q17063707,Nasdaq,KLIC,semiconductor industry,http://www.wikidata.org/entity/Q17063707
,Q18148411,New York Stock Exchange,ESL,aerospace industry,http://www.wikidata.org/entity/Q18148411
,Q17078915,Nasdaq,MCHX,digital marketing,http://www.wikidata.org/entity/Q17078915
,Q5281775,New York Stock Exchange,DFS,financial services,http://www.wikidata.org/entity/Q5281775
,Q5312314,New York Stock Exchange,,financial services,http://www.wikidata.org/entity/Q5312314
,Q5324991,Nasdaq,EGBN,financial services,http://www.wikidata.org/entity/Q5324991
,Q5331380,New York Stock Exchange,EV,financial services,http://www.wikidata.org/entity/Q5331380
,Q7795716,New York Stock Exchange,TC,mining,http://www.wikidata.org/entity/Q7795716
,Q7856196,Nasdaq,,mining,http://www.wikidata.org/entity/Q7856196
,Q7856196,New York Stock Exchange,TRQ,mining,http://www.wikidata.org/entity/Q7856196
,Q7848087,Nasdaq,TRST,bank,http://www.wikidata.org/entity/Q7848087
,Q7863116,Nasdaq,USCB,bank,http://www.wikidata.org/entity/Q7863116
,Q5270905,New York Stock Exchange,,timeshare,http://www.wikidata.org/entity/Q5270905
,Q5275969,New York Stock Exchange,DLR,real estate investment trust,http://www.wikidata.org/entity/Q5275969
,Q5189320,New York Stock Exchange,CCI,telecommunications,http://www.wikidata.org/entity/Q5189320
,Q5324767,Nasdaq,EZCH,semiconductor industry,http://www.wikidata.org/entity/Q5324767
,Q1327874,Nasdaq,RNWK,software industry,http://www.wikidata.org/entity/Q1327874
,Q18158741,Nasdaq,HABT,fast casual restaurant,http://www.wikidata.org/entity/Q18158741
,Q5324511,Nasdaq,ETEL,business process outsourcing,http://www.wikidata.org/entity/Q5324511
,Q5353752,Nasdaq,EMITF,medical imaging,http://www.wikidata.org/entity/Q5353752
,Q7800873,New York Stock Exchange,TDW,water transport,http://www.wikidata.org/entity/Q7800873
,Q5209286,Nasdaq,DJCO,publishing,http://www.wikidata.org/entity/Q5209286
,Q5220519,Nasdaq,MNDT,computer security,http://www.wikidata.org/entity/Q5220519
,Q17085620,New York Stock Exchange,PL,space industry,http://www.wikidata.org/entity/Q17085620
,Q18156798,Nasdaq,ASTR,space industry,http://www.wikidata.org/entity/Q18156798
,Q5206232,New York Stock Exchange,DTE,energy industry,http://www.wikidata.org/entity/Q5206232
,Q5303699,New York Stock Exchange,DOCS,online service provider,http://www.wikidata.org/entity/Q5303699
,Q1364176,New York Stock Exchange,WIT,IT service management,http://www.wikidata.org/entity/Q1364176
,Q1425063,New York Stock Exchange,H,hospitality industry,http://www.wikidata.org/entity/Q1425063
,Q1515039,New York Stock Exchange,EDR,talent agent,http://www.wikidata.org/entity/Q1515039
,Q7735265,Nasdaq,TFM,supermarket,http://www.wikidata.org/entity/Q7735265
,Q5184408,New York Stock Exchange,CPG,petroleum industry,http://www.wikidata.org/entity/Q5184408
,Q5270883,New York Stock Exchange,DO,petroleum industry,http://www.wikidata.org/entity/Q5270883
,Q5323987,New York Stock Exchange,EQT,petroleum industry,http://www.wikidata.org/entity/Q5323987
,Q7707945,Nasdaq,TXRH,gastronomy,http://www.wikidata.org/entity/Q7707945
,Q7719081,Nasdaq,BONT,retail,http://www.wikidata.org/entity/Q7719081
,Q7727445,New York Stock Exchange,TCS,retail,http://www.wikidata.org/entity/Q7727445
,Q7772938,New York Stock Exchange,VSI,retail,http://www.wikidata.org/entity/Q7772938
,Q7802889,New York Stock Exchange,TLYS,retail,http://www.wikidata.org/entity/Q7802889
,Q7827120,New York Stock Exchange,CURV,retail,http://www.wikidata.org/entity/Q7827120
,Q7833697,Nasdaq,TWMC,retail,http://www.wikidata.org/entity/Q7833697
,Q7851426,Nasdaq,TUES,retail,http://www.wikidata.org/entity/Q7851426
,Q7857512,Nasdaq,ASNA,retail,http://www.wikidata.org/entity/Q7857512
,Q7858039,New York Stock Exchange,TWLO,Voice over IP,http://www.wikidata.org/entity/Q7858039
,Q5207184,New York Stock Exchange,DVA,health care industry,http://www.wikidata.org/entity/Q5207184
,Q5255025,New York Stock Exchange,LEAF,online service,http://www.wikidata.org/entity/Q5255025
,Q1368919,Nasdaq,MBT,telecommunications,http://www.wikidata.org/entity/Q1368919
,Q1368919,New York Stock Exchange,MBT,telecommunications,http://www.wikidata.org/entity/Q1368919
,Q1428656,New York Stock Exchange,,telecommunications,http://www.wikidata.org/entity/Q1428656
,Q1507642,New York Stock Exchange,HNP,electric power industry,http://www.wikidata.org/entity/Q1507642
,Q5204989,Nasdaq,SZMK,digital media,http://www.wikidata.org/entity/Q5204989
,Q5340849,Nasdaq,ARCL,educational software,http://www.wikidata.org/entity/Q5340849
,Q1335585,New York Stock Exchange,EMR,electrical industry,http://www.wikidata.org/entity/Q1335585
,Q1344587,New York Stock Exchange,ETR,energy company,http://www.wikidata.org/entity/Q1344587
,Q1419248,New York Stock Exchange,FE,electricity supply company,http://www.wikidata.org/entity/Q1419248
,Q5197142,New York Stock Exchange,CVT,event management,http://www.wikidata.org/entity/Q5197142
,Q5351770,New York Stock Exchange,EE,electricity supply company,http://www.wikidata.org/entity/Q5351770
,Q5367351,Nasdaq,,health technology,http://www.wikidata.org/entity/Q5367351
,Q17107938,Nasdaq,IMRS,medical equipment,http://www.wikidata.org/entity/Q17107938
,Q17113726,Nasdaq,VIVO,medical equipment,http://www.wikidata.org/entity/Q17113726
,Q17182820,Nasdaq,CTSO,Critical care,http://www.wikidata.org/entity/Q17182820
,Q1383669,New York Stock Exchange,EXC,energy industry,http://www.wikidata.org/entity/Q1383669
,Q1410766,New York Stock Exchange,fbr,pulp and paper industry,http://www.wikidata.org/entity/Q1410766
,Q1400073,New York Stock Exchange,FSS,automotive supplier,http://www.wikidata.org/entity/Q1400073
,Q1416215,Nasdaq,GDDY,web hosting service,http://www.wikidata.org/entity/Q1416215
,Q1416215,New York Stock Exchange,GDDY,web hosting service,http://www.wikidata.org/entity/Q1416215
,Q1424962,New York Stock Exchange,IHG,beverage industry,http://www.wikidata.org/entity/Q1424962
,Q1476080,Nasdaq,PRVT,pornography industry,http://www.wikidata.org/entity/Q1476080
,Q1465461,New York Stock Exchange,NGG,electric power industry,http://www.wikidata.org/entity/Q1465461
,Q1511043,New York Stock Exchange,GGB,iron and steel industry,http://www.wikidata.org/entity/Q1511043
,Q135579976,Nasdaq,UNIT,telecommunications,http://www.wikidata.org/entity/Q135579976
,Q1348664,New York Stock Exchange,ROK,aerospace industry,http://www.wikidata.org/entity/Q1348664
,Q1433308,New York Stock Exchange,,aerospace industry,http://www.wikidata.org/entity/Q1433308
,Q1485061,New York Stock Exchange,GE,aerospace industry,http://www.wikidata.org/entity/Q1485061
,Q1392999,New York Stock Exchange,FICO,data analysis,http://www.wikidata.org/entity/Q1392999
,Q1486956,Nasdaq,XEL,public utility,http://www.wikidata.org/entity/Q1486956
,Q1486956,New York Stock Exchange,XEL,public utility,http://www.wikidata.org/entity/Q1486956
,Q1514221,Nasdaq,KUBTY,manufacture of machinery and equipment,http://www.wikidata.org/entity/Q1514221
,Q5194189,Nasdaq,CMLS,news media,http://www.wikidata.org/entity/Q5194189
,Q5270794,Nasdaq,DMND,fast-moving consumer goods,http://www.wikidata.org/entity/Q5270794
,Q950380,New York Stock Exchange,CBSA,television,http://www.wikidata.org/entity/Q950380
,Q5185100,Nasdaq,CRCT,consumer electronics industry,http://www.wikidata.org/entity/Q5185100
,Q5189378,New York Stock Exchange,CCK,product packaging industry,http://www.wikidata.org/entity/Q5189378
,Q5275716,Nasdaq,DGII,computer hardware industry,http://www.wikidata.org/entity/Q5275716
,Q5278020,New York Stock Exchange,DIN,restaurant industry,http://www.wikidata.org/entity/Q5278020
,Q5279096,Nasdaq,DIOD,Semiconductor industry in the US,http://www.wikidata.org/entity/Q5279096
,Q5287613,Nasdaq,DOCU,business software industry,http://www.wikidata.org/entity/Q5287613
,Q5291323,Nasdaq,DOMO,business software industry,http://www.wikidata.org/entity/Q5291323
,Q5349788,Nasdaq,,restaurant industry,http://www.wikidata.org/entity/Q5349788
,Q5206198,New York Stock Exchange,DST,corporate services,http://www.wikidata.org/entity/Q5206198
,Q5254919,New York Stock Exchange,DLX,corporate services,http://www.wikidata.org/entity/Q5254919
,Q136652759,Nasdaq,BELLX,artificial intelligence,http://www.wikidata.org/entity/Q136652759
,Q11463,Nasdaq,ADBE,artificial intelligence,http://www.wikidata.org/entity/Q11463
,Q1415501,New York Stock Exchange,LXK,computer industry,http://www.wikidata.org/entity/Q1415501
,Q7864706,New York Stock Exchange,UIL,holding company,http://www.wikidata.org/entity/Q7864706
,Q7888979,Nasdaq,UNFI,wholesale,http://www.wikidata.org/entity/Q7888979
,Q7888979,New York Stock Exchange,UNFI,wholesale,http://www.wikidata.org/entity/Q7888979
,Q7761625,New York Stock Exchange,RSE,real estate development,http://www.wikidata.org/entity/Q7761625
,Q7833614,New York Stock Exchange,TFII,freight transport,http://www.wikidata.org/entity/Q7833614
,Q7414,New York Stock Exchange,DIS,animation,http://www.wikidata.org/entity/Q7414
,Q380,Nasdaq,META,information technology,http://www.wikidata.org/entity/Q380
,Q1459595,New York Stock Exchange,REV,cosmetics industry,http://www.wikidata.org/entity/Q1459595
,Q6029685,Nasdaq,INFN,telecommunications,http://www.wikidata.org/entity/Q6029685
,Q7825574,New York Stock Exchange,GL,life insurance,http://www.wikidata.org/entity/Q7825574
,Q7884714,Nasdaq,ENLV,online advertising,http://www.wikidata.org/entity/Q7884714
,Q5191790,Nasdaq,TCOM,tourism industry,http://www.wikidata.org/entity/Q5191790
,Q5333046,Nasdaq,ECLP,health information technology,http://www.wikidata.org/entity/Q5333046
,Q5340903,Nasdaq,EDMC,for-profit education,http://www.wikidata.org/entity/Q5340903
,Q1058722,New York Stock Exchange,SHAK,restaurant,http://www.wikidata.org/entity/Q1058722
,Q127690442,Nasdaq,FFBC,bank,http://www.wikidata.org/entity/Q127690442
,Q966613,Nasdaq,,telecommunications,http://www.wikidata.org/entity/Q966613
,Q1053787,Nasdaq,CETV,mass media,http://www.wikidata.org/entity/Q1053787
,Q7793308,New York Stock Exchange,TPGI,real estate investment trust,http://www.wikidata.org/entity/Q7793308
,Q7875835,New York Stock Exchange,U,aviation,http://www.wikidata.org/entity/Q7875835
,Q7882701,New York Stock Exchange,LSI,real estate investment trust,http://www.wikidata.org/entity/Q7882701
,Q7713699,Nasdaq,ANDE,conglomerate,http://www.wikidata.org/entity/Q7713699
,Q7842860,New York Stock Exchange,TRN,conglomerate,http://www.wikidata.org/entity/Q7842860
,Q7809768,Nasdaq,TTNP,pharmaceutical industry,http://www.wikidata.org/entity/Q7809768
,Q7838954,Nasdaq,TRVN,pharmaceutical industry,http://www.wikidata.org/entity/Q7838954
,Q7847126,Nasdaq,,pharmaceutical industry,http://www.wikidata.org/entity/Q7847126
,Q7809764,Nasdaq,TITN,agricultural technology,http://www.wikidata.org/entity/Q7809764
,Q7856971,New York Stock Exchange,TPC,construction,http://www.wikidata.org/entity/Q7856971
,Q5277215,Nasdaq,DCOM,financial sector,http://www.wikidata.org/entity/Q5277215
,Q1023876,Nasdaq,CME,finance,http://www.wikidata.org/entity/Q1023876
,Q1055390,Nasdaq,CERN,health care,http://www.wikidata.org/entity/Q1055390
,Q1347782,Nasdaq,MRVL,semiconductor industry,http://www.wikidata.org/entity/Q1347782
,Q1049080,New York Stock Exchange,JNPR,technology,http://www.wikidata.org/entity/Q1049080
,Q7756963,Nasdaq,VRTS,financial services,http://www.wikidata.org/entity/Q7756963
,Q7756963,New York Stock Exchange,,financial services,http://www.wikidata.org/entity/Q7756963
,Q7881772,Nasdaq,UMPQ,financial services,http://www.wikidata.org/entity/Q7881772
,Q7887485,New York Stock Exchange,BSIG,financial services,http://www.wikidata.org/entity/Q7887485
,Q1322011,New York Stock Exchange,WAT,manufacturing of scientific and technical instrumentation,http://www.wikidata.org/entity/Q1322011
,Q1384784,New York Stock Exchange,EXPR,fashion retail industry,http://www.wikidata.org/entity/Q1384784
,Q1472539,New York Stock Exchange,MAN,staffing industry,http://www.wikidata.org/entity/Q1472539
,Q5574638,New York Stock Exchange,OLO,Internet,http://www.wikidata.org/entity/Q5574638
,Q5552410,Nasdaq,GERN,biotechnology,http://www.wikidata.org/entity/Q5552410
,Q5570954,Nasdaq,GBIM,biotechnology,http://www.wikidata.org/entity/Q5570954
,Q5842736,New York Stock Exchange,GLW,biotechnology,http://www.wikidata.org/entity/Q5842736
,Q13683,New York Stock Exchange,NYX,stock exchange,http://www.wikidata.org/entity/Q13683
,Q124795355,New York Stock Exchange,SOLV,health care,http://www.wikidata.org/entity/Q124795355
,Q1001788,New York Stock Exchange,BVN,mining,http://www.wikidata.org/entity/Q1001788
,Q1028449,New York Stock Exchange,CCJ,mining,http://www.wikidata.org/entity/Q1028449
,Q942471,New York Stock Exchange,TRV,insurance,http://www.wikidata.org/entity/Q942471
,Q1089060,New York Stock Exchange,CB,insurance,http://www.wikidata.org/entity/Q1089060
,Q14647,Nasdaq,,computing,http://www.wikidata.org/entity/Q14647
,Q7808537,Nasdaq,TNTR,recording medium,http://www.wikidata.org/entity/Q7808537
,Q7833612,New York Stock Exchange,TDG,industrial manufacturing,http://www.wikidata.org/entity/Q7833612
,Q1364494,New York Stock Exchange,MHS,pharmacy benefits manager,http://www.wikidata.org/entity/Q1364494
,Q1435628,New York Stock Exchange,FMX,brewing industry,http://www.wikidata.org/entity/Q1435628
,Q1509038,New York Stock Exchange,TEN,automotive part,http://www.wikidata.org/entity/Q1509038
,Q1390577,New York Stock Exchange,TWTR,Internet industry,http://www.wikidata.org/entity/Q1390577
,Q1471346,New York Stock Exchange,WHR,home appliance industry,http://www.wikidata.org/entity/Q1471346
,Q1092571,Nasdaq,CTAS,tertiary sector of the economy,http://www.wikidata.org/entity/Q1092571
,Q7711620,Nasdaq,NCTY,video game industry,http://www.wikidata.org/entity/Q7711620
,Q7856379,Nasdaq,HEAR,video game industry,http://www.wikidata.org/entity/Q7856379
,Q7835892,Nasdaq,TA,truck stop,http://www.wikidata.org/entity/Q7835892
,Q7884645,New York Stock Exchange,UNF,industrial laundry,http://www.wikidata.org/entity/Q7884645
,Q126325758,Nasdaq,XOS,automotive industry,http://www.wikidata.org/entity/Q126325758
,Q9584,New York Stock Exchange,HMC,automotive industry,http://www.wikidata.org/entity/Q9584
,Q1045842,Nasdaq,CAKE,gastronomy,http://www.wikidata.org/entity/Q1045842
,Q7711656,Nasdaq,TST,publishing,http://www.wikidata.org/entity/Q7711656
,Q7851506,New York Stock Exchange,,computer security,http://www.wikidata.org/entity/Q7851506
,Q6036711,Nasdaq,INOV,technology,http://www.wikidata.org/entity/Q6036711
,Q131308915,New York Stock Exchange,ALTM,chemical industry,http://www.wikidata.org/entity/Q131308915
,Q312,Nasdaq,AAPL,digital distribution,http://www.wikidata.org/entity/Q312
,Q7240,New York Stock Exchange,LMT,weapons industry,http://www.wikidata.org/entity/Q7240
,Q66,New York Stock Exchange,BA,weapons industry,http://www.wikidata.org/entity/Q66
,Q7706196,Nasdaq,TTEK,professional service,http://www.wikidata.org/entity/Q7706196
,Q7843323,New York Stock Exchange,GTS,insurance industry,http://www.wikidata.org/entity/Q7843323
,Q7847653,New York Stock Exchange,TRLA,real estate industry,http://www.wikidata.org/entity/Q7847653
,Q6036100,Nasdaq,INOD,information technology,http://www.wikidata.org/entity/Q6036100
,Q130326112,New York Stock Exchange,K,food processing,http://www.wikidata.org/entity/Q130326112
,Q125886451,New York Stock Exchange,TBBB,retail,http://www.wikidata.org/entity/Q125886451
,Q3884,Nasdaq,AMZN,retail,http://www.wikidata.org/entity/Q3884
,Q7801348,Nasdaq,,software industry,http://www.wikidata.org/entity/Q7801348
,Q7880250,Nasdaq,ULTI,software industry,http://www.wikidata.org/entity/Q7880250
,Q7885165,Nasdaq,DAEG,software industry,http://www.wikidata.org/entity/Q7885165
,Q7830012,Nasdaq,CLUB,health club,http://www.wikidata.org/entity/Q7830012
,Q7876533,New York Stock Exchange,UI,computer network,http://www.wikidata.org/entity/Q7876533
,Q1066858,New York Stock Exchange,TIF,jewelry,http://www.wikidata.org/entity/Q1066858
,Q1053560,New York Stock Exchange,CNP,electricity generation,http://www.wikidata.org/entity/Q1053560
,Q5508431,Nasdaq,FULT,finance,http://www.wikidata.org/entity/Q5508431
,Q5532813,New York Stock Exchange,,health care,http://www.wikidata.org/entity/Q5532813
,Q5533670,Nasdaq,GTIV,health care,http://www.wikidata.org/entity/Q5533670
,Q5690400,New York Stock Exchange,EHC,health care,http://www.wikidata.org/entity/Q5690400
,Q5578424,Nasdaq,GLNG,LNG carrier,http://www.wikidata.org/entity/Q5578424
,Q5972866,New York Stock Exchange,IO,petroleum,http://www.wikidata.org/entity/Q5972866
,Q5508083,Nasdaq,FLL,gambling,http://www.wikidata.org/entity/Q5508083
,Q5514677,New York Stock Exchange,IGT,gambling,http://www.wikidata.org/entity/Q5514677
,Q5579415,Nasdaq,GDEN,gambling,http://www.wikidata.org/entity/Q5579415
,Q2283,Nasdaq,MSFT,software development,http://www.wikidata.org/entity/Q2283
,Q19900,Nasdaq,ORCL,software development,http://www.wikidata.org/entity/Q19900
,Q19900,New York Stock Exchange,ORCL,software development,http://www.wikidata.org/entity/Q19900
,Q135832869,Nasdaq,VSNT,cable television,http://www.wikidata.org/entity/Q135832869
,Q1053299,New York Stock Exchange,CRH,building material,http://www.wikidata.org/entity/Q1053299
,Q1073540,New York Stock Exchange,CHA,terrestrial television,http://www.wikidata.org/entity/Q1073540
,Q5648633,Nasdaq,HAFC,bank,http://www.wikidata.org/entity/Q5648633
,Q6016398,Nasdaq,IBCP,bank,http://www.wikidata.org/entity/Q6016398
,Q1046951,New York Stock Exchange,TGT,retail chain,http://www.wikidata.org/entity/Q1046951
,Q963809,Nasdaq,PLCM,video conference,http://www.wikidata.org/entity/Q963809
,Q5629085,New York Stock Exchange,HCC,insurance,http://www.wikidata.org/entity/Q5629085
,Q5649395,New York Stock Exchange,THG,insurance,http://www.wikidata.org/entity/Q5649395
,Q966556,Nasdaq,SHLD,retail,http://www.wikidata.org/entity/Q966556
,Q967265,New York Stock Exchange,KSS,retail,http://www.wikidata.org/entity/Q967265
,Q1002992,New York Stock Exchange,BBW,retail,http://www.wikidata.org/entity/Q1002992
,Q1053372,New York Stock Exchange,,retail,http://www.wikidata.org/entity/Q1053372
,Q5511828,Nasdaq,GK,tertiary sector of the economy,http://www.wikidata.org/entity/Q5511828
,Q11407,New York Stock Exchange,VMW,software industry,http://www.wikidata.org/entity/Q11407
,Q5674337,New York Stock Exchange,HHS,marketing,http://www.wikidata.org/entity/Q5674337
,Q5926631,New York Stock Exchange,HUBS,marketing,http://www.wikidata.org/entity/Q5926631
,Q970695,Nasdaq,NTRS,financial services,http://www.wikidata.org/entity/Q970695
,Q1023765,New York Stock Exchange,,financial services,http://www.wikidata.org/entity/Q1023765
,Q1034654,New York Stock Exchange,COF,financial services,http://www.wikidata.org/entity/Q1034654
,Q1066028,New York Stock Exchange,SCHW,financial services,http://www.wikidata.org/entity/Q1066028
,Q1094313,New York Stock Exchange,BSAC,financial services,http://www.wikidata.org/entity/Q1094313
,Q7705659,Nasdaq,TSRA,technology company,http://www.wikidata.org/entity/Q7705659
,Q7880076,Nasdaq,ULTA,cosmetics industry,http://www.wikidata.org/entity/Q7880076
,Q125003256,Nasdaq,FUSN,pharmaceutical industry,http://www.wikidata.org/entity/Q125003256
,Q136654090,Nasdaq,PRPH,pharmaceutical industry,http://www.wikidata.org/entity/Q136654090
,Q950419,Nasdaq,MELI,e-commerce,http://www.wikidata.org/entity/Q950419
,Q1074666,New York Stock Exchange,CQB,agribusiness,http://www.wikidata.org/entity/Q1074666
,Q1023155,Nasdaq,CDW,business-to-business,http://www.wikidata.org/entity/Q1023155
,Q132775404,Nasdaq,RHLD,financial services,http://www.wikidata.org/entity/Q132775404
,Q135683211,Nasdaq,PYPL,financial services,http://www.wikidata.org/entity/Q135683211
,Q5584725,Nasdaq,GMAN,retail,http://www.wikidata.org/entity/Q5584725
,Q5609934,Nasdaq,GO,retail,http://www.wikidata.org/entity/Q5609934
,Q5680343,Nasdaq,,retail,http://www.wikidata.org/entity/Q5680343
,Q5750102,New York Stock Exchange,HGG,retail,http://www.wikidata.org/entity/Q5750102
,Q7865088,Nasdaq,UMBF,financial sector,http://www.wikidata.org/entity/Q7865088
,Q1045758,New York Stock Exchange,UTX,holding company,http://www.wikidata.org/entity/Q1045758
,Q5598232,New York Stock Exchange,GTN,terrestrial television,http://www.wikidata.org/entity/Q5598232
,Q1009458,New York Stock Exchange,BG,food industry,http://www.wikidata.org/entity/Q1009458
,Q1030544,New York Stock Exchange,CPB,food industry,http://www.wikidata.org/entity/Q1030544
,Q127324768,New York Stock Exchange,FUN,hospitality industry,http://www.wikidata.org/entity/Q127324768
,Q1418,New York Stock Exchange,NOK,networking hardware,http://www.wikidata.org/entity/Q1418
,Q1061903,New York Stock Exchange,LYV,show business,http://www.wikidata.org/entity/Q1061903
,Q1112588,Nasdaq,COLM,textile industry,http://www.wikidata.org/entity/Q1112588
,Q5547514,New York Stock Exchange,AXLL,chemical industry,http://www.wikidata.org/entity/Q5547514
,Q5696498,New York Stock Exchange,HL,mining,http://www.wikidata.org/entity/Q5696498
,Q136565240,Nasdaq,SMPL,food industry,http://www.wikidata.org/entity/Q136565240
,Q6047075,New York Stock Exchange,,wholesale,http://www.wikidata.org/entity/Q6047075
,Q135181390,Nasdaq,GCL,video game industry,http://www.wikidata.org/entity/Q135181390
,Q8093,Nasdaq,NTDOY,video game industry,http://www.wikidata.org/entity/Q8093
,Q7796068,New York Stock Exchange,THO,Motor Vehicle Body Manufacturing,http://www.wikidata.org/entity/Q7796068
,Q7808625,New York Stock Exchange,WORK,business software industry,http://www.wikidata.org/entity/Q7808625
,Q7833641,New York Stock Exchange,TRU,information technology industry,http://www.wikidata.org/entity/Q7833641
,Q5531627,New York Stock Exchange,GNRC,industrial manufacturing,http://www.wikidata.org/entity/Q5531627
,Q5533602,Nasdaq,GNTX,automotive industry,http://www.wikidata.org/entity/Q5533602
,Q5635303,New York Stock Exchange,HNI,industrial manufacturing,http://www.wikidata.org/entity/Q5635303
,Q5970002,New York Stock Exchange,IEX,industrial manufacturing,http://www.wikidata.org/entity/Q5970002
,Q9396,New York Stock Exchange,,telecommunications,http://www.wikidata.org/entity/Q9396
,Q5969568,Nasdaq,ACTA,business-to-business,http://www.wikidata.org/entity/Q5969568
,Q6042841,Nasdaq,IESC,construction,http://www.wikidata.org/entity/Q6042841
,Q248,Nasdaq,INTC,semiconductor industry,http://www.wikidata.org/entity/Q248
,Q1111020,New York Stock Exchange,DBRG,asset management,http://www.wikidata.org/entity/Q1111020
,Q5514784,Nasdaq,GTXI,pharmaceutical industry,http://www.wikidata.org/entity/Q5514784
,Q5517961,Nasdaq,GLPG,pharmaceutical industry,http://www.wikidata.org/entity/Q5517961
,Q5518376,Nasdaq,GALE,pharmaceutical industry,http://www.wikidata.org/entity/Q5518376
,Q5530847,Nasdaq,GNVC,pharmaceutical industry,http://www.wikidata.org/entity/Q5530847
,Q6015591,Nasdaq,INCY,pharmaceutical industry,http://www.wikidata.org/entity/Q6015591
,Q946713,New York Stock Exchange,SUNE,energy sector,http://www.wikidata.org/entity/Q946713
,Q967868,New York Stock Exchange,NEE,energy company,http://www.wikidata.org/entity/Q967868
,Q941392,New York Stock Exchange,INFA,software industry,http://www.wikidata.org/entity/Q941392
,Q1007000,New York Stock Exchange,G,professional service,http://www.wikidata.org/entity/Q1007000
,Q1023013,New York Stock Exchange,CBRE,real estate industry,http://www.wikidata.org/entity/Q1023013
,Q1054787,New York Stock Exchange,NTT,telecommunications,http://www.wikidata.org/entity/Q1054787
,Q124813960,Nasdaq,EH,aerospace industry,http://www.wikidata.org/entity/Q124813960
,Q7756009,Nasdaq,PTRY,convenience store,http://www.wikidata.org/entity/Q7756009
,Q7848008,Nasdaq,TRUP,pet insurance,http://www.wikidata.org/entity/Q7848008
,Q5569625,New York Stock Exchange,GRT,real estate investment trust,http://www.wikidata.org/entity/Q5569625
,Q5570946,New York Stock Exchange,GLOB,software development,http://www.wikidata.org/entity/Q5570946
,Q1056839,Nasdaq,,telecommunications,http://www.wikidata.org/entity/Q1056839
,Q1068485,New York Stock Exchange,CHU,telecommunications,http://www.wikidata.org/entity/Q1068485
,Q1091783,Nasdaq,,telecommunications,http://www.wikidata.org/entity/Q1091783
,Q1091783,New York Stock Exchange,CIEN,telecommunications,http://www.wikidata.org/entity/Q1091783
,Q1106938,Nasdaq,CCOI,telecommunications,http://www.wikidata.org/entity/Q1106938
,Q1113804,Nasdaq,CMCSA,telecommunications,http://www.wikidata.org/entity/Q1113804
,Q124723674,New York Stock Exchange,AMRC,energy industry,http://www.wikidata.org/entity/Q124723674
,Q945739,New York Stock Exchange,HMLP,freight transport,http://www.wikidata.org/entity/Q945739
,Q1083470,Nasdaq,ELON,building automation,http://www.wikidata.org/entity/Q1083470
,Q951259,New York Stock Exchange,MUR,petroleum industry,http://www.wikidata.org/entity/Q951259
,Q1053422,New York Stock Exchange,CVE,petroleum industry,http://www.wikidata.org/entity/Q1053422
,Q1069924,Nasdaq,ZIP,carsharing,http://www.wikidata.org/entity/Q1069924
,Q130281150,New York Stock Exchange,OPFI,fintech,http://www.wikidata.org/entity/Q130281150
,Q1057464,New York Stock Exchange,HLT,hospitality industry,http://www.wikidata.org/entity/Q1057464
,Q1075788,New York Stock Exchange,CHH,hospitality industry,http://www.wikidata.org/entity/Q1075788
,Q1107035,Nasdaq,CTSH,IT service management,http://www.wikidata.org/entity/Q1107035
,Q5612176,Nasdaq,OMAB,aviation,http://www.wikidata.org/entity/Q5612176
,Q5612177,New York Stock Exchange,PAC,aviation,http://www.wikidata.org/entity/Q5612177
,Q133296253,Nasdaq,,online gambling,http://www.wikidata.org/entity/Q133296253
,Q124724103,New York Stock Exchange,EGLE,transport industry,http://www.wikidata.org/entity/Q124724103
,Q125028873,Nasdaq,ALAB,semiconductor industry,http://www.wikidata.org/entity/Q125028873
,Q947718,New York Stock Exchange,RAI,tobacco industry,http://www.wikidata.org/entity/Q947718
,Q995863,Nasdaq,BROD,video game industry,http://www.wikidata.org/entity/Q995863
,Q5985017,Nasdaq,IEP,conglomerate,http://www.wikidata.org/entity/Q5985017
,Q124668353,Nasdaq,SGRY,health care industry,http://www.wikidata.org/entity/Q124668353
,Q125427741,Nasdaq,RLYB,biotechnology industry,http://www.wikidata.org/entity/Q125427741
,Q130331887,New York Stock Exchange,NTCO,cosmetics industry,http://www.wikidata.org/entity/Q130331887
,Q5570993,New York Stock Exchange,GL,life insurance,http://www.wikidata.org/entity/Q5570993
,Q5986662,Nasdaq,ICON,textile industry,http://www.wikidata.org/entity/Q5986662
,Q6047972,Nasdaq,INAP,IT infrastructure,http://www.wikidata.org/entity/Q6047972
,Q5554922,Nasdaq,GEVO,energy sector,http://www.wikidata.org/entity/Q5554922
,Q5906990,Nasdaq,HDP,software industry,http://www.wikidata.org/entity/Q5906990
,Q6955544,Nasdaq,NTLS,telecommunications,http://www.wikidata.org/entity/Q6955544
,Q7020906,Nasdaq,NXST,telecommunications,http://www.wikidata.org/entity/Q7020906
,Q7095328,New York Stock Exchange,OOMA,telecommunications,http://www.wikidata.org/entity/Q7095328
,Q4751693,Nasdaq,,wireless communication,http://www.wikidata.org/entity/Q4751693
,Q979690,Nasdaq,NTGR,consumer electronics industry,http://www.wikidata.org/entity/Q979690
,Q1022711,New York Stock Exchange,CACI,information technology industry,http://www.wikidata.org/entity/Q1022711
,Q4856439,New York Stock Exchange,,Internet,http://www.wikidata.org/entity/Q4856439
,Q5575439,Nasdaq,GAME,video game industry,http://www.wikidata.org/entity/Q5575439
,Q1067998,Nasdaq,CRUS,semiconductor industry,http://www.wikidata.org/entity/Q1067998
,Q1073306,New York Stock Exchange,LFC,insurance industry,http://www.wikidata.org/entity/Q1073306
,Q1096013,Nasdaq,FCS,semiconductor industry,http://www.wikidata.org/entity/Q1096013
,Q5512854,New York Stock Exchange,GBL,financial services,http://www.wikidata.org/entity/Q5512854
,Q5517210,New York Stock Exchange,GCAP,financial services,http://www.wikidata.org/entity/Q5517210
,Q5611081,New York Stock Exchange,GPI,car dealership,http://www.wikidata.org/entity/Q5611081
,Q5888363,Nasdaq,HFFC,financial services,http://www.wikidata.org/entity/Q5888363
,Q5972276,New York Stock Exchange,VOYA,financial services,http://www.wikidata.org/entity/Q5972276
,Q5973741,Nasdaq,GLBR,financial services,http://www.wikidata.org/entity/Q5973741
,Q6048685,Nasdaq,IBOC,financial services,http://www.wikidata.org/entity/Q6048685
,Q6048697,Nasdaq,IBOC,financial services,http://www.wikidata.org/entity/Q6048697
,Q945521,New York Stock Exchange,CEIX,mining of coal,http://www.wikidata.org/entity/Q945521
,Q1053348,New York Stock Exchange,LR,construction materials industry,http://www.wikidata.org/entity/Q1053348
,Q7118151,Nasdaq,PTSI,transport,http://www.wikidata.org/entity/Q7118151
,Q7123127,Nasdaq,PACT,information technology,http://www.wikidata.org/entity/Q7123127
,Q4876829,Nasdaq,BBGI,radio,http://www.wikidata.org/entity/Q4876829
,Q6843476,Nasdaq,MOFG,bank,http://www.wikidata.org/entity/Q6843476
,Q6902124,Nasdaq,MBTF,bank,http://www.wikidata.org/entity/Q6902124
,Q7057831,Nasdaq,NBN,bank,http://www.wikidata.org/entity/Q7057831
,Q131870561,Nasdaq,INTR,financial sector,http://www.wikidata.org/entity/Q131870561
,Q5547666,New York Stock Exchange,GAR,public utility,http://www.wikidata.org/entity/Q5547666
,Q5617509,New York Stock Exchange,,public utility,http://www.wikidata.org/entity/Q5617509
,Q5974728,New York Stock Exchange,,public utility,http://www.wikidata.org/entity/Q5974728
,Q5762186,New York Stock Exchange,HIL,professional service,http://www.wikidata.org/entity/Q5762186
,Q5969562,Nasdaq,ICFI,professional service,http://www.wikidata.org/entity/Q5969562
,Q6981538,New York Stock Exchange,EVGN,biotechnology,http://www.wikidata.org/entity/Q6981538
,Q7002174,Nasdaq,NBIX,biotechnology,http://www.wikidata.org/entity/Q7002174
,Q7095196,Nasdaq,ONXX,biotechnology,http://www.wikidata.org/entity/Q7095196
,Q1024454,Nasdaq,CSX,rail transport,http://www.wikidata.org/entity/Q1024454
,Q1024454,New York Stock Exchange,CSX,rail transport,http://www.wikidata.org/entity/Q1024454
,Q1030096,New York Stock Exchange,ORB,aerospace industry,http://www.wikidata.org/entity/Q1030096
,Q4914627,Nasdaq,BLRX,biotechnology,http://www.wikidata.org/entity/Q4914627
,Q4914632,Nasdaq,BMRN,biotechnology,http://www.wikidata.org/entity/Q4914632
,Q4915361,Nasdaq,BITI,biotechnology,http://www.wikidata.org/entity/Q4915361
,Q974846,Nasdaq,IAC,media industry,http://www.wikidata.org/entity/Q974846
,Q1056637,New York Stock Exchange,HSY,"manufacture of cocoa, chocolate and sugar confectionery",http://www.wikidata.org/entity/Q1056637
,Q6805492,New York Stock Exchange,MEG,mass media,http://www.wikidata.org/entity/Q6805492
,Q5516980,Nasdaq,GAIA,video production,http://www.wikidata.org/entity/Q5516980
,Q5886408,Nasdaq,GRDCY,broadcasting,http://www.wikidata.org/entity/Q5886408
,Q4833850,Nasdaq,BOSC,technology,http://www.wikidata.org/entity/Q4833850
,Q4928769,Nasdaq,BPHX,technology,http://www.wikidata.org/entity/Q4928769
,Q6804919,Nasdaq,MDTH,health care,http://www.wikidata.org/entity/Q6804919
,Q7114733,New York Stock Exchange,OMI,health care,http://www.wikidata.org/entity/Q7114733
,Q7120762,Nasdaq,PSSI,health care,http://www.wikidata.org/entity/Q7120762
,Q5533183,New York Stock Exchange,GNE,petroleum industry,http://www.wikidata.org/entity/Q5533183
,Q5570537,New York Stock Exchange,,petroleum industry,http://www.wikidata.org/entity/Q5570537
,Q5706267,New York Stock Exchange,hlx,petroleum industry,http://www.wikidata.org/entity/Q5706267
,Q5881864,New York Stock Exchange,HFC,petroleum industry,http://www.wikidata.org/entity/Q5881864
,Q4748076,New York Stock Exchange,AP,steel,http://www.wikidata.org/entity/Q4748076
,Q5887924,Nasdaq,AWAY,vacation rental marketplace industry,http://www.wikidata.org/entity/Q5887924
,Q6952868,Nasdaq,NBTB,finance,http://www.wikidata.org/entity/Q6952868
,Q7084595,Nasdaq,ONB,finance,http://www.wikidata.org/entity/Q7084595
,Q12010467,Nasdaq,WB,Internet,http://www.wikidata.org/entity/Q12010467
,Q5592433,New York Stock Exchange,EAF,petrochemical industry,http://www.wikidata.org/entity/Q5592433
,Q5647025,Nasdaq,HWC,financial sector,http://www.wikidata.org/entity/Q5647025
,Q5905787,Nasdaq,ZINC,zinc industry,http://www.wikidata.org/entity/Q5905787
,Q977627,Nasdaq,,broadcasting,http://www.wikidata.org/entity/Q977627
,Q7130852,Nasdaq,PNRA,fast food,http://www.wikidata.org/entity/Q7130852
,Q5509271,Nasdaq,FNKO,game industry,http://www.wikidata.org/entity/Q5509271
,Q5512990,Nasdaq,GLIBA,telecommunications,http://www.wikidata.org/entity/Q5512990
,Q5530848,New York Stock Exchange,GEN,electricity supply company,http://www.wikidata.org/entity/Q5530848
,Q5565827,Nasdaq,,health technology,http://www.wikidata.org/entity/Q5565827
,Q5595849,New York Stock Exchange,GVA,construction,http://www.wikidata.org/entity/Q5595849
,Q5599779,New York Stock Exchange,GXP,electricity supply company,http://www.wikidata.org/entity/Q5599779
,Q5684575,Nasdaq,HCOM,telecommunications,http://www.wikidata.org/entity/Q5684575
,Q5884072,Nasdaq,HOLX,health technology,http://www.wikidata.org/entity/Q5884072
,Q5983823,New York Stock Exchange,AGR,energy industry,http://www.wikidata.org/entity/Q5983823
,Q6007092,New York Stock Exchange,IMPV,computer security,http://www.wikidata.org/entity/Q6007092
,Q8208082,New York Stock Exchange,ATTO,telecommunications,http://www.wikidata.org/entity/Q8208082
,Q11159866,Nasdaq,GILT,telecommunications,http://www.wikidata.org/entity/Q11159866
,Q11301445,New York Stock Exchange,CABO,telecommunications,http://www.wikidata.org/entity/Q11301445
,Q15109916,Nasdaq,OTEL,telecommunications,http://www.wikidata.org/entity/Q15109916
,Q4932386,Nasdaq,BOBE,restaurant,http://www.wikidata.org/entity/Q4932386
,Q6835667,Nasdaq,MIK,retail,http://www.wikidata.org/entity/Q6835667
,Q7012977,New York Stock Exchange,NWY,retail,http://www.wikidata.org/entity/Q7012977
,Q7049673,Nasdaq,NDLS,retail,http://www.wikidata.org/entity/Q7049673
,Q7071951,Nasdaq,ORLY,retail,http://www.wikidata.org/entity/Q7071951
,Q7100213,Nasdaq,OSH,retail,http://www.wikidata.org/entity/Q7100213
,Q7121857,Nasdaq,PSUN,retail,http://www.wikidata.org/entity/Q7121857
,Q7140896,New York Stock Exchange,PRTY,retail,http://www.wikidata.org/entity/Q7140896
,Q4829076,Nasdaq,AVT,electronics,http://www.wikidata.org/entity/Q4829076
,Q4829076,New York Stock Exchange,AVT,electronics,http://www.wikidata.org/entity/Q4829076
,Q13576574,Nasdaq,ITRN,transport,http://www.wikidata.org/entity/Q13576574
,Q7078431,New York Stock Exchange,,insurance,http://www.wikidata.org/entity/Q7078431
,Q7084833,New York Stock Exchange,ORI,insurance,http://www.wikidata.org/entity/Q7084833
,Q7092365,New York Stock Exchange,,insurance,http://www.wikidata.org/entity/Q7092365
,Q5527100,New York Stock Exchange,GTES,automotive supplier,http://www.wikidata.org/entity/Q5527100
,Q5765159,Nasdaq,HIMX,semiconductor industry,http://www.wikidata.org/entity/Q5765159
,Q6036968,Nasdaq,PTNT,insurance industry,http://www.wikidata.org/entity/Q6036968
,Q4744841,Nasdaq,AMRB,bank,http://www.wikidata.org/entity/Q4744841
,Q4856116,Nasdaq,BOFL,bank,http://www.wikidata.org/entity/Q4856116
,Q4856160,Nasdaq,LABC,bank,http://www.wikidata.org/entity/Q4856160
,Q4856167,Nasdaq,BNCN,bank,http://www.wikidata.org/entity/Q4856167
,Q4937270,Nasdaq,BOFI,bank,http://www.wikidata.org/entity/Q4937270
,Q4937270,New York Stock Exchange,AX,bank,http://www.wikidata.org/entity/Q4937270
,Q4972437,Nasdaq,BYFC,bank,http://www.wikidata.org/entity/Q4972437
,Q13522860,Nasdaq,HLCS,biotechnology,http://www.wikidata.org/entity/Q13522860
,Q14662364,New York Stock Exchange,ABBV,biotechnology,http://www.wikidata.org/entity/Q14662364
,Q15109905,Nasdaq,MAXY,biotechnology,http://www.wikidata.org/entity/Q15109905
,Q10382234,Nasdaq,TWKS,technology,http://www.wikidata.org/entity/Q10382234
,Q15109895,Nasdaq,IDWK,technology,http://www.wikidata.org/entity/Q15109895
,Q6971495,Nasdaq,NCMI,entertainment,http://www.wikidata.org/entity/Q6971495
,Q10819817,Nasdaq,SILC,communication,http://www.wikidata.org/entity/Q10819817
,Q7086908,New York Stock Exchange,OLN,chemical industry,http://www.wikidata.org/entity/Q7086908
,Q7113744,Nasdaq,OVRL,recording medium,http://www.wikidata.org/entity/Q7113744
,Q14289857,Nasdaq,NWSA,journalism,http://www.wikidata.org/entity/Q14289857
,Q4751068,Nasdaq,ALOG,health care,http://www.wikidata.org/entity/Q4751068
,Q4974387,New York Stock Exchange,BKD,retirement home,http://www.wikidata.org/entity/Q4974387
,Q6820755,Nasdaq,MERU,wireless LAN,http://www.wikidata.org/entity/Q6820755
,Q6864857,New York Stock Exchange,MY,industrial manufacturing,http://www.wikidata.org/entity/Q6864857
,Q6886914,Nasdaq,MINI,intermodal container,http://www.wikidata.org/entity/Q6886914
,Q4856124,New York Stock Exchange,BOH,finance,http://www.wikidata.org/entity/Q4856124
,Q4887418,Nasdaq,BNCL,finance,http://www.wikidata.org/entity/Q4887418
,Q16154750,Nasdaq,ISLE,gambling,http://www.wikidata.org/entity/Q16154750
,Q6952813,Nasdaq,NSBD,radio broadcasting,http://www.wikidata.org/entity/Q6952813
,Q7096123,Nasdaq,OMKT,e-commerce,http://www.wikidata.org/entity/Q7096123
,Q12123536,Nasdaq,MHPSY,agriculture,http://www.wikidata.org/entity/Q12123536
,Q6806775,New York Stock Exchange,MRX,pharmaceutical industry,http://www.wikidata.org/entity/Q6806775
,Q7059972,Nasdaq,NWBO,pharmaceutical industry,http://www.wikidata.org/entity/Q7059972
,Q7120927,Nasdaq,PSDV,pharmaceutical industry,http://www.wikidata.org/entity/Q7120927
,Q7120959,Nasdaq,PTCT,pharmaceutical industry,http://www.wikidata.org/entity/Q7120959
,Q6889843,Nasdaq,MLNK,supply chain management,http://www.wikidata.org/entity/Q6889843
,Q4810399,New York Stock Exchange,AIZ,insurance,http://www.wikidata.org/entity/Q4810399
,Q4818932,New York Stock Exchange,AUQ,mining,http://www.wikidata.org/entity/Q4818932
,Q7090375,New York Stock Exchange,,pharmacy,http://www.wikidata.org/entity/Q7090375
,Q7115371,New York Stock Exchange,OXM,textile industry,http://www.wikidata.org/entity/Q7115371
,Q4766699,New York Stock Exchange,,retail,http://www.wikidata.org/entity/Q4766699
,Q4835754,New York Stock Exchange,BJ,retail,http://www.wikidata.org/entity/Q4835754
,Q4861508,New York Stock Exchange,BNED,retail,http://www.wikidata.org/entity/Q4861508
,Q4878313,Nasdaq,BEBE,retail,http://www.wikidata.org/entity/Q4878313
,Q4905973,New York Stock Exchange,BIG,retail,http://www.wikidata.org/entity/Q4905973
,Q4929570,Nasdaq,NILE,retail,http://www.wikidata.org/entity/Q4929570
,Q4943266,Nasdaq,BAMM,retail,http://www.wikidata.org/entity/Q4943266
,Q4744822,New York Stock Exchange,ARC,tertiary sector of the economy,http://www.wikidata.org/entity/Q4744822
,Q14993631,New York Stock Exchange,SAIC,information technology,http://www.wikidata.org/entity/Q14993631
,Q6893780,New York Stock Exchange,MHK,conglomerate,http://www.wikidata.org/entity/Q6893780
,Q6978096,New York Stock Exchange,NNN,real estate investment trust,http://www.wikidata.org/entity/Q6978096
,Q6982488,Nasdaq,,freight transport,http://www.wikidata.org/entity/Q6982488
,Q6982488,New York Stock Exchange,NNA,freight transport,http://www.wikidata.org/entity/Q6982488
,Q7118707,Nasdaq,PCMI,direct marketing,http://www.wikidata.org/entity/Q7118707
,Q7120810,New York Stock Exchange,PSB,real estate investment trust,http://www.wikidata.org/entity/Q7120810
,Q15109909,Nasdaq,MSPD,electronics,http://www.wikidata.org/entity/Q15109909
,Q6824994,New York Stock Exchange,BY,economics of banking,http://www.wikidata.org/entity/Q6824994
,Q6824418,Nasdaq,MCBI,financial services,http://www.wikidata.org/entity/Q6824418
,Q6990264,New York Stock Exchange,NNI,financial services,http://www.wikidata.org/entity/Q6990264
,Q7005093,New York Stock Exchange,NAL,financial services,http://www.wikidata.org/entity/Q7005093
,Q7060191,Nasdaq,NWBI,financial services,http://www.wikidata.org/entity/Q7060191
,Q7076286,New York Stock Exchange,SCU,financial services,http://www.wikidata.org/entity/Q7076286
,Q7077162,Nasdaq,ASPS,financial services,http://www.wikidata.org/entity/Q7077162
,Q7077162,New York Stock Exchange,,financial services,http://www.wikidata.org/entity/Q7077162
,Q7098552,New York Stock Exchange,OPY,financial services,http://www.wikidata.org/entity/Q7098552
,Q7102329,New York Stock Exchange,OFG,financial services,http://www.wikidata.org/entity/Q7102329
,Q7119231,New York Stock Exchange,PHH,financial services,http://www.wikidata.org/entity/Q7119231
,Q12859164,New York Stock Exchange,NFG,fossil fuel,http://www.wikidata.org/entity/Q12859164
,Q15109891,Nasdaq,IOSP,petroleum,http://www.wikidata.org/entity/Q15109891
,Q8178679,Nasdaq,MSFG,bank,http://www.wikidata.org/entity/Q8178679
,Q15109914,Nasdaq,NBBC,bank,http://www.wikidata.org/entity/Q15109914
,Q7017778,New York Stock Exchange,NFX,petroleum industry,http://www.wikidata.org/entity/Q7017778
,Q7045708,New York Stock Exchange,NE,petroleum industry,http://www.wikidata.org/entity/Q7045708
,Q7067712,New York Stock Exchange,NS,petroleum industry,http://www.wikidata.org/entity/Q7067712
,Q7161915,New York Stock Exchange,PBA,petroleum industry,http://www.wikidata.org/entity/Q7161915
,Q7162745,New York Stock Exchange,PGH,petroleum industry,http://www.wikidata.org/entity/Q7162745
,Q10397787,New York Stock Exchange,AAN,furniture,http://www.wikidata.org/entity/Q10397787
,Q11337413,Nasdaq,KPFS,food service,http://www.wikidata.org/entity/Q11337413
,Q15845093,Nasdaq,CACC,finance,http://www.wikidata.org/entity/Q15845093
,Q16162525,Nasdaq,AUBN,finance,http://www.wikidata.org/entity/Q16162525
,Q4787395,Nasdaq,FUV,automotive industry,http://www.wikidata.org/entity/Q4787395
,Q4826087,New York Stock Exchange,AZO,automotive industry,http://www.wikidata.org/entity/Q4826087
,Q4868109,Nasdaq,BSET,industrial manufacturing,http://www.wikidata.org/entity/Q4868109
,Q13529435,New York Stock Exchange,,mining,http://www.wikidata.org/entity/Q13529435
,Q4803857,Nasdaq,ASTI,photovoltaics,http://www.wikidata.org/entity/Q4803857
,Q9294032,Nasdaq,HOTT,retail,http://www.wikidata.org/entity/Q9294032
,Q6863447,Nasdaq,MNDO,software industry,http://www.wikidata.org/entity/Q6863447
,Q6998273,Nasdaq,,software industry,http://www.wikidata.org/entity/Q6998273
,Q7011152,New York Stock Exchange,NEWR,software industry,http://www.wikidata.org/entity/Q7011152
,Q7098529,New York Stock Exchange,OPWR,software industry,http://www.wikidata.org/entity/Q7098529
,Q7160600,Nasdaq,PEGA,software industry,http://www.wikidata.org/entity/Q7160600
,Q10856243,Nasdaq,NEGG,retail,http://www.wikidata.org/entity/Q10856243
,Q15109925,Nasdaq,TSCO,retail,http://www.wikidata.org/entity/Q15109925
,Q4745709,New York Stock Exchange,,health insurance,http://www.wikidata.org/entity/Q4745709
,Q4928758,New York Stock Exchange,BXC,wholesale,http://www.wikidata.org/entity/Q4928758
,Q6941284,Nasdaq,RMTR,computer industry,http://www.wikidata.org/entity/Q6941284
,Q4795598,Nasdaq,ARTX,weapons industry,http://www.wikidata.org/entity/Q4795598
,Q6840048,Nasdaq,MSCC,integrated device manufacturer,http://www.wikidata.org/entity/Q6840048
,Q6955139,New York Stock Exchange,NRG,electricity supply company,http://www.wikidata.org/entity/Q6955139
,Q7156760,Nasdaq,PCTY,software as a service,http://www.wikidata.org/entity/Q7156760
,Q13583352,New York Stock Exchange,AYR,aircraft lease,http://www.wikidata.org/entity/Q13583352
,Q4833115,New York Stock Exchange,AZX,"water collection, treatment and supply",http://www.wikidata.org/entity/Q4833115
,Q4771754,Nasdaq,ANTH,pharmaceutical industry,http://www.wikidata.org/entity/Q4771754
,Q4781837,Nasdaq,APRI,pharmaceutical industry,http://www.wikidata.org/entity/Q4781837
,Q4788901,Nasdaq,ARNA,pharmaceutical industry,http://www.wikidata.org/entity/Q4788901
,Q4914611,Nasdaq,BCRX,pharmaceutical industry,http://www.wikidata.org/entity/Q4914611
,Q4838903,New York Stock Exchange,IBA,food industry,http://www.wikidata.org/entity/Q4838903
,Q10876705,New York Stock Exchange,ZTO,logistics,http://www.wikidata.org/entity/Q10876705
,Q7053620,New York Stock Exchange,,public utility,http://www.wikidata.org/entity/Q7053620
,Q7067710,New York Stock Exchange,SMR,energy industry,http://www.wikidata.org/entity/Q7067710
,Q6911967,Nasdaq,MHGC,hospitality industry,http://www.wikidata.org/entity/Q6911967
,Q7131487,Nasdaq,SYMC,information technology management,http://www.wikidata.org/entity/Q7131487
,Q7132349,Nasdaq,FRSH,fast food restaurant,http://www.wikidata.org/entity/Q7132349
,Q6806791,Nasdaq,MDSO,drug development,http://www.wikidata.org/entity/Q6806791
,Q7089136,Nasdaq,ZEUS,iron and steel industry,http://www.wikidata.org/entity/Q7089136
,Q15238661,New York Stock Exchange,CNHI,automotive industry,http://www.wikidata.org/entity/Q15238661
,Q15507516,New York Stock Exchange,TGI,industrial manufacturing,http://www.wikidata.org/entity/Q15507516
,Q15678788,New York Stock Exchange,FCAU,automotive industry,http://www.wikidata.org/entity/Q15678788
,Q16013760,New York Stock Exchange,NPO,industrial manufacturing,http://www.wikidata.org/entity/Q16013760
,Q4745263,New York Stock Exchange,AMT,real estate investment trust,http://www.wikidata.org/entity/Q4745263
,Q4748631,New York Stock Exchange,AMRE,real estate investment trust,http://www.wikidata.org/entity/Q4748631
,Q4778095,New York Stock Exchange,,real estate investment trust,http://www.wikidata.org/entity/Q4778095
,Q4792281,New York Stock Exchange,AAIC,real estate investment trust,http://www.wikidata.org/entity/Q4792281
,Q4827537,New York Stock Exchange,AVB,real estate investment trust,http://www.wikidata.org/entity/Q4827537
,Q4974589,New York Stock Exchange,,real estate development,http://www.wikidata.org/entity/Q4974589
,Q6975043,New York Stock Exchange,NPK,product,http://www.wikidata.org/entity/Q6975043
,Q14705393,Nasdaq,SSYS,peripheral,http://www.wikidata.org/entity/Q14705393
,Q6818651,Nasdaq,MRCY,aerospace industry,http://www.wikidata.org/entity/Q6818651
,Q7000660,Nasdaq,MANT,computer security,http://www.wikidata.org/entity/Q7000660
,Q7128508,Nasdaq,PANW,computer security,http://www.wikidata.org/entity/Q7128508
,Q6907265,New York Stock Exchange,,aerospace engineering,http://www.wikidata.org/entity/Q6907265
,Q4743779,New York Stock Exchange,AFG,financial services,http://www.wikidata.org/entity/Q4743779
,Q4789079,Nasdaq,ARCC,financial services,http://www.wikidata.org/entity/Q4789079
,Q4789079,New York Stock Exchange,ARES,financial services,http://www.wikidata.org/entity/Q4789079
,Q4809155,New York Stock Exchange,ASB,financial services,http://www.wikidata.org/entity/Q4809155
,Q4811104,New York Stock Exchange,,financial services,http://www.wikidata.org/entity/Q4811104
,Q4854030,Nasdaq,BANF,financial services,http://www.wikidata.org/entity/Q4854030
,Q4854138,New York Stock Exchange,CADE,financial services,http://www.wikidata.org/entity/Q4854138
,Q4855875,New York Stock Exchange,,financial services,http://www.wikidata.org/entity/Q4855875
,Q4855887,New York Stock Exchange,BKU,financial services,http://www.wikidata.org/entity/Q4855887
,Q4856910,Nasdaq,,economics of banking,http://www.wikidata.org/entity/Q4856910
,Q4972280,New York Stock Exchange,BR,financial services,http://www.wikidata.org/entity/Q4972280
,Q4803735,New York Stock Exchange,ABG,car dealership,http://www.wikidata.org/entity/Q4803735
,Q4904902,Nasdaq,BGFV,sports equipment,http://www.wikidata.org/entity/Q4904902
,Q7095113,Nasdaq,,business intelligence,http://www.wikidata.org/entity/Q7095113
,Q6896175,New York Stock Exchange,MOH,health care industry,http://www.wikidata.org/entity/Q6896175
,Q6914636,New York Stock Exchange,MTG,lenders mortgage insurance,http://www.wikidata.org/entity/Q6914636
,Q7088304,Nasdaq,OLLI,overstock,http://www.wikidata.org/entity/Q7088304
,Q7119723,Nasdaq,PMCS,electronics industry,http://www.wikidata.org/entity/Q7119723
,Q9013416,Nasdaq,HKTV,e-commerce,http://www.wikidata.org/entity/Q9013416
,Q12620655,New York Stock Exchange,CPNG,e-commerce,http://www.wikidata.org/entity/Q12620655
,Q16247191,New York Stock Exchange,CVNA,e-commerce,http://www.wikidata.org/entity/Q16247191
,Q14914829,Nasdaq,THRY,communications media,http://www.wikidata.org/entity/Q14914829
,Q15302718,New York Stock Exchange,,weapons industry,http://www.wikidata.org/entity/Q15302718
,Q7083862,Nasdaq,ODFL,freight transport industry,http://www.wikidata.org/entity/Q7083862
,Q7121936,Nasdaq,,Intermodal transport,http://www.wikidata.org/entity/Q7121936
,Q47099,New York Stock Exchange,TV,television,http://www.wikidata.org/entity/Q47099
,Q4818872,New York Stock Exchange,ATW,petroleum industry,http://www.wikidata.org/entity/Q4818872
,Q4836297,New York Stock Exchange,BPT,petroleum industry,http://www.wikidata.org/entity/Q4836297
,Q4874958,New York Stock Exchange,BTE,petroleum industry,http://www.wikidata.org/entity/Q4874958
,Q4908047,New York Stock Exchange,BBG,petroleum industry,http://www.wikidata.org/entity/Q4908047
,Q13529450,Nasdaq,ONCY,pharmaceutical industry,http://www.wikidata.org/entity/Q13529450
,Q15109846,Nasdaq,SRPT,pharmaceutical industry,http://www.wikidata.org/entity/Q15109846
,Q15109907,Nasdaq,MDVN,pharmaceutical industry,http://www.wikidata.org/entity/Q15109907
,Q15734041,Nasdaq,CORT,pharmaceutical industry,http://www.wikidata.org/entity/Q15734041
,Q16131515,New York Stock Exchange,TARO,pharmaceutical industry,http://www.wikidata.org/entity/Q16131515
,Q16249833,Nasdaq,ENZN,pharmaceutical industry,http://www.wikidata.org/entity/Q16249833
,Q16255113,Nasdaq,JAZZ,pharmaceutical industry,http://www.wikidata.org/entity/Q16255113
,Q4765682,New York Stock Exchange,,product distribution,http://www.wikidata.org/entity/Q4765682
,Q4922539,Nasdaq,BLKB,software industry,http://www.wikidata.org/entity/Q4922539
,Q13631921,New York Stock Exchange,EDU,educational system,http://www.wikidata.org/entity/Q13631921
,Q48754,New York Stock Exchange,PPG,glass,http://www.wikidata.org/entity/Q48754
,Q4839566,Nasdaq,BLZE,cloud storage,http://www.wikidata.org/entity/Q4839566
,Q4951483,New York Stock Exchange,BOX,cloud storage,http://www.wikidata.org/entity/Q4951483
,Q4786920,Nasdaq,ARCL,educational software,http://www.wikidata.org/entity/Q4786920
,Q8273105,New York Stock Exchange,INGR,food industry,http://www.wikidata.org/entity/Q8273105
,Q12857502,Nasdaq,MDLZ,food industry,http://www.wikidata.org/entity/Q12857502
,Q15727302,New York Stock Exchange,ARCO,food industry,http://www.wikidata.org/entity/Q15727302
,Q4966553,Nasdaq,ZVO,educational technology,http://www.wikidata.org/entity/Q4966553
,Q4966553,New York Stock Exchange,BPI,educational technology,http://www.wikidata.org/entity/Q4966553
,Q62621,New York Stock Exchange,CAJ,electronics,http://www.wikidata.org/entity/Q62621
,Q4811929,Nasdaq,ASUR,software as a service,http://www.wikidata.org/entity/Q4811929
,Q4816513,New York Stock Exchange,AT,electricity supply company,http://www.wikidata.org/entity/Q4816513
,Q25796,New York Stock Exchange,GAS,natural gas,http://www.wikidata.org/entity/Q25796
,Q38076,New York Stock Exchange,MCD,food service,http://www.wikidata.org/entity/Q38076
,Q52825,New York Stock Exchange,ABB,electrical engineering,http://www.wikidata.org/entity/Q52825
,Q8965165,New York Stock Exchange,BSMX,financial services,http://www.wikidata.org/entity/Q8965165
,Q15109896,Nasdaq,ISBC,financial services,http://www.wikidata.org/entity/Q15109896
,Q16250432,Nasdaq,LION,financial services,http://www.wikidata.org/entity/Q16250432
,Q58024,Nasdaq,EBAY,retail,http://www.wikidata.org/entity/Q58024
,Q63335,New York Stock Exchange,FL,retail,http://www.wikidata.org/entity/Q63335
,Q4744566,Nasdaq,ANAT,insurance industry,http://www.wikidata.org/entity/Q4744566
,Q4976010,New York Stock Exchange,BRO,general insurance,http://www.wikidata.org/entity/Q4976010
,Q4928282,Nasdaq,BLMN,horeca,http://www.wikidata.org/entity/Q4928282
,Q4967421,New York Stock Exchange,BFAM,child care,http://www.wikidata.org/entity/Q4967421
,Q4863194,New York Stock Exchange,CUDA,computer security,http://www.wikidata.org/entity/Q4863194
,Q4835506,Nasdaq,BEAV,aerospace industry,http://www.wikidata.org/entity/Q4835506
,Q4861529,New York Stock Exchange,B,aerospace industry,http://www.wikidata.org/entity/Q4861529
,Q54173,New York Stock Exchange,GE,mechanical engineering,http://www.wikidata.org/entity/Q54173
,Q15401349,New York Stock Exchange,zen,software industry,http://www.wikidata.org/entity/Q15401349
,Q10921659,Nasdaq,HCM,biomedicine,http://www.wikidata.org/entity/Q10921659
,Q16245358,Nasdaq,BRY,petroleum industry,http://www.wikidata.org/entity/Q16245358
,Q12521253,New York Stock Exchange,HHH,real estate development,http://www.wikidata.org/entity/Q12521253
,Q13636126,New York Stock Exchange,HGV,timeshare,http://www.wikidata.org/entity/Q13636126
,Q15913890,Nasdaq,IQ,video on demand,http://www.wikidata.org/entity/Q15913890
,Q48755,New York Stock Exchange,RPM,paint,http://www.wikidata.org/entity/Q48755
,Q16078481,New York Stock Exchange,,video game industry,http://www.wikidata.org/entity/Q16078481
,Q4844439,New York Stock Exchange,BXP,real estate industry,http://www.wikidata.org/entity/Q4844439
,Q4974584,New York Stock Exchange,,property management,http://www.wikidata.org/entity/Q4974584
,Q4980954,Nasdaq,,hospitality industry,http://www.wikidata.org/entity/Q4980954
,Q4778915,New York Stock Exchange,NET,information and communications technology,http://www.wikidata.org/entity/Q4778915
,Q4805956,New York Stock Exchange,SUNB,equipment rental,http://www.wikidata.org/entity/Q4805956
,Q4816569,Nasdaq,ATNI,telecommunications,http://www.wikidata.org/entity/Q4816569
,Q4828605,Nasdaq,AVNW,telecommunications,http://www.wikidata.org/entity/Q4828605
,Q4828988,New York Stock Exchange,AVA,energy industry,http://www.wikidata.org/entity/Q4828988
,Q4938392,Nasdaq,WIFI,telecommunications,http://www.wikidata.org/entity/Q4938392
,Q11991273,New York Stock Exchange,NMAX,news media,http://www.wikidata.org/entity/Q11991273
,Q15831130,New York Stock Exchange,BLOX,computer network,http://www.wikidata.org/entity/Q15831130
,Q16157155,New York Stock Exchange,ATEN,computer network,http://www.wikidata.org/entity/Q16157155
,Q4743275,New York Stock Exchange,ACC,student housing,http://www.wikidata.org/entity/Q4743275
,Q4744658,Nasdaq,LPNT,health care industry,http://www.wikidata.org/entity/Q4744658
,Q4928875,Nasdaq,,bus manufacturing,http://www.wikidata.org/entity/Q4928875
,Q15109854,Nasdaq,,hospitality industry,http://www.wikidata.org/entity/Q15109854
,Q15211487,Nasdaq,CALD,enterprise software,http://www.wikidata.org/entity/Q15211487
,Q15926208,Nasdaq,HTHT,hospitality industry,http://www.wikidata.org/entity/Q15926208
,Q26049,New York Stock Exchange,AET,insurance,http://www.wikidata.org/entity/Q26049
,Q35339,New York Stock Exchange,TKO,professional wrestling,http://www.wikidata.org/entity/Q35339
,Q4751571,New York Stock Exchange,PLAN,business software industry,http://www.wikidata.org/entity/Q4751571
,Q30256843,Nasdaq,BLUE,biotechnology,http://www.wikidata.org/entity/Q30256843
,Q30282590,Nasdaq,PGEN,biotechnology,http://www.wikidata.org/entity/Q30282590
,Q30283331,Nasdaq,,biotechnology,http://www.wikidata.org/entity/Q30283331
,Q30292482,Nasdaq,VXRT,biotechnology,http://www.wikidata.org/entity/Q30292482
,Q43303430,Nasdaq,TWST,biotechnology,http://www.wikidata.org/entity/Q43303430
,Q48976818,Nasdaq,NEO,biotechnology,http://www.wikidata.org/entity/Q48976818
,Q15109906,Nasdaq,MZOR,health technology,http://www.wikidata.org/entity/Q15109906
,Q16002190,Nasdaq,ATSG,aerospace industry,http://www.wikidata.org/entity/Q16002190
,Q11074156,New York Stock Exchange,OKE,public utility,http://www.wikidata.org/entity/Q11074156
,Q15109862,Nasdaq,BREW,brewing industry,http://www.wikidata.org/entity/Q15109862
,Q15272375,Nasdaq,SALE,coupon,http://www.wikidata.org/entity/Q15272375
,Q20165,Nasdaq,NSANY,automotive industry,http://www.wikidata.org/entity/Q20165
,Q26678,Nasdaq,BMWYY,automotive industry,http://www.wikidata.org/entity/Q26678
,Q27530,New York Stock Exchange,,automotive industry,http://www.wikidata.org/entity/Q27530
,Q29739,New York Stock Exchange,NAV,automotive industry,http://www.wikidata.org/entity/Q29739
,Q44294,New York Stock Exchange,F,automotive industry,http://www.wikidata.org/entity/Q44294
,Q48872,New York Stock Exchange,ETN,industrial manufacturing,http://www.wikidata.org/entity/Q48872
,Q53268,New York Stock Exchange,TM,automotive industry,http://www.wikidata.org/entity/Q53268
,Q55931,Nasdaq,HYMTF,automotive industry,http://www.wikidata.org/entity/Q55931
,Q48742870,New York Stock Exchange,NTR,agriculture,http://www.wikidata.org/entity/Q48742870
,Q10605824,Nasdaq,OTLY,beverage industry,http://www.wikidata.org/entity/Q10605824
,Q13403399,Nasdaq,KNBWY,beverage industry,http://www.wikidata.org/entity/Q13403399
,Q15109910,Nasdaq,FIZZ,beverage industry,http://www.wikidata.org/entity/Q15109910
,Q14903417,New York Stock Exchange,DEG,food retail sector,http://www.wikidata.org/entity/Q14903417
,Q15917582,Nasdaq,QDEL,health care industry,http://www.wikidata.org/entity/Q15917582
,Q11306218,New York Stock Exchange,SCI,funeral services industry,http://www.wikidata.org/entity/Q11306218
,Q13218598,New York Stock Exchange,RBS,financial sector,http://www.wikidata.org/entity/Q13218598
,Q15915960,Nasdaq,XNET,Internet industry,http://www.wikidata.org/entity/Q15915960
,Q45600,Nasdaq,BITS,type foundry,http://www.wikidata.org/entity/Q45600
,Q48822,New York Stock Exchange,VAL,chemical industry,http://www.wikidata.org/entity/Q48822
,Q48881,New York Stock Exchange,SHW,chemical industry,http://www.wikidata.org/entity/Q48881
,Q30298277,New York Stock Exchange,MIR,electronics,http://www.wikidata.org/entity/Q30298277
,Q30632958,New York Stock Exchange,EXAR,electronics,http://www.wikidata.org/entity/Q30632958
,Q136656600,Nasdaq,TONE,financial services,http://www.wikidata.org/entity/Q136656600
,Q138932758,Nasdaq,,financial services,http://www.wikidata.org/entity/Q138932758
,Q25775,New York Stock Exchange,AMG,financial services,http://www.wikidata.org/entity/Q25775
,Q38928,New York Stock Exchange,PNC,economics of banking,http://www.wikidata.org/entity/Q38928
,Q15109913,Nasdaq,NLST,computer hardware industry,http://www.wikidata.org/entity/Q15109913
,Q105580834,New York Stock Exchange,ADX,investment,http://www.wikidata.org/entity/Q105580834
,Q96480089,Nasdaq,ENLV,biotechnology,http://www.wikidata.org/entity/Q96480089
,Q96482392,New York Stock Exchange,LCTX,biotechnology,http://www.wikidata.org/entity/Q96482392
,Q104188375,Nasdaq,LEGN,biotechnology,http://www.wikidata.org/entity/Q104188375
,Q107457363,Nasdaq,BEAM,biotechnology,http://www.wikidata.org/entity/Q107457363
,Q13529408,New York Stock Exchange,BIP,Infrastructure asset management,http://www.wikidata.org/entity/Q13529408
,Q16247698,Nasdaq,CIDM,outline of entertainment,http://www.wikidata.org/entity/Q16247698
,Q16248637,Nasdaq,DDOG,IT performance management,http://www.wikidata.org/entity/Q16248637
,Q21077,Nasdaq,WMG,music industry,http://www.wikidata.org/entity/Q21077
,Q48976878,New York Stock Exchange,BHLB,bank,http://www.wikidata.org/entity/Q48976878
,Q96482473,Nasdaq,,technology,http://www.wikidata.org/entity/Q96482473
,Q96574614,Nasdaq,SFET,technology,http://www.wikidata.org/entity/Q96574614
,Q96574719,Nasdaq,PWFL,technology,http://www.wikidata.org/entity/Q96574719
,Q39045496,Nasdaq,BFI,restaurant,http://www.wikidata.org/entity/Q39045496
,Q137259905,Nasdaq,CMGE,video game industry,http://www.wikidata.org/entity/Q137259905
,Q41187,New York Stock Exchange,SONY,video game industry,http://www.wikidata.org/entity/Q41187
,Q45700,New York Stock Exchange,KNM,video game industry,http://www.wikidata.org/entity/Q45700
,Q30100944,Nasdaq,NAME,domain name,http://www.wikidata.org/entity/Q30100944
,Q138548226,New York Stock Exchange,FIG,software industry,http://www.wikidata.org/entity/Q138548226
,Q30873,New York Stock Exchange,DELL,software industry,http://www.wikidata.org/entity/Q30873
,Q37156,New York Stock Exchange,IBM,software industry,http://www.wikidata.org/entity/Q37156
,Q107074885,Nasdaq,WBD,mass media,http://www.wikidata.org/entity/Q107074885
,Q106768814,Nasdaq,APPH,agriculture,http://www.wikidata.org/entity/Q106768814
,Q48818116,New York Stock Exchange,SEMR,marketing,http://www.wikidata.org/entity/Q48818116
,Q37019245,New York Stock Exchange,LMND,insurance,http://www.wikidata.org/entity/Q37019245
,Q39052929,Nasdaq,BHF,insurance,http://www.wikidata.org/entity/Q39052929
,Q30645592,New York Stock Exchange,YUMC,fast food,http://www.wikidata.org/entity/Q30645592
,Q26989,Nasdaq,INFY,IT service management,http://www.wikidata.org/entity/Q26989
,Q26989,New York Stock Exchange,INFY,IT service management,http://www.wikidata.org/entity/Q26989
,Q30591074,New York Stock Exchange,BOXD,retail,http://www.wikidata.org/entity/Q30591074
,Q106631196,New York Stock Exchange,KVYO,information technology,http://www.wikidata.org/entity/Q106631196
,Q27893,New York Stock Exchange,MT,mining industry,http://www.wikidata.org/entity/Q27893
,Q38676,New York Stock Exchange,AEM,mining industry,http://www.wikidata.org/entity/Q38676
,Q91360366,Nasdaq,FRGI,restaurant,http://www.wikidata.org/entity/Q91360366
,Q35476,New York Stock Exchange,T,telecommunications,http://www.wikidata.org/entity/Q35476
,Q106238038,New York Stock Exchange,WAL,bank,http://www.wikidata.org/entity/Q106238038
,Q27065,Nasdaq,GOGO,aerospace industry,http://www.wikidata.org/entity/Q27065
,Q59507,Nasdaq,ASTC,aerospace industry,http://www.wikidata.org/entity/Q59507
,Q29921278,New York Stock Exchange,NIO,automotive industry,http://www.wikidata.org/entity/Q29921278
,Q48800016,New York Stock Exchange,DM,industrial manufacturing,http://www.wikidata.org/entity/Q48800016
,Q29469208,New York Stock Exchange,SSD,construction,http://www.wikidata.org/entity/Q29469208
,Q38589917,New York Stock Exchange,DWDP,chemical industry,http://www.wikidata.org/entity/Q38589917
,Q96482427,Nasdaq,,health care,http://www.wikidata.org/entity/Q96482427
,Q63327,Nasdaq,ABNB,tourism industry,http://www.wikidata.org/entity/Q63327
,Q85811579,Nasdaq,UIHC,insurance,http://www.wikidata.org/entity/Q85811579
,Q52618,Nasdaq,ERIC,information and communications technology,http://www.wikidata.org/entity/Q52618
,Q30291091,New York Stock Exchange,LHX,weapons industry,http://www.wikidata.org/entity/Q30291091
,Q43452224,New York Stock Exchange,RYB,educational system,http://www.wikidata.org/entity/Q43452224
,Q100321332,New York Stock Exchange,UNC,mining,http://www.wikidata.org/entity/Q100321332
,Q29207993,Nasdaq,,e-commerce,http://www.wikidata.org/entity/Q29207993
,Q136676211,Nasdaq,MTSR,biotechnology industry,http://www.wikidata.org/entity/Q136676211
,Q37158,Nasdaq,SBUX,coffee industry,http://www.wikidata.org/entity/Q37158
,Q30256699,Nasdaq,BNTX,pharmaceutical industry,http://www.wikidata.org/entity/Q30256699
,Q30268897,Nasdaq,CDTX,pharmaceutical industry,http://www.wikidata.org/entity/Q30268897
,Q30269284,Nasdaq,RYTM,pharmaceutical industry,http://www.wikidata.org/entity/Q30269284
,Q30280160,New York Stock Exchange,ELAN,pharmaceutical industry,http://www.wikidata.org/entity/Q30280160
,Q30283508,Nasdaq,CADL,pharmaceutical industry,http://www.wikidata.org/entity/Q30283508
,Q30287734,Nasdaq,CRBP,pharmaceutical industry,http://www.wikidata.org/entity/Q30287734
,Q30289308,Nasdaq,VSTM,pharmaceutical industry,http://www.wikidata.org/entity/Q30289308
,Q39052499,Nasdaq,TNXP,pharmaceutical industry,http://www.wikidata.org/entity/Q39052499
,Q3077586,Nasdaq,BILI,Internet,http://www.wikidata.org/entity/Q3077586
,Q2895117,Nasdaq,AUDC,telecommunications,http://www.wikidata.org/entity/Q2895117
,Q3063918,New York Stock Exchange,,telecommunications,http://www.wikidata.org/entity/Q3063918
,Q86681792,Nasdaq,RIDE,automotive industry,http://www.wikidata.org/entity/Q86681792
,Q92639564,New York Stock Exchange,ARNC,industrial manufacturing,http://www.wikidata.org/entity/Q92639564
,Q96418958,New York Stock Exchange,MLR,automotive industry,http://www.wikidata.org/entity/Q96418958
,Q96574751,Nasdaq,FRSX,automotive industry,http://www.wikidata.org/entity/Q96574751
,Q96575974,Nasdaq,XONE,industrial manufacturing,http://www.wikidata.org/entity/Q96575974
,Q97439162,New York Stock Exchange,STLA,automotive industry,http://www.wikidata.org/entity/Q97439162
,Q98139925,Nasdaq,LI,automotive industry,http://www.wikidata.org/entity/Q98139925
,Q99482082,Nasdaq,GOEV,automotive industry,http://www.wikidata.org/entity/Q99482082
,Q106240666,Nasdaq,LAZR,automotive industry,http://www.wikidata.org/entity/Q106240666
,Q30693638,New York Stock Exchange,MPW,real estate investment trust,http://www.wikidata.org/entity/Q30693638
,Q48739877,New York Stock Exchange,ARE,real estate investment trust,http://www.wikidata.org/entity/Q48739877
,Q30588251,Nasdaq,PPBI,financial services,http://www.wikidata.org/entity/Q30588251
,Q30324333,New York Stock Exchange,FTI,petroleum industry,http://www.wikidata.org/entity/Q30324333
,Q39046155,New York Stock Exchange,AR,petroleum industry,http://www.wikidata.org/entity/Q39046155
,Q39055285,New York Stock Exchange,TALO,petroleum industry,http://www.wikidata.org/entity/Q39055285
,Q47080830,New York Stock Exchange,QEP,petroleum industry,http://www.wikidata.org/entity/Q47080830
,Q47394052,New York Stock Exchange,CRC,petroleum industry,http://www.wikidata.org/entity/Q47394052
,Q3208192,New York Stock Exchange,SCL,chemistry,http://www.wikidata.org/entity/Q3208192
,Q3029296,Nasdaq,FFIV,technology,http://www.wikidata.org/entity/Q3029296
,Q48802335,New York Stock Exchange,TYL,software industry,http://www.wikidata.org/entity/Q48802335
,Q2904022,New York Stock Exchange,BIO,biotechnology,http://www.wikidata.org/entity/Q2904022
,Q3093459,Nasdaq,GWPH,biotechnology,http://www.wikidata.org/entity/Q3093459
,Q96392042,New York Stock Exchange,MKFG,3D printing,http://www.wikidata.org/entity/Q96392042
,Q105751519,Nasdaq,TDUP,online shopping,http://www.wikidata.org/entity/Q105751519
,Q96095585,New York Stock Exchange,PINS,social media,http://www.wikidata.org/entity/Q96095585
,Q94777120,Nasdaq,PRTS,automotive aftermarket,http://www.wikidata.org/entity/Q94777120
,Q106221884,Nasdaq,ZLAB,pharmaceutical industry,http://www.wikidata.org/entity/Q106221884
,Q106238343,Nasdaq,BBIO,pharmaceutical industry,http://www.wikidata.org/entity/Q106238343
,Q106522144,Nasdaq,VBIV,pharmaceutical industry,http://www.wikidata.org/entity/Q106522144
,Q106615428,Nasdaq,MNMD,pharmaceutical industry,http://www.wikidata.org/entity/Q106615428
,Q106698278,Nasdaq,OCGN,pharmaceutical industry,http://www.wikidata.org/entity/Q106698278
,Q106760435,Nasdaq,JNCE,pharmaceutical industry,http://www.wikidata.org/entity/Q106760435
,Q107364296,Nasdaq,ORTX,pharmaceutical industry,http://www.wikidata.org/entity/Q107364296
,Q107400411,Nasdaq,RCKT,pharmaceutical industry,http://www.wikidata.org/entity/Q107400411
,Q30321616,Nasdaq,AABA,investment management,http://www.wikidata.org/entity/Q30321616
,Q30325409,New York Stock Exchange,JHG,investment management,http://www.wikidata.org/entity/Q30325409
,Q30640316,Nasdaq,GDRX,health care industry,http://www.wikidata.org/entity/Q30640316
,Q39052983,Nasdaq,,fintech,http://www.wikidata.org/entity/Q39052983
,Q96482167,New York Stock Exchange,PHGE,pharmaceutical industry,http://www.wikidata.org/entity/Q96482167
,Q98713358,Nasdaq,ARCT,pharmaceutical industry,http://www.wikidata.org/entity/Q98713358
,Q99744172,Nasdaq,TCDA,pharmaceutical industry,http://www.wikidata.org/entity/Q99744172
,Q101983981,Nasdaq,VTRS,pharmaceutical industry,http://www.wikidata.org/entity/Q101983981
,Q104480383,Nasdaq,EGRX,pharmaceutical industry,http://www.wikidata.org/entity/Q104480383
,Q104481262,Nasdaq,ALPN,pharmaceutical industry,http://www.wikidata.org/entity/Q104481262
,Q89368734,New York Stock Exchange,RTX,weapons industry,http://www.wikidata.org/entity/Q89368734
,Q101429880,New York Stock Exchange,AGRO,agribusiness,http://www.wikidata.org/entity/Q101429880
,Q2985356,New York Stock Exchange,NDTV,mass media,http://www.wikidata.org/entity/Q2985356
,Q30297735,Nasdaq,AAOI,semiconductor industry,http://www.wikidata.org/entity/Q30297735
,Q39055049,Nasdaq,NAVN,Corporate travel management,http://www.wikidata.org/entity/Q39055049
,Q48791239,New York Stock Exchange,MAXR,space industry,http://www.wikidata.org/entity/Q48791239
,Q3157622,New York Stock Exchange,J,engineering,http://www.wikidata.org/entity/Q3157622
,Q29526078,New York Stock Exchange,BE,electronics industry,http://www.wikidata.org/entity/Q29526078
,Q34045622,New York Stock Exchange,FSLY,computer security,http://www.wikidata.org/entity/Q34045622
,Q5021439,New York Stock Exchange,CALX,telecommunications,http://www.wikidata.org/entity/Q5021439
,Q33129672,Nasdaq,LOPE,education industry,http://www.wikidata.org/entity/Q33129672
,Q47120756,Nasdaq,YNDX,information technology industry,http://www.wikidata.org/entity/Q47120756
,Q47462183,New York Stock Exchange,IONQ,quantum computing industry,http://www.wikidata.org/entity/Q47462183
,Q48971221,New York Stock Exchange,DLPH,Computer Programming Services,http://www.wikidata.org/entity/Q48971221
,Q3211367,New York Stock Exchange,FDP,agriculture,http://www.wikidata.org/entity/Q3211367
,Q32162422,Nasdaq,YY,Internet industry,http://www.wikidata.org/entity/Q32162422
,Q47500199,New York Stock Exchange,ACB,cannabis industry,http://www.wikidata.org/entity/Q47500199
,Q48814381,New York Stock Exchange,APHA,cannabis industry,http://www.wikidata.org/entity/Q48814381
,Q4982028,Nasdaq,BSQR,technology,http://www.wikidata.org/entity/Q4982028
,Q93520415,New York Stock Exchange,SE,e-commerce,http://www.wikidata.org/entity/Q93520415
,Q30265338,Nasdaq,BNGO,biotechnology industry,http://www.wikidata.org/entity/Q30265338
,Q30269384,Nasdaq,VKTX,biotechnology industry,http://www.wikidata.org/entity/Q30269384
,Q30283420,Nasdaq,ADPT,biotechnology industry,http://www.wikidata.org/entity/Q30283420
,Q96482218,Nasdaq,WILC,food industry,http://www.wikidata.org/entity/Q96482218
,Q96575195,Nasdaq,MEAT,food industry,http://www.wikidata.org/entity/Q96575195
,Q2912154,Nasdaq,PAY,electronics,http://www.wikidata.org/entity/Q2912154
,Q2912154,New York Stock Exchange,PAY,electronics,http://www.wikidata.org/entity/Q2912154
,Q3072937,Nasdaq,FHB,bank,http://www.wikidata.org/entity/Q3072937
,Q4983090,New York Stock Exchange,BPL,petroleum,http://www.wikidata.org/entity/Q4983090
,Q96482054,Nasdaq,XTLB,biopharmaceutical,http://www.wikidata.org/entity/Q96482054
,Q96482278,Nasdaq,KTOV,biopharmaceutical,http://www.wikidata.org/entity/Q96482278
,Q96482303,New York Stock Exchange,CANF,biopharmaceutical,http://www.wikidata.org/entity/Q96482303
,Q5035425,Nasdaq,PACW,bank,http://www.wikidata.org/entity/Q5035425
,Q5035425,New York Stock Exchange,,bank,http://www.wikidata.org/entity/Q5035425
,Q2905359,Nasdaq,BDE,climbing,http://www.wikidata.org/entity/Q2905359
,Q96397546,Nasdaq,OPEN,real estate development,http://www.wikidata.org/entity/Q96397546
,Q101606525,Nasdaq,AUR,autonomous car,http://www.wikidata.org/entity/Q101606525
,Q5047528,Nasdaq,CARV,finance,http://www.wikidata.org/entity/Q5047528
,Q5013072,New York Stock Exchange,CNA,insurance,http://www.wikidata.org/entity/Q5013072
,Q85884912,New York Stock Exchange,OCFT,financial services,http://www.wikidata.org/entity/Q85884912
,Q96186528,Nasdaq,XP,financial services,http://www.wikidata.org/entity/Q96186528
,Q96378897,Nasdaq,FUTU,conglomerate,http://www.wikidata.org/entity/Q96378897
,Q96482451,New York Stock Exchange,,financial services,http://www.wikidata.org/entity/Q96482451
,Q96575127,Nasdaq,PFLT,financial services,http://www.wikidata.org/entity/Q96575127
,Q3297582,New York Stock Exchange,MEE,coal,http://www.wikidata.org/entity/Q3297582
,Q96481629,New York Stock Exchange,ELLO,environmental technology,http://www.wikidata.org/entity/Q96481629
,Q3067064,New York Stock Exchange,SQM,mining,http://www.wikidata.org/entity/Q3067064
,Q4983306,New York Stock Exchange,BKE,retail,http://www.wikidata.org/entity/Q4983306
,Q4999220,New York Stock Exchange,BURL,retail,http://www.wikidata.org/entity/Q4999220
,Q5028383,New York Stock Exchange,CWH,retail,http://www.wikidata.org/entity/Q5028383
,Q5048636,New York Stock Exchange,FCFS,retail,http://www.wikidata.org/entity/Q5048636
,Q98525405,New York Stock Exchange,VIST,petroleum industry,http://www.wikidata.org/entity/Q98525405
,Q104664954,New York Stock Exchange,DK,petroleum industry,http://www.wikidata.org/entity/Q104664954
,Q2940968,Nasdaq,CASY,retail,http://www.wikidata.org/entity/Q2940968
,Q3301958,Nasdaq,OSTK,retail,http://www.wikidata.org/entity/Q3301958
,Q3305660,New York Stock Exchange,MW,retail,http://www.wikidata.org/entity/Q3305660
,Q3216588,Nasdaq,LAMR,advertising,http://www.wikidata.org/entity/Q3216588
,Q5048400,Nasdaq,CWST,waste management,http://www.wikidata.org/entity/Q5048400
,Q5017084,Nasdaq,PRSS,e-commerce,http://www.wikidata.org/entity/Q5017084
,Q5024089,Nasdaq,CLMT,industrial manufacturing,http://www.wikidata.org/entity/Q5024089
,Q5041354,New York Stock Exchange,CSL,industrial manufacturing,http://www.wikidata.org/entity/Q5041354
,Q96145483,Nasdaq,PLTK,video game industry,http://www.wikidata.org/entity/Q96145483
,Q85770729,Nasdaq,JAMF,software industry,http://www.wikidata.org/entity/Q85770729
,Q104081972,Nasdaq,AI,software industry,http://www.wikidata.org/entity/Q104081972
,Q105602379,Nasdaq,FIVN,software industry,http://www.wikidata.org/entity/Q105602379
,Q106435940,Nasdaq,XGN,life sciences,http://www.wikidata.org/entity/Q106435940
,Q2982090,Nasdaq,SKUL,headphone,http://www.wikidata.org/entity/Q2982090
,Q5025239,New York Stock Exchange,,pharmaceutical industry,http://www.wikidata.org/entity/Q5025239
,Q2902305,New York Stock Exchange,BCO,logistics,http://www.wikidata.org/entity/Q2902305
,Q3191419,Nasdaq,KITD,IPTV,http://www.wikidata.org/entity/Q3191419
,Q104845916,New York Stock Exchange,CWT,water supply,http://www.wikidata.org/entity/Q104845916
,Q5009135,New York Stock Exchange,CBL,real estate investment trust,http://www.wikidata.org/entity/Q5009135
,Q5011381,Nasdaq,CHSCP,food industry,http://www.wikidata.org/entity/Q5011381
,Q5025803,New York Stock Exchange,CPT,real estate investment trust,http://www.wikidata.org/entity/Q5025803
,Q5001347,Nasdaq,BUSE,financial services,http://www.wikidata.org/entity/Q5001347
,Q5035870,Nasdaq,CFFN,financial services,http://www.wikidata.org/entity/Q5035870
,Q5038528,Nasdaq,CFNL,financial services,http://www.wikidata.org/entity/Q5038528
,Q2901365,Nasdaq,MBLY,automotive industry,http://www.wikidata.org/entity/Q2901365
,Q2901365,New York Stock Exchange,MBLY,automotive industry,http://www.wikidata.org/entity/Q2901365
,Q3146975,New York Stock Exchange,XYL,industrial manufacturing,http://www.wikidata.org/entity/Q3146975
,Q96791280,Nasdaq,ACCD,health technology,http://www.wikidata.org/entity/Q96791280
,Q96791280,New York Stock Exchange,ACCD,health technology,http://www.wikidata.org/entity/Q96791280
,Q106239511,Nasdaq,NFE,energy industry,http://www.wikidata.org/entity/Q106239511
,Q104868523,Nasdaq,NIU,transport industry,http://www.wikidata.org/entity/Q104868523
,Q107526370,Nasdaq,KII,special-purpose acquisition company,http://www.wikidata.org/entity/Q107526370
,Q4993917,New York Stock Exchange,VAR,health technology,http://www.wikidata.org/entity/Q4993917
,Q5038833,New York Stock Exchange,,health technology,http://www.wikidata.org/entity/Q5038833
,Q5012733,New York Stock Exchange,CNL,electric power industry,http://www.wikidata.org/entity/Q5012733
,Q5045738,New York Stock Exchange,CRS,iron and steel industry,http://www.wikidata.org/entity/Q5045738
,Q97359908,New York Stock Exchange,PRSP,computer security,http://www.wikidata.org/entity/Q97359908
,Q104844406,New York Stock Exchange,S,computer security,http://www.wikidata.org/entity/Q104844406
,Q5035481,Nasdaq,CBF,bank holding company,http://www.wikidata.org/entity/Q5035481
,Q5035662,New York Stock Exchange,SNDA,Senior living,http://www.wikidata.org/entity/Q5035662
,Q85786082,Nasdaq,MNTS,aerospace industry,http://www.wikidata.org/entity/Q85786082
,Q98608948,Nasdaq,FROG,development and operations,http://www.wikidata.org/entity/Q98608948
,Q103793759,Nasdaq,CDLX,loyalty marketing,http://www.wikidata.org/entity/Q103793759
,Q106432676,New York Stock Exchange,RDW,aerospace industry,http://www.wikidata.org/entity/Q106432676
,Q106301677,Nasdaq,WSC,construction,http://www.wikidata.org/entity/Q106301677
,Q2990586,New York Stock Exchange,RXT,cloud computing,http://www.wikidata.org/entity/Q2990586
,Q3259819,Nasdaq,VDTH,subscription television,http://www.wikidata.org/entity/Q3259819
,Q95205133,New York Stock Exchange,HTZ,tourism industry,http://www.wikidata.org/entity/Q95205133
,Q2998228,New York Stock Exchange,CZZ,manufacture of sugar,http://www.wikidata.org/entity/Q2998228
,Q3277465,Nasdaq,SIRI,radio broadcasting,http://www.wikidata.org/entity/Q3277465
,Q85800542,Nasdaq,SEZL,fintech,http://www.wikidata.org/entity/Q85800542
,Q96379626,Nasdaq,GOCO,health care industry,http://www.wikidata.org/entity/Q96379626
,Q106219885,Nasdaq,KSPI,fintech,http://www.wikidata.org/entity/Q106219885
,Q2882087,New York Stock Exchange,BSBR,economics of banking,http://www.wikidata.org/entity/Q2882087
,Q2882085,New York Stock Exchange,BCH,economics of banking,http://www.wikidata.org/entity/Q2882085
,Q3272257,New York Stock Exchange,MTB,economics of banking,http://www.wikidata.org/entity/Q3272257
,Q96575161,Nasdaq,ABILF,technology industry,http://www.wikidata.org/entity/Q96575161
,Q3121014,New York Stock Exchange,GHC,conglomerate,http://www.wikidata.org/entity/Q3121014
,Q96574679,Nasdaq,CMCT,real property,http://www.wikidata.org/entity/Q96574679
,Q99744291,Nasdaq,MGTA,biotechnology industry,http://www.wikidata.org/entity/Q99744291
,Q104480207,Nasdaq,CRSP,biotechnology industry,http://www.wikidata.org/entity/Q104480207
,Q104875961,Nasdaq,GRAL,biotechnology industry,http://www.wikidata.org/entity/Q104875961
,Q106411749,Nasdaq,ENSC,biotechnology industry,http://www.wikidata.org/entity/Q106411749
,Q107518637,Nasdaq,NKTX,biotechnology industry,http://www.wikidata.org/entity/Q107518637
,Q2916497,New York Stock Exchange,PRGO,pharmaceutical industry,http://www.wikidata.org/entity/Q2916497
,Q3331496,Nasdaq,MYGN,pharmaceutical industry,http://www.wikidata.org/entity/Q3331496
,Q2876788,New York Stock Exchange,BFR,financial services,http://www.wikidata.org/entity/Q2876788
,Q3046549,Nasdaq,EWBC,financial services,http://www.wikidata.org/entity/Q3046549
,Q3118234,Nasdaq,GGAL,financial services,http://www.wikidata.org/entity/Q3118234
,Q3197996,New York Stock Exchange,KCG,financial services,http://www.wikidata.org/entity/Q3197996
,Q1532489,New York Stock Exchange,,biotechnology,http://www.wikidata.org/entity/Q1532489
,Q96407440,New York Stock Exchange,TAL,Elementary and Secondary Schools,http://www.wikidata.org/entity/Q96407440
,Q106024170,New York Stock Exchange,UWMC,financial sector,http://www.wikidata.org/entity/Q106024170
,Q106615565,Nasdaq,ELYS,Other Gambling Industries,http://www.wikidata.org/entity/Q106615565
,Q2874395,Nasdaq,CAR,car rental company,http://www.wikidata.org/entity/Q2874395
,Q1536457,Nasdaq,RJET,transport,http://www.wikidata.org/entity/Q1536457
,Q2918112,Nasdaq,ISRL,petroleum industry,http://www.wikidata.org/entity/Q2918112
,Q2931412,New York Stock Exchange,CGG,petroleum industry,http://www.wikidata.org/entity/Q2931412
,Q2962826,Nasdaq,EXE,petroleum industry,http://www.wikidata.org/entity/Q2962826
,Q2962826,New York Stock Exchange,CHK,petroleum industry,http://www.wikidata.org/entity/Q2962826
,Q3370152,Nasdaq,PTEN,petroleum industry,http://www.wikidata.org/entity/Q3370152
,Q1586955,New York Stock Exchange,HSC,engineering,http://www.wikidata.org/entity/Q1586955
,Q2895160,Nasdaq,CYRN,software industry,http://www.wikidata.org/entity/Q2895160
,Q2899735,Nasdaq,QADA,software industry,http://www.wikidata.org/entity/Q2899735
,Q1516562,Nasdaq,,mass media,http://www.wikidata.org/entity/Q1516562
,Q1519267,New York Stock Exchange,OMC,mass media,http://www.wikidata.org/entity/Q1519267
,Q3259566,New York Stock Exchange,,tobacco industry,http://www.wikidata.org/entity/Q3259566
,Q2905535,Nasdaq,,educational technology,http://www.wikidata.org/entity/Q2905535
,Q2866017,Nasdaq,,computer network,http://www.wikidata.org/entity/Q2866017
,Q3295867,New York Stock Exchange,KO,fast-moving consumer goods,http://www.wikidata.org/entity/Q3295867
,Q1666600,New York Stock Exchange,IGT,gambling,http://www.wikidata.org/entity/Q1666600
,Q3129010,New York Stock Exchange,HNT,managed care,http://www.wikidata.org/entity/Q3129010
,Q2913953,Nasdaq,BWAY,health technology,http://www.wikidata.org/entity/Q2913953
,Q3099664,New York Stock Exchange,,hospitality industry,http://www.wikidata.org/entity/Q3099664
,Q3156887,Nasdaq,JDSU,telecommunications device,http://www.wikidata.org/entity/Q3156887
,Q3053992,New York Stock Exchange,EOC,public utility,http://www.wikidata.org/entity/Q3053992
,Q3344199,New York Stock Exchange,ES,public utility,http://www.wikidata.org/entity/Q3344199
,Q1531473,New York Stock Exchange,,electronics,http://www.wikidata.org/entity/Q1531473
,Q1545076,Nasdaq,MCHP,electronics,http://www.wikidata.org/entity/Q1545076
,Q1585599,New York Stock Exchange,,electronics,http://www.wikidata.org/entity/Q1585599
,Q1672602,Nasdaq,KOSS,electronics,http://www.wikidata.org/entity/Q1672602
,Q1591976,Nasdaq,HAYN,metal,http://www.wikidata.org/entity/Q1591976
,Q2961234,Nasdaq,CHTR,telecommunications,http://www.wikidata.org/entity/Q2961234
,Q2974454,Nasdaq,FYBR,telecommunications,http://www.wikidata.org/entity/Q2974454
,Q2907743,Nasdaq,RDWR,computer security,http://www.wikidata.org/entity/Q2907743
,Q2916067,Nasdaq,ALDN,computer security,http://www.wikidata.org/entity/Q2916067
,Q3259355,Nasdaq,LORL,aerospace industry,http://www.wikidata.org/entity/Q3259355
,Q1544413,Nasdaq,NATI,information technology,http://www.wikidata.org/entity/Q1544413
,Q2892812,New York Stock Exchange,,beverage industry,http://www.wikidata.org/entity/Q2892812
,Q2981188,New York Stock Exchange,,beverage industry,http://www.wikidata.org/entity/Q2981188
,Q2995071,New York Stock Exchange,CSTM,aluminium industry,http://www.wikidata.org/entity/Q2995071
,Q3031783,Nasdaq,ODWA,beverage industry,http://www.wikidata.org/entity/Q3031783
,Q3052066,New York Stock Exchange,ANDINA,beverage industry,http://www.wikidata.org/entity/Q3052066
,Q3116111,Nasdaq,GMCR,beverage industry,http://www.wikidata.org/entity/Q3116111
,Q3116111,New York Stock Exchange,KDP,beverage industry,http://www.wikidata.org/entity/Q3116111
,Q1538507,Nasdaq,JACK,restaurant,http://www.wikidata.org/entity/Q1538507
,Q2945643,New York Stock Exchange,SKX,clothing industry,http://www.wikidata.org/entity/Q2945643
,Q2990393,New York Stock Exchange,ccu,brewing industry,http://www.wikidata.org/entity/Q2990393
,Q3319685,New York Stock Exchange,TAP,brewing industry,http://www.wikidata.org/entity/Q3319685
,Q1539185,New York Stock Exchange,,fashion,http://www.wikidata.org/entity/Q1539185
,Q2939652,Nasdaq,CKEC,entertainment industry,http://www.wikidata.org/entity/Q2939652
,Q2918415,Nasdaq,CDRO,gambling industry,http://www.wikidata.org/entity/Q2918415
,Q2943995,Nasdaq,CLLS,research and development in biotechnology,http://www.wikidata.org/entity/Q2943995
,Q2979728,New York Stock Exchange,CLDR,data analytics software industry,http://www.wikidata.org/entity/Q2979728
,Q3116307,Nasdaq,OLED,computer hardware industry,http://www.wikidata.org/entity/Q3116307
,Q1592340,Nasdaq,HWAY,health care,http://www.wikidata.org/entity/Q1592340
,Q1630431,New York Stock Exchange,HCA,health care,http://www.wikidata.org/entity/Q1630431
,Q1683034,New York Stock Exchange,JHG,finance,http://www.wikidata.org/entity/Q1683034
,Q3156864,New York Stock Exchange,JBT,food processing industry,http://www.wikidata.org/entity/Q3156864
,Q19604609,Nasdaq,VCEL,biotechnology,http://www.wikidata.org/entity/Q19604609
,Q19865135,New York Stock Exchange,DNMR,biotechnology,http://www.wikidata.org/entity/Q19865135
,Q19873469,Nasdaq,TECH,biotechnology,http://www.wikidata.org/entity/Q19873469
,Q1641437,New York Stock Exchange,RL,commerce,http://www.wikidata.org/entity/Q1641437
,Q18636301,Nasdaq,FRPH,transport,http://www.wikidata.org/entity/Q18636301
,Q20183163,New York Stock Exchange,UNP,transport,http://www.wikidata.org/entity/Q20183163
,Q20873932,Nasdaq,GRAB,transport,http://www.wikidata.org/entity/Q20873932
,Q1723912,Nasdaq,KCLI,insurance,http://www.wikidata.org/entity/Q1723912
,Q1655409,New York Stock Exchange,IAG,mining,http://www.wikidata.org/entity/Q1655409
,Q1747133,New York Stock Exchange,SLW,mining,http://www.wikidata.org/entity/Q1747133
,Q18378515,New York Stock Exchange,SKLZ,technology,http://www.wikidata.org/entity/Q18378515
,Q1541470,New York Stock Exchange,CBD,retail,http://www.wikidata.org/entity/Q1541470
,Q1591889,New York Stock Exchange,WAG,retail,http://www.wikidata.org/entity/Q1591889
,Q1673079,New York Stock Exchange,IRM,computer storage media,http://www.wikidata.org/entity/Q1673079
,Q1632461,New York Stock Exchange,VE,waste management,http://www.wikidata.org/entity/Q1632461
,Q1740323,Nasdaq,KTCC,peripheral,http://www.wikidata.org/entity/Q1740323
,Q1572831,New York Stock Exchange,,photovoltaics,http://www.wikidata.org/entity/Q1572831
,Q1624295,New York Stock Exchange,KNL,industrial manufacturing,http://www.wikidata.org/entity/Q1624295
,Q1631922,New York Stock Exchange,SNA,industrial manufacturing,http://www.wikidata.org/entity/Q1631922
,Q1665653,Nasdaq,VECO,industrial manufacturing,http://www.wikidata.org/entity/Q1665653
,Q1545542,New York Stock Exchange,OMG,chemical industry,http://www.wikidata.org/entity/Q1545542
,Q20800404,Nasdaq,GOOG,information technology,http://www.wikidata.org/entity/Q20800404
,Q20715093,New York Stock Exchange,TDOC,medicine,http://www.wikidata.org/entity/Q20715093
,Q1715931,Nasdaq,TECD,wholesale,http://www.wikidata.org/entity/Q1715931
,Q1689717,Nasdaq,JIVE,collaborative software,http://www.wikidata.org/entity/Q1689717
,Q18636524,Nasdaq,CZR,gambling,http://www.wikidata.org/entity/Q18636524
,Q1653258,New York Stock Exchange,IBN,economics of banking,http://www.wikidata.org/entity/Q1653258
,Q1663044,New York Stock Exchange,TT,conglomerate,http://www.wikidata.org/entity/Q1663044
,Q1740314,New York Stock Exchange,KEY,economics of banking,http://www.wikidata.org/entity/Q1740314
,Q1542175,New York Stock Exchange,MTU,financial services,http://www.wikidata.org/entity/Q1542175
,Q1577907,Nasdaq,LIOX,financial services,http://www.wikidata.org/entity/Q1577907
,Q1666331,Nasdaq,SNEX,financial services,http://www.wikidata.org/entity/Q1666331
,Q18636688,Nasdaq,ACFC,bank,http://www.wikidata.org/entity/Q18636688
,Q20708193,Nasdaq,LOB,bank,http://www.wikidata.org/entity/Q20708193
,Q1524197,New York Stock Exchange,GIL,textile industry,http://www.wikidata.org/entity/Q1524197
,Q1666040,Nasdaq,TILE,textile industry,http://www.wikidata.org/entity/Q1666040
,Q1700871,New York Stock Exchange,BHC,pharmaceutical industry,http://www.wikidata.org/entity/Q1700871
,Q19863999,New York Stock Exchange,TMH,health care,http://www.wikidata.org/entity/Q19863999
,Q1516410,New York Stock Exchange,SU,petroleum industry,http://www.wikidata.org/entity/Q1516410
,Q1577587,New York Stock Exchange,MRO,petroleum industry,http://www.wikidata.org/entity/Q1577587
,Q1579222,New York Stock Exchange,UGP,petroleum industry,http://www.wikidata.org/entity/Q1579222
,Q1615684,New York Stock Exchange,HES,petroleum industry,http://www.wikidata.org/entity/Q1615684
,Q1656230,New York Stock Exchange,PSX,petroleum industry,http://www.wikidata.org/entity/Q1656230
,Q18217462,Nasdaq,TLF,retail,http://www.wikidata.org/entity/Q18217462
,Q18385610,Nasdaq,SFIX,retail,http://www.wikidata.org/entity/Q18385610
,Q18534725,Nasdaq,HNST,retail,http://www.wikidata.org/entity/Q18534725
,Q18619470,New York Stock Exchange,QSR,food service,http://www.wikidata.org/entity/Q18619470
,Q18712620,Nasdaq,WBA,retail,http://www.wikidata.org/entity/Q18712620
,Q20732498,New York Stock Exchange,MNSO,retail,http://www.wikidata.org/entity/Q20732498
,Q1570773,New York Stock Exchange,KKR,asset management,http://www.wikidata.org/entity/Q1570773
,Q1548363,Nasdaq,MGIC,software industry,http://www.wikidata.org/entity/Q1548363
,Q1534597,New York Stock Exchange,GFI,gold mining,http://www.wikidata.org/entity/Q1534597
,Q1630559,New York Stock Exchange,HST,hotel industry,http://www.wikidata.org/entity/Q1630559
,Q19604577,New York Stock Exchange,TPX,mattress,http://www.wikidata.org/entity/Q19604577
,Q18354527,New York Stock Exchange,TSE,industrial manufacturing,http://www.wikidata.org/entity/Q18354527
,Q20711490,Nasdaq,LKQ,automotive industry,http://www.wikidata.org/entity/Q20711490
,Q18228597,New York Stock Exchange,ESI,chemical industry,http://www.wikidata.org/entity/Q18228597
,Q20182011,New York Stock Exchange,JKS,photovoltaics,http://www.wikidata.org/entity/Q20182011
,Q20486915,New York Stock Exchange,FUL,chemical industry,http://www.wikidata.org/entity/Q20486915
,Q20630716,New York Stock Exchange,CC,chemical industry,http://www.wikidata.org/entity/Q20630716
,Q20714323,Nasdaq,DASH,logistics,http://www.wikidata.org/entity/Q20714323
,Q20714323,New York Stock Exchange,DASH,logistics,http://www.wikidata.org/entity/Q20714323
,Q1645081,New York Stock Exchange,NUE,iron and steel industry,http://www.wikidata.org/entity/Q1645081
,Q1573416,Nasdaq,MSG,professional sport,http://www.wikidata.org/entity/Q1573416
,Q1706317,New York Stock Exchange,,"electric power generation, transmission and distribution",http://www.wikidata.org/entity/Q1706317
,Q1671436,Nasdaq,IILG,hospitality industry,http://www.wikidata.org/entity/Q1671436
,Q1728446,New York Stock Exchange,KFY,professional service,http://www.wikidata.org/entity/Q1728446
,Q18619272,New York Stock Exchange,GHL,investment bank,http://www.wikidata.org/entity/Q18619272
,Q1587129,Nasdaq,,semiconductor industry,http://www.wikidata.org/entity/Q1587129
,Q1652574,New York Stock Exchange,MFC,insurance industry,http://www.wikidata.org/entity/Q1652574
,Q1665429,Nasdaq,IDTI,semiconductor industry,http://www.wikidata.org/entity/Q1665429
,Q1671509,Nasdaq,ON,semiconductor industry,http://www.wikidata.org/entity/Q1671509
,Q1516849,New York Stock Exchange,SJR,telecommunications,http://www.wikidata.org/entity/Q1516849
,Q1538731,New York Stock Exchange,,telecommunications,http://www.wikidata.org/entity/Q1538731
,Q1544312,New York Stock Exchange,TEO,telecommunications,http://www.wikidata.org/entity/Q1544312
,Q1562826,Nasdaq,VEON,telecommunications,http://www.wikidata.org/entity/Q1562826
,Q1666568,New York Stock Exchange,IFF,specialty chemicals,http://www.wikidata.org/entity/Q1666568
,Q18324720,Nasdaq,CNV,e-commerce,http://www.wikidata.org/entity/Q18324720
,Q18343414,Nasdaq,KITE,biomedical engineering,http://www.wikidata.org/entity/Q18343414
,Q18712957,New York Stock Exchange,FTCH,e-commerce,http://www.wikidata.org/entity/Q18712957
,Q19854317,New York Stock Exchange,VIPS,e-commerce,http://www.wikidata.org/entity/Q19854317
,Q1741634,New York Stock Exchange,KMB,personal care product,http://www.wikidata.org/entity/Q1741634
,Q18636342,Nasdaq,FOLD,pharmaceutical industry,http://www.wikidata.org/entity/Q18636342
,Q19604569,Nasdaq,SCMP,pharmaceutical industry,http://www.wikidata.org/entity/Q19604569
,Q19866242,New York Stock Exchange,CTLT,pharmaceutical industry,http://www.wikidata.org/entity/Q19866242
,Q19877253,Nasdaq,immp,pharmaceutical industry,http://www.wikidata.org/entity/Q19877253
,Q19882011,Nasdaq,GEVA,pharmaceutical industry,http://www.wikidata.org/entity/Q19882011
,Q20311716,Nasdaq,AXGT,pharmaceutical industry,http://www.wikidata.org/entity/Q20311716
,Q1520122,New York Stock Exchange,GETY,publishing,http://www.wikidata.org/entity/Q1520122
,Q1660027,New York Stock Exchange,MNI,publishing,http://www.wikidata.org/entity/Q1660027
,Q1722848,Nasdaq,KAMN,aerospace industry,http://www.wikidata.org/entity/Q1722848
,Q19681433,Nasdaq,KHC,food industry,http://www.wikidata.org/entity/Q19681433
,Q18392800,New York Stock Exchange,,real estate investment trust,http://www.wikidata.org/entity/Q18392800
,Q19865761,New York Stock Exchange,VTR,real estate investment trust,http://www.wikidata.org/entity/Q19865761
,Q20486917,New York Stock Exchange,WELL,real estate investment trust,http://www.wikidata.org/entity/Q20486917
,Q20979194,New York Stock Exchange,AMH,real estate investment trust,http://www.wikidata.org/entity/Q20979194
,Q18349283,New York Stock Exchange,HTZ,car dealership,http://www.wikidata.org/entity/Q18349283
,Q18387139,New York Stock Exchange,SYF,financial services,http://www.wikidata.org/entity/Q18387139
,Q18394708,Nasdaq,WLTH,financial services,http://www.wikidata.org/entity/Q18394708
,Q19840382,New York Stock Exchange,LU,financial services,http://www.wikidata.org/entity/Q19840382
,Q19903490,Nasdaq,NAVI,financial services,http://www.wikidata.org/entity/Q19903490
,Q20708654,Nasdaq,OZK,financial services,http://www.wikidata.org/entity/Q20708654
,Q20979249,New York Stock Exchange,EVRI,financial services,http://www.wikidata.org/entity/Q20979249
,Q1526456,Nasdaq,KBAL,furniture industry,http://www.wikidata.org/entity/Q1526456
,Q1583606,Nasdaq,TYPE,pre-press and pre-media services,http://www.wikidata.org/entity/Q1583606
,Q1538585,Nasdaq,KELYA,employment services industry,http://www.wikidata.org/entity/Q1538585
,Q1536176,New York Stock Exchange,SW,product packaging industry,http://www.wikidata.org/entity/Q1536176
,Q1571490,Nasdaq,SYNA,computer hardware industry,http://www.wikidata.org/entity/Q1571490
,Q1654103,New York Stock Exchange,IMAX,Motion Picture Production and Services,http://www.wikidata.org/entity/Q1654103
,Q1662481,New York Stock Exchange,INFO,Information Services,http://www.wikidata.org/entity/Q1662481
,Q1543874,Nasdaq,HTZ,tourism industry,http://www.wikidata.org/entity/Q1543874
,Q1668265,New York Stock Exchange,USFD,foodservice distributor,http://www.wikidata.org/entity/Q1668265
,Q1685287,New York Stock Exchange,VMC,list of building materials,http://www.wikidata.org/entity/Q1685287
,Q19604285,New York Stock Exchange,AE,petroleum industry,http://www.wikidata.org/entity/Q19604285
,Q19604459,New York Stock Exchange,MUSA,petroleum industry,http://www.wikidata.org/entity/Q19604459
,Q20486931,New York Stock Exchange,NTI,petroleum industry,http://www.wikidata.org/entity/Q20486931
,Q20486933,Nasdaq,CHRD,petroleum industry,http://www.wikidata.org/entity/Q20486933
,Q20486937,New York Stock Exchange,SPN,petroleum industry,http://www.wikidata.org/entity/Q20486937
,Q20486949,New York Stock Exchange,WLL,petroleum industry,http://www.wikidata.org/entity/Q20486949
,Q19868261,Nasdaq,SFXE,electronic dance music,http://www.wikidata.org/entity/Q19868261
,Q20022777,Nasdaq,SAFM,poultry farming,http://www.wikidata.org/entity/Q20022777
,Q18643660,Nasdaq,FSAM,asset management,http://www.wikidata.org/entity/Q18643660
,Q19903773,Nasdaq,VRNS,software industry,http://www.wikidata.org/entity/Q19903773
,Q19923099,New York Stock Exchange,HPE,software industry,http://www.wikidata.org/entity/Q19923099
,Q20136005,Nasdaq,SKIL,software industry,http://www.wikidata.org/entity/Q20136005
,Q20642307,New York Stock Exchange,FLTX,software industry,http://www.wikidata.org/entity/Q20642307
,Q19757566,Nasdaq,PS,software as a service,http://www.wikidata.org/entity/Q19757566
,Q18344949,New York Stock Exchange,GMED,health technology,http://www.wikidata.org/entity/Q18344949
,Q20539294,New York Stock Exchange,CSPR,bedding,http://www.wikidata.org/entity/Q20539294
,Q19866912,New York Stock Exchange,,public utility,http://www.wikidata.org/entity/Q19866912
,Q20687182,New York Stock Exchange,TLN,energy industry,http://www.wikidata.org/entity/Q20687182
,Q20857833,New York Stock Exchange,BLT,manufacture of machinery and equipment,http://www.wikidata.org/entity/Q20857833
,Q19867417,Nasdaq,SEAC,telecommunications,http://www.wikidata.org/entity/Q19867417
,Q20059505,New York Stock Exchange,VIV,telecommunications,http://www.wikidata.org/entity/Q20059505
,Q18674747,Nasdaq,BKNG,travel industry,http://www.wikidata.org/entity/Q18674747
,Q19867294,New York Stock Exchange,WPX,extraction of petroleum,http://www.wikidata.org/entity/Q19867294
,Q20047296,Nasdaq,MGLN,managed care,http://www.wikidata.org/entity/Q20047296
,Q18208141,Nasdaq,CBLK,computer security,http://www.wikidata.org/entity/Q18208141
,Q20708639,New York Stock Exchange,FET,list of oilfield service companies,http://www.wikidata.org/entity/Q20708639
,Q19893981,New York Stock Exchange,,plastics industry,http://www.wikidata.org/entity/Q19893981
,Q20714863,New York Stock Exchange,KOF,beverage industry,http://www.wikidata.org/entity/Q20714863
,Q19572998,Nasdaq,KORS,clothing industry,http://www.wikidata.org/entity/Q19572998
,Q19572998,New York Stock Exchange,CPRI,clothing industry,http://www.wikidata.org/entity/Q19572998
,Q20502124,New York Stock Exchange,BSI,food retail sector,http://www.wikidata.org/entity/Q20502124
,Q3535948,Nasdaq,TWER,telecommunications,http://www.wikidata.org/entity/Q3535948
,Q18636409,New York Stock Exchange,CXM,marketing software industry,http://www.wikidata.org/entity/Q18636409
,Q18636413,New York Stock Exchange,SG,restaurant industry,http://www.wikidata.org/entity/Q18636413
,Q19995004,New York Stock Exchange,WE,coworking industry,http://www.wikidata.org/entity/Q19995004
,Q20486914,New York Stock Exchange,GEF,product packaging industry,http://www.wikidata.org/entity/Q20486914
,Q3561692,New York Stock Exchange,VZIO,electronics,http://www.wikidata.org/entity/Q3561692
,Q3896512,New York Stock Exchange,PSN,information technology,http://www.wikidata.org/entity/Q3896512
,Q3399307,Nasdaq,PTLO,restaurant,http://www.wikidata.org/entity/Q3399307
,Q3508889,New York Stock Exchange,SNV,bank,http://www.wikidata.org/entity/Q3508889
,Q3518066,New York Stock Exchange,THC,health care,http://www.wikidata.org/entity/Q3518066
,Q3536160,Nasdaq,WBMD,health care,http://www.wikidata.org/entity/Q3536160
,Q3742240,New York Stock Exchange,CGAU,mining,http://www.wikidata.org/entity/Q3742240
,Q3958138,New York Stock Exchange,VEDL,mining,http://www.wikidata.org/entity/Q3958138
,Q3433273,New York Stock Exchange,RAD,retail,http://www.wikidata.org/entity/Q3433273
,Q3442791,Nasdaq,ROST,retail,http://www.wikidata.org/entity/Q3442791
,Q3552193,Nasdaq,URBN,retail,http://www.wikidata.org/entity/Q3552193
,Q3550736,New York Stock Exchange,USG,industrial manufacturing,http://www.wikidata.org/entity/Q3550736
,Q3873359,New York Stock Exchange,NTZ,industrial manufacturing,http://www.wikidata.org/entity/Q3873359
,Q3372572,Nasdaq,MTEX,food industry,http://www.wikidata.org/entity/Q3372572
,Q3485048,Nasdaq,SVA,pharmaceutical industry,http://www.wikidata.org/entity/Q3485048
,Q3540193,New York Stock Exchange,W,e-commerce,http://www.wikidata.org/entity/Q3540193
,Q3598926,Nasdaq,JD,e-commerce,http://www.wikidata.org/entity/Q3598926
,Q3377614,New York Stock Exchange,PZE,petroleum industry,http://www.wikidata.org/entity/Q3377614
,Q3511946,Nasdaq,TROW,asset management,http://www.wikidata.org/entity/Q3511946
,Q3552887,Nasdaq,OSPN,software industry,http://www.wikidata.org/entity/Q3552887
,Q3389022,New York Stock Exchange,PIPR,financial services,http://www.wikidata.org/entity/Q3389022
,Q3388421,Nasdaq,PPC,meatpacking industry,http://www.wikidata.org/entity/Q3388421
,Q3412325,Nasdaq,QLGC,computer network,http://www.wikidata.org/entity/Q3412325
,Q3482689,New York Stock Exchange,SSTK,stock photography,http://www.wikidata.org/entity/Q3482689
,Q3535949,Nasdaq,WLTW,professional service,http://www.wikidata.org/entity/Q3535949
,Q3535949,New York Stock Exchange,TW,professional service,http://www.wikidata.org/entity/Q3535949
,Q3406795,New York Stock Exchange,,pulp and paper industry,http://www.wikidata.org/entity/Q3406795
,Q3511885,Nasdaq,TMUS,telecommunications,http://www.wikidata.org/entity/Q3511885
,Q3853691,New York Stock Exchange,MCCC,telecommunications,http://www.wikidata.org/entity/Q3853691
,Q3493556,New York Stock Exchange,SPR,aerospace industry,http://www.wikidata.org/entity/Q3493556
,Q3492619,Nasdaq,SONO,consumer electronics industry,http://www.wikidata.org/entity/Q3492619
,Q118663,Nasdaq,,,http://www.wikidata.org/entity/Q118663
,Q143435,New York Stock Exchange,UNM,,http://www.wikidata.org/entity/Q143435
,Q147224,New York Stock Exchange,HRG,,http://www.wikidata.org/entity/Q147224
,Q161086,Nasdaq,JBLU,,http://www.wikidata.org/entity/Q161086
,Q170614,Nasdaq,RYAAY,,http://www.wikidata.org/entity/Q170614
,Q180816,Nasdaq,DJI,,http://www.wikidata.org/entity/Q180816
,Q180816,New York Stock Exchange,DJI,,http://www.wikidata.org/entity/Q180816
,Q224751,New York Stock Exchange,LII,,http://www.wikidata.org/entity/Q224751
,Q242345,Nasdaq,S500,,http://www.wikidata.org/entity/Q242345
,Q242345,New York Stock Exchange,S500,,http://www.wikidata.org/entity/Q242345
,Q259195,Nasdaq,CEG,,http://www.wikidata.org/entity/Q259195
,Q259195,New York Stock Exchange,CEG,,http://www.wikidata.org/entity/Q259195
,Q290680,New York Stock Exchange,ADT,,http://www.wikidata.org/entity/Q290680
,Q296782,Nasdaq,ARMH,,http://www.wikidata.org/entity/Q296782
,Q322153,New York Stock Exchange,MTOR,,http://www.wikidata.org/entity/Q322153
,Q344839,New York Stock Exchange,GOLF,,http://www.wikidata.org/entity/Q344839
,Q390074,Nasdaq,HMHC,,http://www.wikidata.org/entity/Q390074
,Q392445,New York Stock Exchange,,,http://www.wikidata.org/entity/Q392445
,Q397223,New York Stock Exchange,AGU,,http://www.wikidata.org/entity/Q397223
,Q407744,New York Stock Exchange,APD,,http://www.wikidata.org/entity/Q407744
,Q407859,Nasdaq,ATSG,,http://www.wikidata.org/entity/Q407859
,Q426583,Nasdaq,SANM,,http://www.wikidata.org/entity/Q426583
,Q430745,New York Stock Exchange,TDC,,http://www.wikidata.org/entity/Q430745
,Q431454,Nasdaq,BRKR,,http://www.wikidata.org/entity/Q431454
,Q431757,New York Stock Exchange,VLRS,,http://www.wikidata.org/entity/Q431757
,Q444110,New York Stock Exchange,HIG,,http://www.wikidata.org/entity/Q444110
,Q472536,Nasdaq,AMKR,,http://www.wikidata.org/entity/Q472536
,Q474383,Nasdaq,BLDP,,http://www.wikidata.org/entity/Q474383
,Q474570,Nasdaq,TQNT,,http://www.wikidata.org/entity/Q474570
,Q498746,New York Stock Exchange,GRA,,http://www.wikidata.org/entity/Q498746
,Q507306,Nasdaq,QQQ,,http://www.wikidata.org/entity/Q507306
,Q538203,Nasdaq,PDCO,,http://www.wikidata.org/entity/Q538203
,Q555900,New York Stock Exchange,,,http://www.wikidata.org/entity/Q555900
,Q571779,Nasdaq,,,http://www.wikidata.org/entity/Q571779
,Q596499,New York Stock Exchange,KBR,,http://www.wikidata.org/entity/Q596499
,Q604775,New York Stock Exchange,KDE,,http://www.wikidata.org/entity/Q604775
,Q621071,New York Stock Exchange,,,http://www.wikidata.org/entity/Q621071
,Q621610,Nasdaq,AMAT,,http://www.wikidata.org/entity/Q621610
,Q638036,Nasdaq,ACAT,,http://www.wikidata.org/entity/Q638036
,Q642610,Nasdaq,HA,,http://www.wikidata.org/entity/Q642610
,Q645084,Nasdaq,VA,,http://www.wikidata.org/entity/Q645084
,Q657663,Nasdaq,CEDC,,http://www.wikidata.org/entity/Q657663
,Q658089,New York Stock Exchange,NMR,,http://www.wikidata.org/entity/Q658089
,Q667865,New York Stock Exchange,JCI,,http://www.wikidata.org/entity/Q667865
,Q672885,New York Stock Exchange,TYC,,http://www.wikidata.org/entity/Q672885
,Q674796,Nasdaq,,,http://www.wikidata.org/entity/Q674796
,Q680186,New York Stock Exchange,MTD,,http://www.wikidata.org/entity/Q680186
,Q682533,New York Stock Exchange,,,http://www.wikidata.org/entity/Q682533
,Q688556,New York Stock Exchange,,,http://www.wikidata.org/entity/Q688556
,Q688712,New York Stock Exchange,,,http://www.wikidata.org/entity/Q688712
,Q691637,New York Stock Exchange,GOL,,http://www.wikidata.org/entity/Q691637
,Q692041,New York Stock Exchange,,,http://www.wikidata.org/entity/Q692041
,Q696830,New York Stock Exchange,,,http://www.wikidata.org/entity/Q696830
,Q707530,New York Stock Exchange,CNK,,http://www.wikidata.org/entity/Q707530
,Q727697,New York Stock Exchange,COH,,http://www.wikidata.org/entity/Q727697
,Q727883,Nasdaq,NTAP,,http://www.wikidata.org/entity/Q727883
,Q734061,Nasdaq,DTSI,,http://www.wikidata.org/entity/Q734061
,Q750124,New York Stock Exchange,CBT,,http://www.wikidata.org/entity/Q750124
,Q753521,New York Stock Exchange,KATE,,http://www.wikidata.org/entity/Q753521
,Q757135,Nasdaq,,,http://www.wikidata.org/entity/Q757135
,Q768773,New York Stock Exchange,MSCI,,http://www.wikidata.org/entity/Q768773
,Q772813,New York Stock Exchange,UNVR,,http://www.wikidata.org/entity/Q772813
,Q795221,New York Stock Exchange,CEO,,http://www.wikidata.org/entity/Q795221
,Q795300,Nasdaq,PLKI,,http://www.wikidata.org/entity/Q795300
,Q822614,New York Stock Exchange,ALK,,http://www.wikidata.org/entity/Q822614
,Q826526,New York Stock Exchange,L,,http://www.wikidata.org/entity/Q826526
,Q834888,Nasdaq,XRAY,,http://www.wikidata.org/entity/Q834888
,Q837982,New York Stock Exchange,GSH,,http://www.wikidata.org/entity/Q837982
,Q839466,New York Stock Exchange,DPZ,,http://www.wikidata.org/entity/Q839466
,Q841458,New York Stock Exchange,ICE,,http://www.wikidata.org/entity/Q841458
,Q849404,New York Stock Exchange,CPA,,http://www.wikidata.org/entity/Q849404
,Q894558,New York Stock Exchange,SAM,,http://www.wikidata.org/entity/Q894558
,Q894585,New York Stock Exchange,BSX,,http://www.wikidata.org/entity/Q894585
,Q899255,New York Stock Exchange,LYB,,http://www.wikidata.org/entity/Q899255
,Q902908,New York Stock Exchange,POT,,http://www.wikidata.org/entity/Q902908
,Q903957,New York Stock Exchange,ICL,,http://www.wikidata.org/entity/Q903957
,Q905086,Nasdaq,HSIC,,http://www.wikidata.org/entity/Q905086
,Q917002,Nasdaq,TIVO,,http://www.wikidata.org/entity/Q917002
,Q926699,Nasdaq,CROX,,http://www.wikidata.org/entity/Q926699
,Q939816,New York Stock Exchange,MOV,,http://www.wikidata.org/entity/Q939816
,Q946080,Nasdaq,PAYX,,http://www.wikidata.org/entity/Q946080
,Q965133,Nasdaq,CYOU,,http://www.wikidata.org/entity/Q965133
,Q994153,New York Stock Exchange,BC,,http://www.wikidata.org/entity/Q994153
,Q998470,New York Stock Exchange,RELX,,http://www.wikidata.org/entity/Q998470
,Q999567,Nasdaq,LLTC,,http://www.wikidata.org/entity/Q999567
,Q1027181,New York Stock Exchange,MODG,,http://www.wikidata.org/entity/Q1027181
,Q1032229,New York Stock Exchange,CNQ,,http://www.wikidata.org/entity/Q1032229
,Q1032244,New York Stock Exchange,SU,,http://www.wikidata.org/entity/Q1032244
,Q1032353,Nasdaq,CSIQ,,http://www.wikidata.org/entity/Q1032353
,Q1044059,New York Stock Exchange,CCL,,http://www.wikidata.org/entity/Q1044059
,Q1065090,Nasdaq,ISIL,,http://www.wikidata.org/entity/Q1065090
,Q1104787,New York Stock Exchange,COTY,,http://www.wikidata.org/entity/Q1104787
,Q1107088,Nasdaq,COHR,,http://www.wikidata.org/entity/Q1107088
,Q1121202,New York Stock Exchange,CIG,,http://www.wikidata.org/entity/Q1121202
,Q1121216,New York Stock Exchange,CPL,,http://www.wikidata.org/entity/Q1121216
,Q1122299,Nasdaq,CTG,,http://www.wikidata.org/entity/Q1122299
,Q1123957,New York Stock Exchange,vco,,http://www.wikidata.org/entity/Q1123957
,Q1130970,New York Stock Exchange,ELP,,http://www.wikidata.org/entity/Q1130970
,Q1134069,New York Stock Exchange,OTIS,,http://www.wikidata.org/entity/Q1134069
,Q1139541,Nasdaq,ULCC,,http://www.wikidata.org/entity/Q1139541
,Q1155729,Nasdaq,SCHL,,http://www.wikidata.org/entity/Q1155729
,Q1181953,Nasdaq,DECK,,http://www.wikidata.org/entity/Q1181953
,Q1181953,New York Stock Exchange,DECK,,http://www.wikidata.org/entity/Q1181953
,Q1190598,Nasdaq,SAVE,,http://www.wikidata.org/entity/Q1190598
,Q1190598,New York Stock Exchange,SAVE,,http://www.wikidata.org/entity/Q1190598
,Q1192654,New York Stock Exchange,CODE,,http://www.wikidata.org/entity/Q1192654
,Q1196745,Nasdaq,RMBS,,http://www.wikidata.org/entity/Q1196745
,Q1197548,Nasdaq,MU,,http://www.wikidata.org/entity/Q1197548
,Q1200840,New York Stock Exchange,ENR,,http://www.wikidata.org/entity/Q1200840
,Q1220078,New York Stock Exchange,DBD,,http://www.wikidata.org/entity/Q1220078
,Q1230295,New York Stock Exchange,GWR,,http://www.wikidata.org/entity/Q1230295
,Q1265181,New York Stock Exchange,DNB,,http://www.wikidata.org/entity/Q1265181
,Q1328252,Nasdaq,EBR,,http://www.wikidata.org/entity/Q1328252
,Q1328252,New York Stock Exchange,,,http://www.wikidata.org/entity/Q1328252
,Q1329524,Nasdaq,RUT,,http://www.wikidata.org/entity/Q1329524
,Q1329524,New York Stock Exchange,,,http://www.wikidata.org/entity/Q1329524
,Q1341590,New York Stock Exchange,ERF,,http://www.wikidata.org/entity/Q1341590
,Q1341588,New York Stock Exchange,ENS,,http://www.wikidata.org/entity/Q1341588
,Q1342041,Nasdaq,LRCX,,http://www.wikidata.org/entity/Q1342041
,Q1361648,New York Stock Exchange,ATI,,http://www.wikidata.org/entity/Q1361648
,Q1430331,New York Stock Exchange,FLS,,http://www.wikidata.org/entity/Q1430331
,Q1431486,Nasdaq,ORAN,,http://www.wikidata.org/entity/Q1431486
,Q1431486,New York Stock Exchange,ORAN,,http://www.wikidata.org/entity/Q1431486
,Q1431991,Nasdaq,HYSL,,http://www.wikidata.org/entity/Q1431991
,Q1479654,New York Stock Exchange,WLY,,http://www.wikidata.org/entity/Q1479654
,Q1507228,New York Stock Exchange,HMY,,http://www.wikidata.org/entity/Q1507228
,Q1529234,New York Stock Exchange,ROK,,http://www.wikidata.org/entity/Q1529234
,Q1546793,Nasdaq,OEX,,http://www.wikidata.org/entity/Q1546793
,Q1546793,New York Stock Exchange,OEX,,http://www.wikidata.org/entity/Q1546793
,Q1549511,Nasdaq,ORBK,,http://www.wikidata.org/entity/Q1549511
,Q1549511,New York Stock Exchange,ORA,,http://www.wikidata.org/entity/Q1549511
,Q1576191,New York Stock Exchange,,,http://www.wikidata.org/entity/Q1576191
,Q1581434,Nasdaq,IVGN,,http://www.wikidata.org/entity/Q1581434
,Q1602881,Nasdaq,SAPE,,http://www.wikidata.org/entity/Q1602881
,Q1612593,New York Stock Exchange,JELD,,http://www.wikidata.org/entity/Q1612593
,Q1627894,New York Stock Exchange,GWW,,http://www.wikidata.org/entity/Q1627894
,Q1667971,Nasdaq,IIJI,,http://www.wikidata.org/entity/Q1667971
,Q1676726,Nasdaq,WPPGY,,http://www.wikidata.org/entity/Q1676726
,Q1703389,New York Stock Exchange,JLL,,http://www.wikidata.org/entity/Q1703389
,Q1784126,New York Stock Exchange,KOP,,http://www.wikidata.org/entity/Q1784126
,Q1784671,Nasdaq,MXIM,,http://www.wikidata.org/entity/Q1784671
,Q1786345,New York Stock Exchange,MMC,,http://www.wikidata.org/entity/Q1786345
,Q1812489,Nasdaq,OMEX,,http://www.wikidata.org/entity/Q1812489
,Q1815011,New York Stock Exchange,PCG,,http://www.wikidata.org/entity/Q1815011
,Q1817417,New York Stock Exchange,NOV,,http://www.wikidata.org/entity/Q1817417
,Q1824441,Nasdaq,LIFE,,http://www.wikidata.org/entity/Q1824441
,Q1835753,Nasdaq,SPLK,,http://www.wikidata.org/entity/Q1835753
,Q1869672,Nasdaq,LOOK,,http://www.wikidata.org/entity/Q1869672
,Q1881941,Nasdaq,MTSC,,http://www.wikidata.org/entity/Q1881941
,Q1884246,New York Stock Exchange,,,http://www.wikidata.org/entity/Q1884246
,Q1889100,New York Stock Exchange,PXED,,http://www.wikidata.org/entity/Q1889100
,Q1915079,New York Stock Exchange,,,http://www.wikidata.org/entity/Q1915079
,Q1929466,Nasdaq,WW,,http://www.wikidata.org/entity/Q1929466
,Q1961738,Nasdaq,GOLD,,http://www.wikidata.org/entity/Q1961738
,Q1962059,New York Stock Exchange,NBR,,http://www.wikidata.org/entity/Q1962059
,Q1977666,New York Stock Exchange,PSFE,,http://www.wikidata.org/entity/Q1977666
,Q1998662,Nasdaq,NDSN,,http://www.wikidata.org/entity/Q1998662
,Q2004423,Nasdaq,FEIC,,http://www.wikidata.org/entity/Q2004423
,Q2007484,New York Stock Exchange,OGE,,http://www.wikidata.org/entity/Q2007484
,Q2036530,New York Stock Exchange,ALSN,,http://www.wikidata.org/entity/Q2036530
,Q2063056,Nasdaq,NBI,,http://www.wikidata.org/entity/Q2063056
,Q2070689,New York Stock Exchange,PFGC,,http://www.wikidata.org/entity/Q2070689
,Q2087612,Nasdaq,TCX,,http://www.wikidata.org/entity/Q2087612
,Q2099437,Nasdaq,PLXS,,http://www.wikidata.org/entity/Q2099437
,Q2113906,Nasdaq,PWX,,http://www.wikidata.org/entity/Q2113906
,Q2124539,Nasdaq,RRD,,http://www.wikidata.org/entity/Q2124539
,Q2124539,New York Stock Exchange,RRD,,http://www.wikidata.org/entity/Q2124539
,Q2207539,New York Stock Exchange,,,http://www.wikidata.org/entity/Q2207539
,Q2228136,Nasdaq,RECN,,http://www.wikidata.org/entity/Q2228136
,Q2274089,Nasdaq,WYNN,,http://www.wikidata.org/entity/Q2274089
,Q2274161,Nasdaq,,,http://www.wikidata.org/entity/Q2274161
,Q2286044,Nasdaq,SLAB,,http://www.wikidata.org/entity/Q2286044
,Q2297063,Nasdaq,TRMB,,http://www.wikidata.org/entity/Q2297063
,Q2319810,New York Stock Exchange,STJ,,http://www.wikidata.org/entity/Q2319810
,Q2331913,New York Stock Exchange,STN,,http://www.wikidata.org/entity/Q2331913
,Q2373884,Nasdaq,SYKE,,http://www.wikidata.org/entity/Q2373884
,Q2404292,Nasdaq,TER,,http://www.wikidata.org/entity/Q2404292
,Q2404292,New York Stock Exchange,TER,,http://www.wikidata.org/entity/Q2404292
,Q2417728,New York Stock Exchange,KRA,,http://www.wikidata.org/entity/Q2417728
,Q2424396,Nasdaq,BRCD,,http://www.wikidata.org/entity/Q2424396
,Q2443320,Nasdaq,SOXX,,http://www.wikidata.org/entity/Q2443320
,Q2449642,New York Stock Exchange,TGS,,http://www.wikidata.org/entity/Q2449642
,Q2480102,New York Stock Exchange,,,http://www.wikidata.org/entity/Q2480102
,Q2483225,Nasdaq,DALN,,http://www.wikidata.org/entity/Q2483225
,Q2483225,New York Stock Exchange,AHC,,http://www.wikidata.org/entity/Q2483225
,Q2494842,New York Stock Exchange,ESAB,,http://www.wikidata.org/entity/Q2494842
,Q2506396,Nasdaq,VOXX,,http://www.wikidata.org/entity/Q2506396
,Q2515994,Nasdaq,,,http://www.wikidata.org/entity/Q2515994
,Q2594130,New York Stock Exchange,WOR,,http://www.wikidata.org/entity/Q2594130
,Q2648305,New York Stock Exchange,,,http://www.wikidata.org/entity/Q2648305
,Q2662418,New York Stock Exchange,ARD,,http://www.wikidata.org/entity/Q2662418
,Q2722179,New York Stock Exchange,ATE,,http://www.wikidata.org/entity/Q2722179
,Q2743863,Nasdaq,ISRG,,http://www.wikidata.org/entity/Q2743863
,Q2759586,Nasdaq,PZZA,,http://www.wikidata.org/entity/Q2759586
,Q2843029,Nasdaq,AMSC,,http://www.wikidata.org/entity/Q2843029
,Q2894362,New York Stock Exchange,WTRG,,http://www.wikidata.org/entity/Q2894362
,Q2909088,New York Stock Exchange,BCC,,http://www.wikidata.org/entity/Q2909088
,Q2923022,New York Stock Exchange,BYD,,http://www.wikidata.org/entity/Q2923022
,Q2925856,Nasdaq,BVSN,,http://www.wikidata.org/entity/Q2925856
,Q2926166,New York Stock Exchange,B,,http://www.wikidata.org/entity/Q2926166
,Q2934771,New York Stock Exchange,CAM,,http://www.wikidata.org/entity/Q2934771
,Q2981857,Nasdaq,CGNX,,http://www.wikidata.org/entity/Q2981857
,Q2997279,Nasdaq,CRGI,,http://www.wikidata.org/entity/Q2997279
,Q3009498,New York Stock Exchange,MSA,,http://www.wikidata.org/entity/Q3009498
,Q3019129,Nasdaq,DTEA,,http://www.wikidata.org/entity/Q3019129
,Q3061734,Nasdaq,EXA,,http://www.wikidata.org/entity/Q3061734
,Q3064078,New York Stock Exchange,GFA,,http://www.wikidata.org/entity/Q3064078
,Q3067119,Nasdaq,FAST,,http://www.wikidata.org/entity/Q3067119
,Q3088784,Nasdaq,JMBA,,http://www.wikidata.org/entity/Q3088784
,Q3100337,Nasdaq,GEM,,http://www.wikidata.org/entity/Q3100337
,Q3127944,New York Stock Exchange,,,http://www.wikidata.org/entity/Q3127944
,Q3153706,Nasdaq,SNOW,,http://www.wikidata.org/entity/Q3153706
,Q3216600,New York Stock Exchange,LW,,http://www.wikidata.org/entity/Q3216600
,Q3266649,Nasdaq,IPAS,,http://www.wikidata.org/entity/Q3266649
,Q3285819,Nasdaq,MANH,,http://www.wikidata.org/entity/Q3285819
,Q3297271,Nasdaq,MYSZY,,http://www.wikidata.org/entity/Q3297271
,Q3303765,New York Stock Exchange,MJN,,http://www.wikidata.org/entity/Q3303765
,Q3312613,New York Stock Exchange,MDS,,http://www.wikidata.org/entity/Q3312613
,Q3337196,New York Stock Exchange,NLS,,http://www.wikidata.org/entity/Q3337196
,Q3341241,New York Stock Exchange,NJ,,http://www.wikidata.org/entity/Q3341241
,Q3344170,Nasdaq,UPWK,,http://www.wikidata.org/entity/Q3344170
,Q3367020,New York Stock Exchange,BTH,,http://www.wikidata.org/entity/Q3367020
,Q3375007,New York Stock Exchange,PBY,,http://www.wikidata.org/entity/Q3375007
,Q3378100,New York Stock Exchange,,,http://www.wikidata.org/entity/Q3378100
,Q3403513,Nasdaq,PFG,,http://www.wikidata.org/entity/Q3403513
,Q3421578,New York Stock Exchange,RLD,,http://www.wikidata.org/entity/Q3421578
,Q3459777,Nasdaq,SMTC,,http://www.wikidata.org/entity/Q3459777
,Q3520257,Nasdaq,PLCE,,http://www.wikidata.org/entity/Q3520257
,Q3553552,New York Stock Exchange,VLN,,http://www.wikidata.org/entity/Q3553552
,Q3630923,Nasdaq,MMYT,,http://www.wikidata.org/entity/Q3630923
,Q3648676,Nasdaq,,,http://www.wikidata.org/entity/Q3648676
,Q3792482,Nasdaq,PCO,,http://www.wikidata.org/entity/Q3792482
,Q3874960,New York Stock Exchange,,,http://www.wikidata.org/entity/Q3874960
,Q3893521,New York Stock Exchange,,,http://www.wikidata.org/entity/Q3893521
,Q3901581,Nasdaq,IBKR,,http://www.wikidata.org/entity/Q3901581
,Q4041316,Nasdaq,PI,,http://www.wikidata.org/entity/Q4041316
,Q4041486,New York Stock Exchange,IN,,http://www.wikidata.org/entity/Q4041486
,Q4041705,Nasdaq,JBHT,,http://www.wikidata.org/entity/Q4041705
,Q4043248,Nasdaq,LMNS,,http://www.wikidata.org/entity/Q4043248
,Q4046083,Nasdaq,,,http://www.wikidata.org/entity/Q4046083
,Q4047736,Nasdaq,QIWI,,http://www.wikidata.org/entity/Q4047736
,Q4049749,Nasdaq,VIRL,,http://www.wikidata.org/entity/Q4049749
,Q4119347,Nasdaq,ATX,,http://www.wikidata.org/entity/Q4119347
,Q4376955,Nasdaq,SABR,,http://www.wikidata.org/entity/Q4376955
,Q4376955,New York Stock Exchange,TSG,,http://www.wikidata.org/entity/Q4376955
,Q4465402,New York Stock Exchange,TUMI,,http://www.wikidata.org/entity/Q4465402
,Q4633233,Nasdaq,TWOU,,http://www.wikidata.org/entity/Q4633233
,Q4645515,Nasdaq,EGHT,,http://www.wikidata.org/entity/Q4645515
,Q4645515,New York Stock Exchange,EGHT,,http://www.wikidata.org/entity/Q4645515
,Q4650685,Nasdaq,ACIW,,http://www.wikidata.org/entity/Q4650685
,Q4652899,Nasdaq,ANAD,,http://www.wikidata.org/entity/Q4652899
,Q4667884,Nasdaq,ABMD,,http://www.wikidata.org/entity/Q4667884
,Q4670840,Nasdaq,ACTG,,http://www.wikidata.org/entity/Q4670840
,Q4671583,New York Stock Exchange,AKR,,http://www.wikidata.org/entity/Q4671583
,Q4672868,New York Stock Exchange,RCM,,http://www.wikidata.org/entity/Q4672868
,Q4672920,New York Stock Exchange,,,http://www.wikidata.org/entity/Q4672920
,Q4676831,Nasdaq,,,http://www.wikidata.org/entity/Q4676831
,Q4677870,New York Stock Exchange,AYI,,http://www.wikidata.org/entity/Q4677870
,Q4680354,Nasdaq,,,http://www.wikidata.org/entity/Q4680354
,Q4686044,New York Stock Exchange,,,http://www.wikidata.org/entity/Q4686044
,Q4686051,New York Stock Exchange,AAP,,http://www.wikidata.org/entity/Q4686051
,Q4686194,Nasdaq,AEIS,,http://www.wikidata.org/entity/Q4686194
,Q4686442,Nasdaq,ADVS,,http://www.wikidata.org/entity/Q4686442
,Q4688254,New York Stock Exchange,ARX,,http://www.wikidata.org/entity/Q4688254
,Q4688714,Nasdaq,AEMD,,http://www.wikidata.org/entity/Q4688714
,Q4698090,Nasdaq,AIRM,,http://www.wikidata.org/entity/Q4698090
,Q4713807,Nasdaq,,,http://www.wikidata.org/entity/Q4713807
,Q4732707,New York Stock Exchange,,,http://www.wikidata.org/entity/Q4732707
,Q4741030,Nasdaq,AMBA,,http://www.wikidata.org/entity/Q4741030
,Q4742045,New York Stock Exchange,ACO,,http://www.wikidata.org/entity/Q4742045
,Q4743289,Nasdaq,,,http://www.wikidata.org/entity/Q4743289
,Q4744953,Nasdaq,ASEI,,http://www.wikidata.org/entity/Q4744953
,Q4745391,Nasdaq,AMWD,,http://www.wikidata.org/entity/Q4745391
,Q4748634,New York Stock Exchange,AXR,,http://www.wikidata.org/entity/Q4748634
,Q4749580,Nasdaq,AMRS,,http://www.wikidata.org/entity/Q4749580
,Q4763176,Nasdaq,ANGI,,http://www.wikidata.org/entity/Q4763176
,Q4769205,New York Stock Exchange,,,http://www.wikidata.org/entity/Q4769205
,Q4781544,New York Stock Exchange,AIT,,http://www.wikidata.org/entity/Q4781544
,Q4781558,Nasdaq,AMCC,,http://www.wikidata.org/entity/Q4781558
,Q4781583,Nasdaq,APSG,,http://www.wikidata.org/entity/Q4781583
,Q4790268,Nasdaq,ARBA,,http://www.wikidata.org/entity/Q4790268
,Q4799191,New York Stock Exchange,AJG,,http://www.wikidata.org/entity/Q4799191
,Q4803855,Nasdaq,,,http://www.wikidata.org/entity/Q4803855
,Q4808787,Nasdaq,AACC,,http://www.wikidata.org/entity/Q4808787
,Q4813401,Nasdaq,ATHN,,http://www.wikidata.org/entity/Q4813401
,Q4816705,Nasdaq,MCRI,,http://www.wikidata.org/entity/Q4816705
,Q4816783,New York Stock Exchange,ATLS,,http://www.wikidata.org/entity/Q4816783
,Q4817084,New York Stock Exchange,ATO,,http://www.wikidata.org/entity/Q4817084
,Q4826083,Nasdaq,,,http://www.wikidata.org/entity/Q4826083
,Q4830196,Nasdaq,ACLS,,http://www.wikidata.org/entity/Q4830196
,Q4835545,Nasdaq,BGCP,,http://www.wikidata.org/entity/Q4835545
,Q4835755,Nasdaq,BJRI,,http://www.wikidata.org/entity/Q4835755
,Q4836852,New York Stock Exchange,BWXT,,http://www.wikidata.org/entity/Q4836852
,Q4854759,Nasdaq,BAND,,http://www.wikidata.org/entity/Q4854759
,Q4875977,Nasdaq,,,http://www.wikidata.org/entity/Q4875977
,Q4878288,New York Stock Exchange,BZH,,http://www.wikidata.org/entity/Q4878288
,Q4886950,New York Stock Exchange,BHE,,http://www.wikidata.org/entity/Q4886950
,Q4894819,New York Stock Exchange,BERY,,http://www.wikidata.org/entity/Q4894819
,Q4906978,New York Stock Exchange,BH,,http://www.wikidata.org/entity/Q4906978
,Q4928676,Nasdaq,BCOR,,http://www.wikidata.org/entity/Q4928676
,Q4930359,New York Stock Exchange,BXG,,http://www.wikidata.org/entity/Q4930359
,Q4931457,New York Stock Exchange,,,http://www.wikidata.org/entity/Q4931457
,Q4937267,Nasdaq,BOFI,,http://www.wikidata.org/entity/Q4937267
,Q4957288,New York Stock Exchange,BDN,,http://www.wikidata.org/entity/Q4957288
,Q4967514,Nasdaq,BCOV,,http://www.wikidata.org/entity/Q4967514
,Q4969137,New York Stock Exchange,VTOL,,http://www.wikidata.org/entity/Q4969137
,Q4974587,New York Stock Exchange,BEPC,,http://www.wikidata.org/entity/Q4974587
,Q4979671,New York Stock Exchange,MTRN,,http://www.wikidata.org/entity/Q4979671
,Q4994426,New York Stock Exchange,IVC,,http://www.wikidata.org/entity/Q4994426
,Q5002877,New York Stock Exchange,,,http://www.wikidata.org/entity/Q5002877
,Q5006774,New York Stock Exchange,BCR,,http://www.wikidata.org/entity/Q5006774
,Q5009947,New York Stock Exchange,CDI,,http://www.wikidata.org/entity/Q5009947
,Q5012867,New York Stock Exchange,,,http://www.wikidata.org/entity/Q5012867
,Q5013012,New York Stock Exchange,CMS,,http://www.wikidata.org/entity/Q5013012
,Q5013834,Nasdaq,CRAI,,http://www.wikidata.org/entity/Q5013834
,Q5014304,New York Stock Exchange,CSS,,http://www.wikidata.org/entity/Q5014304
,Q5018092,Nasdaq,CALM,,http://www.wikidata.org/entity/Q5018092
,Q5018456,Nasdaq,CLMS,,http://www.wikidata.org/entity/Q5018456
,Q5019738,New York Stock Exchange,CCC,,http://www.wikidata.org/entity/Q5019738
,Q5023914,New York Stock Exchange,CPN,,http://www.wikidata.org/entity/Q5023914
,Q5025090,Nasdaq,ABCD,,http://www.wikidata.org/entity/Q5025090
,Q5025351,Nasdaq,CATG,,http://www.wikidata.org/entity/Q5025351
,Q5031634,Nasdaq,,,http://www.wikidata.org/entity/Q5031634
,Q5033676,Nasdaq,CPHC,,http://www.wikidata.org/entity/Q5033676
,Q5035257,Nasdaq,CPLA,,http://www.wikidata.org/entity/Q5035257
,Q5035503,Nasdaq,ATSG,,http://www.wikidata.org/entity/Q5035503
,Q5036376,Nasdaq,CPST,,http://www.wikidata.org/entity/Q5036376
,Q5037190,New York Stock Exchange,KMX,,http://www.wikidata.org/entity/Q5037190
,Q5038056,Nasdaq,CARB,,http://www.wikidata.org/entity/Q5038056
,Q5038907,Nasdaq,CECO,,http://www.wikidata.org/entity/Q5038907
,Q5046846,New York Stock Exchange,CARS,,http://www.wikidata.org/entity/Q5046846
,Q5047083,New York Stock Exchange,CRI,,http://www.wikidata.org/entity/Q5047083
,Q5048150,Nasdaq,CSCD,,http://www.wikidata.org/entity/Q5048150
,Q5055187,Nasdaq,CAVM,,http://www.wikidata.org/entity/Q5055187
,Q5055619,Nasdaq,,,http://www.wikidata.org/entity/Q5055619
,Q5056859,New York Stock Exchange,,,http://www.wikidata.org/entity/Q5056859
,Q5058678,New York Stock Exchange,CPAC,,http://www.wikidata.org/entity/Q5058678
,Q5061578,New York Stock Exchange,CPF,,http://www.wikidata.org/entity/Q5061578
,Q5063604,Nasdaq,,,http://www.wikidata.org/entity/Q5063604
,Q5064245,New York Stock Exchange,DAY,,http://www.wikidata.org/entity/Q5064245
,Q5082076,New York Stock Exchange,CRL,,http://www.wikidata.org/entity/Q5082076
,Q5089169,New York Stock Exchange,CKP,,http://www.wikidata.org/entity/Q5089169
,Q5090406,Nasdaq,CHFC,,http://www.wikidata.org/entity/Q5090406
,Q5092882,New York Stock Exchange,CPK,,http://www.wikidata.org/entity/Q5092882
,Q5095516,New York Stock Exchange,CBI,,http://www.wikidata.org/entity/Q5095516
,Q5099546,Nasdaq,CCIH,,http://www.wikidata.org/entity/Q5099546
,Q5099579,Nasdaq,CAAS,,http://www.wikidata.org/entity/Q5099579
,Q5099683,Nasdaq,CSFG,,http://www.wikidata.org/entity/Q5099683
,Q5099702,New York Stock Exchange,,,http://www.wikidata.org/entity/Q5099702
,Q5099924,Nasdaq,CSUN,,http://www.wikidata.org/entity/Q5099924
,Q5116536,New York Stock Exchange,CHD,,http://www.wikidata.org/entity/Q5116536
,Q5118603,Nasdaq,CHYR,,http://www.wikidata.org/entity/Q5118603
,Q5119048,New York Stock Exchange,CINT,,http://www.wikidata.org/entity/Q5119048
,Q5123314,New York Stock Exchange,CYN,,http://www.wikidata.org/entity/Q5123314
,Q5124096,Nasdaq,IACI,,http://www.wikidata.org/entity/Q5124096
,Q5132065,Nasdaq,CBLI,,http://www.wikidata.org/entity/Q5132065
,Q5136077,Nasdaq,MYCC,,http://www.wikidata.org/entity/Q5136077
,Q5141641,Nasdaq,OUTR,,http://www.wikidata.org/entity/Q5141641
,Q5145786,Nasdaq,CLRX,,http://www.wikidata.org/entity/Q5145786
,Q5147194,Nasdaq,CIGI,,http://www.wikidata.org/entity/Q5147194
,Q5150796,Nasdaq,CBMX,,http://www.wikidata.org/entity/Q5150796
,Q5150796,New York Stock Exchange,NVTA,,http://www.wikidata.org/entity/Q5150796
,Q5152539,Nasdaq,CVGI,,http://www.wikidata.org/entity/Q5152539
,Q5158443,Nasdaq,CPTS,,http://www.wikidata.org/entity/Q5158443
,Q5158765,Nasdaq,LENS,,http://www.wikidata.org/entity/Q5158765
,Q5163278,New York Stock Exchange,CGX,,http://www.wikidata.org/entity/Q5163278
,Q5167736,New York Stock Exchange,CPS,,http://www.wikidata.org/entity/Q5167736
,Q5168189,New York Stock Exchange,CPA,,http://www.wikidata.org/entity/Q5168189
,Q5169368,Nasdaq,CRVL,,http://www.wikidata.org/entity/Q5169368
,Q5170128,Nasdaq,CORE,,http://www.wikidata.org/entity/Q5170128
,Q5173417,Nasdaq,CORSQ,,http://www.wikidata.org/entity/Q5173417
,Q5176904,Nasdaq,,,http://www.wikidata.org/entity/Q5176904
,Q5178840,New York Stock Exchange,CUZ,,http://www.wikidata.org/entity/Q5178840
,Q5182813,New York Stock Exchange,,,http://www.wikidata.org/entity/Q5182813
,Q5189420,Nasdaq,CRPP,,http://www.wikidata.org/entity/Q5189420
,Q5190505,New York Stock Exchange,AORT,,http://www.wikidata.org/entity/Q5190505
,Q5192265,Nasdaq,CBST,,http://www.wikidata.org/entity/Q5192265
,Q5196929,Nasdaq,CBUK,,http://www.wikidata.org/entity/Q5196929
,Q5204878,New York Stock Exchange,,,http://www.wikidata.org/entity/Q5204878
,Q5206304,Nasdaq,,,http://www.wikidata.org/entity/Q5206304
,Q5253556,Nasdaq,,,http://www.wikidata.org/entity/Q5253556
,Q5253739,New York Stock Exchange,,,http://www.wikidata.org/entity/Q5253739
,Q5254632,Nasdaq,DFC,,http://www.wikidata.org/entity/Q5254632
,Q5256667,Nasdaq,DNDN,,http://www.wikidata.org/entity/Q5256667
,Q5272335,New York Stock Exchange,DHX,,http://www.wikidata.org/entity/Q5272335
,Q5275736,Nasdaq,DMRC,,http://www.wikidata.org/entity/Q5275736
,Q5289622,Nasdaq,DLPN,,http://www.wikidata.org/entity/Q5289622
,Q5302482,New York Stock Exchange,,,http://www.wikidata.org/entity/Q5302482
,Q5302508,New York Stock Exchange,DVD,,http://www.wikidata.org/entity/Q5302508
,Q5311573,New York Stock Exchange,DCO,,http://www.wikidata.org/entity/Q5311573
,Q5315909,New York Stock Exchange,,,http://www.wikidata.org/entity/Q5315909
,Q5318916,Nasdaq,BOOM,,http://www.wikidata.org/entity/Q5318916
,Q5324689,Nasdaq,EXLS,,http://www.wikidata.org/entity/Q5324689
,Q5324749,Nasdaq,EZPW,,http://www.wikidata.org/entity/Q5324749
,Q5329659,Nasdaq,EWBC,,http://www.wikidata.org/entity/Q5329659
,Q5337851,Nasdaq,EDGW,,http://www.wikidata.org/entity/Q5337851
,Q5358494,Nasdaq,EFII,,http://www.wikidata.org/entity/Q5358494
,Q5362329,Nasdaq,RDEN,,http://www.wikidata.org/entity/Q5362329
,Q5374070,New York Stock Exchange,,,http://www.wikidata.org/entity/Q5374070
,Q5374879,New York Stock Exchange,ELX,,http://www.wikidata.org/entity/Q5374879
,Q5376884,New York Stock Exchange,,,http://www.wikidata.org/entity/Q5376884
,Q5376911,Nasdaq,ENER,,http://www.wikidata.org/entity/Q5376911
,Q5376971,Nasdaq,ERII,,http://www.wikidata.org/entity/Q5376971
,Q5380128,Nasdaq,ENTG,,http://www.wikidata.org/entity/Q5380128
,Q5383792,Nasdaq,,,http://www.wikidata.org/entity/Q5383792
,Q5384453,New York Stock Exchange,EFX,,http://www.wikidata.org/entity/Q5384453
,Q5413426,Nasdaq,EWCZ,,http://www.wikidata.org/entity/Q5413426
,Q5416738,New York Stock Exchange,EB,,http://www.wikidata.org/entity/Q5416738
,Q5417806,New York Stock Exchange,,,http://www.wikidata.org/entity/Q5417806
,Q5421360,Nasdaq,ABCD,,http://www.wikidata.org/entity/Q5421360
,Q5439999,New York Stock Exchange,AGM,,http://www.wikidata.org/entity/Q5439999
,Q5445299,New York Stock Exchange,FGP,,http://www.wikidata.org/entity/Q5445299
,Q5446791,New York Stock Exchange,FNF,,http://www.wikidata.org/entity/Q5446791
,Q5450340,Nasdaq,msc,,http://www.wikidata.org/entity/Q5450340
,Q5452332,Nasdaq,FBNC,,http://www.wikidata.org/entity/Q5452332
,Q5453261,Nasdaq,FRME,,http://www.wikidata.org/entity/Q5453261
,Q5462295,New York Stock Exchange,FLO,,http://www.wikidata.org/entity/Q5462295
,Q5469210,New York Stock Exchange,FOR,,http://www.wikidata.org/entity/Q5469210
,Q5472859,New York Stock Exchange,FBHS,,http://www.wikidata.org/entity/Q5472859
,Q5484477,New York Stock Exchange,FNV,,http://www.wikidata.org/entity/Q5484477
,Q5491211,New York Stock Exchange,FC,,http://www.wikidata.org/entity/Q5491211
,Q5503081,Nasdaq,FRPT,,http://www.wikidata.org/entity/Q5503081
,Q5505929,New York Stock Exchange,,,http://www.wikidata.org/entity/Q5505929
,Q5513200,New York Stock Exchange,,,http://www.wikidata.org/entity/Q5513200
,Q5515077,Nasdaq,OTEX,,http://www.wikidata.org/entity/Q5515077
,Q5531683,New York Stock Exchange,,,http://www.wikidata.org/entity/Q5531683
,Q5532704,New York Stock Exchange,GCO,,http://www.wikidata.org/entity/Q5532704
,Q5533818,New York Stock Exchange,GPC,,http://www.wikidata.org/entity/Q5533818
,Q5560152,Nasdaq,GIGM,,http://www.wikidata.org/entity/Q5560152
,Q5570544,New York Stock Exchange,GPN,,http://www.wikidata.org/entity/Q5570544
,Q5570647,Nasdaq,GSOL,,http://www.wikidata.org/entity/Q5570647
,Q5586622,New York Stock Exchange,GRC,,http://www.wikidata.org/entity/Q5586622
,Q5591659,New York Stock Exchange,GGG,,http://www.wikidata.org/entity/Q5591659
,Q5597139,New York Stock Exchange,GPK,,http://www.wikidata.org/entity/Q5597139
,Q5599440,Nasdaq,GLDD,,http://www.wikidata.org/entity/Q5599440
,Q5603070,Nasdaq,GPRE,,http://www.wikidata.org/entity/Q5603070
,Q5615528,New York Stock Exchange,GWRE,,http://www.wikidata.org/entity/Q5615528
,Q5617531,New York Stock Exchange,EZT,,http://www.wikidata.org/entity/Q5617531
,Q5625470,Nasdaq,GYRO,,http://www.wikidata.org/entity/Q5625470
,Q5627799,New York Stock Exchange,HRB,,http://www.wikidata.org/entity/Q5627799
,Q5629392,Nasdaq,HDS,,http://www.wikidata.org/entity/Q5629392
,Q5629432,New York Stock Exchange,HEI,,http://www.wikidata.org/entity/Q5629432
,Q5639346,Nasdaq,HAIN,,http://www.wikidata.org/entity/Q5639346
,Q5643474,Nasdaq,HALO,,http://www.wikidata.org/entity/Q5643474
,Q5644848,New York Stock Exchange,HBB,,http://www.wikidata.org/entity/Q5644848
,Q5645976,Nasdaq,HBNK,,http://www.wikidata.org/entity/Q5645976
,Q5647768,New York Stock Exchange,HBI,,http://www.wikidata.org/entity/Q5647768
,Q5651043,Nasdaq,HNSN,,http://www.wikidata.org/entity/Q5651043
,Q5651424,Nasdaq,,,http://www.wikidata.org/entity/Q5651424
,Q5656147,Nasdaq,HDNG,,http://www.wikidata.org/entity/Q5656147
,Q5664727,Nasdaq,TINY,,http://www.wikidata.org/entity/Q5664727
,Q5683881,New York Stock Exchange,HVT,,http://www.wikidata.org/entity/Q5683881
,Q5684524,New York Stock Exchange,HE,,http://www.wikidata.org/entity/Q5684524
,Q5690101,New York Stock Exchange,HW,,http://www.wikidata.org/entity/Q5690101
,Q5690594,New York Stock Exchange,,,http://www.wikidata.org/entity/Q5690594
,Q5692871,New York Stock Exchange,HPY,,http://www.wikidata.org/entity/Q5692871
,Q5703474,Nasdaq,HELE,,http://www.wikidata.org/entity/Q5703474
,Q5739298,Nasdaq,HRLY,,http://www.wikidata.org/entity/Q5739298
,Q5748967,New York Stock Exchange,HXL,,http://www.wikidata.org/entity/Q5748967
,Q5750671,Nasdaq,HIBB,,http://www.wikidata.org/entity/Q5750671
,Q5761967,New York Stock Exchange,HRC,,http://www.wikidata.org/entity/Q5761967
,Q5763038,New York Stock Exchange,HI,,http://www.wikidata.org/entity/Q5763038
,Q5881333,New York Stock Exchange,HF,,http://www.wikidata.org/entity/Q5881333
,Q5888639,New York Stock Exchange,,,http://www.wikidata.org/entity/Q5888639
,Q5923178,Nasdaq,ITRI,,http://www.wikidata.org/entity/Q5923178
,Q5928181,New York Stock Exchange,HBM,,http://www.wikidata.org/entity/Q5928181
,Q5950709,Nasdaq,HTCH,,http://www.wikidata.org/entity/Q5950709
,Q5957866,New York Stock Exchange,HYC,,http://www.wikidata.org/entity/Q5957866
,Q5960624,Nasdaq,HSFT,,http://www.wikidata.org/entity/Q5960624
,Q5968216,Nasdaq,ITWO,,http://www.wikidata.org/entity/Q5968216
,Q5968481,Nasdaq,IAWK,,http://www.wikidata.org/entity/Q5968481
,Q5968523,Nasdaq,IBKC,,http://www.wikidata.org/entity/Q5968523
,Q5969311,Nasdaq,,,http://www.wikidata.org/entity/Q5969311
,Q5969799,Nasdaq,ICUI,,http://www.wikidata.org/entity/Q5969799
,Q5973024,Nasdaq,IPGP,,http://www.wikidata.org/entity/Q5973024
,Q5974942,New York Stock Exchange,ESI,,http://www.wikidata.org/entity/Q5974942
,Q5987232,New York Stock Exchange,IDA,,http://www.wikidata.org/entity/Q5987232
,Q5995354,Nasdaq,IKAN,,http://www.wikidata.org/entity/Q5995354
,Q6028443,New York Stock Exchange,NRGY,,http://www.wikidata.org/entity/Q6028443
,Q6032595,Nasdaq,IMKTA,,http://www.wikidata.org/entity/Q6032595
,Q6035325,Nasdaq,INWK,,http://www.wikidata.org/entity/Q6035325
,Q6038080,Nasdaq,NSIT,,http://www.wikidata.org/entity/Q6038080
,Q6043367,New York Stock Exchange,TEG,,http://www.wikidata.org/entity/Q6043367
,Q6044894,Nasdaq,IDCC,,http://www.wikidata.org/entity/Q6044894
,Q6045277,Nasdaq,ININ,,http://www.wikidata.org/entity/Q6045277
,Q6057493,Nasdaq,IVAC,,http://www.wikidata.org/entity/Q6057493
,Q6058618,New York Stock Exchange,IPI,,http://www.wikidata.org/entity/Q6058618
,Q6060469,New York Stock Exchange,IRS,,http://www.wikidata.org/entity/Q6060469
,Q6060936,Nasdaq,IFIN,,http://www.wikidata.org/entity/Q6060936
,Q6107753,Nasdaq,JASO,,http://www.wikidata.org/entity/Q6107753
,Q6113060,Nasdaq,JKHY,,http://www.wikidata.org/entity/Q6113060
,Q6159625,New York Stock Exchange,JAH,,http://www.wikidata.org/entity/Q6159625
,Q6188748,Nasdaq,FORMF,,http://www.wikidata.org/entity/Q6188748
,Q6315968,New York Stock Exchange,JE,,http://www.wikidata.org/entity/Q6315968
,Q6326486,New York Stock Exchange,KBH,,http://www.wikidata.org/entity/Q6326486
,Q6386533,Nasdaq,BKCC,,http://www.wikidata.org/entity/Q6386533
,Q6389159,New York Stock Exchange,,,http://www.wikidata.org/entity/Q6389159
,Q6389509,New York Stock Exchange,KMT,,http://www.wikidata.org/entity/Q6389509
,Q6398722,Nasdaq,KFRC,,http://www.wikidata.org/entity/Q6398722
,Q6418560,Nasdaq,KTTEQ,,http://www.wikidata.org/entity/Q6418560
,Q6422289,New York Stock Exchange,KNX,,http://www.wikidata.org/entity/Q6422289
,Q6426028,Nasdaq,KCAP,,http://www.wikidata.org/entity/Q6426028
,Q6428706,Nasdaq,KONA,,http://www.wikidata.org/entity/Q6428706
,Q6456630,New York Stock Exchange,SCX,,http://www.wikidata.org/entity/Q6456630
,Q6513538,New York Stock Exchange,LEE,,http://www.wikidata.org/entity/Q6513538
,Q6517346,Nasdaq,LZ,,http://www.wikidata.org/entity/Q6517346
,Q6522339,Nasdaq,TREE,,http://www.wikidata.org/entity/Q6522339
,Q6545004,New York Stock Exchange,LTM,,http://www.wikidata.org/entity/Q6545004
,Q6546636,Nasdaq,GFSI,,http://www.wikidata.org/entity/Q6546636
,Q6550684,Nasdaq,LINC,,http://www.wikidata.org/entity/Q6550684
,Q6552749,New York Stock Exchange,LNN,,http://www.wikidata.org/entity/Q6552749
,Q6654568,Nasdaq,LPSN,,http://www.wikidata.org/entity/Q6654568
,Q6654568,New York Stock Exchange,,,http://www.wikidata.org/entity/Q6654568
,Q6663075,Nasdaq,LOJN,,http://www.wikidata.org/entity/Q6663075
,Q6690181,Nasdaq,LOVE,,http://www.wikidata.org/entity/Q6690181
,Q6703383,Nasdaq,LMOS,,http://www.wikidata.org/entity/Q6703383
,Q6715131,New York Stock Exchange,MDC,,http://www.wikidata.org/entity/Q6715131
,Q6715200,New York Stock Exchange,MDU,,http://www.wikidata.org/entity/Q6715200
,Q6715352,Nasdaq,MELA,,http://www.wikidata.org/entity/Q6715352
,Q6715705,Nasdaq,MGEE,,http://www.wikidata.org/entity/Q6715705
,Q6717621,Nasdaq,UNCL,,http://www.wikidata.org/entity/Q6717621
,Q6717732,New York Stock Exchange,MSM,,http://www.wikidata.org/entity/Q6717732
,Q6735371,Nasdaq,MHLD,,http://www.wikidata.org/entity/Q6735371
,Q6735419,New York Stock Exchange,,,http://www.wikidata.org/entity/Q6735419
,Q6757974,New York Stock Exchange,MMI,,http://www.wikidata.org/entity/Q6757974
,Q6782872,New York Stock Exchange,MAS,,http://www.wikidata.org/entity/Q6782872
,Q6786571,Nasdaq,MTLS,,http://www.wikidata.org/entity/Q6786571
,Q6792378,New York Stock Exchange,MLP,,http://www.wikidata.org/entity/Q6792378
,Q6794502,New York Stock Exchange,MXL,,http://www.wikidata.org/entity/Q6794502
,Q6806861,New York Stock Exchange,MED,,http://www.wikidata.org/entity/Q6806861
,Q6807739,Nasdaq,MEET,,http://www.wikidata.org/entity/Q6807739
,Q6813052,Nasdaq,MLNX,,http://www.wikidata.org/entity/Q6813052
,Q6819538,New York Stock Exchange,MTH,,http://www.wikidata.org/entity/Q6819538
,Q6822267,Nasdaq,CASH,,http://www.wikidata.org/entity/Q6822267
,Q6822359,Nasdaq,YTEN,,http://www.wikidata.org/entity/Q6822359
,Q6839039,Nasdaq,,,http://www.wikidata.org/entity/Q6839039
,Q6858766,New York Stock Exchange,MM,,http://www.wikidata.org/entity/Q6858766
,Q6902090,Nasdaq,MNRO,,http://www.wikidata.org/entity/Q6902090
,Q6952158,New York Stock Exchange,NC,,http://www.wikidata.org/entity/Q6952158
,Q6954692,New York Stock Exchange,,,http://www.wikidata.org/entity/Q6954692
,Q6954876,New York Stock Exchange,OTCPINK:TFRFF,,http://www.wikidata.org/entity/Q6954876
,Q6955096,New York Stock Exchange,LKM,,http://www.wikidata.org/entity/Q6955096
,Q6955706,New York Stock Exchange,NVR,,http://www.wikidata.org/entity/Q6955706
,Q6955989,New York Stock Exchange,NWN,,http://www.wikidata.org/entity/Q6955989
,Q6956324,Nasdaq,,,http://www.wikidata.org/entity/Q6956324
,Q6966783,Nasdaq,,,http://www.wikidata.org/entity/Q6966783
,Q6968762,Nasdaq,NTRA,,http://www.wikidata.org/entity/Q6968762
,Q6994181,Nasdaq,NBS,,http://www.wikidata.org/entity/Q6994181
,Q6998317,Nasdaq,NTCT,,http://www.wikidata.org/entity/Q6998317
,Q7002474,Nasdaq,STIM,,http://www.wikidata.org/entity/Q7002474
,Q7002903,New York Stock Exchange,NSR,,http://www.wikidata.org/entity/Q7002903
,Q7008861,Nasdaq,NWRZ,,http://www.wikidata.org/entity/Q7008861
,Q7009312,New York Stock Exchange,NJR,,http://www.wikidata.org/entity/Q7009312
,Q7010502,New York Stock Exchange,,,http://www.wikidata.org/entity/Q7010502
,Q7018524,Nasdaq,NMRK,,http://www.wikidata.org/entity/Q7018524
,Q7021239,New York Stock Exchange,KIND,,http://www.wikidata.org/entity/Q7021239
,Q7050535,New York Stock Exchange,,,http://www.wikidata.org/entity/Q7050535
,Q7064069,Nasdaq,NVMI,,http://www.wikidata.org/entity/Q7064069
,Q7067716,Nasdaq,NUVA,,http://www.wikidata.org/entity/Q7067716
,Q7070498,Nasdaq,NTRI,,http://www.wikidata.org/entity/Q7070498
,Q7070744,Nasdaq,NXTM,,http://www.wikidata.org/entity/Q7070744
,Q7072730,New York Stock Exchange,OMN,,http://www.wikidata.org/entity/Q7072730
,Q7073021,Nasdaq,OSIS,,http://www.wikidata.org/entity/Q7073021
,Q7076047,Nasdaq,OPTT,,http://www.wikidata.org/entity/Q7076047
,Q7090016,New York Stock Exchange,OME,,http://www.wikidata.org/entity/Q7090016
,Q7092720,Nasdaq,OHGI,,http://www.wikidata.org/entity/Q7092720
,Q7097878,Nasdaq,,,http://www.wikidata.org/entity/Q7097878
,Q7098806,Nasdaq,OCC,,http://www.wikidata.org/entity/Q7098806
,Q7106872,Nasdaq,OSIR,,http://www.wikidata.org/entity/Q7106872
,Q7109415,Nasdaq,OTTR,,http://www.wikidata.org/entity/Q7109415
,Q7114736,New York Stock Exchange,OC,,http://www.wikidata.org/entity/Q7114736
,Q7118075,Nasdaq,,,http://www.wikidata.org/entity/Q7118075
,Q7118693,Nasdaq,CNXN,,http://www.wikidata.org/entity/Q7118693
,Q7118809,Nasdaq,PDFS,,http://www.wikidata.org/entity/Q7118809
,Q7119110,Nasdaq,PFSW,,http://www.wikidata.org/entity/Q7119110
,Q7119849,New York Stock Exchange,PNM,,http://www.wikidata.org/entity/Q7119849
,Q7124128,New York Stock Exchange,PAGS,,http://www.wikidata.org/entity/Q7124128
,Q7129613,Nasdaq,PAAS,,http://www.wikidata.org/entity/Q7129613
,Q7138046,Nasdaq,PSTB,,http://www.wikidata.org/entity/Q7138046
,Q7156755,New York Stock Exchange,PSS,,http://www.wikidata.org/entity/Q7156755
,Q7160449,Nasdaq,PMFG,,http://www.wikidata.org/entity/Q7160449
,Q7163201,Nasdaq,PENN,,http://www.wikidata.org/entity/Q7163201
,Q7163348,New York Stock Exchange,,,http://www.wikidata.org/entity/Q7163348
,Q7165001,New York Stock Exchange,PNR,,http://www.wikidata.org/entity/Q7165001
,Q7169774,Nasdaq,PERY,,http://www.wikidata.org/entity/Q7169774
,Q7187948,Nasdaq,PLAB,,http://www.wikidata.org/entity/Q7187948
,Q7188106,New York Stock Exchange,PHR,,http://www.wikidata.org/entity/Q7188106
,Q7196290,New York Stock Exchange,,,http://www.wikidata.org/entity/Q7196290
,Q7201095,New York Stock Exchange,PLNT,,http://www.wikidata.org/entity/Q7201095
,Q7205253,Nasdaq,PLUG,,http://www.wikidata.org/entity/Q7205253
,Q7226106,New York Stock Exchange,AVNT,,http://www.wikidata.org/entity/Q7226106
,Q7234972,Nasdaq,PCH,,http://www.wikidata.org/entity/Q7234972
,Q7236078,Nasdaq,POWL,,http://www.wikidata.org/entity/Q7236078
,Q7236674,New York Stock Exchange,HRT,,http://www.wikidata.org/entity/Q7236674
,Q7240292,Nasdaq,PRXI,,http://www.wikidata.org/entity/Q7240292
,Q7241774,New York Stock Exchange,PBH,,http://www.wikidata.org/entity/Q7241774
,Q7242563,Nasdaq,PSMT,,http://www.wikidata.org/entity/Q7242563
,Q7247211,Nasdaq,PKT,,http://www.wikidata.org/entity/Q7247211
,Q7256219,Nasdaq,PMD,,http://www.wikidata.org/entity/Q7256219
,Q7259716,New York Stock Exchange,PHM,,http://www.wikidata.org/entity/Q7259716
,Q7268255,New York Stock Exchange,QUAD,,http://www.wikidata.org/entity/Q7268255
,Q7268798,Nasdaq,QBAK,,http://www.wikidata.org/entity/Q7268798
,Q7268803,Nasdaq,XM,,http://www.wikidata.org/entity/Q7268803
,Q7268886,New York Stock Exchange,PWR,,http://www.wikidata.org/entity/Q7268886
,Q7272057,Nasdaq,QNST,,http://www.wikidata.org/entity/Q7272057
,Q7276640,Nasdaq,RGCO,,http://www.wikidata.org/entity/Q7276640
,Q7276995,Nasdaq,RMGN,,http://www.wikidata.org/entity/Q7276995
,Q7277601,Nasdaq,RPXC,,http://www.wikidata.org/entity/Q7277601
,Q7277843,New York Stock Exchange,,,http://www.wikidata.org/entity/Q7277843
,Q7280047,Nasdaq,RDCM,,http://www.wikidata.org/entity/Q7280047
,Q7280252,Nasdaq,RSYS,,http://www.wikidata.org/entity/Q7280252
,Q7299366,New York Stock Exchange,RYN,,http://www.wikidata.org/entity/Q7299366
,Q7300936,Nasdaq,,,http://www.wikidata.org/entity/Q7300936
,Q7304530,New York Stock Exchange,RLH,,http://www.wikidata.org/entity/Q7304530
,Q7305846,Nasdaq,RDFN,,http://www.wikidata.org/entity/Q7305846
,Q7307899,New York Stock Exchange,RRX,,http://www.wikidata.org/entity/Q7307899
,Q7309325,New York Stock Exchange,RGS,,http://www.wikidata.org/entity/Q7309325
,Q7309349,Nasdaq,RCOM,,http://www.wikidata.org/entity/Q7309349
,Q7311031,New York Stock Exchange,RS,,http://www.wikidata.org/entity/Q7311031
,Q7311538,Nasdaq,MARK,,http://www.wikidata.org/entity/Q7311538
,Q7312262,Nasdaq,REMY,,http://www.wikidata.org/entity/Q7312262
,Q7313537,Nasdaq,RTK,,http://www.wikidata.org/entity/Q7313537
,Q7313561,Nasdaq,RENT,,http://www.wikidata.org/entity/Q7313561
,Q7314903,New York Stock Exchange,RMD,,http://www.wikidata.org/entity/Q7314903
,Q7355463,Nasdaq,INDB,,http://www.wikidata.org/entity/Q7355463
,Q7355744,Nasdaq,RCKY,,http://www.wikidata.org/entity/Q7355744
,Q7355878,Nasdaq,RMCF,,http://www.wikidata.org/entity/Q7355878
,Q7377461,New York Stock Exchange,ONTO,,http://www.wikidata.org/entity/Q7377461
,Q7385157,New York Stock Exchange,,,http://www.wikidata.org/entity/Q7385157
,Q7391384,Nasdaq,SMTP,,http://www.wikidata.org/entity/Q7391384
,Q7392074,Nasdaq,SBLU,,http://www.wikidata.org/entity/Q7392074
,Q7392495,New York Stock Exchange,,,http://www.wikidata.org/entity/Q7392495
,Q7398856,New York Stock Exchange,,,http://www.wikidata.org/entity/Q7398856
,Q7405065,New York Stock Exchange,SBH,,http://www.wikidata.org/entity/Q7405065
,Q7432923,Nasdaq,SDGR,,http://www.wikidata.org/entity/Q7432923
,Q7449678,Nasdaq,AMAT,,http://www.wikidata.org/entity/Q7449678
,Q7450295,Nasdaq,SENEA,,http://www.wikidata.org/entity/Q7450295
,Q7451039,New York Stock Exchange,SXT,,http://www.wikidata.org/entity/Q7451039
,Q7457122,Nasdaq,SEV,,http://www.wikidata.org/entity/Q7457122
,Q7500007,Nasdaq,SCVL,,http://www.wikidata.org/entity/Q7500007
,Q7503323,Nasdaq,,,http://www.wikidata.org/entity/Q7503323
,Q7505672,Nasdaq,SFLY,,http://www.wikidata.org/entity/Q7505672
,Q7543936,Nasdaq,,,http://www.wikidata.org/entity/Q7543936
,Q7554758,New York Stock Exchange,SHCO,,http://www.wikidata.org/entity/Q7554758
,Q7562414,Nasdaq,SONS,,http://www.wikidata.org/entity/Q7562414
,Q7569447,Nasdaq,YNDX,,http://www.wikidata.org/entity/Q7569447
,Q7571280,New York Stock Exchange,SWX,,http://www.wikidata.org/entity/Q7571280
,Q7580289,Nasdaq,,,http://www.wikidata.org/entity/Q7580289
,Q7582097,New York Stock Exchange,SQSP,,http://www.wikidata.org/entity/Q7582097
,Q7598157,New York Stock Exchange,,,http://www.wikidata.org/entity/Q7598157
,Q7598287,New York Stock Exchange,,,http://www.wikidata.org/entity/Q7598287
,Q7598289,Nasdaq,SP,,http://www.wikidata.org/entity/Q7598289
,Q7611370,Nasdaq,SBIB,,http://www.wikidata.org/entity/Q7611370
,Q7615782,Nasdaq,,,http://www.wikidata.org/entity/Q7615782
,Q7617297,New York Stock Exchange,SWC,,http://www.wikidata.org/entity/Q7617297
,Q7622587,Nasdaq,,,http://www.wikidata.org/entity/Q7622587
,Q7627777,Nasdaq,STB,,http://www.wikidata.org/entity/Q7627777
,Q7638414,Nasdaq,SNBC,,http://www.wikidata.org/entity/Q7638414
,Q7658825,Nasdaq,SWSH,,http://www.wikidata.org/entity/Q7658825
,Q7662636,Nasdaq,,,http://www.wikidata.org/entity/Q7662636
,Q7663801,New York Stock Exchange,GIC,,http://www.wikidata.org/entity/Q7663801
,Q7671766,New York Stock Exchange,,,http://www.wikidata.org/entity/Q7671766
,Q7685824,New York Stock Exchange,TRGP,,http://www.wikidata.org/entity/Q7685824
,Q7690075,New York Stock Exchange,TMHC,,http://www.wikidata.org/entity/Q7690075
,Q7692121,Nasdaq,CNTF,,http://www.wikidata.org/entity/Q7692121
,Q7695260,New York Stock Exchange,TRC,,http://www.wikidata.org/entity/Q7695260
,Q7695732,Nasdaq,TNAV,,http://www.wikidata.org/entity/Q7695732
,Q7695737,Nasdaq,TTEC,,http://www.wikidata.org/entity/Q7695737
,Q7697923,New York Stock Exchange,TIXT,,http://www.wikidata.org/entity/Q7697923
,Q7701490,Nasdaq,,,http://www.wikidata.org/entity/Q7701490
,Q7701648,Nasdaq,TERN,,http://www.wikidata.org/entity/Q7701648
,Q7707900,New York Stock Exchange,TPL,,http://www.wikidata.org/entity/Q7707900
,Q7712716,Nasdaq,ABCO,,http://www.wikidata.org/entity/Q7712716
,Q7727656,New York Stock Exchange,,,http://www.wikidata.org/entity/Q7727656
,Q7728670,Nasdaq,,,http://www.wikidata.org/entity/Q7728670
,Q7738224,New York Stock Exchange,GBX,,http://www.wikidata.org/entity/Q7738224
,Q7742790,New York Stock Exchange,SJM,,http://www.wikidata.org/entity/Q7742790
,Q7744883,New York Stock Exchange,,,http://www.wikidata.org/entity/Q7744883
,Q7776719,Nasdaq,YORW,,http://www.wikidata.org/entity/Q7776719
,Q7786824,New York Stock Exchange,TNB,,http://www.wikidata.org/entity/Q7786824
,Q7796156,Nasdaq,,,http://www.wikidata.org/entity/Q7796156
,Q7809776,New York Stock Exchange,TWI,,http://www.wikidata.org/entity/Q7809776
,Q7814310,New York Stock Exchange,TOL,,http://www.wikidata.org/entity/Q7814310
,Q7824332,New York Stock Exchange,TR,,http://www.wikidata.org/entity/Q7824332
,Q7837478,New York Stock Exchange,TG,,http://www.wikidata.org/entity/Q7837478
,Q7839814,New York Stock Exchange,TNET,,http://www.wikidata.org/entity/Q7839814
,Q7844609,Nasdaq,TSRX,,http://www.wikidata.org/entity/Q7844609
,Q7847309,Nasdaq,TRUE,,http://www.wikidata.org/entity/Q7847309
,Q7850758,Nasdaq,tube,,http://www.wikidata.org/entity/Q7850758
,Q7858146,Nasdaq,TWIN,,http://www.wikidata.org/entity/Q7858146
,Q7865844,Nasdaq,USAT,,http://www.wikidata.org/entity/Q7865844
,Q7876045,Nasdaq,UTSI,,http://www.wikidata.org/entity/Q7876045
,Q7887635,Nasdaq,UCBI,,http://www.wikidata.org/entity/Q7887635
,Q7893929,New York Stock Exchange,UVV,,http://www.wikidata.org/entity/Q7893929
,Q7893954,Nasdaq,ufpi,,http://www.wikidata.org/entity/Q7893954
,Q7893967,New York Stock Exchange,UHS,,http://www.wikidata.org/entity/Q7893967
,Q7903503,New York Stock Exchange,UTZ,,http://www.wikidata.org/entity/Q7903503
,Q7907548,Nasdaq,VSEC,,http://www.wikidata.org/entity/Q7907548
,Q7907666,Nasdaq,VWR,,http://www.wikidata.org/entity/Q7907666
,Q7915754,Nasdaq,,,http://www.wikidata.org/entity/Q7915754
,Q7917805,New York Stock Exchange,VGR,,http://www.wikidata.org/entity/Q7917805
,Q7920749,Nasdaq,VRA,,http://www.wikidata.org/entity/Q7920749
,Q7924444,New York Stock Exchange,VVI,,http://www.wikidata.org/entity/Q7924444
,Q7925565,Nasdaq,VICR,,http://www.wikidata.org/entity/Q7925565
,Q7931283,Nasdaq,VIMC,,http://www.wikidata.org/entity/Q7931283
,Q7937048,Nasdaq,VTSS,,http://www.wikidata.org/entity/Q7937048
,Q7943726,Nasdaq,VUZI,,http://www.wikidata.org/entity/Q7943726
,Q7946278,New York Stock Exchange,WBC,,http://www.wikidata.org/entity/Q7946278
,Q7954203,Nasdaq,WPCS,,http://www.wikidata.org/entity/Q7954203
,Q7958965,New York Stock Exchange,WDR,,http://www.wikidata.org/entity/Q7958965
,Q7978418,Nasdaq,WWWW,,http://www.wikidata.org/entity/Q7978418
,Q7980370,New York Stock Exchange,WMK,,http://www.wikidata.org/entity/Q7980370
,Q7983382,Nasdaq,WERN,,http://www.wikidata.org/entity/Q7983382
,Q7984882,Nasdaq,WSTC,,http://www.wikidata.org/entity/Q7984882
,Q7985852,Nasdaq,WMAR,,http://www.wikidata.org/entity/Q7985852
,Q7989598,Nasdaq,WPRT,,http://www.wikidata.org/entity/Q7989598
,Q7995089,New York Stock Exchange,WTM,,http://www.wikidata.org/entity/Q7995089
,Q8027166,New York Stock Exchange,WEC,,http://www.wikidata.org/entity/Q8027166
,Q8027406,Nasdaq,WETF,,http://www.wikidata.org/entity/Q8027406
,Q8027406,New York Stock Exchange,WT,,http://www.wikidata.org/entity/Q8027406
,Q8038212,New York Stock Exchange,WEX,,http://www.wikidata.org/entity/Q8038212
,Q8046570,Nasdaq,,,http://www.wikidata.org/entity/Q8046570
,Q8046570,New York Stock Exchange,,,http://www.wikidata.org/entity/Q8046570
,Q8059885,New York Stock Exchange,YUME,,http://www.wikidata.org/entity/Q8059885
,Q8070896,Nasdaq,ZHNE,,http://www.wikidata.org/entity/Q8070896
,Q8071921,Nasdaq,Z,,http://www.wikidata.org/entity/Q8071921
,Q8072579,Nasdaq,ZION,,http://www.wikidata.org/entity/Q8072579
,Q8072576,Nasdaq,ZION,,http://www.wikidata.org/entity/Q8072576
,Q8072593,Nasdaq,RLGY,,http://www.wikidata.org/entity/Q8072593
,Q8073627,Nasdaq,,,http://www.wikidata.org/entity/Q8073627
,Q8074159,Nasdaq,ZOOM,,http://www.wikidata.org/entity/Q8074159
,Q8075320,New York Stock Exchange,ZUO,,http://www.wikidata.org/entity/Q8075320
,Q8075855,Nasdaq,ZIGO,,http://www.wikidata.org/entity/Q8075855
,Q10291918,New York Stock Exchange,RIO,,http://www.wikidata.org/entity/Q10291918
,Q10394124,Nasdaq,XP,,http://www.wikidata.org/entity/Q10394124
,Q10534742,Nasdaq,IMMR,,http://www.wikidata.org/entity/Q10534742
,Q10659632,New York Stock Exchange,FLOW,,http://www.wikidata.org/entity/Q10659632
,Q10846071,Nasdaq,KRKR,,http://www.wikidata.org/entity/Q10846071
,Q10884844,New York Stock Exchange,SNF,,http://www.wikidata.org/entity/Q10884844
,Q10896530,Nasdaq,OIIM,,http://www.wikidata.org/entity/Q10896530
,Q11074158,Nasdaq,SIMO,,http://www.wikidata.org/entity/Q11074158
,Q11235714,New York Stock Exchange,NIS,,http://www.wikidata.org/entity/Q11235714
,Q12058769,Nasdaq,GLDC,,http://www.wikidata.org/entity/Q12058769
,Q12063032,New York Stock Exchange,DRD,,http://www.wikidata.org/entity/Q12063032
,Q13529431,Nasdaq,MEOH,,http://www.wikidata.org/entity/Q13529431
,Q13529476,Nasdaq,SWIR,,http://www.wikidata.org/entity/Q13529476
,Q13715273,New York Stock Exchange,ATC,,http://www.wikidata.org/entity/Q13715273
,Q15030582,New York Stock Exchange,,,http://www.wikidata.org/entity/Q15030582
,Q15109850,Nasdaq,CNXT,,http://www.wikidata.org/entity/Q15109850
,Q15109865,Nasdaq,DXCM,,http://www.wikidata.org/entity/Q15109865
,Q15109878,Nasdaq,,,http://www.wikidata.org/entity/Q15109878
,Q15109880,Nasdaq,HLIT,,http://www.wikidata.org/entity/Q15109880
,Q15109887,Nasdaq,COHR,,http://www.wikidata.org/entity/Q15109887
,Q15109885,Nasdaq,IDSY,,http://www.wikidata.org/entity/Q15109885
,Q15109897,Nasdaq,MAYS,,http://www.wikidata.org/entity/Q15109897
,Q15109903,Nasdaq,LUNA,,http://www.wikidata.org/entity/Q15109903
,Q15109901,Nasdaq,,,http://www.wikidata.org/entity/Q15109901
,Q15109904,Nasdaq,MAG,,http://www.wikidata.org/entity/Q15109904
,Q15109912,Nasdaq,NAII,,http://www.wikidata.org/entity/Q15109912
,Q15109932,Nasdaq,WILN,,http://www.wikidata.org/entity/Q15109932
,Q15138136,New York Stock Exchange,MR,,http://www.wikidata.org/entity/Q15138136
,Q15589464,Nasdaq,DBX,,http://www.wikidata.org/entity/Q15589464
,Q15606898,New York Stock Exchange,,,http://www.wikidata.org/entity/Q15606898
,Q15898172,Nasdaq,ZH,,http://www.wikidata.org/entity/Q15898172
,Q15898172,New York Stock Exchange,ZH,,http://www.wikidata.org/entity/Q15898172
,Q15917534,New York Stock Exchange,FF,,http://www.wikidata.org/entity/Q15917534
,Q15964713,Nasdaq,CPHD,,http://www.wikidata.org/entity/Q15964713
,Q15964806,Nasdaq,IMGN,,http://www.wikidata.org/entity/Q15964806
,Q16240807,Nasdaq,ABTL,,http://www.wikidata.org/entity/Q16240807
,Q16249409,New York Stock Exchange,EXP,,http://www.wikidata.org/entity/Q16249409
,Q16251015,Nasdaq,GLPI,,http://www.wikidata.org/entity/Q16251015
,Q16255259,Nasdaq,SPAN,,http://www.wikidata.org/entity/Q16255259
,Q16526979,Nasdaq,ANGH,,http://www.wikidata.org/entity/Q16526979
,Q16738121,New York Stock Exchange,ALLE,,http://www.wikidata.org/entity/Q16738121
,Q16824303,Nasdaq,AAAP,,http://www.wikidata.org/entity/Q16824303
,Q16824882,New York Stock Exchange,,,http://www.wikidata.org/entity/Q16824882
,Q16825098,Nasdaq,AMCF,,http://www.wikidata.org/entity/Q16825098
,Q16834334,New York Stock Exchange,,,http://www.wikidata.org/entity/Q16834334
,Q16838618,New York Stock Exchange,FLT,,http://www.wikidata.org/entity/Q16838618
,Q16850385,Nasdaq,CVGW,,http://www.wikidata.org/entity/Q16850385
,Q16885315,New York Stock Exchange,MLI,,http://www.wikidata.org/entity/Q16885315
,Q16932650,Nasdaq,RBCN,,http://www.wikidata.org/entity/Q16932650
,Q16950815,Nasdaq,BECN,,http://www.wikidata.org/entity/Q16950815
,Q16956471,New York Stock Exchange,,,http://www.wikidata.org/entity/Q16956471
,Q16958140,New York Stock Exchange,NKA,,http://www.wikidata.org/entity/Q16958140
,Q16967103,New York Stock Exchange,CSLT,,http://www.wikidata.org/entity/Q16967103
,Q16968424,Nasdaq,ZLTQ,,http://www.wikidata.org/entity/Q16968424
,Q16968655,Nasdaq,FUEL,,http://www.wikidata.org/entity/Q16968655
,Q16974144,Nasdaq,DRWI,,http://www.wikidata.org/entity/Q16974144
,Q16974697,New York Stock Exchange,EXTN,,http://www.wikidata.org/entity/Q16974697
,Q16975402,Nasdaq,ESEA,,http://www.wikidata.org/entity/Q16975402
,Q16980395,New York Stock Exchange,HOS,,http://www.wikidata.org/entity/Q16980395
,Q16980871,New York Stock Exchange,KAI,,http://www.wikidata.org/entity/Q16980871
,Q16980898,New York Stock Exchange,KSU,,http://www.wikidata.org/entity/Q16980898
,Q16981865,New York Stock Exchange,MD,,http://www.wikidata.org/entity/Q16981865
,Q16982326,New York Stock Exchange,MWA,,http://www.wikidata.org/entity/Q16982326
,Q16982478,New York Stock Exchange,NCS,,http://www.wikidata.org/entity/Q16982478
,Q16983334,New York Stock Exchange,PKG,,http://www.wikidata.org/entity/Q16983334
,Q16983368,New York Stock Exchange,PKE,,http://www.wikidata.org/entity/Q16983368
,Q16984071,New York Stock Exchange,RNR,,http://www.wikidata.org/entity/Q16984071
,Q16984162,New York Stock Exchange,,,http://www.wikidata.org/entity/Q16984162
,Q16984188,New York Stock Exchange,ROG,,http://www.wikidata.org/entity/Q16984188
,Q16985220,New York Stock Exchange,SWFT,,http://www.wikidata.org/entity/Q16985220
,Q16985313,New York Stock Exchange,TCP,,http://www.wikidata.org/entity/Q16985313
,Q16985436,New York Stock Exchange,,,http://www.wikidata.org/entity/Q16985436
,Q16985452,Nasdaq,BRKS,,http://www.wikidata.org/entity/Q16985452
,Q16985465,New York Stock Exchange,TGH,,http://www.wikidata.org/entity/Q16985465
,Q16985644,New York Stock Exchange,TIE,,http://www.wikidata.org/entity/Q16985644
,Q16985774,New York Stock Exchange,TREX,,http://www.wikidata.org/entity/Q16985774
,Q16985829,New York Stock Exchange,TUP,,http://www.wikidata.org/entity/Q16985829
,Q16985911,Nasdaq,CFNB,,http://www.wikidata.org/entity/Q16985911
,Q16986355,Nasdaq,ISIG,,http://www.wikidata.org/entity/Q16986355
,Q16986417,New York Stock Exchange,VSR,,http://www.wikidata.org/entity/Q16986417
,Q16988318,Nasdaq,CDTI,,http://www.wikidata.org/entity/Q16988318
,Q16988355,New York Stock Exchange,CLD,,http://www.wikidata.org/entity/Q16988355
,Q16992353,Nasdaq,ELRC,,http://www.wikidata.org/entity/Q16992353
,Q16992684,Nasdaq,PLUS,,http://www.wikidata.org/entity/Q16992684
,Q16993447,Nasdaq,AVDL,,http://www.wikidata.org/entity/Q16993447
,Q16993862,Nasdaq,FCEL,,http://www.wikidata.org/entity/Q16993862
,Q16995338,Nasdaq,HTCO,,http://www.wikidata.org/entity/Q16995338
,Q16996000,Nasdaq,HWCC,,http://www.wikidata.org/entity/Q16996000
,Q16996073,Nasdaq,HCBK,,http://www.wikidata.org/entity/Q16996073
,Q16996938,Nasdaq,IFON,,http://www.wikidata.org/entity/Q16996938
,Q16997283,Nasdaq,IPCM,,http://www.wikidata.org/entity/Q16997283
,Q16997309,Nasdaq,IRWD,,http://www.wikidata.org/entity/Q16997309
,Q16997963,Nasdaq,JWEB,,http://www.wikidata.org/entity/Q16997963
,Q16998439,Nasdaq,KINS,,http://www.wikidata.org/entity/Q16998439
,Q16998645,Nasdaq,KOPN,,http://www.wikidata.org/entity/Q16998645
,Q16999030,Nasdaq,LAKE,,http://www.wikidata.org/entity/Q16999030
,Q17001319,Nasdaq,BNTC,,http://www.wikidata.org/entity/Q17001319
,Q17017007,Nasdaq,LBUR,,http://www.wikidata.org/entity/Q17017007
,Q17018954,Nasdaq,OPTT,,http://www.wikidata.org/entity/Q17018954
,Q17025895,New York Stock Exchange,HBAPRD,,http://www.wikidata.org/entity/Q17025895
,Q17050423,Nasdaq,CARG,,http://www.wikidata.org/entity/Q17050423
,Q17050559,New York Stock Exchange,,,http://www.wikidata.org/entity/Q17050559
,Q17051348,Nasdaq,MESG,,http://www.wikidata.org/entity/Q17051348
,Q17068557,Nasdaq,MTSN,,http://www.wikidata.org/entity/Q17068557
,Q17068666,Nasdaq,MDAS,,http://www.wikidata.org/entity/Q17068666
,Q17068984,Nasdaq,EGAN,,http://www.wikidata.org/entity/Q17068984
,Q17070831,Nasdaq,NRCIA,,http://www.wikidata.org/entity/Q17070831
,Q17078981,Nasdaq,TAST,,http://www.wikidata.org/entity/Q17078981
,Q17079580,Nasdaq,SQI,,http://www.wikidata.org/entity/Q17079580
,Q17080510,Nasdaq,MATR,,http://www.wikidata.org/entity/Q17080510
,Q17080768,Nasdaq,SGI,,http://www.wikidata.org/entity/Q17080768
,Q17082992,Nasdaq,SPSC,,http://www.wikidata.org/entity/Q17082992
,Q17084327,Nasdaq,OVTI,,http://www.wikidata.org/entity/Q17084327
,Q17086475,Nasdaq,ULBI,,http://www.wikidata.org/entity/Q17086475
,Q17086854,Nasdaq,URRE,,http://www.wikidata.org/entity/Q17086854
,Q17087372,Nasdaq,WLDN,,http://www.wikidata.org/entity/Q17087372
,Q17089427,New York Stock Exchange,TGE,,http://www.wikidata.org/entity/Q17089427
,Q17091062,Nasdaq,VSCI,,http://www.wikidata.org/entity/Q17091062
,Q17091125,Nasdaq,VLTC,,http://www.wikidata.org/entity/Q17091125
,Q17107854,Nasdaq,MAKO,,http://www.wikidata.org/entity/Q17107854
,Q17108701,Nasdaq,MEDP,,http://www.wikidata.org/entity/Q17108701
,Q17108752,New York Stock Exchange,,,http://www.wikidata.org/entity/Q17108752
,Q17113762,Nasdaq,MFRI,,http://www.wikidata.org/entity/Q17113762
,Q17113791,Nasdaq,MSEX,,http://www.wikidata.org/entity/Q17113791
,Q17114067,Nasdaq,MWIV,,http://www.wikidata.org/entity/Q17114067
,Q17114199,Nasdaq,NEOG,,http://www.wikidata.org/entity/Q17114199
,Q17114287,New York Stock Exchange,NR,,http://www.wikidata.org/entity/Q17114287
,Q17114308,Nasdaq,NKTR,,http://www.wikidata.org/entity/Q17114308
,Q17125822,Nasdaq,ANTP,,http://www.wikidata.org/entity/Q17125822
,Q17138182,Nasdaq,OPK,,http://www.wikidata.org/entity/Q17138182
,Q17143142,New York Stock Exchange,REX,,http://www.wikidata.org/entity/Q17143142
,Q17143508,Nasdaq,CATB,,http://www.wikidata.org/entity/Q17143508
,Q17144725,Nasdaq,ZIXI,,http://www.wikidata.org/entity/Q17144725
,Q17145596,Nasdaq,TESO,,http://www.wikidata.org/entity/Q17145596
,Q17145997,Nasdaq,UFPT,,http://www.wikidata.org/entity/Q17145997
,Q17146135,Nasdaq,SIRO,,http://www.wikidata.org/entity/Q17146135
,Q17149417,Nasdaq,USCR,,http://www.wikidata.org/entity/Q17149417
,Q17152492,New York Stock Exchange,PRLB,,http://www.wikidata.org/entity/Q17152492
,Q17183462,Nasdaq,GBCI,,http://www.wikidata.org/entity/Q17183462
,Q17183768,Nasdaq,HUBG,,http://www.wikidata.org/entity/Q17183768
,Q17499083,New York Stock Exchange,WUBA,,http://www.wikidata.org/entity/Q17499083
,Q17510106,Nasdaq,AGYS,,http://www.wikidata.org/entity/Q17510106
,Q17513511,Nasdaq,HYGS,,http://www.wikidata.org/entity/Q17513511
,Q17514215,Nasdaq,VCSA,,http://www.wikidata.org/entity/Q17514215
,Q17551096,New York Stock Exchange,KEYS,,http://www.wikidata.org/entity/Q17551096
,Q17622888,Nasdaq,CDURQ,,http://www.wikidata.org/entity/Q17622888
,Q17985413,Nasdaq,ACTP,,http://www.wikidata.org/entity/Q17985413
,Q17986287,Nasdaq,CARV,,http://www.wikidata.org/entity/Q17986287
,Q18150216,New York Stock Exchange,,,http://www.wikidata.org/entity/Q18150216
,Q18150455,Nasdaq,ENVI,,http://www.wikidata.org/entity/Q18150455
,Q18156998,New York Stock Exchange,WK,,http://www.wikidata.org/entity/Q18156998
,Q18168364,Nasdaq,SHOS,,http://www.wikidata.org/entity/Q18168364
,Q18169198,Nasdaq,QRVO,,http://www.wikidata.org/entity/Q18169198
,Q18205529,New York Stock Exchange,BILL,,http://www.wikidata.org/entity/Q18205529
,Q18619467,New York Stock Exchange,RYAM,,http://www.wikidata.org/entity/Q18619467
,Q18619982,Nasdaq,CENX,,http://www.wikidata.org/entity/Q18619982
,Q18635265,New York Stock Exchange,LSPD,,http://www.wikidata.org/entity/Q18635265
,Q18635282,Nasdaq,OMED,,http://www.wikidata.org/entity/Q18635282
,Q18636367,Nasdaq,SZMK,,http://www.wikidata.org/entity/Q18636367
,Q18636683,Nasdaq,SYX,,http://www.wikidata.org/entity/Q18636683
,Q18754966,Nasdaq,TW,,http://www.wikidata.org/entity/Q18754966
,Q19572527,Nasdaq,FRME,,http://www.wikidata.org/entity/Q19572527
,Q19604418,New York Stock Exchange,HP,,http://www.wikidata.org/entity/Q19604418
,Q19605389,New York Stock Exchange,KEN,,http://www.wikidata.org/entity/Q19605389
,Q19647855,Nasdaq,FLDM,,http://www.wikidata.org/entity/Q19647855
,Q19654979,Nasdaq,JOUT,,http://www.wikidata.org/entity/Q19654979
,Q19730939,New York Stock Exchange,PAGP,,http://www.wikidata.org/entity/Q19730939
,Q19799775,New York Stock Exchange,VJET,,http://www.wikidata.org/entity/Q19799775
,Q19865696,New York Stock Exchange,VAPO,,http://www.wikidata.org/entity/Q19865696
,Q19866632,Nasdaq,CLIR,,http://www.wikidata.org/entity/Q19866632
,Q19868026,Nasdaq,PRAA,,http://www.wikidata.org/entity/Q19868026
,Q19876423,New York Stock Exchange,HY,,http://www.wikidata.org/entity/Q19876423
,Q19877982,New York Stock Exchange,SPIR,,http://www.wikidata.org/entity/Q19877982
,Q19878105,New York Stock Exchange,,,http://www.wikidata.org/entity/Q19878105
,Q19880591,Nasdaq,GGR,,http://www.wikidata.org/entity/Q19880591
,Q19884156,New York Stock Exchange,TNC,,http://www.wikidata.org/entity/Q19884156
,Q20065324,Nasdaq,PCYC,,http://www.wikidata.org/entity/Q20065324
,Q20539272,Nasdaq,IVISYS,,http://www.wikidata.org/entity/Q20539272
,Q20648663,New York Stock Exchange,TGNA,,http://www.wikidata.org/entity/Q20648663
,Q20667333,New York Stock Exchange,NEP,,http://www.wikidata.org/entity/Q20667333
,Q20709176,Nasdaq,ALCO,,http://www.wikidata.org/entity/Q20709176
,Q20714950,Nasdaq,PRIM,,http://www.wikidata.org/entity/Q20714950
,Q20858163,New York Stock Exchange,NSC,,http://www.wikidata.org/entity/Q20858163
,Q20858221,New York Stock Exchange,PRO,,http://www.wikidata.org/entity/Q20858221
,Q21010691,New York Stock Exchange,WHG,,http://www.wikidata.org/entity/Q21010691
,Q21161576,Nasdaq,FAZE,,http://www.wikidata.org/entity/Q21161576
,Q21198484,New York Stock Exchange,ALG,,http://www.wikidata.org/entity/Q21198484
,Q21410960,Nasdaq,CSOD,,http://www.wikidata.org/entity/Q21410960
,Q21843099,Nasdaq,FRHC,,http://www.wikidata.org/entity/Q21843099
,Q21992261,Nasdaq,APEI,,http://www.wikidata.org/entity/Q21992261
,Q22022108,Nasdaq,CLFD,,http://www.wikidata.org/entity/Q22022108
,Q22022108,New York Stock Exchange,,,http://www.wikidata.org/entity/Q22022108
,Q22026369,New York Stock Exchange,YETI,,http://www.wikidata.org/entity/Q22026369
,Q22060267,Nasdaq,AEGN,,http://www.wikidata.org/entity/Q22060267
,Q22121865,Nasdaq,CMPR,,http://www.wikidata.org/entity/Q22121865
,Q22121871,Nasdaq,SCSC,,http://www.wikidata.org/entity/Q22121871
,Q22121872,Nasdaq,TNDM,,http://www.wikidata.org/entity/Q22121872
,Q22674043,New York Stock Exchange,CODI,,http://www.wikidata.org/entity/Q22674043
,Q22674048,New York Stock Exchange,MAIN,,http://www.wikidata.org/entity/Q22674048
,Q23018189,New York Stock Exchange,AIN,,http://www.wikidata.org/entity/Q23018189
,Q24197334,New York Stock Exchange,COLD,,http://www.wikidata.org/entity/Q24197334
,Q24705550,New York Stock Exchange,BBU,,http://www.wikidata.org/entity/Q24705550
,Q24896598,Nasdaq,GIFI,,http://www.wikidata.org/entity/Q24896598
,Q24960003,New York Stock Exchange,NIC,,http://www.wikidata.org/entity/Q24960003
,Q25025312,New York Stock Exchange,TOST,,http://www.wikidata.org/entity/Q25025312
,Q25103752,New York Stock Exchange,UMH,,http://www.wikidata.org/entity/Q25103752
,Q25104482,New York Stock Exchange,BLX,,http://www.wikidata.org/entity/Q25104482
,Q25230554,Nasdaq,VNET,,http://www.wikidata.org/entity/Q25230554
,Q25245477,New York Stock Exchange,YOU,,http://www.wikidata.org/entity/Q25245477
,Q25326524,Nasdaq,MESO,,http://www.wikidata.org/entity/Q25326524
,Q26215536,New York Stock Exchange,AXTA,,http://www.wikidata.org/entity/Q26215536
,Q26832896,New York Stock Exchange,ADNT,,http://www.wikidata.org/entity/Q26832896
,Q27146006,New York Stock Exchange,ESRT,,http://www.wikidata.org/entity/Q27146006
,Q27704930,New York Stock Exchange,,,http://www.wikidata.org/entity/Q27704930
,Q27919383,New York Stock Exchange,FTV,,http://www.wikidata.org/entity/Q27919383
,Q27963459,Nasdaq,ATRO,,http://www.wikidata.org/entity/Q27963459
,Q27963938,Nasdaq,LBCC,,http://www.wikidata.org/entity/Q27963938
,Q28048853,Nasdaq,WINA,,http://www.wikidata.org/entity/Q28048853
,Q28175069,Nasdaq,GHDX,,http://www.wikidata.org/entity/Q28175069
,Q28222763,Nasdaq,VIAV,,http://www.wikidata.org/entity/Q28222763
,Q28222794,Nasdaq,BL,,http://www.wikidata.org/entity/Q28222794
,Q28228105,Nasdaq,PRPL,,http://www.wikidata.org/entity/Q28228105
,Q28404490,New York Stock Exchange,,,http://www.wikidata.org/entity/Q28404490
,Q28405655,Nasdaq,EVER,,http://www.wikidata.org/entity/Q28405655
,Q29098065,Nasdaq,SLGC,,http://www.wikidata.org/entity/Q29098065
,Q29641502,Nasdaq,AWRE,,http://www.wikidata.org/entity/Q29641502
,Q30256497,Nasdaq,PESI,,http://www.wikidata.org/entity/Q30256497
,Q30256960,Nasdaq,IMTX,,http://www.wikidata.org/entity/Q30256960
,Q30267502,Nasdaq,NVCR,,http://www.wikidata.org/entity/Q30267502
,Q30267644,Nasdaq,SLDP,,http://www.wikidata.org/entity/Q30267644
,Q30268745,Nasdaq,,,http://www.wikidata.org/entity/Q30268745
,Q30269121,Nasdaq,KURA,,http://www.wikidata.org/entity/Q30269121
,Q30272258,Nasdaq,ALGN,,http://www.wikidata.org/entity/Q30272258
,Q30273331,Nasdaq,AOSL,,http://www.wikidata.org/entity/Q30273331
,Q30273389,New York Stock Exchange,ATR,,http://www.wikidata.org/entity/Q30273389
,Q30281437,Nasdaq,CLDX,,http://www.wikidata.org/entity/Q30281437
,Q30283141,Nasdaq,SCON,,http://www.wikidata.org/entity/Q30283141
,Q30283314,Nasdaq,CYTK,,http://www.wikidata.org/entity/Q30283314
,Q30283314,New York Stock Exchange,,,http://www.wikidata.org/entity/Q30283314
,Q30283539,Nasdaq,ALT,,http://www.wikidata.org/entity/Q30283539
,Q30283745,Nasdaq,ZYNE,,http://www.wikidata.org/entity/Q30283745
,Q30284052,Nasdaq,ATHX,,http://www.wikidata.org/entity/Q30284052
,Q30284075,Nasdaq,ADMP,,http://www.wikidata.org/entity/Q30284075
,Q30285756,Nasdaq,RKDA,,http://www.wikidata.org/entity/Q30285756
,Q30290314,Nasdaq,MXCT,,http://www.wikidata.org/entity/Q30290314
,Q30297996,New York Stock Exchange,ITGR,,http://www.wikidata.org/entity/Q30297996
,Q30338243,New York Stock Exchange,WST,,http://www.wikidata.org/entity/Q30338243
,Q30338591,Nasdaq,GRMN,,http://www.wikidata.org/entity/Q30338591
,Q30338591,New York Stock Exchange,GRMN,,http://www.wikidata.org/entity/Q30338591
,Q30591272,Nasdaq,HALO,,http://www.wikidata.org/entity/Q30591272
,Q30635731,Nasdaq,CBOE,,http://www.wikidata.org/entity/Q30635731
,Q33127130,New York Stock Exchange,TBI,,http://www.wikidata.org/entity/Q33127130
,Q39075113,New York Stock Exchange,,,http://www.wikidata.org/entity/Q39075113
,Q41590812,New York Stock Exchange,APAM,,http://www.wikidata.org/entity/Q41590812
,Q43401341,New York Stock Exchange,,,http://www.wikidata.org/entity/Q43401341
,Q43896231,Nasdaq,MDWD,,http://www.wikidata.org/entity/Q43896231
,Q47016300,New York Stock Exchange,ATHM,,http://www.wikidata.org/entity/Q47016300
,Q48180669,New York Stock Exchange,TRTN,,http://www.wikidata.org/entity/Q48180669
,Q48647846,New York Stock Exchange,CJ,,http://www.wikidata.org/entity/Q48647846
,Q48740858,New York Stock Exchange,COMP,,http://www.wikidata.org/entity/Q48740858
,Q48741327,New York Stock Exchange,MICR,,http://www.wikidata.org/entity/Q48741327
,Q48742298,New York Stock Exchange,DRE,,http://www.wikidata.org/entity/Q48742298
,Q48743554,New York Stock Exchange,SXI,,http://www.wikidata.org/entity/Q48743554
,Q48797772,New York Stock Exchange,BHG,,http://www.wikidata.org/entity/Q48797772
,Q48967249,Nasdaq,TELL,,http://www.wikidata.org/entity/Q48967249
,Q48977470,New York Stock Exchange,EPR,,http://www.wikidata.org/entity/Q48977470
,Q50039478,Nasdaq,CAI,,http://www.wikidata.org/entity/Q50039478
,Q52876645,New York Stock Exchange,MHH,,http://www.wikidata.org/entity/Q52876645
,Q54621346,Nasdaq,BVXV,,http://www.wikidata.org/entity/Q54621346
,Q55360040,Nasdaq,SITM,,http://www.wikidata.org/entity/Q55360040
,Q55453962,New York Stock Exchange,IR,,http://www.wikidata.org/entity/Q55453962
,Q55589254,Nasdaq,GTLB,,http://www.wikidata.org/entity/Q55589254
,Q55611365,New York Stock Exchange,FIGS,,http://www.wikidata.org/entity/Q55611365
,Q55614037,New York Stock Exchange,HPP,,http://www.wikidata.org/entity/Q55614037
,Q56273933,New York Stock Exchange,UP,,http://www.wikidata.org/entity/Q56273933
,Q56276186,Nasdaq,PTON,,http://www.wikidata.org/entity/Q56276186
,Q56348149,Nasdaq,PAYP,,http://www.wikidata.org/entity/Q56348149
,Q56582970,Nasdaq,BPMC,,http://www.wikidata.org/entity/Q56582970
,Q56583577,Nasdaq,AUTL,,http://www.wikidata.org/entity/Q56583577
,Q58041994,New York Stock Exchange,TPH,,http://www.wikidata.org/entity/Q58041994
,Q58606588,Nasdaq,AROW,,http://www.wikidata.org/entity/Q58606588
,Q59318110,Nasdaq,QTT,,http://www.wikidata.org/entity/Q59318110
,Q59961991,Nasdaq,EBOD,,http://www.wikidata.org/entity/Q59961991
,Q60480286,Nasdaq,TLRY,,http://www.wikidata.org/entity/Q60480286
,Q60745531,New York Stock Exchange,WMS,,http://www.wikidata.org/entity/Q60745531
,Q60748073,New York Stock Exchange,CTWS,,http://www.wikidata.org/entity/Q60748073
,Q60749208,Nasdaq,MARA,,http://www.wikidata.org/entity/Q60749208
,Q60751931,Nasdaq,SDC,,http://www.wikidata.org/entity/Q60751931
,Q60754892,Nasdaq,EGLX,,http://www.wikidata.org/entity/Q60754892
,Q60764327,New York Stock Exchange,WD,,http://www.wikidata.org/entity/Q60764327
,Q60767471,New York Stock Exchange,NCLH,,http://www.wikidata.org/entity/Q60767471
,Q62065645,Nasdaq,BLNK,,http://www.wikidata.org/entity/Q62065645
,Q63296010,New York Stock Exchange,NAO,,http://www.wikidata.org/entity/Q63296010
,Q63862184,New York Stock Exchange,BHR,,http://www.wikidata.org/entity/Q63862184
,Q64448268,New York Stock Exchange,JILL,,http://www.wikidata.org/entity/Q64448268
,Q65086808,New York Stock Exchange,DFIN,,http://www.wikidata.org/entity/Q65086808
,Q67684488,New York Stock Exchange,,,http://www.wikidata.org/entity/Q67684488
,Q73312516,Nasdaq,SWVL,,http://www.wikidata.org/entity/Q73312516
,Q77581453,Nasdaq,VRAY,,http://www.wikidata.org/entity/Q77581453
,Q78203110,Nasdaq,PHUN,,http://www.wikidata.org/entity/Q78203110
,Q84564030,Nasdaq,CMBM,,http://www.wikidata.org/entity/Q84564030
,Q85793376,New York Stock Exchange,PING,,http://www.wikidata.org/entity/Q85793376
,Q85801645,New York Stock Exchange,SMAR,,http://www.wikidata.org/entity/Q85801645
,Q85846831,Nasdaq,OCFC,,http://www.wikidata.org/entity/Q85846831
,Q85874460,Nasdaq,RPD,,http://www.wikidata.org/entity/Q85874460
,Q85876205,Nasdaq,JOBS,,http://www.wikidata.org/entity/Q85876205
,Q85884125,New York Stock Exchange,DNK,,http://www.wikidata.org/entity/Q85884125
,Q86729081,Nasdaq,QK,,http://www.wikidata.org/entity/Q86729081
,Q91387266,Nasdaq,LIND,,http://www.wikidata.org/entity/Q91387266
,Q91396922,Nasdaq,WVE,,http://www.wikidata.org/entity/Q91396922
,Q91490380,Nasdaq,AXDX,,http://www.wikidata.org/entity/Q91490380
,Q91498427,Nasdaq,PRTS,,http://www.wikidata.org/entity/Q91498427
,Q92546757,New York Stock Exchange,BHVN,,http://www.wikidata.org/entity/Q92546757
,Q94758727,Nasdaq,CFLT,,http://www.wikidata.org/entity/Q94758727
,Q96371983,New York Stock Exchange,AMPY,,http://www.wikidata.org/entity/Q96371983
,Q96375437,New York Stock Exchange,AMR,,http://www.wikidata.org/entity/Q96375437
,Q96386259,New York Stock Exchange,KTB,,http://www.wikidata.org/entity/Q96386259
,Q96394302,Nasdaq,MULN,,http://www.wikidata.org/entity/Q96394302
,Q96413806,Nasdaq,VERI,,http://www.wikidata.org/entity/Q96413806
,Q96419113,New York Stock Exchange,OR,,http://www.wikidata.org/entity/Q96419113
,Q96419376,Nasdaq,SOND,,http://www.wikidata.org/entity/Q96419376
,Q97188497,New York Stock Exchange,PACK,,http://www.wikidata.org/entity/Q97188497
,Q97574745,New York Stock Exchange,OUST,,http://www.wikidata.org/entity/Q97574745
,Q97961992,New York Stock Exchange,CBA,,http://www.wikidata.org/entity/Q97961992
,Q98055133,New York Stock Exchange,NOVA,,http://www.wikidata.org/entity/Q98055133
,Q98424095,New York Stock Exchange,MHO,,http://www.wikidata.org/entity/Q98424095
,Q98704372,New York Stock Exchange,GSX,,http://www.wikidata.org/entity/Q98704372
,Q99036143,New York Stock Exchange,QS,,http://www.wikidata.org/entity/Q99036143
,Q99976763,New York Stock Exchange,NTP,,http://www.wikidata.org/entity/Q99976763
,Q100323973,New York Stock Exchange,WSR,,http://www.wikidata.org/entity/Q100323973
,Q101209811,New York Stock Exchange,POOL,,http://www.wikidata.org/entity/Q101209811
,Q101209850,New York Stock Exchange,VNT,,http://www.wikidata.org/entity/Q101209850
,Q104158381,New York Stock Exchange,VST,,http://www.wikidata.org/entity/Q104158381
,Q104480012,Nasdaq,AXSM,,http://www.wikidata.org/entity/Q104480012
,Q104480051,Nasdaq,BCAB,,http://www.wikidata.org/entity/Q104480051
,Q104480795,Nasdaq,PODD,,http://www.wikidata.org/entity/Q104480795
,Q104765127,Nasdaq,RUM,,http://www.wikidata.org/entity/Q104765127
,Q104822216,New York Stock Exchange,,,http://www.wikidata.org/entity/Q104822216
,Q104839226,Nasdaq,LKCO,,http://www.wikidata.org/entity/Q104839226
,Q104842834,New York Stock Exchange,AVTR,,http://www.wikidata.org/entity/Q104842834
,Q105038141,New York Stock Exchange,TPH,,http://www.wikidata.org/entity/Q105038141
,Q105062637,Nasdaq,IDEX,,http://www.wikidata.org/entity/Q105062637
,Q105099852,New York Stock Exchange,SRG,,http://www.wikidata.org/entity/Q105099852
,Q105375474,Nasdaq,ANY,,http://www.wikidata.org/entity/Q105375474
,Q105563992,New York Stock Exchange,MP,,http://www.wikidata.org/entity/Q105563992
,Q105760370,New York Stock Exchange,AGI,,http://www.wikidata.org/entity/Q105760370
,Q105853613,New York Stock Exchange,PSTH,,http://www.wikidata.org/entity/Q105853613
,Q105886736,New York Stock Exchange,BEKE,,http://www.wikidata.org/entity/Q105886736
,Q105887484,New York Stock Exchange,RKT,,http://www.wikidata.org/entity/Q105887484
,Q105964823,Nasdaq,LBRDA,,http://www.wikidata.org/entity/Q105964823
,Q105965623,New York Stock Exchange,RLX,,http://www.wikidata.org/entity/Q105965623
,Q105965677,New York Stock Exchange,MPLX,,http://www.wikidata.org/entity/Q105965677
,Q105966359,Nasdaq,STNE,,http://www.wikidata.org/entity/Q105966359
,Q105985613,New York Stock Exchange,KLR,,http://www.wikidata.org/entity/Q105985613
,Q106070945,Nasdaq,HOFV,,http://www.wikidata.org/entity/Q106070945
,Q106207298,New York Stock Exchange,OSH,,http://www.wikidata.org/entity/Q106207298
,Q106221634,Nasdaq,UHAL,,http://www.wikidata.org/entity/Q106221634
,Q106221634,New York Stock Exchange,UHAL.B,,http://www.wikidata.org/entity/Q106221634
,Q106238577,New York Stock Exchange,ATH-A,,http://www.wikidata.org/entity/Q106238577
,Q106241909,New York Stock Exchange,STWD,,http://www.wikidata.org/entity/Q106241909
,Q106253502,New York Stock Exchange,BLD,,http://www.wikidata.org/entity/Q106253502
,Q106253770,Nasdaq,LITE,,http://www.wikidata.org/entity/Q106253770
,Q106295041,Nasdaq,APPS,,http://www.wikidata.org/entity/Q106295041
,Q106295182,New York Stock Exchange,NVST,,http://www.wikidata.org/entity/Q106295182
,Q106301317,Nasdaq,TGTX,,http://www.wikidata.org/entity/Q106301317
,Q106301464,Nasdaq,REYN,,http://www.wikidata.org/entity/Q106301464
,Q106301656,Nasdaq,DADA,,http://www.wikidata.org/entity/Q106301656
,Q106309492,Nasdaq,API,,http://www.wikidata.org/entity/Q106309492
,Q106411735,Nasdaq,RLAY,,http://www.wikidata.org/entity/Q106411735
,Q106411771,Nasdaq,SWAV,,http://www.wikidata.org/entity/Q106411771
,Q106581385,New York Stock Exchange,KD,,http://www.wikidata.org/entity/Q106581385
,Q106623027,Nasdaq,TPIC,,http://www.wikidata.org/entity/Q106623027
,Q106641474,Nasdaq,WRAP,,http://www.wikidata.org/entity/Q106641474
,Q106900660,New York Stock Exchange,NETI,,http://www.wikidata.org/entity/Q106900660
,Q107183498,New York Stock Exchange,WBX,,http://www.wikidata.org/entity/Q107183498
,Q107453017,New York Stock Exchange,NU,,http://www.wikidata.org/entity/Q107453017
,Q107520260,Nasdaq,MTTR,,http://www.wikidata.org/entity/Q107520260
,Q107526548,Nasdaq,KSMTU,,http://www.wikidata.org/entity/Q107526548
,Q107526885,Nasdaq,KIII,,http://www.wikidata.org/entity/Q107526885
,Q107623842,New York Stock Exchange,HRI,,http://www.wikidata.org/entity/Q107623842
,Q107725159,New York Stock Exchange,ZEPP,,http://www.wikidata.org/entity/Q107725159
,Q107740188,Nasdaq,SSTI,,http://www.wikidata.org/entity/Q107740188
,Q108415503,Nasdaq,KRUS,,http://www.wikidata.org/entity/Q108415503
,Q108426195,Nasdaq,ENVM,,http://www.wikidata.org/entity/Q108426195
,Q108426662,Nasdaq,GMBL,,http://www.wikidata.org/entity/Q108426662
,Q108670343,Nasdaq,RILY,,http://www.wikidata.org/entity/Q108670343
,Q108770716,New York Stock Exchange,IOT,,http://www.wikidata.org/entity/Q108770716
,Q108837504,Nasdaq,PGY,,http://www.wikidata.org/entity/Q108837504
,Q108895028,New York Stock Exchange,ELMS,,http://www.wikidata.org/entity/Q108895028
,Q109412509,Nasdaq,HSAI,,http://www.wikidata.org/entity/Q109412509
,Q109565934,Nasdaq,OPNT,,http://www.wikidata.org/entity/Q109565934
,Q109680037,Nasdaq,FRG,,http://www.wikidata.org/entity/Q109680037
,Q110220617,Nasdaq,MATW,,http://www.wikidata.org/entity/Q110220617
,Q110360228,New York Stock Exchange,CAAP,,http://www.wikidata.org/entity/Q110360228
,Q110422580,Nasdaq,YY,,http://www.wikidata.org/entity/Q110422580
,Q110443096,New York Stock Exchange,REZI,,http://www.wikidata.org/entity/Q110443096
,Q110597561,Nasdaq,EMBK,,http://www.wikidata.org/entity/Q110597561
,Q110670454,Nasdaq,DWACW,,http://www.wikidata.org/entity/Q110670454
,Q110761625,New York Stock Exchange,LVWR,,http://www.wikidata.org/entity/Q110761625
,Q110877094,New York Stock Exchange,UWMC,,http://www.wikidata.org/entity/Q110877094
,Q111384689,New York Stock Exchange,AGX,,http://www.wikidata.org/entity/Q111384689
,Q111384715,Nasdaq,BFC,,http://www.wikidata.org/entity/Q111384715
,Q111384721,Nasdaq,MRBK,,http://www.wikidata.org/entity/Q111384721
,Q111384730,New York Stock Exchange,STEM,,http://www.wikidata.org/entity/Q111384730
,Q111384774,New York Stock Exchange,WHD,,http://www.wikidata.org/entity/Q111384774
,Q111387671,Nasdaq,FTDR,,http://www.wikidata.org/entity/Q111387671
,Q111387847,Nasdaq,ROCK,,http://www.wikidata.org/entity/Q111387847
,Q111759432,New York Stock Exchange,RDDT,,http://www.wikidata.org/entity/Q111759432
,Q112583437,Nasdaq,SERV,,http://www.wikidata.org/entity/Q112583437
,Q112860932,New York Stock Exchange,HLN,,http://www.wikidata.org/entity/Q112860932
,Q113503453,Nasdaq,SMMT,,http://www.wikidata.org/entity/Q113503453
,Q113510380,Nasdaq,PSTV,,http://www.wikidata.org/entity/Q113510380
,Q113754376,Nasdaq,SNPO,,http://www.wikidata.org/entity/Q113754376
,Q113840664,Nasdaq,RIOT,,http://www.wikidata.org/entity/Q113840664
,Q114820617,New York Stock Exchange,CADE,,http://www.wikidata.org/entity/Q114820617
,Q114821698,New York Stock Exchange,BXS,,http://www.wikidata.org/entity/Q114821698
,Q115056594,New York Stock Exchange,CNS,,http://www.wikidata.org/entity/Q115056594
,Q115225388,Nasdaq,AMLX,,http://www.wikidata.org/entity/Q115225388
,Q115258245,Nasdaq,DSP,,http://www.wikidata.org/entity/Q115258245
,Q115446257,Nasdaq,SEER,,http://www.wikidata.org/entity/Q115446257
,Q115625249,New York Stock Exchange,,,http://www.wikidata.org/entity/Q115625249
,Q116275554,Nasdaq,GEOS,,http://www.wikidata.org/entity/Q116275554
,Q116985634,Nasdaq,MBLY,,http://www.wikidata.org/entity/Q116985634
,Q117061817,Nasdaq,BPFH,,http://www.wikidata.org/entity/Q117061817
,Q117187407,Nasdaq,BSRR,,http://www.wikidata.org/entity/Q117187407
,Q117359471,Nasdaq,SPCB,,http://www.wikidata.org/entity/Q117359471
,Q117392567,New York Stock Exchange,GSL,,http://www.wikidata.org/entity/Q117392567
,Q117461845,Nasdaq,TOWN,,http://www.wikidata.org/entity/Q117461845
,Q118725786,New York Stock Exchange,LLAP,,http://www.wikidata.org/entity/Q118725786
,Q118905009,Nasdaq,CNMD,,http://www.wikidata.org/entity/Q118905009
,Q118905792,New York Stock Exchange,KVUE,,http://www.wikidata.org/entity/Q118905792
,Q118957699,New York Stock Exchange,GEV,,http://www.wikidata.org/entity/Q118957699
,Q119072338,Nasdaq,BHRB,,http://www.wikidata.org/entity/Q119072338
,Q119075727,Nasdaq,CFFI,,http://www.wikidata.org/entity/Q119075727
,Q119844805,Nasdaq,HLNE,,http://www.wikidata.org/entity/Q119844805
,Q120755508,New York Stock Exchange,EHIC,,http://www.wikidata.org/entity/Q120755508
,Q120877642,Nasdaq,RXRX,,http://www.wikidata.org/entity/Q120877642
,Q120946412,Nasdaq,LMB,,http://www.wikidata.org/entity/Q120946412
,Q120984885,Nasdaq,GRMN,,http://www.wikidata.org/entity/Q120984885
,Q120997607,Nasdaq,MASS,,http://www.wikidata.org/entity/Q120997607
,Q121096624,Nasdaq,,,http://www.wikidata.org/entity/Q121096624
,Q121323756,Nasdaq,CSIQ,,http://www.wikidata.org/entity/Q121323756
,Q121832886,Nasdaq,MAXN,,http://www.wikidata.org/entity/Q121832886
,Q122166676,Nasdaq,QQQ,,http://www.wikidata.org/entity/Q122166676
,Q122522934,Nasdaq,JNVR,,http://www.wikidata.org/entity/Q122522934
,Q122947676,New York Stock Exchange,VSTS,,http://www.wikidata.org/entity/Q122947676
,Q123112141,New York Stock Exchange,KLG,,http://www.wikidata.org/entity/Q123112141
,Q123616697,Nasdaq,CAC,,http://www.wikidata.org/entity/Q123616697
,Q123982663,New York Stock Exchange,,,http://www.wikidata.org/entity/Q123982663
,Q124031426,Nasdaq,CGEM,,http://www.wikidata.org/entity/Q124031426
,Q124039436,Nasdaq,NVFY,,http://www.wikidata.org/entity/Q124039436
,Q124040368,New York Stock Exchange,CTRM,,http://www.wikidata.org/entity/Q124040368
,Q124060486,Nasdaq,CLSK,,http://www.wikidata.org/entity/Q124060486
,Q124129932,Nasdaq,FDBC,,http://www.wikidata.org/entity/Q124129932
,Q124224170,Nasdaq,AEHR,,http://www.wikidata.org/entity/Q124224170
,Q124249546,Nasdaq,HUT,,http://www.wikidata.org/entity/Q124249546
,Q124258509,Nasdaq,HONE,,http://www.wikidata.org/entity/Q124258509
,Q124343843,Nasdaq,NVVE,,http://www.wikidata.org/entity/Q124343843
,Q124361729,Nasdaq,RR,,http://www.wikidata.org/entity/Q124361729
,Q124377649,New York Stock Exchange,LICY,,http://www.wikidata.org/entity/Q124377649
,Q124407382,Nasdaq,CMTL,,http://www.wikidata.org/entity/Q124407382
,Q124433826,Nasdaq,FDMT,,http://www.wikidata.org/entity/Q124433826
,Q124461283,Nasdaq,HOLO,,http://www.wikidata.org/entity/Q124461283
,Q124528304,New York Stock Exchange,PERF,,http://www.wikidata.org/entity/Q124528304
,Q124624329,Nasdaq,ENVX,,http://www.wikidata.org/entity/Q124624329
,Q124637557,Nasdaq,DUOL,,http://www.wikidata.org/entity/Q124637557
,Q124721239,New York Stock Exchange,VLTO,,http://www.wikidata.org/entity/Q124721239
,Q124723353,Nasdaq,AMNB,,http://www.wikidata.org/entity/Q124723353
,Q124724566,New York Stock Exchange,EIG,,http://www.wikidata.org/entity/Q124724566
,Q124724948,New York Stock Exchange,GLF,,http://www.wikidata.org/entity/Q124724948
,Q125269695,New York Stock Exchange,,,http://www.wikidata.org/entity/Q125269695
,Q125352505,New York Stock Exchange,RAMP,,http://www.wikidata.org/entity/Q125352505
,Q125447264,Nasdaq,ABL,,http://www.wikidata.org/entity/Q125447264
,Q125862778,Nasdaq,PGNY,,http://www.wikidata.org/entity/Q125862778
,Q126958107,Nasdaq,KARE,,http://www.wikidata.org/entity/Q126958107
,Q127040202,Nasdaq,TEM,,http://www.wikidata.org/entity/Q127040202
,Q127708419,Nasdaq,DZSI,,http://www.wikidata.org/entity/Q127708419
,Q128050179,New York Stock Exchange,AEVA,,http://www.wikidata.org/entity/Q128050179
,Q130244078,Nasdaq,CSSE,,http://www.wikidata.org/entity/Q130244078
,Q130318284,Nasdaq,SLM,,http://www.wikidata.org/entity/Q130318284
,Q130482377,Nasdaq,FSUN,,http://www.wikidata.org/entity/Q130482377
,Q130624258,Nasdaq,FITB,,http://www.wikidata.org/entity/Q130624258
,Q131121068,Nasdaq,TNMG,,http://www.wikidata.org/entity/Q131121068
,Q132544684,New York Stock Exchange,CTEV,,http://www.wikidata.org/entity/Q132544684
,Q132852489,Nasdaq,WYHG,,http://www.wikidata.org/entity/Q132852489
,Q133806332,Nasdaq,FBC,,http://www.wikidata.org/entity/Q133806332
,Q133806332,New York Stock Exchange,FBC,,http://www.wikidata.org/entity/Q133806332
,Q133812186,Nasdaq,BLLN,,http://www.wikidata.org/entity/Q133812186
,Q134008655,New York Stock Exchange,SBSI,,http://www.wikidata.org/entity/Q134008655
,Q134298823,Nasdaq,PRCH,,http://www.wikidata.org/entity/Q134298823
,Q136452293,Nasdaq,RGC,,http://www.wikidata.org/entity/Q136452293
,Q136659556,Nasdaq,USAR,,http://www.wikidata.org/entity/Q136659556
,Q136684502,New York Stock Exchange,FVRR,,http://www.wikidata.org/entity/Q136684502
,Q136815592,Nasdaq,HTDL,,http://www.wikidata.org/entity/Q136815592
,Q136959566,New York Stock Exchange,HVE,,http://www.wikidata.org/entity/Q136959566
,Q137009694,Nasdaq,MRTN,,http://www.wikidata.org/entity/Q137009694
,Q137117770,Nasdaq,NBBK,,http://www.wikidata.org/entity/Q137117770
,Q137397138,Nasdaq,FRMI,,http://www.wikidata.org/entity/Q137397138
,Q137596590,Nasdaq,NVTS,,http://www.wikidata.org/entity/Q137596590
,Q137754661,Nasdaq,GSIT,,http://www.wikidata.org/entity/Q137754661
,Q137920048,Nasdaq,RNA,,http://www.wikidata.org/entity/Q137920048
,Q137983503,New York Stock Exchange,BMNR,,http://www.wikidata.org/entity/Q137983503
,Q138161948,New York Stock Exchange,QBTS,,http://www.wikidata.org/entity/Q138161948
,Q138588656,Nasdaq,,,http://www.wikidata.org/entity/Q138588656
,Q138611424,Nasdaq,VWAV,,http://www.wikidata.org/entity/Q138611424
,Q138635611,Nasdaq,TCBK,,http://www.wikidata.org/entity/Q138635611
,Q138816278,Nasdaq,ONDS,,http://www.wikidata.org/entity/Q138816278
,Q18656,New York Stock Exchange,,,http://www.wikidata.org/entity/Q18656
,Q26311,New York Stock Exchange,AFL,,http://www.wikidata.org/entity/Q26311
,Q32396,Nasdaq,AAL,,http://www.wikidata.org/entity/Q32396
,Q51744,Nasdaq,AMAP,,http://www.wikidata.org/entity/Q51744
