company,company_id,ticker,industry,company_url,market_cap_2026_01_01
Clarcor,Q16958713,CLC,gas turbine,http://www.wikidata.org/entity/Q16958713,2431250835700.0
GE Aerospace,Q1485061,GE,aerospace industry,http://www.wikidata.org/entity/Q1485061,725228945895.3438
General Electric,Q54173,GE,mechanical engineering,http://www.wikidata.org/entity/Q54173,725228945895.3438
Alibaba Group,Q1359568,BABA,e-commerce,http://www.wikidata.org/entity/Q1359568,436137504203.375
JPMorgan Chase,Q192314,JPM,financial services,http://www.wikidata.org/entity/Q192314,376267341167.34375
Johnson & Johnson,Q333718,JNJ,pharmaceutical industry,http://www.wikidata.org/entity/Q333718,374835221532.77344
ExxonMobil,Q156238,XOM,petroleum industry,http://www.wikidata.org/entity/Q156238,354131746709.85156
Bank of America,Q487907,BAC,financial services,http://www.wikidata.org/entity/Q487907,303681088428.83203
Wells Fargo,Q744149,WFC,financial services,http://www.wikidata.org/entity/Q744149,298754835476.21094
Visa,Q328840,V,financial services,http://www.wikidata.org/entity/Q328840,260737498601.86523
Chevron Corporation,Q319642,CVX,petroleum industry,http://www.wikidata.org/entity/Q319642,239233087065.4297
Procter & Gamble,Q212405,PG,pharmaceutical industry,http://www.wikidata.org/entity/Q212405,229525418198.60352
The Home Depot,Q864407,HD,retail,http://www.wikidata.org/entity/Q864407,221323659107.0039
Verizon Communications,Q467752,VZ,telecommunications,http://www.wikidata.org/entity/Q467752,218492927447.27344
Anheuser-Busch InBev,Q128738,BUD,brewing industry,http://www.wikidata.org/entity/Q128738,216682986827.97656
UnitedHealth Group,Q2103926,UNH,health insurance company,http://www.wikidata.org/entity/Q2103926,212090018571.6084
HSBC,Q190464,HSBC,insurance,http://www.wikidata.org/entity/Q190464,199593247719.65625
Pfizer,Q206921,PFE,pharmaceutical industry,http://www.wikidata.org/entity/Q206921,198641950023.35938
TSMC,Q713418,TSM,semiconductor industry,http://www.wikidata.org/entity/Q713418,197235373606.34766
Citigroup,Q219508,C,bank,http://www.wikidata.org/entity/Q219508,196740049682.6172
The Coca-Cola Company,Q3295867,KO,fast-moving consumer goods,http://www.wikidata.org/entity/Q3295867,195288681144.20312
Toyota,Q53268,TM,automotive industry,http://www.wikidata.org/entity/Q53268,188013203954.01562
AT&T,Q35476,T,telecommunications,http://www.wikidata.org/entity/Q35476,180333901149.81445
Oracle Corporation,Q19900,ORCL,software development,http://www.wikidata.org/entity/Q19900,179094747201.9453
Novartis,Q507154,NVS,chemical industry,http://www.wikidata.org/entity/Q507154,178210359906.23438
PepsiCo,Q334800,PEP,food industry,http://www.wikidata.org/entity/Q334800,170028567485.11914
Boeing,Q66,BA,weapons industry,http://www.wikidata.org/entity/Q66,167474965070.37695
AstraZeneca,Q731938,AZN,pharmaceutical industry,http://www.wikidata.org/entity/Q731938,167074945011.03125
Unilever,Q157062,UL,food industry,http://www.wikidata.org/entity/Q157062,165642963651.6006
Philip Morris International,Q1852556,PM,tobacco industry,http://www.wikidata.org/entity/Q1852556,164095582369.99512
The Walt Disney Company,Q7414,DIS,animation,http://www.wikidata.org/entity/Q7414,159893168696.44727
Mastercard,Q489921,MA,financial services,http://www.wikidata.org/entity/Q489921,157179790212.05957
British American Tobacco,Q856411,BTI,tobacco industry,http://www.wikidata.org/entity/Q856411,148761337684.33984
AbbVie,Q14662364,ABBV,biotechnology,http://www.wikidata.org/entity/Q14662364,146424744308.55664
Merck & Co.,Q247489,MRK,pharmaceutical industry,http://www.wikidata.org/entity/Q247489,144578996209.3125
Altria,Q445007,MO,food industry,http://www.wikidata.org/entity/Q445007,136514501715.73438
McDonald's,Q38076,MCD,food service,http://www.wikidata.org/entity/Q38076,135301286470.80469
SAP,Q552581,SAP,software development,http://www.wikidata.org/entity/Q552581,134633125329.10156
BP,Q152057,BP,petroleum industry,http://www.wikidata.org/entity/Q152057,134573756298.85156
IBM,Q37156,IBM,software industry,http://www.wikidata.org/entity/Q37156,133878452507.8125
Royal Bank of Canada,Q735261,RY,financial services,http://www.wikidata.org/entity/Q735261,120130829438.61035
3M,Q159433,MMM,occupational safety,http://www.wikidata.org/entity/Q159433,117214256626.09863
BHP,Q625713,BHP,mining,http://www.wikidata.org/entity/Q625713,114191817088.64258
Toronto-Dominion Bank,Q1194832,TD,financial services,http://www.wikidata.org/entity/Q1194832,109234716151.66602
Medtronic,Q642189,MDT,medical technology industry,http://www.wikidata.org/entity/Q642189,109150578624.0
Nabors Industries,Q1962059,NBR,,http://www.wikidata.org/entity/Q1962059,108426250000.0
AmBev,Q2142669,ABEV,beverage industry,http://www.wikidata.org/entity/Q2142669,108071278431.45215
Sanofi,Q158205,SNY,pharmaceutical industry,http://www.wikidata.org/entity/Q158205,107455714816.0
Santander Group,Q806215,SAN,financial services,http://www.wikidata.org/entity/Q806215,106231833287.56348
Union Pacific Corporation,Q20183163,UNP,transport,http://www.wikidata.org/entity/Q20183163,105559370922.89844
"Honeywell International, Inc.",Q898208,HON,chemical industry,http://www.wikidata.org/entity/Q898208,103477463902.63965
United Parcel Service,Q155026,UPS,logistics,http://www.wikidata.org/entity/Q155026,102675250918.09717
Nike,Q483915,NKE,industrial sector,http://www.wikidata.org/entity/Q483915,100114402279.67725
Bristol-Myers Squibb,Q266423,BMY,pharmaceutical industry,http://www.wikidata.org/entity/Q266423,100044498446.14453
Abbott Laboratories,Q306764,ABT,medical technology industry,http://www.wikidata.org/entity/Q306764,99155700269.77539
Morgan Stanley,Q334204,MS,financial services,http://www.wikidata.org/entity/Q334204,96365353162.8789
Goldman Sachs,Q193326,GS,International Standard Industrial Classification,http://www.wikidata.org/entity/Q193326,96095722649.89307
Accenture,Q338825,ACN,information technology,http://www.wikidata.org/entity/Q338825,94607472027.42773
SLB,Q1425316,SLB,petroleum industry,http://www.wikidata.org/entity/Q1425316,93275850268.16016
Caterpillar,Q459965,CAT,mechanical engineering,http://www.wikidata.org/entity/Q459965,93125525161.46387
Lockheed Martin,Q7240,LMT,weapons industry,http://www.wikidata.org/entity/Q7240,92459509602.88477
U.S. Bancorp,Q739084,USB,financial services,http://www.wikidata.org/entity/Q739084,88508806739.2793
Rio Tinto plc,Q10291918,RIO,,http://www.wikidata.org/entity/Q10291918,88404218350.34766
Rio Tinto,Q821293,RIO,metal industry,http://www.wikidata.org/entity/Q821293,88404218350.34766
Diageo,Q161140,DEO,beverage industry,http://www.wikidata.org/entity/Q161140,88044257329.29492
Eli Lilly and Company,Q632240,LLY,pharmaceutical industry,http://www.wikidata.org/entity/Q632240,86206631865.53955
American Express,Q194360,AXP,"financial service activities, except insurance and pension funding",http://www.wikidata.org/entity/Q194360,85511272226.77734
GSK,Q212322,GSK,biotechnology,http://www.wikidata.org/entity/Q212322,82773148981.125
BlackRock,Q219635,BLK,asset management,http://www.wikidata.org/entity/Q219635,82092916351.31836
Scotiabank,Q451476,BNS,economics of banking,http://www.wikidata.org/entity/Q451476,78338129983.05078
Thermo Fisher Scientific,Q643674,TMO,biotechnology industry,http://www.wikidata.org/entity/Q643674,76392711925.41797
Lowe's,Q1373493,LOW,hardware store,http://www.wikidata.org/entity/Q1373493,75374341979.98047
Salesforce,Q941127,CRM,automation,http://www.wikidata.org/entity/Q941127,74926414060.36377
CVS Health,Q624375,CVS,retail,http://www.wikidata.org/entity/Q624375,73697700000.0
ING Group,Q645708,ING,"financial service activities, except insurance and pension funding",http://www.wikidata.org/entity/Q645708,71482286436.26172
WarnerMedia,Q191715,TWX,telecommunications,http://www.wikidata.org/entity/Q191715,71145460614.74414
Can Fite Biopharma,Q96482303,CANF,biopharmaceutical,http://www.wikidata.org/entity/Q96482303,70524516000.0
UBS,Q193199,UBS,"financial service activities, except insurance and pension funding",http://www.wikidata.org/entity/Q193199,70108195261.63672
Petrobras,Q210047,PBR,petroleum industry,http://www.wikidata.org/entity/Q210047,69273615302.86963
Charles Schwab Corporation,Q1066028,SCHW,financial services,http://www.wikidata.org/entity/Q1066028,69256516394.21777
Chubb Corp.,Q1089060,CB,insurance,http://www.wikidata.org/entity/Q1089060,68071887473.60547
PNC Financial Services,Q38928,PNC,economics of banking,http://www.wikidata.org/entity/Q38928,66579008997.73389
Colgate-Palmolive,Q609466,CL,personal care product,http://www.wikidata.org/entity/Q609466,65900065088.112305
Novo Nordisk,Q818846,NVO,pharmaceutical industry,http://www.wikidata.org/entity/Q818846,65810155189.640625
FedEx,Q459477,FDX,logistics,http://www.wikidata.org/entity/Q459477,65757780870.788574
Vale,Q583268,VALE,mining,http://www.wikidata.org/entity/Q583268,65645747108.34766
Enbridge,Q1339966,ENB,petroleum industry,http://www.wikidata.org/entity/Q1339966,65499862119.15234
Lloyds Banking Group,Q1152764,LYG,financial services,http://www.wikidata.org/entity/Q1152764,64374374400.0
ConocoPhillips,Q214763,COP,petroleum industry,http://www.wikidata.org/entity/Q214763,63787666534.23047
American Tower Corporation,Q4745263,AMT,real estate investment trust,http://www.wikidata.org/entity/Q4745263,63011631391.29639
EOG Resources,Q1275577,EOG,petroleum industry,http://www.wikidata.org/entity/Q1275577,62464891766.572266
Canadian National Railway,Q624798,CNI,rail freight transport,http://www.wikidata.org/entity/Q624798,62319591840.0
Sumitomo Mitsui Financial Group,Q2094989,SMFG,financial sector,http://www.wikidata.org/entity/Q2094989,61659979061.64551
Simon Property Group,Q2287759,SPG,real estate investment trust,http://www.wikidata.org/entity/Q2287759,61438269565.12451
Prudential plc,Q1374135,PUK,insurance,http://www.wikidata.org/entity/Q1374135,61406855313.67969
Canadian Oil Sands Limited,Q1032244,SU,,http://www.wikidata.org/entity/Q1032244,61255570461.3125
Suncor Energy,Q1516410,SU,petroleum industry,http://www.wikidata.org/entity/Q1516410,61255570461.3125
Honda,Q9584,HMC,automotive industry,http://www.wikidata.org/entity/Q9584,60999115858.48828
General Dynamics,Q502940,GD,mechanical engineering,http://www.wikidata.org/entity/Q502940,60746712066.39697
Duke Energy,Q1264404,DUK,electricity generation,http://www.wikidata.org/entity/Q1264404,59916180157.66699
América Móvil,Q482267,AMX,mobile phone industry,http://www.wikidata.org/entity/Q482267,59912323441.76221
Eni,Q565594,E,petroleum industry,http://www.wikidata.org/entity/Q565594,59683583130.493164
Aetna,Q26049,AET,insurance,http://www.wikidata.org/entity/Q26049,58838166880.92041
Stryker Corporation,Q2357515,SYK,health technology,http://www.wikidata.org/entity/Q2357515,57947013026.93945
Danaher Corporation,Q1159256,DHR,conglomerate,http://www.wikidata.org/entity/Q1159256,57675365406.82031
General Motors,Q81965,GM,automotive industry,http://www.wikidata.org/entity/Q81965,57407314527.36621
Enterprise Products,Q5380346,EPD,petroleum industry,http://www.wikidata.org/entity/Q5380346,57290232991.27197
Illinois Tool Works,Q1510378,ITW,industrial manufacturing,http://www.wikidata.org/entity/Q1510378,57162646575.8584
Banco Bilbao Vizcaya Argentaria,Q806189,BBVA,financial services,http://www.wikidata.org/entity/Q806189,56619093504.0
Occidental Petroleum,Q2013357,OXY,petroleum industry,http://www.wikidata.org/entity/Q2013357,56360877552.7793
Annaly Capital Management,Q16828730,NLY,real estate investment trust,http://www.wikidata.org/entity/Q16828730,55147722470.46582
Las Vegas Sands,Q1506045,LVS,gambling,http://www.wikidata.org/entity/Q1506045,54433945808.85596
The Bank of New York Mellon,Q589288,BK,economics of banking,http://www.wikidata.org/entity/Q589288,54266644476.71973
Northrop Grumman Corporation,Q329953,NOC,weapons industry,http://www.wikidata.org/entity/Q329953,53428734897.52197
Dominion Energy,Q677464,D,energy industry,http://www.wikidata.org/entity/Q677464,52895863526.85547
MetLife,Q607131,MET,insurance industry,http://www.wikidata.org/entity/Q607131,52734081432.34253
American International Group,Q212235,AIG,financial services,http://www.wikidata.org/entity/Q212235,52707390469.76074
Banco Bradesco S.A.,Q806181,BBD,economics of banking,http://www.wikidata.org/entity/Q806181,52512678580.93359
BMO Financial Group,Q806693,BMO,economics of banking,http://www.wikidata.org/entity/Q806693,52482393837.981445
Phillips 66,Q1656230,PSX,petroleum industry,http://www.wikidata.org/entity/Q1656230,51739339239.70386
Deere & Company,Q496302,DE,manufacture of machinery and equipment,http://www.wikidata.org/entity/Q496302,50676058101.379395
The Cigna Group,Q642271,CI,managed care,http://www.wikidata.org/entity/Q642271,50071838597.10693
Ford Motor Company,Q44294,F,automotive industry,http://www.wikidata.org/entity/Q44294,49614026490.492676
Prudential Financial,Q2114414,PRU,life insurance,http://www.wikidata.org/entity/Q2114414,48835800845.96045
Southern Company,Q2304693,SO,electric power industry,http://www.wikidata.org/entity/Q2304693,48264567622.58179
Carnival Corporation & plc,Q1044059,CCL,,http://www.wikidata.org/entity/Q1044059,47522846165.67236
Capital One,Q1034654,COF,financial services,http://www.wikidata.org/entity/Q1034654,47167063667.29736
Mizuho Financial Group,Q166621,MFG,financial services,http://www.wikidata.org/entity/Q166621,46632405926.33789
Estée Lauder,Q1260606,EL,cosmetics industry,http://www.wikidata.org/entity/Q1260606,46625698595.121826
Crown Castle International Corp.,Q5189320,CCI,telecommunications,http://www.wikidata.org/entity/Q5189320,46049503004.23755
RELX,Q998470,RELX,,http://www.wikidata.org/entity/Q998470,45020994690.89502
Becton Dickinson,Q813780,BDX,biotechnology,http://www.wikidata.org/entity/Q813780,43929092409.48486
Emerson Electric,Q1335585,EMR,electrical industry,http://www.wikidata.org/entity/Q1335585,43797795959.30078
BCE Inc.,Q24525746,BCE,telecommunications,http://www.wikidata.org/entity/Q24525746,43787807029.14429
Constellation Brands,Q1128160,STZ,alcohol industry,http://www.wikidata.org/entity/Q1128160,43722242421.02051
LyondellBasell,Q899255,LYB,,http://www.wikidata.org/entity/Q899255,43665097159.210205
TC Energy,Q1516108,TRP,petroleum industry,http://www.wikidata.org/entity/Q1516108,43234151413.96289
S&P Global,Q868587,SPGI,financial services,http://www.wikidata.org/entity/Q868587,43010658450.31738
Halliburton,Q656165,HAL,petroleum,http://www.wikidata.org/entity/Q656165,42768580347.158936
Kimberly-Clark,Q1741634,KMB,personal care product,http://www.wikidata.org/entity/Q1741634,42629542239.11426
Manulife Financial,Q1652574,MFC,insurance industry,http://www.wikidata.org/entity/Q1652574,41788422022.70508
Prologis,Q16983765,PLD,real estate investment trust,http://www.wikidata.org/entity/Q16983765,41379877908.52295
Norfolk Southern Corporation,Q20858163,NSC,,http://www.wikidata.org/entity/Q20858163,40940336393.90039
Norfolk Southern Railway,Q1321054,NSC,transport,http://www.wikidata.org/entity/Q1321054,40940336393.90039
Intercontinental Exchange,Q841458,ICE,,http://www.wikidata.org/entity/Q841458,40461712755.52734
Itaú Unibanco,Q1424293,ITUB,economics of banking,http://www.wikidata.org/entity/Q1424293,40264876924.05762
Kinder Morgan,Q931032,KMI,petroleum industry,http://www.wikidata.org/entity/Q931032,39863684515.88086
Valero Energy,Q1283291,VLO,petroleum industry,http://www.wikidata.org/entity/Q1283291,39813207746.33789
Hudson Pacific Properties,Q55614037,HPP,,http://www.wikidata.org/entity/Q55614037,39480351750.0
Deutsche Bank,Q66048,DB,financial services,http://www.wikidata.org/entity/Q66048,39273164221.54468
Atwood Oceanics,Q4818872,ATW,petroleum industry,http://www.wikidata.org/entity/Q4818872,38986490400.0
Ecolab,Q1282031,ECL,conglomerate,http://www.wikidata.org/entity/Q1282031,38690532528.07617
Barnes & Noble College Booksellers,Q4861508,BNED,retail,http://www.wikidata.org/entity/Q4861508,38659278400.0
Delta Air Lines,Q188920,DAL,aviation,http://www.wikidata.org/entity/Q188920,38348911104.0
Blackstone Group,Q880942,BX,financial services,http://www.wikidata.org/entity/Q880942,38300084684.50488
National Grid,Q1465461,NGG,electric power industry,http://www.wikidata.org/entity/Q1465461,37940625946.4436
State Street Corporation,Q2037125,STT,financial services,http://www.wikidata.org/entity/Q2037125,37034699162.45654
"Waste Management, Inc",Q2552219,WM,waste management industry,http://www.wikidata.org/entity/Q2552219,36998277717.94043
The Travelers Companies,Q942471,TRV,insurance,http://www.wikidata.org/entity/Q942471,36812695834.350586
DuPont,Q221062,DD,chemical industry,http://www.wikidata.org/entity/Q221062,36805602841.89551
Allstate,Q2645636,ALL,insurance,http://www.wikidata.org/entity/Q2645636,36804412030.52222
Southwest Airlines,Q503308,LUV,air transport,http://www.wikidata.org/entity/Q503308,36802991957.575195
Banco Santander (Brasil),Q2882087,BSBR,economics of banking,http://www.wikidata.org/entity/Q2882087,36517865728.427734
Public Storage,Q1156045,PSA,real estate investment trust,http://www.wikidata.org/entity/Q1156045,36464648000.0
American Electric Power,Q464092,AEP,electricity generation,http://www.wikidata.org/entity/Q464092,36187978711.32861
Air Products & Chemicals,Q407744,APD,,http://www.wikidata.org/entity/Q407744,35903492448.02588
Humana,Q910866,HUM,insurance industry,http://www.wikidata.org/entity/Q910866,35439281246.33789
Koninklijke Philips Electronics N.V.,Q170416,PHG,electrical industry,http://www.wikidata.org/entity/Q170416,35292082385.2793
Johnson Controls plc,Q667865,JCI,,http://www.wikidata.org/entity/Q667865,35248777374.76758
HP Inc.,Q21404084,HPQ,software industry,http://www.wikidata.org/entity/Q21404084,35091952546.12988
Southern Copper Corporation,Q7569806,SCCO,mining,http://www.wikidata.org/entity/Q7569806,35036287513.73291
Zoetis,Q8073337,ZTS,pharmaceutical industry,http://www.wikidata.org/entity/Q8073337,34947397460.45239
Eaton Corporation,Q48872,ETN,industrial manufacturing,http://www.wikidata.org/entity/Q48872,34614519597.968994
Baxter International,Q761965,BAX,medical equipment,http://www.wikidata.org/entity/Q761965,34613815747.40527
Target Corporation,Q1046951,TGT,retail,http://www.wikidata.org/entity/Q1046951,34328872728.0
Boston Scientific,Q894585,BSX,,http://www.wikidata.org/entity/Q894585,34205492353.17383
General Mills,Q629998,GIS,food industry,http://www.wikidata.org/entity/Q629998,33804965266.319824
TE Connectivity,Q663452,TEL,electronics,http://www.wikidata.org/entity/Q663452,33585615683.532715
Forum Energy Technologies,Q20708639,FET,list of oilfield service companies,http://www.wikidata.org/entity/Q20708639,33485370000.0
Aon plc,Q739518,AON,professional service,http://www.wikidata.org/entity/Q739518,32812580000.0
ArcelorMittal,Q27893,MT,iron and steel industry,http://www.wikidata.org/entity/Q27893,32809837611.49585
Progressive Corporation,Q7248721,PGR,vehicle insurance,http://www.wikidata.org/entity/Q7248721,32799416142.27295
PT Telkom Indonesia (Persero),Q2305438,TLK,telecommunications,http://www.wikidata.org/entity/Q2305438,32547999802.089844
Thomson Reuters,Q1141267,TRI,media industry,http://www.wikidata.org/entity/Q1141267,32526695195.358887
McKesson Corporation,Q570473,MCK,product distribution,http://www.wikidata.org/entity/Q570473,32178567667.90332
Fresenius Medical Care,Q650259,FMS,health care,http://www.wikidata.org/entity/Q650259,32158917933.10547
Sysco,Q2376711,SYY,wholesale,http://www.wikidata.org/entity/Q2376711,31747457480.69763
ICICI Bank,Q1653258,IBN,economics of banking,http://www.wikidata.org/entity/Q1653258,31444633497.916016
Fidelity National Information Services,Q1411295,FIS,financial services,http://www.wikidata.org/entity/Q1411295,31129110748.413086
HCA Corporation,Q1630431,HCA,health care,http://www.wikidata.org/entity/Q1630431,30752079997.924805
Ecopetrol,Q1282130,EC,petroleum industry,http://www.wikidata.org/entity/Q1282130,30618248503.186523
Marathon Petroleum,Q458363,MPC,petroleum industry,http://www.wikidata.org/entity/Q458363,30474778498.33716
Tyson Foods,Q1325987,TSN,agriculture,http://www.wikidata.org/entity/Q1325987,30428813685.455322
PPG Industries,Q48754,PPG,paint,http://www.wikidata.org/entity/Q48754,29727886242.340088
CRH,Q1053299,CRH,building material,http://www.wikidata.org/entity/Q1053299,29657246922.830322
Synchrony Financial,Q18387139,SYF,financial services,http://www.wikidata.org/entity/Q18387139,29351979760.63965
Cummins,Q173476,CMI,manufacture of machinery and equipment,http://www.wikidata.org/entity/Q173476,29070879766.430176
MPLX,Q105965677,MPLX,,http://www.wikidata.org/entity/Q105965677,28529692208.091797
SK Telecom,Q493145,SKM,mobile phone industry,http://www.wikidata.org/entity/Q493145,28389713835.40576
Restaurant Brands International,Q18619470,QSR,food service,http://www.wikidata.org/entity/Q18619470,28242190349.716187
Moody's Corporation,Q675585,MCO,financial services,http://www.wikidata.org/entity/Q675585,28208271116.638184
VF Corporation,Q457960,VFC,clothing industry,http://www.wikidata.org/entity/Q457960,27533921588.19873
Freeport-McMoRan,Q1453620,FCX,mining,http://www.wikidata.org/entity/Q1453620,27473037459.960938
Corning Inc.,Q5842736,GLW,biotechnology,http://www.wikidata.org/entity/Q5842736,27429921017.824585
Chunghwa Telecom,Q717531,CHT,telecommunications,http://www.wikidata.org/entity/Q717531,27276571292.479736
Exelon,Q1383669,EXC,energy industry,http://www.wikidata.org/entity/Q1383669,27182498153.16687
Yum! Brands,Q668737,YUM,retail,http://www.wikidata.org/entity/Q668737,27136385480.069824
Roper Technologies,Q16932392,ROP,conglomerate,http://www.wikidata.org/entity/Q16932392,26766355000.0
Rogers Communications,Q165684,RCI,telecommunications,http://www.wikidata.org/entity/Q165684,26560555796.59253
Weyerhaeuser,Q1780382,WY,pulp and paper industry,http://www.wikidata.org/entity/Q1780382,26548698114.133545
Parker Hannifin,Q1470619,PH,industrial manufacturing,http://www.wikidata.org/entity/Q1470619,26414213662.338257
Consolidated Edison,Q1127536,ED,energy industry,http://www.wikidata.org/entity/Q1127536,26319292324.901367
Stanley Black & Decker,Q706094,SWK,power tool,http://www.wikidata.org/entity/Q706094,26184864276.7334
Public Service Enterprise Group,Q930919,PEG,public utility,http://www.wikidata.org/entity/Q930919,26018675088.0
Nokia,Q1418,NOK,computer network,http://www.wikidata.org/entity/Q1418,26017478520.878906
Royal Caribbean Group,Q427881,RCL,cruise line,http://www.wikidata.org/entity/Q427881,25658440771.65332
Sun Life Financial,Q835456,SLF,financial services,http://www.wikidata.org/entity/Q835456,25574143169.557617
Ameriprise Financial,Q2843129,AMP,financial services,http://www.wikidata.org/entity/Q2843129,25410841748.7959
Dollar General,Q145168,DG,retail,http://www.wikidata.org/entity/Q145168,25258168220.12329
Williams Companies,Q930639,WMB,petroleum industry,http://www.wikidata.org/entity/Q930639,25233615524.496704
"Valhi, Inc.",Q22909604,VHI,holding company,http://www.wikidata.org/entity/Q22909604,25113257118.213135
Telefônica Brasil,Q20059505,VIV,telecommunications,http://www.wikidata.org/entity/Q20059505,24725614210.077393
AvalonBay,Q4827537,AVB,real estate investment trust,http://www.wikidata.org/entity/Q4827537,24661614806.21338
Digital Realty Trust,Q5275969,DLR,real estate investment trust,http://www.wikidata.org/entity/Q5275969,24453076516.389404
Xcel Energy,Q1486956,XEL,public utility,http://www.wikidata.org/entity/Q1486956,24443007075.21826
Equity Residential,Q187740,EQR,real estate industry,http://www.wikidata.org/entity/Q187740,24387752074.90393
POSCO,Q483946,PKX,iron and steel industry,http://www.wikidata.org/entity/Q483946,24020363860.548096
M&T Bank,Q3272257,MTB,economics of banking,http://www.wikidata.org/entity/Q3272257,23999815191.00952
Hilton Worldwide,Q1057464,HLT,hospitality industry,http://www.wikidata.org/entity/Q1057464,23991301164.47998
The Hershey Company,Q1056637,HSY,"manufacture of cocoa, chocolate and sugar confectionery",http://www.wikidata.org/entity/Q1056637,23915990808.173096
TJX Companies,Q1285819,TJX,retail,http://www.wikidata.org/entity/Q1285819,23901510709.644775
Zimmer Biomet Holdings,Q203552,ZBH,biomedical engineering,http://www.wikidata.org/entity/Q203552,23814284481.6687
Kroger,Q153417,KR,retail,http://www.wikidata.org/entity/Q153417,23771041860.687256
Welltower,Q20486917,WELL,real estate investment trust,http://www.wikidata.org/entity/Q20486917,23724225730.300903
Rockwell Automation,Q1529234,ROK,,http://www.wikidata.org/entity/Q1529234,23696304136.59668
Rockwell International,Q1348664,ROK,aerospace industry,http://www.wikidata.org/entity/Q1348664,23696304136.59668
DXC Technology,Q28782856,DXC,quaternary sector of the economy,http://www.wikidata.org/entity/Q28782856,23310430638.598633
Pacific Gas and Electric Company,Q1815011,PCG,,http://www.wikidata.org/entity/Q1815011,23061584390.57666
Hewlett Packard Enterprise,Q19923099,HPE,software industry,http://www.wikidata.org/entity/Q19923099,22888260542.06128
International Paper,Q202972,IP,pulp and paper industry,http://www.wikidata.org/entity/Q202972,22720161343.658447
Republic Services,Q7314415,RSG,waste management,http://www.wikidata.org/entity/Q7314415,22596951913.114746
Energy Transfer,Q5377000,ETP,petroleum industry,http://www.wikidata.org/entity/Q5377000,22591869678.621094
Franklin Templeton Investments,Q744683,BEN,financial services,http://www.wikidata.org/entity/Q744683,22492603950.50049
KB Kookmin Bank,Q496606,KB,financial sector,http://www.wikidata.org/entity/Q496606,22462280437.548218
Archer Daniels Midland,Q632694,ADM,food processing,http://www.wikidata.org/entity/Q632694,22414740382.737305
Wausau Paper,Q16986877,WPP,pulp and paper industry,http://www.wikidata.org/entity/Q16986877,22303206034.248047
WPP plc,Q1318049,WPP,marketing,http://www.wikidata.org/entity/Q1318049,22303206034.248047
PPL,Q2044512,PPL,electricity supply company,http://www.wikidata.org/entity/Q2044512,22290190549.468994
Boston Properties,Q4844439,BXP,real estate industry,http://www.wikidata.org/entity/Q4844439,22270368961.168945
"Workday, Inc.",Q8034666,WDAY,software industry,http://www.wikidata.org/entity/Q8034666,22172197734.451294
ONEOK,Q11074156,OKE,public utility,http://www.wikidata.org/entity/Q11074156,21981258936.15808
Korea Electric Power Corporation,Q486737,KEP,electricity supply company,http://www.wikidata.org/entity/Q486737,21898413301.23047
Devon Energy,Q1206980,DVN,petroleum industry,http://www.wikidata.org/entity/Q1206980,21755700801.849365
Agilent Technologies,Q393762,A,high-performance liquid chromatography,http://www.wikidata.org/entity/Q393762,21596284547.88867
Canadian Natural Resources,Q1032229,CNQ,,http://www.wikidata.org/entity/Q1032229,21589258788.476807
"Ventas, Inc.",Q19865761,VTR,real estate investment trust,http://www.wikidata.org/entity/Q19865761,21519224377.951904
FEMSA,Q1435628,FMX,brewing industry,http://www.wikidata.org/entity/Q1435628,21368447747.23816
Sasol,Q905998,SSL,petroleum industry,http://www.wikidata.org/entity/Q905998,21367394651.84619
Shinhan Financial Group,Q491325,SHG,financial services,http://www.wikidata.org/entity/Q491325,21087361922.26465
Shinhan Bank,Q487230,SHG,financial sector,http://www.wikidata.org/entity/Q487230,21087361922.26465
Citizens Financial Group,Q5122694,CFG,economics of banking,http://www.wikidata.org/entity/Q5122694,21018168686.651
WEC Energy Group,Q8027166,WEC,,http://www.wikidata.org/entity/Q8027166,20963647877.74585
KeyBank,Q1740314,KEY,economics of banking,http://www.wikidata.org/entity/Q1740314,20866469856.208374
"IQVIA Holdings, Inc.",Q305473,IQV,pharmaceutical industry,http://www.wikidata.org/entity/Q305473,20687542239.238037
Magna International,Q697311,MGA,automotive industry,http://www.wikidata.org/entity/Q697311,20623289517.004395
The Hartford,Q444110,HIG,,http://www.wikidata.org/entity/Q444110,20502803555.29785
Best Buy,Q533415,BBY,retail,http://www.wikidata.org/entity/Q533415,20485196767.456055
Mohawk Industries,Q6893780,MHK,conglomerate,http://www.wikidata.org/entity/Q6893780,20471474953.52588
Nucor,Q1645081,NUE,iron and steel industry,http://www.wikidata.org/entity/Q1645081,20214434533.52002
Eversource Energy,Q3344199,ES,public utility,http://www.wikidata.org/entity/Q3344199,20020857576.705933
Newmont Mining Corporation,Q1785405,NEM,mining,http://www.wikidata.org/entity/Q1785405,20008328464.272095
United Airlines Holdings,Q871700,UAL,air transport,http://www.wikidata.org/entity/Q871700,19967385252.044678
Ferrari,Q22243729,RACE,automotive industry,http://www.wikidata.org/entity/Q22243729,19777645949.157715
AMC Theatres,Q294721,AMC,entertainment,http://www.wikidata.org/entity/Q294721,19761370000.0
Lennar Corporation,Q16981175,LEN,construction,http://www.wikidata.org/entity/Q16981175,19717412024.07837
HDFC Bank,Q631047,HDB,financial services,http://www.wikidata.org/entity/Q631047,19626299990.69458
Teva Pharmaceutical Industries Ltd.,Q898750,TEVA,pharmaceutical industry,http://www.wikidata.org/entity/Q898750,19296406776.885986
STMicroelectronics,Q661845,STM,semiconductor industry,http://www.wikidata.org/entity/Q661845,19279587559.979248
Cardinal Health,Q902397,CAH,health care,http://www.wikidata.org/entity/Q902397,19275787224.014282
Hormel,Q1454852,HRL,food processing,http://www.wikidata.org/entity/Q1454852,19275090975.58838
D. R. Horton,Q5203782,DHI,construction,http://www.wikidata.org/entity/Q5203782,19274584343.38208
Nomura Holdings,Q1295105,NMR,financial services,http://www.wikidata.org/entity/Q1295105,19269670809.640503
Nomura Group,Q658089,NMR,,http://www.wikidata.org/entity/Q658089,19269670809.640503
Clorox,Q910368,CLX,food industry,http://www.wikidata.org/entity/Q910368,19178387568.28308
AutoZone,Q4826087,AZO,automotive industry,http://www.wikidata.org/entity/Q4826087,18966546809.814453
Snap Inc.,Q27022329,SNAP,technology,http://www.wikidata.org/entity/Q27022329,18918779820.38452
Tenaris,Q642106,TS,mining industry,http://www.wikidata.org/entity/Q642106,18917577301.929688
Pembina Pipeline,Q7161915,PBA,petroleum industry,http://www.wikidata.org/entity/Q7161915,18413485245.876465
NextEra Energy,Q967868,NEE,energy company,http://www.wikidata.org/entity/Q967868,18408397497.7417
Precision Drilling,Q2108251,PDS,petroleum industry,http://www.wikidata.org/entity/Q2108251,17939826770.011963
Regions Financial Corporation,Q917131,RF,economics of banking,http://www.wikidata.org/entity/Q917131,17865274586.382202
MGM Resorts International,Q568532,MGM,hospitality industry,http://www.wikidata.org/entity/Q568532,17761375838.211426
Molson Coors Brewing Company,Q3319685,TAP,brewing industry,http://www.wikidata.org/entity/Q3319685,17726299234.085083
Infosys,Q26989,INFY,IT service management,http://www.wikidata.org/entity/Q26989,17597402693.12451
Tesoro Corporation,Q2037080,ANDV,petroleum industry,http://www.wikidata.org/entity/Q2037080,17521347613.541992
Aflac,Q26311,AFL,,http://www.wikidata.org/entity/Q26311,17137070062.805176
Vulcan Materials Company,Q1685287,VMC,list of building materials,http://www.wikidata.org/entity/Q1685287,16979242514.160156
Lincoln National Corporation,Q1825763,LNC,insurance,http://www.wikidata.org/entity/Q1825763,16777493059.463501
Omnicom Group,Q1519267,OMC,mass media,http://www.wikidata.org/entity/Q1519267,16770418861.6333
Ametek,Q470317,AME,industrial manufacturing,http://www.wikidata.org/entity/Q470317,16764848312.151367
DTE Energy,Q5206232,DTE,energy industry,http://www.wikidata.org/entity/Q5206232,16711887193.313599
American Water Works,Q467238,AWK,public utility,http://www.wikidata.org/entity/Q467238,16523002856.118896
"Essex Property Trust, Inc.",Q27964091,ESS,real estate investment trust,http://www.wikidata.org/entity/Q27964091,16490301518.408203
Credicorp,Q126559,bap,insurance,http://www.wikidata.org/entity/Q126559,16486598876.588867
International Flavor & Fragrances,Q1666568,IFF,specialty chemicals,http://www.wikidata.org/entity/Q1666568,16271125655.075073
Loews Corporation,Q826526,L,,http://www.wikidata.org/entity/Q826526,16266603312.864258
CSX Corporation,Q1024454,CSX,rail transport,http://www.wikidata.org/entity/Q1024454,16109164288.42334
APA Corporation,Q119991,APA,petroleum industry,http://www.wikidata.org/entity/Q119991,16104735025.634766
Global Payments,Q5570544,GPN,,http://www.wikidata.org/entity/Q5570544,15952393740.03601
Vornado Realty Trust,Q368181,VNO,real estate investment trust,http://www.wikidata.org/entity/Q368181,15859125781.906128
Markel Corporation,Q6770621,MKL,insurance,http://www.wikidata.org/entity/Q6770621,15826047070.837402
Realty Income Corporation,Q7301386,O,real estate investment trust,http://www.wikidata.org/entity/Q7301386,15734646865.53955
Mettler Toledo,Q680186,MTD,,http://www.wikidata.org/entity/Q680186,15620453868.457031
CGI,Q1798370,GIB,IT service management,http://www.wikidata.org/entity/Q1798370,15609280741.431152
Cousins Properties,Q5178840,CUZ,,http://www.wikidata.org/entity/Q5178840,15554244704.0
Yum China,Q30645592,YUMC,fast food,http://www.wikidata.org/entity/Q30645592,15444799036.823364
Banco Santander-Chile,Q1094313,BSAC,financial services,http://www.wikidata.org/entity/Q1094313,15366390424.629639
Teck Resources,Q688725,TECK,zinc industry,http://www.wikidata.org/entity/Q688725,15292701244.58313
Fortive,Q27919383,FTV,,http://www.wikidata.org/entity/Q27919383,15224358996.402222
Franco-Nevada,Q5484477,FNV,,http://www.wikidata.org/entity/Q5484477,15035317115.689453
Newell Brands,Q667599,NWL,consumer goods industry,http://www.wikidata.org/entity/Q667599,15006770214.736938
Coty,Q1104787,COTY,,http://www.wikidata.org/entity/Q1104787,14938881450.700195
Waters Corporation,Q1322011,WAT,manufacturing of scientific and technical instrumentation,http://www.wikidata.org/entity/Q1322011,14888573918.151855
TAL Education Group,Q96407440,TAL,Elementary and Secondary Schools,http://www.wikidata.org/entity/Q96407440,14880401829.133545
Invesco,Q522617,IVZ,financial services,http://www.wikidata.org/entity/Q522617,14867834052.520752
New Oriental,Q13631921,EDU,educational system,http://www.wikidata.org/entity/Q13631921,14863280000.0
Host Hotels & Resorts,Q1630559,HST,hotel industry,http://www.wikidata.org/entity/Q1630559,14859054759.15564
"Conagra Brands, Inc.",Q1123399,CAG,food industry,http://www.wikidata.org/entity/Q1123399,14756845082.702637
Textron,Q2140315,TXT,automotive industry,http://www.wikidata.org/entity/Q2140315,14675711099.571228
Motorola Solutions Incorporated,Q634815,MSI,telecommunications,http://www.wikidata.org/entity/Q634815,14647276028.963867
Sempra,Q7449804,SRE,public utility,http://www.wikidata.org/entity/Q7449804,14629863349.456787
Coca-Cola FEMSA,Q20714863,KOF,beverage industry,http://www.wikidata.org/entity/Q20714863,14625979593.970215
FirstEnergy,Q1419248,FE,electricity supply company,http://www.wikidata.org/entity/Q1419248,14600656990.255005
Smith & Nephew,Q502509,SNN,medical technology industry,http://www.wikidata.org/entity/Q502509,14576027971.268799
TransDigm Group Inc.,Q7833612,TDG,industrial manufacturing,http://www.wikidata.org/entity/Q7833612,14485765350.439453
United Rentals,Q7889101,URI,equipment rental,http://www.wikidata.org/entity/Q7889101,14468204460.848633
Campbell's,Q1030544,CPB,food industry,http://www.wikidata.org/entity/Q1030544,14458449988.54834
Celanese Corporation,Q547450,CE,chemical industry,http://www.wikidata.org/entity/Q547450,14451731207.122803
CNA Financial,Q5013072,CNA,insurance,http://www.wikidata.org/entity/Q5013072,14396284392.959595
"CBRE, Inc.",Q1023013,CBRE,real estate industry,http://www.wikidata.org/entity/Q1023013,14381519056.015015
Ameren,Q462984,AEE,energy industry,http://www.wikidata.org/entity/Q462984,14373149868.965149
Regis Corporation,Q7309325,RGS,,http://www.wikidata.org/entity/Q7309325,14345933370.056152
Albemarle Corporation,Q127074,ALB,chemical industry,http://www.wikidata.org/entity/Q127074,14165480002.39563
Equifax,Q5384453,EFX,,http://www.wikidata.org/entity/Q5384453,14165021860.046387
The J.M. Smucker Company,Q7742790,SJM,,http://www.wikidata.org/entity/Q7742790,14111800157.356262
LabCorp,Q6466630,LH,health care,http://www.wikidata.org/entity/Q6466630,13977817913.772583
Genuine Parts Company,Q5533818,GPC,,http://www.wikidata.org/entity/Q5533818,13929796453.201294
Martin Marietta Materials,Q6776123,MLM,mining,http://www.wikidata.org/entity/Q6776123,13914777033.352661
Apollo Global Management,Q619121,APO,asset management,http://www.wikidata.org/entity/Q619121,13873750348.237305
National Oilwell Varco,Q1817417,NOV,,http://www.wikidata.org/entity/Q1817417,13808879803.65149
Westlake Corporation,Q17326957,WLK,petroleum industry,http://www.wikidata.org/entity/Q17326957,13805755191.802979
Masco,Q6782872,MAS,,http://www.wikidata.org/entity/Q6782872,13679619720.940186
Quest Diagnostics,Q7271456,DGX,health care,http://www.wikidata.org/entity/Q7271456,13358986330.245972
CMS Energy,Q5013012,CMS,,http://www.wikidata.org/entity/Q5013012,13321571785.125732
Eastman Chemical Company,Q899022,EMN,industrial manufacturing,http://www.wikidata.org/entity/Q899022,13315517672.271729
W. W. Grainger,Q1627894,GWW,,http://www.wikidata.org/entity/Q1627894,13305718125.0
Aegon,Q291171,AEG,insurance,http://www.wikidata.org/entity/Q291171,12990285090.885742
Sherwin-Williams,Q48881,SHW,chemical industry,http://www.wikidata.org/entity/Q48881,12719536341.123047
"NVR, Inc.",Q6955706,NVR,,http://www.wikidata.org/entity/Q6955706,12682039783.093262
DaVita Medical Group,Q48988040,DVA,managed care,http://www.wikidata.org/entity/Q48988040,12675757328.0
DaVita,Q5207184,DVA,health care industry,http://www.wikidata.org/entity/Q5207184,12675757328.0
Dover Corporation,Q16974527,DOV,mechanical engineering,http://www.wikidata.org/entity/Q16974527,12617876259.552002
K. Hovnanian Homes,Q16980428,HOV,construction,http://www.wikidata.org/entity/Q16980428,12600522500.0
"Tapestry, Inc.",Q56273715,TPR,fashion accessory,http://www.wikidata.org/entity/Q56273715,12577906473.663452
Invitation Homes,Q85769855,INVH,real estate investment trust,http://www.wikidata.org/entity/Q85769855,12483072339.81372
ZTO Express,Q10876705,ZTO,logistics,http://www.wikidata.org/entity/Q10876705,12371194620.943604
Ally Financial,Q2032800,ALLY,bank,http://www.wikidata.org/entity/Q2032800,12307881662.315552
Xylem Inc.,Q3146975,XYL,industrial manufacturing,http://www.wikidata.org/entity/Q3146975,12270611105.324707
Church & Dwight,Q5116536,CHD,,http://www.wikidata.org/entity/Q5116536,12238569693.328857
Union Pacific Railroad,Q725793,CNP,rail transport,http://www.wikidata.org/entity/Q725793,12236574316.470215
CenterPoint Energy,Q1053560,CNP,electricity generation,http://www.wikidata.org/entity/Q1053560,12236574316.470215
Alexandria Real Estate Equities,Q48739877,ARE,real estate investment trust,http://www.wikidata.org/entity/Q48739877,12226631533.770996
IHG Hotels & Resorts,Q1424962,IHG,hotel industry,http://www.wikidata.org/entity/Q1424962,12138709635.619629
Resmed,Q7314903,RMD,,http://www.wikidata.org/entity/Q7314903,12051387347.41211
Unum,Q143435,UNM,,http://www.wikidata.org/entity/Q143435,12004716877.393066
Norwegian Cruise Line Holdings Ltd.,Q60767471,NCLH,,http://www.wikidata.org/entity/Q60767471,11964688824.0
Whirlpool,Q1471346,WHR,home appliance industry,http://www.wikidata.org/entity/Q1471346,11938868756.790161
Perrigo Company Plc,Q2916497,PRGO,pharmaceutical industry,http://www.wikidata.org/entity/Q2916497,11926364083.817383
Darden Restaurants,Q742196,DRI,system catering,http://www.wikidata.org/entity/Q742196,11913393023.498535
MAA,Q27988239,MAA,real estate investment trust,http://www.wikidata.org/entity/Q27988239,11847878352.355957
Regency Centers,Q7308000,REG,real estate investment trust,http://www.wikidata.org/entity/Q7308000,11792007772.018433
Grupo Televisa,Q47099,TV,mass media,http://www.wikidata.org/entity/Q47099,11606895889.350952
Lear Corporation,Q502344,LEA,automotive supplier,http://www.wikidata.org/entity/Q502344,11573403157.913208
Arthur J. Gallagher & Co.,Q4799191,AJG,,http://www.wikidata.org/entity/Q4799191,11534234711.25879
Extra Space Storage,Q5422162,EXR,self storage,http://www.wikidata.org/entity/Q5422162,11506145898.468018
CarMax,Q5037190,KMX,,http://www.wikidata.org/entity/Q5037190,11419628610.916138
Telus Communications,Q165858,TU,telecommunications,http://www.wikidata.org/entity/Q165858,11397279744.462158
Teleflex,Q7696143,TFX,medical device design,http://www.wikidata.org/entity/Q7696143,11394886409.417725
MSCI,Q768773,MSCI,,http://www.wikidata.org/entity/Q768773,11381552310.50647
Cenovus Energy,Q1053422,CVE,petroleum industry,http://www.wikidata.org/entity/Q1053422,11364750680.692627
Sealed Air,Q7440621,SEE,conglomerate,http://www.wikidata.org/entity/Q7440621,11338802624.526978
Packaging Corporation of America,Q16983334,PKG,,http://www.wikidata.org/entity/Q16983334,11284697358.475342
Wipro,Q1364176,WIT,information technology consulting,http://www.wikidata.org/entity/Q1364176,11277908686.142395
Gartner,Q174198,IT,market research,http://www.wikidata.org/entity/Q174198,11184236838.57727
Garmin Ltd.,Q30338591,GRMN,,http://www.wikidata.org/entity/Q30338591,11181468129.277588
Garmin Group,Q658789,GRMN,software industry,http://www.wikidata.org/entity/Q658789,11181468129.277588
FMC Corporation,Q899183,FMC,chemical industry,http://www.wikidata.org/entity/Q899183,11022758393.1427
Affiliated Managers Group,Q25775,AMG,financial services,http://www.wikidata.org/entity/Q25775,10966897475.0
Iron Mountain Incorporated,Q1673079,IRM,computer storage media,http://www.wikidata.org/entity/Q1673079,10799080468.978882
Braskem,Q899395,BAK,petroleum industry,http://www.wikidata.org/entity/Q899395,10730072223.443176
Universal Health Services,Q7893967,UHS,,http://www.wikidata.org/entity/Q7893967,10637285266.804504
Agnico Eagle Mines,Q38676,AEM,mining industry,http://www.wikidata.org/entity/Q38676,10619460510.177612
UDR,Q27988153,UDR,real estate investment trust,http://www.wikidata.org/entity/Q27988153,10590881217.69983
Broadridge Financial Solutions,Q4972280,BR,financial services,http://www.wikidata.org/entity/Q4972280,10557280373.413086
Huntington Ingalls Industries,Q7257522,HII,shipbuilding,http://www.wikidata.org/entity/Q7257522,10551605333.381653
PVH Corp.,Q1132272,PVH,fashion,http://www.wikidata.org/entity/Q1132272,10526134818.897705
Brookfield Infrastructure Partners,Q13529408,BIP,Infrastructure asset management,http://www.wikidata.org/entity/Q13529408,10506344571.304321
FMC Technologies,Q1164386,FTI,list of oilfield service companies,http://www.wikidata.org/entity/Q1164386,10488640602.975952
TechnipFMC,Q30324333,FTI,petroleum industry,http://www.wikidata.org/entity/Q30324333,10488640602.975952
A. O. Smith,Q4648219,AOS,"water collection, treatment and supply",http://www.wikidata.org/entity/Q4648219,10487581551.086426
Kohlberg Kravis Roberts,Q1570773,KKR,asset management,http://www.wikidata.org/entity/Q1570773,10464545254.631042
Targa Resources,Q7685824,TRGP,,http://www.wikidata.org/entity/Q7685824,10440949077.8042
Owens Corning,Q7114736,OC,,http://www.wikidata.org/entity/Q7114736,10251310272.216797
IDEX Corporation,Q5970002,IEX,industrial manufacturing,http://www.wikidata.org/entity/Q5970002,10119499812.483887
TransUnion,Q7833641,TRU,information technology industry,http://www.wikidata.org/entity/Q7833641,10105934711.654663
Avery Dennison,Q790650,AVY,product packaging industry,http://www.wikidata.org/entity/Q790650,10099387161.66687
Reinsurance Group of America,Q1793182,RGA,insurance industry,http://www.wikidata.org/entity/Q1793182,10054584229.724121
Snap-on,Q1631922,SNA,industrial manufacturing,http://www.wikidata.org/entity/Q1631922,10036978525.733948
Ingredion,Q8273105,INGR,textile industry,http://www.wikidata.org/entity/Q8273105,10027714418.899536
AMD,Q128896,AMD,computer industry,http://www.wikidata.org/entity/Q128896,10021683899.681091
Fidelity National Financial,Q5446791,FNF,,http://www.wikidata.org/entity/Q5446791,9985337217.23523
Alcoa,Q135325,AA,Aluminium production,http://www.wikidata.org/entity/Q135325,9976777241.223999
Macerich,Q6723256,MAC,real estate investment trust,http://www.wikidata.org/entity/Q6723256,9968779086.31897
The Mosaic Company,Q7752327,MOS,agriculture,http://www.wikidata.org/entity/Q7752327,9889774501.190186
Federal Realty Investment Trust,Q27988152,FRT,real estate investment trust,http://www.wikidata.org/entity/Q27988152,9860251960.501953
Turkcell,Q283852,TKC,telecommunications,http://www.wikidata.org/entity/Q283852,9821824942.736816
CF Industries,Q905806,CF,chemical industry,http://www.wikidata.org/entity/Q905806,9817849691.615479
Leidos,Q502132,LDOS,defense contractor,http://www.wikidata.org/entity/Q502132,9792298733.718872
Bancolombia,Q806206,CIB,economics of banking,http://www.wikidata.org/entity/Q806206,9733159179.832642
American Financial Group,Q4743779,AFG,financial services,http://www.wikidata.org/entity/Q4743779,9687542409.713745
SL Green Realty,Q7391016,SLG,real estate investment trust,http://www.wikidata.org/entity/Q7391016,9630522698.205566
Vistra,Q104158381,VST,,http://www.wikidata.org/entity/Q104158381,9580553760.406494
LG Display,Q483006,LPL,electronics,http://www.wikidata.org/entity/Q483006,9554283678.92456
Pinnacle West Capital Corporation,Q26110522,PNW,electricity supply company,http://www.wikidata.org/entity/Q26110522,9537945354.171753
PulteGroup,Q7259716,PHM,,http://www.wikidata.org/entity/Q7259716,9524960984.0
BorgWarner,Q825943,BWA,automotive industry,http://www.wikidata.org/entity/Q825943,9469189553.642273
GoDaddy,Q1416215,GDDY,web hosting service,http://www.wikidata.org/entity/Q1416215,9448919050.598145
Bunge Limited,Q1009458,BG,food industry,http://www.wikidata.org/entity/Q1009458,9438156257.629395
NiSource,Q1984481,NI,public utility,http://www.wikidata.org/entity/Q1984481,9312023763.036316
Chemours,Q20630716,CC,chemical industry,http://www.wikidata.org/entity/Q20630716,9137151690.65857
Atmos Energy,Q4817084,ATO,,http://www.wikidata.org/entity/Q4817084,9114045505.233765
Alaska Airlines,Q822614,ALK,,http://www.wikidata.org/entity/Q822614,9070178633.583069
Alaska Air Group,Q4033665,ALK,transport,http://www.wikidata.org/entity/Q4033665,9070178633.583069
Kohl's,Q967265,KSS,retail,http://www.wikidata.org/entity/Q967265,9061616003.509521
NRG Energy,Q6955139,NRG,electricity supply company,http://www.wikidata.org/entity/Q6955139,9047127078.904053
Live Nation Entertainment,Q1061903,LYV,show business,http://www.wikidata.org/entity/Q1061903,8893639196.243286
Lending Club,Q6522340,LC,finance,http://www.wikidata.org/entity/Q6522340,8739988438.545227
Camden Property Trust,Q5025803,CPT,real estate investment trust,http://www.wikidata.org/entity/Q5025803,8734201842.611328
Western Union,Q861042,WU,financial services,http://www.wikidata.org/entity/Q861042,8731141025.123596
YPF,Q2006989,YPF,petroleum industry,http://www.wikidata.org/entity/Q2006989,8706304328.573242
Centene Corporation,Q5059102,CNC,health care,http://www.wikidata.org/entity/Q5059102,8704279646.535278
Lennox International,Q224751,LII,,http://www.wikidata.org/entity/Q224751,8604886453.033447
Vail Resorts,Q16986288,MTN,ski industry,http://www.wikidata.org/entity/Q16986288,8579517402.29187
Fibria,Q1410766,fbr,pulp and paper industry,http://www.wikidata.org/entity/Q1410766,8549005271.475281
Voya Financial,Q5972276,VOYA,financial services,http://www.wikidata.org/entity/Q5972276,8485391429.382324
Ingersoll Rand,Q55453962,IR,,http://www.wikidata.org/entity/Q55453962,8478021316.253662
Cheetah Mobile,Q18111091,CMCM,mobile app,http://www.wikidata.org/entity/Q18111091,8468381730.73584
Ralph Lauren Corporation,Q1641437,RL,commerce,http://www.wikidata.org/entity/Q1641437,8412379852.311523
Raymond James Financial,Q7298901,RJF,investment,http://www.wikidata.org/entity/Q7298901,8358837128.585815
Harley-Davidson,Q192814,HOG,automotive industry,http://www.wikidata.org/entity/Q192814,8350324015.296936
Alpha Tomo Global Resoures Sdn Bhd,Q1472539,MAN,staffing industry,http://www.wikidata.org/entity/Q1472539,8343626805.381775
Pentair,Q7165001,PNR,,http://www.wikidata.org/entity/Q7165001,8319026364.349365
Burlington,Q4999220,BURL,retail,http://www.wikidata.org/entity/Q4999220,8310763030.660645
Lamb Weston,Q3216600,LW,,http://www.wikidata.org/entity/Q3216600,8254683611.564636
EQT,Q5323987,EQT,petroleum industry,http://www.wikidata.org/entity/Q5323987,8217023462.98938
Hyatt Hotels Corporation,Q1425063,H,hospitality industry,http://www.wikidata.org/entity/Q1425063,8187870161.933899
UGI Corporation,Q2852632,UGI,energy industry,http://www.wikidata.org/entity/Q2852632,8123007431.999207
Domino's Pizza,Q839466,DPZ,,http://www.wikidata.org/entity/Q839466,8106063056.013489
Huntsman Corporation,Q851361,HUN,chemical industry,http://www.wikidata.org/entity/Q851361,8069695961.929321
Autoliv,Q787044,ALV,automotive supplier,http://www.wikidata.org/entity/Q787044,7966588988.870361
Thor Industries,Q7796068,THO,leisure industry,http://www.wikidata.org/entity/Q7796068,7942250752.325439
Edwards Lifesciences,Q16966841,EW,medical device,http://www.wikidata.org/entity/Q16966841,7933205995.559692
Veeva Systems,Q24204493,VEEV,software industry,http://www.wikidata.org/entity/Q24204493,7871374748.422852
Wabtec,Q741707,WAB,transport industry,http://www.wikidata.org/entity/Q741707,7867351010.764526
Polaris,Q1850587,PII,automotive industry,http://www.wikidata.org/entity/Q1850587,7829311218.108368
Axalta Coating Systems,Q26215536,AXTA,,http://www.wikidata.org/entity/Q26215536,7785589367.966309
Knight-Swift Transportation,Q6422289,KNX,,http://www.wikidata.org/entity/Q6422289,7763929326.536133
James Hardie,Q6135535,JHX,building material,http://www.wikidata.org/entity/Q6135535,7763245639.949219
Vipshop,Q19854317,VIPS,e-commerce,http://www.wikidata.org/entity/Q19854317,7757221775.460754
Keysight Technologies,Q17551096,KEYS,,http://www.wikidata.org/entity/Q17551096,7737891248.97583
"Macy's, Inc.",Q5479360,M,retail,http://www.wikidata.org/entity/Q5479360,7733330163.955688
AerCap,Q4687934,AER,financial services,http://www.wikidata.org/entity/Q4687934,7731617878.817871
Pearson plc,Q1916402,PSO,construction,http://www.wikidata.org/entity/Q1916402,7730814085.509766
Kimco Realty,Q6410043,KIM,real estate investment trust,http://www.wikidata.org/entity/Q6410043,7729013842.354553
McEwen Mining,Q6801109,MUX,mining,http://www.wikidata.org/entity/Q6801109,7689892542.678833
Sun Communities,Q7638250,SUI,real estate investment trust,http://www.wikidata.org/entity/Q7638250,7684521954.89502
Janus Capital Group,Q1683034,JHG,finance,http://www.wikidata.org/entity/Q1683034,7667533223.625183
Janus Henderson,Q30325409,JHG,investment management,http://www.wikidata.org/entity/Q30325409,7667533223.625183
Jefferies & Company,Q325789,JEF,investment,http://www.wikidata.org/entity/Q325789,7660897777.773254
Aramark,Q625708,ARMK,food service,http://www.wikidata.org/entity/Q625708,7606053472.206116
Crown Holdings,Q5189378,CCK,product packaging industry,http://www.wikidata.org/entity/Q5189378,7604437500.0
Graco,Q5591659,GGG,,http://www.wikidata.org/entity/Q5591659,7579143524.597168
Allegion,Q16738121,ALLE,,http://www.wikidata.org/entity/Q16738121,7572950191.61377
FactSet,Q1885491,FDS,software industry,http://www.wikidata.org/entity/Q1885491,7538785557.164001
Macro Bank,Q2335199,BMA,economics of banking,http://www.wikidata.org/entity/Q2335199,7523682641.674042
Autohome,Q47016300,ATHM,,http://www.wikidata.org/entity/Q47016300,7494282737.808228
Sabesp,Q183184,sbs,water supply,http://www.wikidata.org/entity/Q183184,7465344097.341492
Xerox,Q152433,XRX,computer industry,http://www.wikidata.org/entity/Q152433,7423892986.047668
Hubbell Incorporated,Q21036456,HUBB,electronics industry,http://www.wikidata.org/entity/Q21036456,7419731085.232544
Steris,Q80947821,STE,health care industry,http://www.wikidata.org/entity/Q80947821,7401544960.413574
Advance Auto Parts,Q4686051,AAP,,http://www.wikidata.org/entity/Q4686051,7375066380.615234
Adient,Q26832896,ADNT,,http://www.wikidata.org/entity/Q26832896,7373953614.059448
Entergy,Q1344587,ETR,energy company,http://www.wikidata.org/entity/Q1344587,7346179954.910278
West Pharmaceutical Services (United States),Q30338243,WST,,http://www.wikidata.org/entity/Q30338243,7296764768.591309
Toll Brothers,Q7814310,TOL,,http://www.wikidata.org/entity/Q7814310,7290492509.498596
Qiagen,Q315287,QGEN,biotechnology,http://www.wikidata.org/entity/Q315287,7268134937.526703
Fluor,Q653581,FLR,construction,http://www.wikidata.org/entity/Q653581,7265502414.642334
Bausch Health,Q1700871,BHC,pharmaceutical industry,http://www.wikidata.org/entity/Q1700871,7264937600.059509
W. P. Carey & Co.,Q7945867,WPC,real estate investment trust,http://www.wikidata.org/entity/Q7945867,7233824829.368591
American Homes 4 Rent,Q20979194,AMH,real estate investment trust,http://www.wikidata.org/entity/Q20979194,7200123890.304565
AES Corporation,Q291508,AES,electricity generation,http://www.wikidata.org/entity/Q291508,7166026926.157593
Gildan Activewear,Q1524197,GIL,textile industry,http://www.wikidata.org/entity/Q1524197,7165787389.141113
Bio-Rad Laboratories,Q2904022,BIO,biotechnology,http://www.wikidata.org/entity/Q2904022,7162940118.04657
Brown & Brown,Q4976010,BRO,general insurance,http://www.wikidata.org/entity/Q4976010,7105210517.7508545
Wayfair,Q3540193,W,e-commerce,http://www.wikidata.org/entity/Q3540193,7080504025.889587
Arrow Electronics,Q2059537,ARW,product distribution,http://www.wikidata.org/entity/Q2059537,7046642541.564941
Helmerich & Payne,Q19604418,HP,,http://www.wikidata.org/entity/Q19604418,7018740413.726807
RPM International,Q48755,RPM,paint,http://www.wikidata.org/entity/Q48755,6997178615.585327
Acuity Brands,Q4677870,AYI,,http://www.wikidata.org/entity/Q4677870,6967945600.0
Toro,Q935059,TTC,mechanical engineering,http://www.wikidata.org/entity/Q935059,6954822957.91626
Great Plains Energy,Q5599779,GXP,electricity supply company,http://www.wikidata.org/entity/Q5599779,6947011081.672668
US Foods,Q1668265,USFD,foodservice distributor,http://www.wikidata.org/entity/Q1668265,6896400860.473389
Telecom Argentina,Q1544312,TEO,telecommunications,http://www.wikidata.org/entity/Q1544312,6832703696.19873
RPT Realty,Q7289304,RPT,real estate investment trust,http://www.wikidata.org/entity/Q7289304,6805285378.044434
Carlisle Companies,Q5041354,CSL,industrial manufacturing,http://www.wikidata.org/entity/Q5041354,6789076046.15097
Oshkosh Corporation,Q1969091,OSK,automotive industry,http://www.wikidata.org/entity/Q1969091,6784574894.439697
Robert Half,Q2157448,RHI,employment services industry,http://www.wikidata.org/entity/Q2157448,6784488811.836243
Jones Lang LaSalle,Q1703389,JLL,,http://www.wikidata.org/entity/Q1703389,6757519701.672363
Service Corporation International,Q11306218,SCI,funeral services industry,http://www.wikidata.org/entity/Q11306218,6753091563.338135
McCormick & Company,Q1915049,MKC,food industry,http://www.wikidata.org/entity/Q1915049,6711130426.16272
KT Corporation,Q485908,KT,mobile phone industry,http://www.wikidata.org/entity/Q485908,6687401778.038818
Tyler Technologies,Q48802335,TYL,software industry,http://www.wikidata.org/entity/Q48802335,6651432219.648743
Amphenol,Q474621,APH,electronics,http://www.wikidata.org/entity/Q474621,6628922004.808472
Oklahoma Gas & Electric,Q2007484,OGE,,http://www.wikidata.org/entity/Q2007484,6572258609.527588
Teledyne Technologies,Q7696127,TDY,conglomerate,http://www.wikidata.org/entity/Q7696127,6535728744.790649
PLDT,Q644167,PHI,telecommunications,http://www.wikidata.org/entity/Q644167,6498964463.516235
First Horizon National Corporation,Q1419446,FHN,financial services,http://www.wikidata.org/entity/Q1419446,6475620655.77533
First Horizon Bank,Q5453875,FHN,financial services,http://www.wikidata.org/entity/Q5453875,6475620655.77533
Old Republic International,Q7084833,ORI,insurance,http://www.wikidata.org/entity/Q7084833,6466594546.165466
Ultrapar,Q1579222,UGP,petroleum industry,http://www.wikidata.org/entity/Q1579222,6465866589.782715
National Retail Properties,Q6978096,NNN,real estate investment trust,http://www.wikidata.org/entity/Q6978096,6436419104.358032
Marriott Vacations Worldwide Corporation,Q6772994,VAC,tourism,http://www.wikidata.org/entity/Q6772994,6359913648.802185
Donaldson Company,Q5295362,DCI,membrane,http://www.wikidata.org/entity/Q5295362,6357283449.085236
Dolby,Q261288,DLB,audio signal processing,http://www.wikidata.org/entity/Q261288,6326356000.0
Leggett & Platt,Q1812555,LEG,bedding,http://www.wikidata.org/entity/Q1812555,6265517039.909363
"Reliance, Inc.",Q7311031,RS,,http://www.wikidata.org/entity/Q7311031,6254417068.745422
Newfield Exploration,Q7017778,NFX,petroleum industry,http://www.wikidata.org/entity/Q7017778,6233071497.980896
Under Armour,Q2031485,UA,clothing industry,http://www.wikidata.org/entity/Q2031485,6181279058.380127
Park Hotels & Resorts,Q55075186,PK,hospitality industry,http://www.wikidata.org/entity/Q55075186,6176966480.0
Empire State Realty Trust,Q27146006,ESRT,,http://www.wikidata.org/entity/Q27146006,6167561052.039978
The Scotts Miracle-Gro Company,Q2414097,SMG,horticulture,http://www.wikidata.org/entity/Q2414097,6155145276.1024475
Plains GP Holdings,Q19730939,PAGP,,http://www.wikidata.org/entity/Q19730939,6145385613.601685
Genpact,Q1007000,G,professional service,http://www.wikidata.org/entity/Q1007000,6122741429.768005
Wright Express,Q8038212,WEX,,http://www.wikidata.org/entity/Q8038212,6084555413.931274
BlackBerry,Q502121,BB,information technology,http://www.wikidata.org/entity/Q502121,6058574442.021606
Frost Bank,Q5506152,CFR,financial services,http://www.wikidata.org/entity/Q5506152,6048873367.515564
BWX Technologies,Q4836852,BWXT,,http://www.wikidata.org/entity/Q4836852,6029624978.34906
Antero Resources,Q39046155,AR,petroleum industry,http://www.wikidata.org/entity/Q39046155,5997026848.0
Western Alliance Bancorporation,Q106238038,WAL,bank,http://www.wikidata.org/entity/Q106238038,5983035287.132263
Guidewire Software,Q5615528,GWRE,,http://www.wikidata.org/entity/Q5615528,5960389959.461975
Olin Corporation,Q7086908,OLN,chemical industry,http://www.wikidata.org/entity/Q7086908,5945418305.969238
AECOM,Q2825507,ACM,construction,http://www.wikidata.org/entity/Q2825507,5913128295.672607
Starwood Property Trust,Q106241909,STWD,,http://www.wikidata.org/entity/Q106241909,5878765305.038452
Quanta Services,Q7268886,PWR,,http://www.wikidata.org/entity/Q7268886,5869902974.48584
Intrepid Potash,Q6058618,IPI,,http://www.wikidata.org/entity/Q6058618,5836902212.890625
Eldorado Gold,Q1232862,EGO,mining,http://www.wikidata.org/entity/Q1232862,5809425184.686707
EPAM Systems,Q1275613,EPAM,outsourcing,http://www.wikidata.org/entity/Q1275613,5800339090.47699
Grupo Aeroportuario del Sureste,Q1407601,ASR,aviation,http://www.wikidata.org/entity/Q1407601,5747531743.011475
United Microelectronics Corporation,Q143616,UMC,semiconductor industry,http://www.wikidata.org/entity/Q143616,5740971451.98822
Brixmor Property Group,Q17512182,BRX,real estate investment trust,http://www.wikidata.org/entity/Q17512182,5697178002.692627
Copa Holdings,Q5168189,CPA,,http://www.wikidata.org/entity/Q5168189,5687884170.41626
Copa Airlines,Q849404,CPA,,http://www.wikidata.org/entity/Q849404,5687884170.41626
CCU,Q2990393,ccu,brewing industry,http://www.wikidata.org/entity/Q2990393,5687494721.970581
Grupo Aeroportuario del Pacífico,Q5612177,PAC,aviation,http://www.wikidata.org/entity/Q5612177,5670368849.878693
HEICO,Q5629432,HEI,,http://www.wikidata.org/entity/Q5629432,5668837737.195587
AGCO,Q292292,AGCO,industrial manufacturing,http://www.wikidata.org/entity/Q292292,5651449050.865112
Energen,Q5376825,EGN,petroleum industry,http://www.wikidata.org/entity/Q5376825,5595913583.616333
Allison Transmission,Q2036530,ALSN,,http://www.wikidata.org/entity/Q2036530,5583508620.437622
Banco de Chile,Q2882085,BCH,economics of banking,http://www.wikidata.org/entity/Q2882085,5575475942.080078
Hexcel,Q5748967,HXL,,http://www.wikidata.org/entity/Q5748967,5555707285.337158
Watsco,Q7974766,WSO,"heating, ventilation, and air conditioning",http://www.wikidata.org/entity/Q7974766,5540702169.230652
Carter's,Q5047083,CRI,,http://www.wikidata.org/entity/Q5047083,5532756736.40213
Booz Allen Hamilton,Q893221,BAH,consulting company,http://www.wikidata.org/entity/Q893221,5531252649.984009
Flowserve,Q1430331,FLS,,http://www.wikidata.org/entity/Q1430331,5503652689.533234
Civeo Corporation,Q17153461,CVEO,petroleum industry,http://www.wikidata.org/entity/Q17153461,5502303798.088074
H&R Block,Q5627799,HRB,,http://www.wikidata.org/entity/Q5627799,5486666166.075989
MSC Industrial Direct,Q6717732,MSM,,http://www.wikidata.org/entity/Q6717732,5459579324.84436
Kinross Gold,Q546880,KGC,mining,http://www.wikidata.org/entity/Q546880,5458017886.002136
Calpine,Q5023914,CPN,,http://www.wikidata.org/entity/Q5023914,5456453223.351746
Bright Horizons,Q4967421,BFAM,child care,http://www.wikidata.org/entity/Q4967421,5453118600.0
Eagle Materials,Q16249409,EXP,,http://www.wikidata.org/entity/Q16249409,5435352376.402283
DDR Corp.,Q1206686,DDR,real estate investment trust,http://www.wikidata.org/entity/Q1206686,5427332939.498901
Murphy Oil,Q951259,MUR,petroleum industry,http://www.wikidata.org/entity/Q951259,5373109466.37561
Canadian Pacific Kansas City,Q117706368,CP,logistics,http://www.wikidata.org/entity/Q117706368,5361410827.362427
Aptar,Q30273389,ATR,,http://www.wikidata.org/entity/Q30273389,5358988772.180176
Curtiss-Wright,Q1138291,CW,weapons industry,http://www.wikidata.org/entity/Q1138291,5335835803.1814575
CubeSmart,Q5192200,CUBE,self storage,http://www.wikidata.org/entity/Q5192200,5330707934.062958
Assurant,Q4810399,AIZ,insurance,http://www.wikidata.org/entity/Q4810399,5303518263.397217
Sonoco,Q7562151,SON,product packaging industry,http://www.wikidata.org/entity/Q7562151,5290783285.791504
Pool Corporation,Q101209811,POOL,,http://www.wikidata.org/entity/Q101209811,5257903642.474365
Charles River Laboratories,Q5082076,CRL,,http://www.wikidata.org/entity/Q5082076,5243946363.78479
Mortgage Guaranty Insurance Corporation,Q6914636,MTG,lenders mortgage insurance,http://www.wikidata.org/entity/Q6914636,5228700355.655914
Webster Bank,Q7978891,WBS,finance,http://www.wikidata.org/entity/Q7978891,5170960290.590393
AutoNation,Q784804,AN,retail,http://www.wikidata.org/entity/Q784804,5155534053.909302
Valvoline,Q16531742,VVV,chemical industry,http://www.wikidata.org/entity/Q16531742,5077782191.30658
Gerdau,Q1511043,GGB,metal industry,http://www.wikidata.org/entity/Q1511043,5070064664.421082
Schneider National,Q7431894,SNDR,logistics,http://www.wikidata.org/entity/Q7431894,5055091573.952332
CAE Inc.,Q180922,CAE,aerospace engineering,http://www.wikidata.org/entity/Q180922,5038186391.987915
RenaissanceRe,Q16984071,RNR,,http://www.wikidata.org/entity/Q16984071,5026588895.428467
Air Lease,Q4698062,AL,financial services,http://www.wikidata.org/entity/Q4698062,4983181995.811462
VirnetX,Q17087047,VHC,internet security,http://www.wikidata.org/entity/Q17087047,4940432400.0
Icl Group Ltd,Q903957,ICL,,http://www.wikidata.org/entity/Q903957,4934657888.765381
Transocean,Q686785,RIG,list of oilfield service companies,http://www.wikidata.org/entity/Q686785,4930411375.444092
Prosperity Bancshares,Q7250893,PB,economics of banking,http://www.wikidata.org/entity/Q7250893,4892217308.692932
EPR Properties,Q48977470,EPR,,http://www.wikidata.org/entity/Q48977470,4866904848.091187
JBG Smith,Q17109683,JBGS,real property,http://www.wikidata.org/entity/Q17109683,4866679828.014038
EMCOR,Q5370289,EME,engineering,http://www.wikidata.org/entity/Q5370289,4837850550.0
Core Laboratories,Q5170174,CLB,petroleum industry,http://www.wikidata.org/entity/Q5170174,4835328989.6987915
Pampa Energía,Q2838738,pam,energy supply,http://www.wikidata.org/entity/Q2838738,4819010648.565674
Graphic Packaging,Q5597139,GPK,,http://www.wikidata.org/entity/Q5597139,4793887740.818024
Brunswick Corporation,Q994153,BC,,http://www.wikidata.org/entity/Q994153,4788833121.862793
Healthpeak Properties,Q16975567,DOC,real estate investment trust,http://www.wikidata.org/entity/Q16975567,4779264306.018829
Paycom,Q17084959,PAYC,human resource management,http://www.wikidata.org/entity/Q17084959,4754146399.36676
Pediatrix Medical Group,Q16981865,MD,,http://www.wikidata.org/entity/Q16981865,4722973638.629913
National Fuel Gas,Q12859164,NFG,fossil fuel,http://www.wikidata.org/entity/Q12859164,4699318588.941193
ITT Corporation,Q582418,ITT,industrial manufacturing,http://www.wikidata.org/entity/Q582418,4673237216.472626
Dana Corporation,Q5214701,DAN,automotive industry,http://www.wikidata.org/entity/Q5214701,4656078069.775269
Maximus Inc.,Q6795931,MMS,government contractor,http://www.wikidata.org/entity/Q6795931,4643358928.779602
Idacorp,Q5987232,IDA,,http://www.wikidata.org/entity/Q5987232,4603886238.757324
Hanover Insurance,Q5649395,THG,insurance,http://www.wikidata.org/entity/Q5649395,4590698077.774048
Avnet,Q4829076,AVT,electronics,http://www.wikidata.org/entity/Q4829076,4586450696.353912
Teradata,Q430745,TDC,,http://www.wikidata.org/entity/Q430745,4580585890.960693
Floor & Decor,Q56280964,FND,retail,http://www.wikidata.org/entity/Q56280964,4580038356.712341
ServiceNow,Q7455653,NOW,enterprise software,http://www.wikidata.org/entity/Q7455653,4555826445.388794
NewMarket Corporation,Q17562023,NEU,chemical industry,http://www.wikidata.org/entity/Q17562023,4531835727.050781
Rollins Inc.,Q7361273,ROL,pest control,http://www.wikidata.org/entity/Q7361273,4507723231.960693
Obsidian Energy,Q764321,OBE,petroleum industry,http://www.wikidata.org/entity/Q764321,4492047648.493652
Vermilion Energy,Q7921589,VET,petroleum industry,http://www.wikidata.org/entity/Q7921589,4475459322.395325
GenOn Energy,Q5530848,GEN,electricity supply company,http://www.wikidata.org/entity/Q5530848,4474082959.326111
FNB Corporation,Q5426765,FNB,financial services,http://www.wikidata.org/entity/Q5426765,4472538861.236572
Kemper Corporation,Q6387063,KMPR,insurance,http://www.wikidata.org/entity/Q6387063,4461075288.796234
Ryder,Q2178198,R,logistics,http://www.wikidata.org/entity/Q2178198,4456607812.049866
Radian Group,Q7280290,RDN,insurance,http://www.wikidata.org/entity/Q7280290,4447926671.722412
Ashland Inc.,Q725634,ASH,industrial manufacturing,http://www.wikidata.org/entity/Q725634,4443043569.563293
FICO,Q1392999,FICO,data analysis,http://www.wikidata.org/entity/Q1392999,4435905911.636353
Choice Hotels,Q1075788,CHH,hospitality industry,http://www.wikidata.org/entity/Q1075788,4396862473.542786
Orix,Q906055,IX,financial services,http://www.wikidata.org/entity/Q906055,4388992614.063263
Molina Healthcare,Q6896175,MOH,health care industry,http://www.wikidata.org/entity/Q6896175,4377967937.423706
Primerica,Q7243481,PRI,financial services,http://www.wikidata.org/entity/Q7243481,4360364186.036682
Spectra Energy,Q7575161,SE,petroleum industry,http://www.wikidata.org/entity/Q7575161,4359429951.688904
Sea Ltd,Q93520415,SE,e-commerce,http://www.wikidata.org/entity/Q93520415,4359429951.688904
Bemis Company,Q816379,BMS,product packaging industry,http://www.wikidata.org/entity/Q816379,4347800471.292114
Associated Banc-Corp,Q4809155,ASB,financial services,http://www.wikidata.org/entity/Q4809155,4338065934.848785
Convergys,Q1129426,CVG,customer relationship management,http://www.wikidata.org/entity/Q1129426,4266322376.312256
Ares Management,Q4789079,ARES,financial services,http://www.wikidata.org/entity/Q4789079,4263740160.0
Jabil,Q2171646,JBL,electronics,http://www.wikidata.org/entity/Q2171646,4249323960.0
AngloGold Ashanti,Q541076,AU,mining,http://www.wikidata.org/entity/Q541076,4233170385.6811523
BankUnited,Q4855887,BKU,financial services,http://www.wikidata.org/entity/Q4855887,4196888365.814209
AXIS Capital,Q16836218,AXS,reinsurance,http://www.wikidata.org/entity/Q16836218,4179360108.427429
Hilton Grand Vacations,Q13636126,HGV,timeshare,http://www.wikidata.org/entity/Q13636126,4156494002.79364
Peabody Energy,Q1785549,BTU,mining of coal,http://www.wikidata.org/entity/Q1785549,4153928587.3031616
Range Resources,Q4048013,RRC,petroleum industry,http://www.wikidata.org/entity/Q4048013,4152642710.002899
Jeld-Wen,Q1612593,JELD,,http://www.wikidata.org/entity/Q1612593,4150149067.4057007
Conseco,Q5162777,CNO,financial services,http://www.wikidata.org/entity/Q5162777,4136217029.4685364
Penske Automotive Group,Q1975799,PAG,automotive industry,http://www.wikidata.org/entity/Q1975799,4104907819.0994263
Flowers Foods,Q5462295,FLO,,http://www.wikidata.org/entity/Q5462295,4070663747.41745
Rayonier,Q7299366,RYN,,http://www.wikidata.org/entity/Q7299366,4070432961.999893
Cinemark,Q707530,CNK,,http://www.wikidata.org/entity/Q707530,4066244744.3618774
Portland General Electric,Q7231939,POR,public utility,http://www.wikidata.org/entity/Q7231939,4066091687.3443604
Trinity Industries,Q7842860,TRN,conglomerate,http://www.wikidata.org/entity/Q7842860,4054013120.324402
PBF Energy,Q16979157,PBF,petroleum industry,http://www.wikidata.org/entity/Q16979157,4036407986.869812
Home BancShares,Q28402394,HOMB,financial services,http://www.wikidata.org/entity/Q28402394,4030899000.0
Sparklight,Q11301445,CABO,telecommunications,http://www.wikidata.org/entity/Q11301445,4028233013.675537
Brink's,Q2902305,BCO,logistics,http://www.wikidata.org/entity/Q2902305,4009906504.5074463
Kirby Corporation,Q18151094,KEX,water transport,http://www.wikidata.org/entity/Q18151094,3987759782.180786
MasTec,Q6782217,MTZ,construction,http://www.wikidata.org/entity/Q6782217,3984725862.1063232
Globus Medical,Q18344949,GMED,health technology,http://www.wikidata.org/entity/Q18344949,3972639706.911743
Camping World,Q5028383,CWH,retail,http://www.wikidata.org/entity/Q5028383,3965216053.4202576
Kennametal,Q6389509,KMT,,http://www.wikidata.org/entity/Q6389509,3952560303.541565
Boyd Gaming,Q2923022,BYD,,http://www.wikidata.org/entity/Q2923022,3943405314.163208
Hawaiian Electric Industries,Q5684524,HE,,http://www.wikidata.org/entity/Q5684524,3932577915.992737
Evercore Partners,Q5416929,EVR,financial services,http://www.wikidata.org/entity/Q5416929,3924990000.0
Terex,Q1937503,TEX,manufacture of machinery and equipment,http://www.wikidata.org/entity/Q1937503,3905820098.876953
Encompass Health,Q5690400,EHC,health care,http://www.wikidata.org/entity/Q5690400,3857639788.382324
Timken Company,Q469553,TKR,industrial manufacturing,http://www.wikidata.org/entity/Q469553,3832850020.592163
ONE Gas,Q16983192,OGS,public utility,http://www.wikidata.org/entity/Q16983192,3832670271.759033
Southwest Gas,Q7571280,SWX,,http://www.wikidata.org/entity/Q7571280,3831475903.816223
Cabot Corporation,Q750124,CBT,,http://www.wikidata.org/entity/Q750124,3806699298.431015
Louisiana-Pacific,Q1872227,LPX,construction,http://www.wikidata.org/entity/Q1872227,3806387033.176422
"XPO, Inc.",Q8042415,XPO,logistics,http://www.wikidata.org/entity/Q8042415,3797505214.15329
Valmont Industries,Q7912506,VMI,industrial manufacturing,http://www.wikidata.org/entity/Q7912506,3749487182.98645
DST Systems,Q5206198,DST,corporate services,http://www.wikidata.org/entity/Q5206198,3737867795.6222534
Deluxe Corporation,Q5254919,DLX,corporate services,http://www.wikidata.org/entity/Q5254919,3715544234.9212646
RingCentral,Q7334682,RNG,cloud computing,http://www.wikidata.org/entity/Q7334682,3709071003.33374
Cameco,Q1028449,CCJ,mining,http://www.wikidata.org/entity/Q1028449,3699051536.5448
White Mountains Insurance Group,Q7995089,WTM,,http://www.wikidata.org/entity/Q7995089,3691678000.649414
American Greetings,Q464767,AM,greeting card,http://www.wikidata.org/entity/Q464767,3688546991.5657043
Cedar Fair,Q657648,FUN,leisure park industry,http://www.wikidata.org/entity/Q657648,3663096239.593506
Six Flags,Q127324768,FUN,entertainment industry,http://www.wikidata.org/entity/Q127324768,3663096239.593506
"Pure Storage, Inc.",Q7261135,PSTG,recording medium,http://www.wikidata.org/entity/Q7261135,3635714601.2973785
Bank of Hawaii,Q4856124,BOH,finance,http://www.wikidata.org/entity/Q4856124,3633799850.6011963
Nu Skin Enterprises,Q1764040,NUS,personal care product,http://www.wikidata.org/entity/Q1764040,3612246483.7234497
Owens-Illinois,Q180106,OI,product packaging industry,http://www.wikidata.org/entity/Q180106,3610960932.4264526
Gold Fields,Q1534597,GFI,gold mining,http://www.wikidata.org/entity/Q1534597,3606646694.379822
Buenaventura,Q1001788,BVN,mining,http://www.wikidata.org/entity/Q1001788,3576137053.262329
Black Stone Minerals,Q21196367,BSM,petroleum industry,http://www.wikidata.org/entity/Q21196367,3566579746.1738586
Companhia Siderúrgica Nacional,Q400384,SID,iron and steel industry,http://www.wikidata.org/entity/Q400384,3542626686.549225
OneMain Financial,Q28444592,OMF,financial services,http://www.wikidata.org/entity/Q28444592,3516498949.03183
Ryman Hospitality Properties,Q7385192,RHP,real estate investment trust,http://www.wikidata.org/entity/Q7385192,3494551450.035095
New Jersey Resources,Q7009312,NJR,,http://www.wikidata.org/entity/Q7009312,3478855966.8237915
TD SYNNEX,Q109539474,SNX,IT service management,http://www.wikidata.org/entity/Q109539474,3476071484.4703674
Synnex,Q7662493,SNX,information technology,http://www.wikidata.org/entity/Q7662493,3476071484.4703674
Yelp,Q2299611,YELP,information technology,http://www.wikidata.org/entity/Q2299611,3432474952.9466553
Post Holdings,Q27988145,POST,food processing,http://www.wikidata.org/entity/Q27988145,3430373714.384079
Spectrum Brands,Q771865,SPB,industrial manufacturing,http://www.wikidata.org/entity/Q771865,3424255786.9796753
Planet Fitness,Q7201095,PLNT,,http://www.wikidata.org/entity/Q7201095,3407529771.1006165
Transportadora de Gas del Sur,Q2449642,TGS,,http://www.wikidata.org/entity/Q2449642,3398366542.180298
Performance Food Group,Q2070689,PFGC,,http://www.wikidata.org/entity/Q2070689,3386129843.902588
Avista,Q4828988,AVA,energy industry,http://www.wikidata.org/entity/Q4828988,3381322665.2240753
UniFirst,Q7884645,UNF,industrial laundry,http://www.wikidata.org/entity/Q7884645,3348822056.048584
Signet Jewelers Limited,Q7512923,SIG,retail,http://www.wikidata.org/entity/Q7512923,3336749669.9825287
American Eagle Outfitters,Q2842931,AEO,retail,http://www.wikidata.org/entity/Q2842931,3334480664.680481
Edgewell Personal Care,Q5337641,EPC,hygiene,http://www.wikidata.org/entity/Q5337641,3326879290.8096313
Outfront Media,Q23090931,OUT,out-of-home advertising,http://www.wikidata.org/entity/Q23090931,3310516497.9553223
HubSpot,Q5926631,HUBS,marketing,http://www.wikidata.org/entity/Q5926631,3303640657.0243835
CACI,Q1022711,CACI,professional services industry,http://www.wikidata.org/entity/Q1022711,3269773075.7904053
Science Applications International Corporation,Q14993631,SAIC,information technology,http://www.wikidata.org/entity/Q14993631,3253466944.0330505
Manchester United plc,Q27346385,MANU,sports industry,http://www.wikidata.org/entity/Q27346385,3251021116.3306885
Ormat Technologies,Q1549511,ORA,,http://www.wikidata.org/entity/Q1549511,3241013053.6079407
FirstCash,Q5048636,FCFS,retail,http://www.wikidata.org/entity/Q5048636,3238409253.479004
Brandywine Realty Trust,Q4957288,BDN,,http://www.wikidata.org/entity/Q4957288,3217265394.4587708
Black Hills Corporation,Q880296,BKH,energy industry,http://www.wikidata.org/entity/Q880296,3214424359.638977
Stantec,Q2331913,STN,,http://www.wikidata.org/entity/Q2331913,3214110337.7342224
WESCO International,Q7949044,WCC,maintenance,http://www.wikidata.org/entity/Q7949044,3208304436.833954
Ritchie Bros. Auctioneers,Q7336661,RBA,auction,http://www.wikidata.org/entity/Q7336661,3208047082.710266
CNX Resources,Q65066950,CNX,petroleum industry,http://www.wikidata.org/entity/Q65066950,3188038071.977936
Trinseo,Q18354527,TSE,industrial manufacturing,http://www.wikidata.org/entity/Q18354527,3172961153.31192
Dick's Sporting Goods,Q5272601,DKS,retail,http://www.wikidata.org/entity/Q5272601,3143178814.968109
Belden,Q815327,BDC,electronics,http://www.wikidata.org/entity/Q815327,3136049819.5892334
Green Dot Corporation,Q16975278,GDOT,financial services,http://www.wikidata.org/entity/Q16975278,3129030542.8447723
Armstrong World Industries,Q689446,AWI,building material,http://www.wikidata.org/entity/Q689446,3128230940.5838013
TriNet HR Services,Q7839814,TNET,,http://www.wikidata.org/entity/Q7839814,3123504706.7489624
Telephone and Data Systems,Q7696488,TDS,telecommunications,http://www.wikidata.org/entity/Q7696488,3111097914.619446
Sensient Technologies,Q7451039,SXT,,http://www.wikidata.org/entity/Q7451039,3092467519.507599
Generac Holdings Inc.,Q5531627,GNRC,industrial manufacturing,http://www.wikidata.org/entity/Q5531627,3088626804.5513153
"Greif, Inc.",Q20486914,GEF,product packaging industry,http://www.wikidata.org/entity/Q20486914,3088404841.3482666
Clean Harbors,Q5130494,CLH,waste management,http://www.wikidata.org/entity/Q5130494,3085795743.4368134
B2Gold,Q22671405,BTG,mining,http://www.wikidata.org/entity/Q22671405,3078417754.896515
Graham Holdings Company,Q3121014,GHC,conglomerate,http://www.wikidata.org/entity/Q3121014,3072655750.6469727
ProAssurance,Q7246635,PRA,insurance,http://www.wikidata.org/entity/Q7246635,3062668581.7718506
The New York Times Company,Q2529982,NYT,journalism,http://www.wikidata.org/entity/Q2529982,3049207000.0
Artisan Partners,Q41590812,APAM,,http://www.wikidata.org/entity/Q41590812,3041010200.0
Allegheny Technologies,Q1361648,ATI,,http://www.wikidata.org/entity/Q1361648,3039225923.1567383
Tegna Inc.,Q20648663,TGNA,,http://www.wikidata.org/entity/Q20648663,3030100463.581085
Houlihan Lokey,Q1410137,HLI,financial services,http://www.wikidata.org/entity/Q1410137,3028786319.3458557
Wolverine World Wide,Q8030548,WWW,textile industry,http://www.wikidata.org/entity/Q8030548,3023492744.4072723
Haemonetics,Q16980281,HAE,biomedical engineering,http://www.wikidata.org/entity/Q16980281,3002265646.650696
Vishay Intertechnology,Q2528284,VSH,electronics,http://www.wikidata.org/entity/Q2528284,2992461416.0
Box,Q4951483,BOX,cloud storage,http://www.wikidata.org/entity/Q4951483,2990718838.8404846
Ciena,Q1091783,CIEN,telecommunications,http://www.wikidata.org/entity/Q1091783,2989390083.5876465
Moelis & Company,Q16953039,MC,financial services,http://www.wikidata.org/entity/Q16953039,2982682100.0
Rogers Corporation,Q16984188,ROG,,http://www.wikidata.org/entity/Q16984188,2977627806.32782
"Energizer Holdings, Inc.",Q1200840,ENR,,http://www.wikidata.org/entity/Q1200840,2970221063.661957
MSA Safety,Q3009498,MSA,,http://www.wikidata.org/entity/Q3009498,2960256111.808777
Mercury Insurance Group,Q16981897,MCY,insurance,http://www.wikidata.org/entity/Q16981897,2955825108.0417633
EnerSys,Q1341588,ENS,,http://www.wikidata.org/entity/Q1341588,2932300222.3342896
Brookfield Business Partners,Q24705550,BBU,,http://www.wikidata.org/entity/Q24705550,2897167660.3889465
GEO Group,Q1502794,GEO,real estate investment trust,http://www.wikidata.org/entity/Q1502794,2871789646.419525
Delek US,Q104664954,DK,petroleum industry,http://www.wikidata.org/entity/Q104664954,2844412738.442444
Lithia Motors,Q6647881,LAD,car dealership,http://www.wikidata.org/entity/Q6647881,2833547894.647217
Sunoco,Q1423218,SUN,petroleum industry,http://www.wikidata.org/entity/Q1423218,2825305802.0504
Carvana,Q16247191,CVNA,e-commerce,http://www.wikidata.org/entity/Q16247191,2812131483.43277
"KBR, Inc.",Q596499,KBR,,http://www.wikidata.org/entity/Q596499,2787542749.2752075
KB Home,Q6326486,KBH,,http://www.wikidata.org/entity/Q6326486,2781193379.2125854
Proto Labs,Q17152492,PRLB,,http://www.wikidata.org/entity/Q17152492,2774294700.0
Loma Negra,Q6669086,LOMA,construction industry,http://www.wikidata.org/entity/Q6669086,2746483309.135437
Taylor Morrison,Q7690075,TMHC,,http://www.wikidata.org/entity/Q7690075,2744971112.974167
Iamgold,Q1655409,IAG,mining,http://www.wikidata.org/entity/Q1655409,2742041307.4764404
Murphy USA,Q19604459,MUSA,petroleum industry,http://www.wikidata.org/entity/Q19604459,2739592960.8078003
Tri Pointe Homes,Q105038141,TPH,,http://www.wikidata.org/entity/Q105038141,2724520971.599579
TRI Pointe Group,Q58041994,TPH,,http://www.wikidata.org/entity/Q58041994,2724520971.599579
H.B. Fuller,Q20486915,FUL,chemical industry,http://www.wikidata.org/entity/Q20486915,2723300830.003357
Kosmos Energy,Q16733729,KOS,petroleum industry,http://www.wikidata.org/entity/Q16733729,2719333566.94075
"Community Bank, N.A.",Q5154635,CBU,financial services,http://www.wikidata.org/entity/Q5154635,2719051250.0
Noah Holdings,Q121001340,NOAH,financial services,http://www.wikidata.org/entity/Q121001340,2713396328.430176
TopBuild Corp.,Q106253502,BLD,,http://www.wikidata.org/entity/Q106253502,2699396245.864105
The Cooper Companies,Q1129792,COO,medical device,http://www.wikidata.org/entity/Q1129792,2676639518.9849854
CoreCivic,Q1135278,CXW,industrial sector,http://www.wikidata.org/entity/Q1135278,2659590000.0
Simpson Manufacturing Company,Q29469208,SSD,construction,http://www.wikidata.org/entity/Q29469208,2659506760.9313965
Applied Industrial Technologies,Q4781544,AIT,,http://www.wikidata.org/entity/Q4781544,2636927280.9158325
Tanger Inc.,Q7682888,SKT,outlet store,http://www.wikidata.org/entity/Q7682888,2619349627.5749207
Petrobras Argentina,Q3377614,PZE,petroleum industry,http://www.wikidata.org/entity/Q3377614,2606439827.9849854
W. R. Berkley,Q1369955,WRB,insurance,http://www.wikidata.org/entity/Q1369955,2579718430.709839
Alamos Gold,Q105760370,AGI,,http://www.wikidata.org/entity/Q105760370,2561646134.223633
Herbalife,Q572948,HLF,food industry,http://www.wikidata.org/entity/Q572948,2542279816.3864746
Granite Construction,Q5595849,GVA,construction,http://www.wikidata.org/entity/Q5595849,2530241741.1735535
Tronox,Q3999691,TROX,mining,http://www.wikidata.org/entity/Q3999691,2512187888.0348206
Babcock & Wilcox,Q797609,BW,industrial manufacturing,http://www.wikidata.org/entity/Q797609,2504010926.366043
Builders FirstSource,Q27686100,BLDR,building materials trade,http://www.wikidata.org/entity/Q27686100,2497548114.9368286
Commercial Metals Company,Q5152510,CMC,iron and steel industry,http://www.wikidata.org/entity/Q5152510,2494738444.290161
United Natural Foods,Q7888979,UNFI,wholesale,http://www.wikidata.org/entity/Q7888979,2483749993.0763245
ABM Industries,Q4650338,ABM,facility management,http://www.wikidata.org/entity/Q4650338,2479795864.251709
SM Energy,Q16984687,SM,petroleum industry,http://www.wikidata.org/entity/Q16984687,2464635831.483841
AllianceBernstein,Q4732268,AB,asset management,http://www.wikidata.org/entity/Q4732268,2448386925.430298
Compass Minerals,Q5156101,CMP,mining industry,http://www.wikidata.org/entity/Q5156101,2444347550.0
Sally Beauty Holdings,Q7405065,SBH,,http://www.wikidata.org/entity/Q7405065,2431014629.6596527
Carpenter Technology Corporation,Q5045738,CRS,iron and steel industry,http://www.wikidata.org/entity/Q5045738,2384165003.4809113
Acadia Realty Trust,Q4671583,AKR,,http://www.wikidata.org/entity/Q4671583,2382071093.1396484
General American Transportation Corporation,Q940421,GATX,railways rolling stock leasing,http://www.wikidata.org/entity/Q940421,2380727994.155884
Insperity,Q16980616,NSP,professional service,http://www.wikidata.org/entity/Q16980616,2379130276.699829
Korn Ferry,Q1728446,KFY,employment services industry,http://www.wikidata.org/entity/Q1728446,2339000422.375107
HudBay Minerals,Q5928181,HBM,,http://www.wikidata.org/entity/Q5928181,2327327180.043457
Fresh Del Monte Produce,Q3211367,FDP,agriculture,http://www.wikidata.org/entity/Q3211367,2325862113.661194
B&G Foods,Q54953653,BGS,food industry,http://www.wikidata.org/entity/Q54953653,2317541535.6056213
Main Street Capital Corp,Q22674048,MAIN,,http://www.wikidata.org/entity/Q22674048,2308229540.404892
Xenia Hotels and Resorts,Q21021003,XHR,real estate investment trust,http://www.wikidata.org/entity/Q21021003,2304214356.285095
Prestige Brands,Q7241774,PBH,,http://www.wikidata.org/entity/Q7241774,2297489168.106079
Twilio,Q7858039,TWLO,software development,http://www.wikidata.org/entity/Q7858039,2260304196.535492
Seritage Growth Properties,Q105099852,SRG,,http://www.wikidata.org/entity/Q105099852,2257902616.908264
Nelnet,Q6990264,NNI,financial services,http://www.wikidata.org/entity/Q6990264,2228488696.3409424
Boston Beer Company,Q894558,SAM,,http://www.wikidata.org/entity/Q894558,2225856431.0913086
Cohen & Steers,Q115056594,CNS,,http://www.wikidata.org/entity/Q115056594,2211512163.8145447
Arcos Dorados Holdings,Q15727302,ARCO,food industry,http://www.wikidata.org/entity/Q15727302,2184605547.7179565
Avanos Medical,Q56276948,AVNS,health care,http://www.wikidata.org/entity/Q56276948,2183487392.429352
California Water Service Group,Q104845916,CWT,water supply,http://www.wikidata.org/entity/Q104845916,2177484711.7347717
Cooper-Standard Automotive,Q5167736,CPS,,http://www.wikidata.org/entity/Q5167736,2177400750.0
LiveRamp,Q125352505,RAMP,,http://www.wikidata.org/entity/Q125352505,2172160539.667877
"Williams-Sonoma, Inc.",Q2581220,WSM,home furnishing,http://www.wikidata.org/entity/Q2581220,2151288731.7466736
Cleveland-Cliffs,Q5133094,CLF,iron and steel industry,http://www.wikidata.org/entity/Q5133094,2148241083.6860046
American States Water,Q16974884,AWR,"water collection, treatment and supply",http://www.wikidata.org/entity/Q16974884,2126194599.3976593
Edenor S.A.,Q2843192,EDN,public utility,http://www.wikidata.org/entity/Q2843192,2122368952.5802612
Pitney Bowes,Q428977,PBI,service,http://www.wikidata.org/entity/Q428977,2102086017.3797607
cars.com,Q5046846,CARS,,http://www.wikidata.org/entity/Q5046846,2064629770.2836304
CEMIG,Q1121202,CIG,,http://www.wikidata.org/entity/Q1121202,2047924774.2518005
Alexander's,Q4718099,ALX,real estate investment trust,http://www.wikidata.org/entity/Q4718099,2021720777.6724243
Quaker Chemical Corporation,Q16983837,KWR,chemical industry,http://www.wikidata.org/entity/Q16983837,2006562440.6585693
Alexander & Baldwin,Q135281,ALEX,conglomerate,http://www.wikidata.org/entity/Q135281,1990724910.6145935
Mueller Water Products,Q16982326,MWA,,http://www.wikidata.org/entity/Q16982326,1986506157.6652527
Albany International,Q23018189,AIN,,http://www.wikidata.org/entity/Q23018189,1979691659.5790863
Teladoc,Q20715093,TDOC,medicine,http://www.wikidata.org/entity/Q20715093,1974398783.5525513
Brady Corporation,Q897097,BRC,industrial manufacturing,http://www.wikidata.org/entity/Q897097,1970959259.3521118
Enpro Industries,Q16013760,NPO,industrial manufacturing,http://www.wikidata.org/entity/Q16013760,1939331987.3039246
Emergent,Q5370757,EBS,pharmaceutical industry,http://www.wikidata.org/entity/Q5370757,1915103102.307129
Hecla Mining,Q5696498,HL,mining,http://www.wikidata.org/entity/Q5696498,1906390075.4986038
Stifel,Q7616390,SF,investment,http://www.wikidata.org/entity/Q7616390,1887310822.1855164
Axos Financial,Q4937270,AX,bank,http://www.wikidata.org/entity/Q4937270,1878596046.032524
Tootsie Roll Industries,Q7824332,TR,,http://www.wikidata.org/entity/Q7824332,1876346068.6397552
Restoration Hardware,Q7316207,RH,retail,http://www.wikidata.org/entity/Q7316207,1865092983.1932068
The RMR Group,Q84698811,RMR,Real estate investment,http://www.wikidata.org/entity/Q84698811,1843903826.2767792
OR Royalties,Q96419113,OR,,http://www.wikidata.org/entity/Q96419113,1835843666.639328
Brookdale Senior Living,Q4974387,BKD,retirement home,http://www.wikidata.org/entity/Q4974387,1806906342.0700989
Chegg,Q5089544,CHGG,educational technology,http://www.wikidata.org/entity/Q5089544,1794596126.4419556
USANA Health Sciences,Q2502355,USNA,food industry,http://www.wikidata.org/entity/Q2502355,1780858143.3929443
Stepan Company,Q3208192,SCL,chemistry,http://www.wikidata.org/entity/Q3208192,1779691638.5101318
Herc Holdings Inc.,Q107623842,HRI,,http://www.wikidata.org/entity/Q107623842,1779501437.347412
Winnebago Industries,Q8025558,WGO,automotive industry,http://www.wikidata.org/entity/Q8025558,1756276071.8009949
Provident Bank of New Jersey,Q7252517,PFS,finance,http://www.wikidata.org/entity/Q7252517,1756003170.2928543
TransAlta Corporation,Q2448801,TAC,electricity generation,http://www.wikidata.org/entity/Q2448801,1736941841.920105
MaxLinear,Q6794502,MXL,,http://www.wikidata.org/entity/Q6794502,1719942004.9667358
NW Natural,Q6955989,NWN,,http://www.wikidata.org/entity/Q6955989,1717949868.9460754
The Greenbrier Companies,Q7738224,GBX,,http://www.wikidata.org/entity/Q7738224,1715769615.4403687
Brinker International,Q917487,EAT,music,http://www.wikidata.org/entity/Q917487,1703281598.6915588
HNI Corporation,Q5635303,HNI,industrial manufacturing,http://www.wikidata.org/entity/Q5635303,1668013634.802246
Clear Channel Outdoor,Q5130656,CCO,mass media,http://www.wikidata.org/entity/Q5130656,1662656202.3297272
Globant,Q5570946,GLOB,software development,http://www.wikidata.org/entity/Q5570946,1661753371.2539673
Inversiones y Representaciones Sociedad Anónima,Q6060469,IRS,,http://www.wikidata.org/entity/Q6060469,1658541486.963272
Dillard's,Q844805,DDS,retail,http://www.wikidata.org/entity/Q844805,1649651544.0410614
Worthington Industries,Q2594130,WOR,,http://www.wikidata.org/entity/Q2594130,1647238283.841133
Comfort Systems USA,Q5151691,FIX,"heating, ventilation, and air conditioning",http://www.wikidata.org/entity/Q5151691,1616857166.520691
Shake Shack,Q1058722,SHAK,restaurant,http://www.wikidata.org/entity/Q1058722,1599121468.2415009
"Trex Company, Inc.",Q16985774,TREX,,http://www.wikidata.org/entity/Q16985774,1591227515.289688
FTI Consulting,Q5427196,FCN,professional services industry,http://www.wikidata.org/entity/Q5427196,1590336206.1080933
Acushnet Company,Q344839,GOLF,,http://www.wikidata.org/entity/Q344839,1570023553.9976807
Tenet Healthcare,Q3518066,THC,health care,http://www.wikidata.org/entity/Q3518066,1553869664.3600464
Genworth Financial,Q1502712,GNW,financial services,http://www.wikidata.org/entity/Q1502712,1552334702.5178146
Boise Cascade,Q2909088,BCC,,http://www.wikidata.org/entity/Q2909088,1550693609.3025208
Adams Funds,Q105580834,ADX,investment,http://www.wikidata.org/entity/Q105580834,1527453782.8626633
Adams Express Company,Q4680345,ADX,investment,http://www.wikidata.org/entity/Q4680345,1527453782.8626633
PJT Partners,Q23680081,PJT,investment bank,http://www.wikidata.org/entity/Q23680081,1525940108.9385986
Celestica,Q225440,CLS,electronics,http://www.wikidata.org/entity/Q225440,1516508249.9193115
Shutterstock,Q3482689,SSTK,stock photography,http://www.wikidata.org/entity/Q3482689,1501204779.4128418
Coeur Mining,Q386193,CDE,mining,http://www.wikidata.org/entity/Q386193,1493445000.0
Walker & Dunlop,Q60764327,WD,,http://www.wikidata.org/entity/Q60764327,1484223000.0
Methode Electronics,Q18151484,MEI,electronics,http://www.wikidata.org/entity/Q18151484,1483178643.562317
La-Z-Boy,Q6391583,LZB,industrial manufacturing,http://www.wikidata.org/entity/Q6391583,1466421875.8586884
Integer,Q30297996,ITGR,,http://www.wikidata.org/entity/Q30297996,1457119775.4592896
Gray Media,Q5598232,GTN,terrestrial television,http://www.wikidata.org/entity/Q5598232,1455585050.0
Employers Holdings Inc,Q124724566,EIG,,http://www.wikidata.org/entity/Q124724566,1454517409.9868774
IMAX Corporation,Q1654103,IMAX,Motion Picture Production and Services,http://www.wikidata.org/entity/Q1654103,1448847356.1256409
Caleres,Q4112833,CAL,retail,http://www.wikidata.org/entity/Q4112833,1446312544.2249298
Oil States International,Q17182243,OIS,petroleum industry,http://www.wikidata.org/entity/Q17182243,1445829981.021881
J.Jill,Q64448268,JILL,,http://www.wikidata.org/entity/Q64448268,1432920831.1157227
Group 1 Automotive,Q5611081,GPI,car dealership,http://www.wikidata.org/entity/Q5611081,1427057687.5457764
Hyster-Yale Materials Handling,Q19876423,HY,,http://www.wikidata.org/entity/Q19876423,1401929528.2867432
The Manitowoc Company,Q836040,MTW,industrial manufacturing,http://www.wikidata.org/entity/Q836040,1397321399.4197845
Manitowoc Cranes,Q4043693,MTW,industrial manufacturing,http://www.wikidata.org/entity/Q4043693,1397321399.4197845
First Commonwealth Bank,Q5452773,FCF,bank,http://www.wikidata.org/entity/Q5452773,1395913570.2514648
Benchmark Electronics,Q4886950,BHE,,http://www.wikidata.org/entity/Q4886950,1384269558.146286
SPX Corporation,Q2207629,SPXC,conglomerate,http://www.wikidata.org/entity/Q2207629,1362077992.515564
Advanced Drainage Systems,Q60745531,WMS,,http://www.wikidata.org/entity/Q60745531,1353590076.6500473
Lee Enterprises,Q6513538,LEE,,http://www.wikidata.org/entity/Q6513538,1341429350.0
AAR Corp,Q4649932,AIR,aerospace industry,http://www.wikidata.org/entity/Q4649932,1337101595.1568604
RLI Corp.,Q7276947,RLI,insurance industry,http://www.wikidata.org/entity/Q7276947,1336339796.6384888
Tokio Marine HCC,Q5629085,HCC,insurance,http://www.wikidata.org/entity/Q5629085,1327945129.858017
Alamo Group,Q21198484,ALG,,http://www.wikidata.org/entity/Q21198484,1323705531.21109
Asbury Automotive Group,Q4803735,ABG,car dealership,http://www.wikidata.org/entity/Q4803735,1320416000.0
Universal Corporation,Q7893929,UVV,,http://www.wikidata.org/entity/Q7893929,1310862000.0
Standex International,Q48743554,SXI,,http://www.wikidata.org/entity/Q48743554,1306684555.4237366
Pandora,Q1196431,P,software industry,http://www.wikidata.org/entity/Q1196431,1300146846.3039398
ACCO Brands,Q288129,ACCO,industrial manufacturing,http://www.wikidata.org/entity/Q288129,1298153179.7046661
Tennant Company,Q19884156,TNC,,http://www.wikidata.org/entity/Q19884156,1296911502.2392273
8x8,Q4645515,EGHT,,http://www.wikidata.org/entity/Q4645515,1296530228.6770935
"Matson, Inc.",Q6787989,MATX,shipping line,http://www.wikidata.org/entity/Q6787989,1286867910.5804443
Chesapeake Utilities,Q5092882,CPK,,http://www.wikidata.org/entity/Q5092882,1285211584.9319458
Oxford Industries,Q7115371,OXM,textile industry,http://www.wikidata.org/entity/Q7115371,1274575807.385254
Select Medical,Q16984522,SEM,health care,http://www.wikidata.org/entity/Q16984522,1272635323.357582
Tutor Perini,Q7856971,TPC,construction,http://www.wikidata.org/entity/Q7856971,1267913224.0797043
Wabash National,Q7958645,WNC,transport,http://www.wikidata.org/entity/Q7958645,1259415964.2791748
Marcus & Millichap,Q6757974,MMI,,http://www.wikidata.org/entity/Q6757974,1258054691.5466309
Dr. Reddy's Laboratories,Q908961,RDY,pharmaceutical industry,http://www.wikidata.org/entity/Q908961,1252821325.996399
Entergy Texas,Q5617531,EZT,,http://www.wikidata.org/entity/Q5617531,1233377760.6487274
Federal Signal Corporation,Q1400073,FSS,automotive supplier,http://www.wikidata.org/entity/Q1400073,1205446216.1556244
Quad,Q7268255,QUAD,,http://www.wikidata.org/entity/Q7268255,1191216640.1067734
St. Joe Company,Q7588561,JOE,real estate development,http://www.wikidata.org/entity/Q7588561,1189494949.72229
Abercrombie & Fitch,Q319344,ANF,retail,http://www.wikidata.org/entity/Q319344,1183010653.99292
Southside Bank,Q134008655,SBSI,,http://www.wikidata.org/entity/Q134008655,1181811002.708435
Constellium,Q2995071,CSTM,fund management,http://www.wikidata.org/entity/Q2995071,1178956359.664917
Buckle,Q4983306,BKE,retail,http://www.wikidata.org/entity/Q4983306,1148414625.0
First Majestic Silver,Q5453243,AG,mining,http://www.wikidata.org/entity/Q5453243,1131982961.5592957
Kenon Holdings Ltd,Q19605389,KEN,,http://www.wikidata.org/entity/Q19605389,1126750415.1468277
Helix Energy Solutions Group,Q5706267,hlx,petroleum industry,http://www.wikidata.org/entity/Q5706267,1116771954.0299377
Kadant,Q16980871,KAI,,http://www.wikidata.org/entity/Q16980871,1115172936.9483948
First BanCorp,Q5452333,FBP,bank,http://www.wikidata.org/entity/Q5452333,1103017779.3741226
Arista Networks,Q2861324,ANET,computer network,http://www.wikidata.org/entity/Q2861324,1094888919.4900665
Yext,Q8053341,YEXT,technology industry,http://www.wikidata.org/entity/Q8053341,1093628027.7248383
Koppers,Q1784126,KOP,,http://www.wikidata.org/entity/Q1784126,1074834972.2213745
Cementos Pacasmayo,Q5058678,CPAC,,http://www.wikidata.org/entity/Q5058678,1067952447.1458435
Shopify,Q7501150,SHOP,e-commerce,http://www.wikidata.org/entity/Q7501150,1067590240.322113
Rayonier Advanced Materials,Q18619467,RYAM,,http://www.wikidata.org/entity/Q18619467,1060708819.5724487
Banco Latinoamericano de Comercio Exterior,Q25104482,BLX,,http://www.wikidata.org/entity/Q25104482,1058907724.9835968
e.l.f. Cosmetics,Q5422801,ELF,cosmetics industry,http://www.wikidata.org/entity/Q5422801,1043159800.028801
Stillwater Mining Company,Q7617297,SWC,,http://www.wikidata.org/entity/Q7617297,1031806500.0
Mueller Industries,Q16885315,MLI,,http://www.wikidata.org/entity/Q16885315,1024020898.3203888
Meritage Homes Corporation,Q6819538,MTH,,http://www.wikidata.org/entity/Q6819538,1023134735.2458954
TrueBlue,Q33127130,TBI,,http://www.wikidata.org/entity/Q33127130,1010405000.0
Stewart Information Services Corporation,Q7615829,STC,financial services,http://www.wikidata.org/entity/Q7615829,1010098601.7814636
Tenneco,Q1509038,TEN,automotive part,http://www.wikidata.org/entity/Q1509038,1008557090.6410217
3D Systems,Q4636301,DDD,3D printing,http://www.wikidata.org/entity/Q4636301,983767719.0914154
Materion,Q4979671,MTRN,,http://www.wikidata.org/entity/Q4979671,983464709.122467
M/I Homes,Q98424095,MHO,,http://www.wikidata.org/entity/Q98424095,982560363.583374
China Yuchai International,Q16957733,CYD,automotive part,http://www.wikidata.org/entity/Q16957733,979485600.0
"Sturm, Ruger & Co.",Q1508526,RGR,weapons industry,http://www.wikidata.org/entity/Q1508526,975029273.361206
Aimco,Q293796,AIV,real estate investment trust,http://www.wikidata.org/entity/Q293796,960912520.4734802
E. W. Scripps Company,Q283457,SSP,broadcast television system,http://www.wikidata.org/entity/Q283457,948053467.4516144
Lindsay Manufacturing,Q6552749,LNN,,http://www.wikidata.org/entity/Q6552749,945627447.2808838
Forestar Group,Q5469210,FOR,,http://www.wikidata.org/entity/Q5469210,922655800.0
Dine Brands Global,Q5278020,DIN,restaurant industry,http://www.wikidata.org/entity/Q5278020,897834750.8983612
Workiva,Q18156998,WK,,http://www.wikidata.org/entity/Q18156998,895082804.0445328
Central Pacific Bank,Q5061578,CPF,,http://www.wikidata.org/entity/Q5061578,891902082.7188492
Griffon Corporation,Q16840288,GFF,conglomerate,http://www.wikidata.org/entity/Q16840288,865876236.2312317
Volaris,Q431757,VLRS,,http://www.wikidata.org/entity/Q431757,849927568.5119629
Kindred Healthcare,Q921363,KND,health care,http://www.wikidata.org/entity/Q921363,843246203.4189224
Medifast,Q6806861,MED,,http://www.wikidata.org/entity/Q6806861,832840251.8737793
Byline Bank,Q6824994,BY,economics of banking,http://www.wikidata.org/entity/Q6824994,831950405.1303864
SuperValu,Q682047,SVU,retail,http://www.wikidata.org/entity/Q682047,829558814.6505356
Harmony Gold,Q1507228,HMY,,http://www.wikidata.org/entity/Q1507228,828610107.0728989
Federal Agricultural Mortgage Corporation,Q5439999,AGM,,http://www.wikidata.org/entity/Q5439999,825392857.4638367
Evogene Ltd,Q6981538,EVGN,biotechnology,http://www.wikidata.org/entity/Q6981538,816951580.3024292
Gorman-Rupp Company,Q5586622,GRC,,http://www.wikidata.org/entity/Q5586622,814786962.0986938
Sonic Automotive,Q7561788,SAH,automotive industry,http://www.wikidata.org/entity/Q7561788,787281827.5554657
Jinko Solar,Q20182011,JKS,photovoltaics,http://www.wikidata.org/entity/Q20182011,782743300.1689911
Titan Tire Corporation,Q7809776,TWI,,http://www.wikidata.org/entity/Q7809776,770363110.8448029
Brooklyn Rapid Transit Company,Q2926166,B,,http://www.wikidata.org/entity/Q2926166,768190609.1761589
Barnes Group,Q4861529,B,aerospace industry,http://www.wikidata.org/entity/Q4861529,768190609.1761589
Marcus Corporation,Q6758107,MCS,hospitality industry,http://www.wikidata.org/entity/Q6758107,760863335.612297
Clearwater Paper,Q5130952,CLW,pulp and paper industry,http://www.wikidata.org/entity/Q5130952,746076385.0753784
SandRidge Energy,Q7415751,SD,petroleum industry,http://www.wikidata.org/entity/Q7415751,743918479.2251587
Aerohive Networks,Q4688284,HIVE,information technology,http://www.wikidata.org/entity/Q4688284,742274209.6658707
Movado,Q939816,MOV,,http://www.wikidata.org/entity/Q939816,739669437.5255585
Baytex Energy,Q4874958,BTE,petroleum industry,http://www.wikidata.org/entity/Q4874958,718248000.0
"Argan, Inc.",Q111384689,AGX,,http://www.wikidata.org/entity/Q111384689,700546500.0
National Presto Industries,Q6975043,NPK,product,http://www.wikidata.org/entity/Q6975043,693864617.7078247
Barrick Mining Corporation,Q808908,GOLD,mining,http://www.wikidata.org/entity/Q808908,665936242.6597595
Donnelley Financial Solutions,Q65086808,DFIN,,http://www.wikidata.org/entity/Q65086808,660710992.2409058
MBIA,Q1371852,MBI,finance,http://www.wikidata.org/entity/Q1371852,649748864.5172653
Genesco,Q5532704,GCO,,http://www.wikidata.org/entity/Q5532704,647179000.0
Entravision Communications,Q5380687,EVC,mass media,http://www.wikidata.org/entity/Q5380687,646494428.6230087
Unitil Corporation,Q17144598,UTL,public utility,http://www.wikidata.org/entity/Q17144598,644190880.9173584
Costamare,Q1136433,CMRE,water transport,http://www.wikidata.org/entity/Q1136433,630055147.9172707
Tredegar corporation,Q7837478,TG,,http://www.wikidata.org/entity/Q7837478,629965465.0325775
"Stride, Inc.",Q6324302,LRN,educational technology,http://www.wikidata.org/entity/Q6324302,625504394.9930191
FutureFuel,Q15917534,FF,,http://www.wikidata.org/entity/Q15917534,616437506.6757202
Beazer Homes USA,Q4878288,BZH,,http://www.wikidata.org/entity/Q4878288,614168643.7294006
Westwood Holdings Group,Q21010691,WHG,,http://www.wikidata.org/entity/Q21010691,596978484.1452026
Whitestone REIT,Q100323973,WSR,,http://www.wikidata.org/entity/Q100323973,581077479.8469543
Tidewater,Q7800873,TDW,water transport,http://www.wikidata.org/entity/Q7800873,577260070.9751129
Biglari Holdings Inc.,Q4906978,BH,,http://www.wikidata.org/entity/Q4906978,571211714.25354
Petroleum & Resources Corporation,Q7178935,PEO,investment,http://www.wikidata.org/entity/Q7178935,566467716.3566589
A10 Networks,Q16157155,ATEN,computer network,http://www.wikidata.org/entity/Q16157155,546315049.1526604
Tejon Ranch,Q7695260,TRC,,http://www.wikidata.org/entity/Q7695260,538726157.9395294
UMH Properties,Q25103752,UMH,,http://www.wikidata.org/entity/Q25103752,528772676.4623642
Global Ship Lease,Q117392567,GSL,,http://www.wikidata.org/entity/Q117392567,510229233.31832886
Community Health Systems,Q5154770,CYH,health care industry,http://www.wikidata.org/entity/Q5154770,484255526.0181427
Havertys,Q5683881,HVT,,http://www.wikidata.org/entity/Q5683881,476463126.975441
GameStop,Q202210,GME,retail,http://www.wikidata.org/entity/Q202210,457487181.9448471
Pengrowth Energy,Q7162745,PGH,petroleum industry,http://www.wikidata.org/entity/Q7162745,450334788.02108765
Link Motion Inc,Q6955096,LKM,,http://www.wikidata.org/entity/Q6955096,450328437.8633499
Silvercorp Metals,Q7516654,SVM,mining,http://www.wikidata.org/entity/Q7516654,449078460.3843689
Tillys,Q7802889,TLYS,retail,http://www.wikidata.org/entity/Q7802889,429737406.66389465
Deckers Outdoor Corporation,Q1181953,DECK,,http://www.wikidata.org/entity/Q1181953,424828787.5
Amplify Energy,Q96371983,AMPY,,http://www.wikidata.org/entity/Q96371983,415392002.08854675
OFG Bancorp,Q7102329,OFG,financial services,http://www.wikidata.org/entity/Q7102329,413656383.2130432
Unisys,Q518016,UIS,IT service management,http://www.wikidata.org/entity/Q518016,412709460.6826782
Park Electrochemical Corp,Q16983368,PKE,,http://www.wikidata.org/entity/Q16983368,397806382.277298
Ameresco,Q124723674,AMRC,energy industry,http://www.wikidata.org/entity/Q124723674,391539097.3674774
Cato Corporation,Q16956136,CATO,retail,http://www.wikidata.org/entity/Q16956136,391359769.8755264
Texas Pacific Land Trust,Q7707900,TPL,,http://www.wikidata.org/entity/Q7707900,389984920.5364227
"Ryerson, Inc.",Q7385029,RYI,steel,http://www.wikidata.org/entity/Q7385029,386639745.8181381
Braemar Hotels & Resorts,Q63862184,BHR,,http://www.wikidata.org/entity/Q63862184,355580434.61380005
Oppenheimer Holdings,Q7098552,OPY,financial services,http://www.wikidata.org/entity/Q7098552,355367989.88342285
Hamilton Beach Brands,Q5644848,HBB,,http://www.wikidata.org/entity/Q5644848,351269653.3023834
Vishay Precision Group,Q120007567,VPG,electronics,http://www.wikidata.org/entity/Q120007567,338881154.8599243
Maui Land & Pineapple Company,Q6792378,MLP,,http://www.wikidata.org/entity/Q6792378,330594335.4206085
Zoës Kitchen,Q8074747,ZOES,fast casual restaurant,http://www.wikidata.org/entity/Q8074747,327788898.5385895
Ducommun,Q5311573,DCO,,http://www.wikidata.org/entity/Q5311573,323803683.6833954
Calix,Q5021439,CALX,telecommunications,http://www.wikidata.org/entity/Q5021439,307727445.1354027
Miller Industries,Q96418958,MLR,automotive industry,http://www.wikidata.org/entity/Q96418958,293714931.3144684
FranklinCovey,Q5491211,FC,,http://www.wikidata.org/entity/Q5491211,287559725.0
Coterra Energy,Q4035714,CTRA,petroleum industry,http://www.wikidata.org/entity/Q4035714,283140003.7765503
NACCO Industries,Q6952158,NC,,http://www.wikidata.org/entity/Q6952158,257759440.44647217
Ooma,Q7095328,OOMA,telecommunications,http://www.wikidata.org/entity/Q7095328,226889866.37859344
IDT Corporation,Q1925384,IDT,telecommunications,http://www.wikidata.org/entity/Q1925384,219230768.20363998
"GulfMark Offshore, Inc",Q124724948,GLF,,http://www.wikidata.org/entity/Q124724948,200659056.9879532
Natural Grocers,Q17146520,NGVC,retail,http://www.wikidata.org/entity/Q17146520,199579255.8204651
Barracuda Networks,Q4863194,CUDA,computer security,http://www.wikidata.org/entity/Q4863194,198569382.55906105
Zymeworks,Q16968498,ZYME,pharmaceutical industry,http://www.wikidata.org/entity/Q16968498,198154519.30761337
Chipotle Mexican Grill,Q465751,CMG,fast food,http://www.wikidata.org/entity/Q465751,160908205.5150509
Ampco Pittsburgh,Q4748076,AP,steel,http://www.wikidata.org/entity/Q4748076,154894595.2348709
Townsquare Media,Q7830269,TSQ,mass media,http://www.wikidata.org/entity/Q7830269,142053116.82486534
Build-A-Bear Workshop,Q1002992,BBW,retail,http://www.wikidata.org/entity/Q1002992,134848077.20432281
Kodak,Q486269,KODK,chemical industry,http://www.wikidata.org/entity/Q486269,131716515.94791412
DAQO,Q16973267,DQ,photovoltaics,http://www.wikidata.org/entity/Q16973267,128826684.55667496
Genie Energy,Q5533183,GNE,petroleum industry,http://www.wikidata.org/entity/Q5533183,113882331.48736954
dice.com,Q5272335,DHX,,http://www.wikidata.org/entity/Q5272335,98238168.76727343
Ellomay Capital Ltd,Q96481629,ELLO,environmental technology,http://www.wikidata.org/entity/Q96481629,96079500.0
BlueLinx,Q4928758,BXC,wholesale,http://www.wikidata.org/entity/Q4928758,88798629.2824173
REX American Resources,Q17143142,REX,,http://www.wikidata.org/entity/Q17143142,87643424.71670151
Universal Technical Institute,Q7894082,UTI,education,http://www.wikidata.org/entity/Q7894082,60445202.40187645
Harte Hanks,Q5674337,HHS,marketing,http://www.wikidata.org/entity/Q5674337,59067105.0
Amrep Corporation,Q4748634,AXR,,http://www.wikidata.org/entity/Q4748634,56786183.845710754
Chicago Bridge & Iron Company,Q5095516,CBI,,http://www.wikidata.org/entity/Q5095516,56396451.222360134
Vaalco Energy,Q7907809,EGY,petroleum industry,http://www.wikidata.org/entity/Q7907809,41498614.88986015
Mastech Digital,Q52876645,MHH,,http://www.wikidata.org/entity/Q52876645,27406962.143182755
Rockwell Collins,Q461210,COL,aerospace industry,http://www.wikidata.org/entity/Q461210,13916370.146378875
Micron Products,Q48741327,MICR,,http://www.wikidata.org/entity/Q48741327,9916025.0
Vectren,Q7917863,VVC,public utility,http://www.wikidata.org/entity/Q7917863,3323999.9257028103
