source,target,weight,source_name,target_name
Q312,Q95,126,Apple Inc.,Google
Q312,Q3884,119,Apple Inc.,Amazon
Q3884,Q95,108,Amazon,Google
Q20800404,Q95,108,Alphabet Inc.,Google
Q2283,Q312,88,Microsoft,Apple Inc.
Q2283,Q95,86,Microsoft,Google
Q193326,Q334204,69,Goldman Sachs,Morgan Stanley
Q2283,Q3884,66,Microsoft,Amazon
Q219508,Q334204,63,Citigroup,Morgan Stanley
Q3884,Q483551,61,Amazon,Walmart
Q20800404,Q2283,57,Alphabet Inc.,Microsoft
Q20800404,Q312,56,Alphabet Inc.,Apple Inc.
Q334204,Q372657,45,Morgan Stanley,Credit Suisse
Q334204,Q66048,45,Morgan Stanley,Deutsche Bank
Q193326,Q66048,45,Goldman Sachs,Deutsche Bank
Q219508,Q372657,45,Citigroup,Credit Suisse
Q193199,Q66048,43,UBS,Deutsche Bank
Q193326,Q219508,42,Goldman Sachs,Citigroup
Q44294,Q81965,42,Ford Motor Company,General Motors
Q1113804,Q35476,41,Comcast,AT&T
Q20800404,Q81965,41,Alphabet Inc.,General Motors
Q372657,Q66048,39,Credit Suisse,Deutsche Bank
Q2283,Q248,39,Microsoft,Intel
Q15678788,Q81965,39,Fiat Chrysler Automobiles,General Motors
Q248,Q312,38,Intel,Apple Inc.
Q214346,Q950380,38,Viacom,CBS Corporation
Q2283,Q37156,34,Microsoft,IBM
Q26678,Q27530,33,BMW Group,Mercedes-Benz Group
Q20800404,Q3884,33,Alphabet Inc.,Amazon
Q35476,Q467752,33,AT&T,Verizon Communications
Q1472929,Q3884,33,"Nasdaq, Inc.",Amazon
Q193199,Q372657,32,UBS,Credit Suisse
Q1472929,Q312,31,"Nasdaq, Inc.",Apple Inc.
Q105557,Q66,31,Embraer,Boeing
Q1472929,Q768773,30,"Nasdaq, Inc.",MSCI
Q219508,Q487907,30,Citigroup,Bank of America
Q190464,Q193199,30,HSBC,UBS
Q54173,Q66,30,General Electric,Boeing
Q1472929,Q2283,30,"Nasdaq, Inc.",Microsoft
Q219508,Q4972280,30,Citigroup,Broadridge Financial Solutions
Q312,Q544847,30,Apple Inc.,Qualcomm
Q478214,Q81965,29,Tesla,General Motors
Q193326,Q372657,29,Goldman Sachs,Credit Suisse
Q219508,Q66048,29,Citigroup,Deutsche Bank
Q26678,Q81965,28,BMW Group,General Motors
Q154950,Q319642,28,Shell,Chevron Corporation
Q193326,Q487907,28,Goldman Sachs,Bank of America
Q1141267,Q880942,27,Thomson Reuters,Blackstone Group
Q503308,Q66,27,Southwest Airlines,Boeing
Q20800404,Q35476,26,Alphabet Inc.,AT&T
Q245343,Q66048,26,Barclays plc,Deutsche Bank
Q193199,Q193326,26,UBS,Goldman Sachs
Q190464,Q193326,26,HSBC,Goldman Sachs
Q1046951,Q483551,26,Target Corporation,Walmart
Q334204,Q3884,25,Morgan Stanley,Amazon
Q3884,Q58024,25,Amazon,eBay
Q1113804,Q116452644,25,Comcast,"Netflix, Inc."
Q248,Q95,25,Intel,Google
Q54173,Q804353,24,General Electric,Baker Hughes
Q53268,Q81965,24,Toyota,General Motors
Q312,Q768773,24,Apple Inc.,MSCI
Q53268,Q9584,23,Toyota,Honda
Q1156045,Q81965,22,Public Storage,General Motors
Q20800404,Q248,22,Alphabet Inc.,Intel
Q301965,Q9396,22,Sprint Corporation,Deutsche Telekom
Q116452644,Q312,22,"Netflix, Inc.",Apple Inc.
Q1046951,Q3884,22,Target Corporation,Amazon
Q219508,Q744149,21,Citigroup,Wells Fargo
Q116452644,Q3884,21,"Netflix, Inc.",Amazon
Q190464,Q66048,21,HSBC,Deutsche Bank
Q193326,Q245343,21,Goldman Sachs,Barclays plc
Q1503753,Q3958138,21,Vedanta Resources,Vedanta Limited
Q312,Q35476,21,Apple Inc.,AT&T
Q193199,Q334204,20,UBS,Morgan Stanley
Q1359568,Q14772,20,Alibaba Group,Baidu
Q1113804,Q467752,20,Comcast,Verizon Communications
Q334204,Q487907,20,Morgan Stanley,Bank of America
Q20800404,Q780442,20,Alphabet Inc.,Uber
Q1472929,Q334204,19,"Nasdaq, Inc.",Morgan Stanley
Q1155668,Q544847,19,NXP Semiconductors,Qualcomm
Q190464,Q334204,19,HSBC,Morgan Stanley
Q190464,Q245343,19,HSBC,Barclays plc
Q20873932,Q780442,19,Grab,Uber
Q1472929,Q193326,19,"Nasdaq, Inc.",Goldman Sachs
Q108770716,Q1472929,19,Samsara,"Nasdaq, Inc."
Q26678,Q478214,19,BMW Group,Tesla
Q35476,Q95,19,AT&T,Google
Q312,Q334204,19,Apple Inc.,Morgan Stanley
Q37156,Q95,19,IBM,Google
Q459965,Q66,19,Caterpillar,Boeing
Q219508,Q245343,19,Citigroup,Barclays plc
Q301965,Q35476,19,Sprint Corporation,AT&T
Q248,Q544847,19,Intel,Qualcomm
Q334204,Q4972280,18,Morgan Stanley,Broadridge Financial Solutions
Q13218598,Q190464,18,NatWest Group,HSBC
Q17145596,Q483551,18,Tesco Corporation,Walmart
Q41187,Q734779,18,Sony Group,Comscore
Q1809448,Q3884,18,Whole Foods Market,Amazon
Q1152764,Q190464,18,Lloyds Banking Group,HSBC
Q1472929,Q544847,18,"Nasdaq, Inc.",Qualcomm
Q1009458,Q632694,18,Bunge Limited,Archer Daniels Midland
Q1359568,Q3598926,18,Alibaba Group,JD.com
Q301965,Q3511885,18,Sprint Corporation,T-Mobile US
Q15678788,Q44294,18,Fiat Chrysler Automobiles,Ford Motor Company
Q334204,Q744149,17,Morgan Stanley,Wells Fargo
Q312,Q478214,17,Apple Inc.,Tesla
Q248,Q2901365,17,Intel,Mobileye
Q153417,Q483551,17,Kroger,Walmart
Q1194832,Q735261,17,Toronto-Dominion Bank,Royal Bank of Canada
Q245343,Q372657,17,Barclays plc,Credit Suisse
Q157062,Q212405,16,Unilever,Procter & Gamble
Q3884,Q768773,16,Amazon,MSCI
Q1152764,Q13218598,16,Lloyds Banking Group,NatWest Group
Q2283,Q768773,16,Microsoft,MSCI
Q1472929,Q14772,16,"Nasdaq, Inc.",Baidu
Q20800404,Q467752,16,Alphabet Inc.,Verizon Communications
Q487907,Q744149,16,Bank of America,Wells Fargo
Q18354527,Q768773,16,Trinseo,MSCI
Q503308,Q54173,16,Southwest Airlines,General Electric
Q128896,Q248,16,AMD,Intel
Q245343,Q334204,16,Barclays plc,Morgan Stanley
Q666694,Q735261,16,Canadian Imperial Bank of Commerce,Royal Bank of Canada
Q157062,Q95,16,Unilever,Google
Q478214,Q95,16,Tesla,Google
Q483551,Q95,15,Walmart,Google
Q301965,Q467752,15,Sprint Corporation,Verizon Communications
Q20800404,Q478214,15,Alphabet Inc.,Tesla
Q1472929,Q2837996,15,"Nasdaq, Inc.",Alliance Data
Q266423,Q731938,15,Bristol-Myers Squibb,AstraZeneca
Q372657,Q4972280,15,Credit Suisse,Broadridge Financial Solutions
Q116452644,Q95,15,"Netflix, Inc.",Google
Q501476,Q596139,15,Hasbro,Mattel
Q193199,Q219508,15,UBS,Citigroup
Q22243729,Q9584,14,Ferrari,Honda
Q5376211,Q898750,14,Endo International plc,Teva Pharmaceutical Industries Ltd.
Q1359568,Q1472929,14,Alibaba Group,"Nasdaq, Inc."
Q2283,Q334204,14,Microsoft,Morgan Stanley
Q312,Q6723256,14,Apple Inc.,Macerich
Q192314,Q193326,14,JPMorgan Chase,Goldman Sachs
Q1472929,Q15913890,14,"Nasdaq, Inc.",iQIYI
Q2283,Q483551,14,Microsoft,Walmart
Q1113804,Q20800404,13,Comcast,Alphabet Inc.
Q153417,Q3884,13,Kroger,Amazon
Q1645081,Q72539,13,Nucor,U.S. Steel
Q188920,Q407237,13,Delta Air Lines,Air France-KLM
Q1472929,Q20800404,13,"Nasdaq, Inc.",Alphabet Inc.
Q17145596,Q3884,13,Tesco Corporation,Amazon
Q1472929,Q29739,13,"Nasdaq, Inc.",International
Q1472929,Q30635731,13,"Nasdaq, Inc.","Cboe Global Markets, Inc."
Q2529982,Q312,13,The New York Times Company,Apple Inc.
Q570473,Q902397,13,McKesson Corporation,Cardinal Health
Q219635,Q312,13,BlackRock,Apple Inc.
Q212322,Q663596,13,GSK,Gilead Sciences
Q1472929,Q95,13,"Nasdaq, Inc.",Google
Q1655409,Q66,13,Iamgold,Boeing
Q333718,Q898750,13,Johnson & Johnson,Teva Pharmaceutical Industries Ltd.
Q20165,Q26678,12,Nissan,BMW Group
Q478214,Q675585,12,Tesla,Moody's Corporation
Q1472929,Q8074786,12,"Nasdaq, Inc.",Zscaler
Q193326,Q312,12,Goldman Sachs,Apple Inc.
Q470156,Q950380,12,Cencora,CBS Corporation
Q898750,Q902397,12,Teva Pharmaceutical Industries Ltd.,Cardinal Health
Q26678,Q44294,12,BMW Group,Ford Motor Company
Q5376211,Q902397,12,Endo International plc,Cardinal Health
Q26678,Q53268,12,BMW Group,Toyota
Q193199,Q312,12,UBS,Apple Inc.
Q157062,Q334204,12,Unilever,Morgan Stanley
Q3511885,Q9396,12,T-Mobile US,Deutsche Telekom
Q1472929,Q248,12,"Nasdaq, Inc.",Intel
Q155026,Q459477,12,United Parcel Service,FedEx
Q1194832,Q666694,12,Toronto-Dominion Bank,Canadian Imperial Bank of Commerce
Q1155668,Q312,12,NXP Semiconductors,Apple Inc.
Q122141,Q9396,12,Vodafone,Deutsche Telekom
Q11407,Q877536,11,VMware,Dell EMC
Q1655409,Q170614,11,Iamgold,Ryanair
Q2529982,Q3208192,11,The New York Times Company,Stepan Company
Q66,Q768773,11,Boeing,MSCI
Q116452644,Q214346,11,"Netflix, Inc.",Viacom
Q1472929,Q219508,11,"Nasdaq, Inc.",Citigroup
Q1519267,Q95,11,Omnicom Group,Google
Q27500963,Q877536,11,Dell Technologies,Dell EMC
Q2529982,Q3884,11,The New York Times Company,Amazon
Q1652574,Q835456,11,Manulife Financial,Sun Life Financial
Q35476,Q3884,11,AT&T,Amazon
Q206921,Q333718,11,Pfizer,Johnson & Johnson
Q570473,Q898750,11,McKesson Corporation,Teva Pharmaceutical Industries Ltd.
Q2283,Q35476,11,Microsoft,AT&T
Q116452644,Q35476,11,"Netflix, Inc.",AT&T
Q487907,Q66048,11,Bank of America,Deutsche Bank
Q5376211,Q570473,11,Endo International plc,McKesson Corporation
Q3884,Q478214,11,Amazon,Tesla
Q372657,Q487907,11,Credit Suisse,Bank of America
Q312,Q41187,11,Apple Inc.,Sony Group
Q619111,Q619121,11,Apollo Group,Apollo Global Management
Q122141,Q571779,11,Vodafone,Liberty Global
Q190464,Q219508,11,HSBC,Citigroup
Q312,Q37156,11,Apple Inc.,IBM
Q116452644,Q1472929,11,"Netflix, Inc.","Nasdaq, Inc."
Q193326,Q219635,11,Goldman Sachs,BlackRock
Q1472929,Q15589464,11,"Nasdaq, Inc.",Dropbox Inc.
Q899133,Q905049,10,Takeda Pharmaceutical Company,Shire plc
Q192314,Q219508,10,JPMorgan Chase,Citigroup
Q190464,Q372657,10,HSBC,Credit Suisse
Q14772,Q15913890,10,Baidu,iQIYI
Q483551,Q58024,10,Walmart,eBay
Q193199,Q245343,10,UBS,Barclays plc
Q188920,Q66,10,Delta Air Lines,Boeing
Q20165,Q53268,10,Nissan,Toyota
Q734779,Q7893929,10,Comscore,Universal Corporation
Q333718,Q902397,10,Johnson & Johnson,Cardinal Health
Q333718,Q5376211,10,Johnson & Johnson,Endo International plc
Q1129792,Q1472929,10,The Cooper Companies,"Nasdaq, Inc."
Q157062,Q19681433,10,Unilever,Kraft Heinz
Q1472929,Q4972280,10,"Nasdaq, Inc.",Broadridge Financial Solutions
Q478214,Q53268,10,Tesla,Toyota
Q14772,Q95,10,Baidu,Google
Q193326,Q768773,10,Goldman Sachs,MSCI
Q26049,Q624375,10,Aetna,CVS Health
Q19900,Q37156,10,Oracle Corporation,IBM
Q1472929,Q470517,10,"Nasdaq, Inc.",Amgen
Q66,Q7240,10,Boeing,Lockheed Martin
Q1915079,Q5095516,10,McDermott International,Chicago Bridge & Iron Company
Q108770716,Q544847,10,Samsara,Qualcomm
Q13218598,Q372657,10,NatWest Group,Credit Suisse
Q248,Q35476,9,Intel,AT&T
Q1197548,Q1472929,9,Micron Technology,"Nasdaq, Inc."
Q1045758,Q66,9,United Technologies Corporation,Boeing
Q1472929,Q66,9,"Nasdaq, Inc.",Boeing
Q2283,Q58024,9,Microsoft,eBay
Q19873469,Q312,9,Bio-Techne,Apple Inc.
Q55931,Q81965,9,Hyundai Motor Company,General Motors
Q1652574,Q735261,9,Manulife Financial,Royal Bank of Canada
Q15678788,Q26678,9,Fiat Chrysler Automobiles,BMW Group
Q333718,Q570473,9,Johnson & Johnson,McKesson Corporation
Q1046951,Q5479360,9,Target Corporation,"Macy's, Inc."
Q105965677,Q458363,9,MPLX,Marathon Petroleum
Q334204,Q483551,9,Morgan Stanley,Walmart
Q1359568,Q3884,9,Alibaba Group,Amazon
Q154950,Q157062,9,Shell,Unilever
Q328840,Q489921,9,Visa,Mastercard
Q44294,Q478214,9,Ford Motor Company,Tesla
Q17141393,Q60748073,9,SJW Group,"Connecticut Water Service, Inc."
Q2529982,Q95,9,The New York Times Company,Google
Q128896,Q312,9,AMD,Apple Inc.
Q1032229,Q1516410,9,Canadian Natural Resources,Suncor Energy
Q193326,Q744149,9,Goldman Sachs,Wells Fargo
Q1283291,Q16979157,9,Valero Energy,PBF Energy
Q780442,Q81965,9,Uber,General Motors
Q1410766,Q1472929,9,Fibria,"Nasdaq, Inc."
Q459965,Q496302,9,Caterpillar,Deere & Company
Q219508,Q880942,9,Citigroup,Blackstone Group
Q192314,Q334204,9,JPMorgan Chase,Morgan Stanley
Q19900,Q2283,9,Oracle Corporation,Microsoft
Q193326,Q735261,9,Goldman Sachs,Royal Bank of Canada
Q16981175,Q5203782,9,Lennar Corporation,D. R. Horton
Q11407,Q27500963,9,VMware,Dell Technologies
Q108770716,Q2283,9,Samsara,Microsoft
Q3884,Q66048,9,Amazon,Deutsche Bank
Q212322,Q731938,9,GSK,AstraZeneca
Q642610,Q66,9,Hawaiian Airlines,Boeing
Q247489,Q731938,9,Merck & Co.,AstraZeneca
Q108770716,Q37156,9,Samsara,IBM
Q219508,Q735261,9,Citigroup,Royal Bank of Canada
Q128896,Q2283,9,AMD,Microsoft
Q1519267,Q157062,9,Omnicom Group,Unilever
Q26678,Q81230,9,BMW Group,Siemens
Q19923099,Q2283,9,Hewlett Packard Enterprise,Microsoft
Q1472929,Q66048,9,"Nasdaq, Inc.",Deutsche Bank
Q182477,Q478214,9,Nvidia,Tesla
Q1359568,Q334204,9,Alibaba Group,Morgan Stanley
Q116452644,Q20800404,8,"Netflix, Inc.",Alphabet Inc.
Q478214,Q689791,8,Tesla,ISS
Q19923099,Q37156,8,Hewlett Packard Enterprise,IBM
Q248,Q6723256,8,Intel,Macerich
Q334204,Q735261,8,Morgan Stanley,Royal Bank of Canada
Q1339966,Q735261,8,Enbridge,Royal Bank of Canada
Q1652574,Q666694,8,Manulife Financial,Canadian Imperial Bank of Commerce
Q206921,Q899010,8,Pfizer,Mylan
Q312,Q467752,8,Apple Inc.,Verizon Communications
Q27530,Q478214,8,Mercedes-Benz Group,Tesla
Q1113804,Q3884,8,Comcast,Amazon
Q155026,Q3884,8,United Parcel Service,Amazon
Q312,Q713418,8,Apple Inc.,TSMC
Q15678788,Q478214,8,Fiat Chrysler Automobiles,Tesla
Q53268,Q55931,8,Toyota,Hyundai Motor Company
Q116452644,Q950380,8,"Netflix, Inc.",CBS Corporation
Q552581,Q95,8,SAP,Google
Q2283,Q552581,8,Microsoft,SAP
Q619121,Q880942,8,Apollo Global Management,Blackstone Group
Q116452644,Q5189378,8,"Netflix, Inc.",Crown Holdings
Q467752,Q95,8,Verizon Communications,Google
Q193326,Q2283,8,Goldman Sachs,Microsoft
Q157062,Q768773,8,Unilever,MSCI
Q192314,Q487907,8,JPMorgan Chase,Bank of America
Q1472929,Q6840048,8,"Nasdaq, Inc.",Microsemi
Q19873469,Q3884,8,Bio-Techne,Amazon
Q30635731,Q372657,8,"Cboe Global Markets, Inc.",Credit Suisse
Q15589464,Q2283,8,Dropbox Inc.,Microsoft
Q312,Q5450340,8,Apple Inc.,Finisar
Q312,Q66,8,Apple Inc.,Boeing
Q312,Q81965,8,Apple Inc.,General Motors
Q312,Q66048,8,Apple Inc.,Deutsche Bank
Q190464,Q856411,8,HSBC,British American Tobacco
Q248,Q3884,8,Intel,Amazon
Q663596,Q731938,8,Gilead Sciences,AstraZeneca
Q219635,Q372657,8,BlackRock,Credit Suisse
Q127278673,Q2283,8,LinkedIn Corporation,Microsoft
Q156238,Q319642,8,ExxonMobil,Chevron Corporation
Q1655409,Q407237,8,Iamgold,Air France-KLM
Q217583,Q312,8,Berkshire Hathaway,Apple Inc.
Q2529982,Q950380,8,The New York Times Company,CBS Corporation
Q27530,Q44294,8,Mercedes-Benz Group,Ford Motor Company
Q193326,Q3884,8,Goldman Sachs,Amazon
Q193199,Q856411,8,UBS,British American Tobacco
Q4048013,Q5377000,8,Range Resources,Energy Transfer
Q735261,Q835456,8,Royal Bank of Canada,Sun Life Financial
Q26678,Q9584,8,BMW Group,Honda
Q1339966,Q835456,8,Enbridge,Sun Life Financial
Q248,Q37156,8,Intel,IBM
Q666694,Q835456,8,Canadian Imperial Bank of Commerce,Sun Life Financial
Q66048,Q768773,7,Deutsche Bank,MSCI
Q44294,Q53268,7,Ford Motor Company,Toyota
Q20165,Q81965,7,Nissan,General Motors
Q245343,Q312,7,Barclays plc,Apple Inc.
Q1931458,Q19923099,7,Micro Focus International,Hewlett Packard Enterprise
Q6159625,Q667599,7,Jarden,Newell Brands
Q192314,Q372657,7,JPMorgan Chase,Credit Suisse
Q157062,Q856411,7,Unilever,British American Tobacco
Q214346,Q35476,7,Viacom,AT&T
Q245343,Q4972280,7,Barclays plc,Broadridge Financial Solutions
Q20800404,Q483551,7,Alphabet Inc.,Walmart
Q1152764,Q245343,7,Lloyds Banking Group,Barclays plc
Q552581,Q81230,7,SAP,Siemens
Q1472929,Q37156,7,"Nasdaq, Inc.",IBM
Q880942,Q926806,7,Blackstone Group,Carlyle Group
Q571779,Q9396,7,Liberty Global,Deutsche Telekom
Q334204,Q58024,7,Morgan Stanley,eBay
Q81965,Q9584,7,General Motors,Honda
Q1472929,Q54173,7,"Nasdaq, Inc.",General Electric
Q1472929,Q75256038,7,"Nasdaq, Inc.",Cronos Group Inc
Q312,Q37158,7,Apple Inc.,Starbucks
Q66048,Q81230,7,Deutsche Bank,Siemens
Q1339966,Q1652574,7,Enbridge,Manulife Financial
Q24525746,Q735261,7,BCE Inc.,Royal Bank of Canada
Q39046155,Q4048013,7,Antero Resources,Range Resources
Q13218598,Q66048,7,NatWest Group,Deutsche Bank
Q212322,Q507154,7,GSK,Novartis
Q1045758,Q461210,7,United Technologies Corporation,Rockwell Collins
Q135683211,Q312,7,PayPal Holdings,Apple Inc.
Q5203782,Q7259716,7,D. R. Horton,PulteGroup
Q3067064,Q48742870,7,Sociedad Química y Minera de Chile,Nutrien
Q128896,Q95,7,AMD,Google
Q14772,Q3598926,7,Baidu,JD.com
Q39046155,Q5377000,7,Antero Resources,Energy Transfer
Q13218598,Q334204,7,NatWest Group,Morgan Stanley
Q221062,Q38589917,7,DuPont,DowDuPont
Q7098806,Q744149,7,Optical Cable Corporation,Wells Fargo
Q66048,Q744149,7,Deutsche Bank,Wells Fargo
Q483551,Q715583,7,Walmart,Costco
Q333718,Q906187,7,Johnson & Johnson,Allergan plc
Q15678788,Q53268,7,Fiat Chrysler Automobiles,Toyota
Q194360,Q328840,7,American Express,Visa
Q20165,Q9584,7,Nissan,Honda
Q245343,Q487907,7,Barclays plc,Bank of America
Q30635731,Q841458,7,"Cboe Global Markets, Inc.",Intercontinental Exchange
Q902397,Q906187,7,Cardinal Health,Allergan plc
Q1472929,Q899010,7,"Nasdaq, Inc.",Mylan
Q26678,Q312,7,BMW Group,Apple Inc.
Q1472929,Q19873469,7,"Nasdaq, Inc.",Bio-Techne
Q19873469,Q95,7,Bio-Techne,Google
Q248,Q81965,7,Intel,General Motors
Q27893,Q81230,7,ArcelorMittal,Siemens
Q157062,Q190464,7,Unilever,HSBC
Q1472929,Q3077586,7,"Nasdaq, Inc.",Bilibili
Q898750,Q906187,7,Teva Pharmaceutical Industries Ltd.,Allergan plc
Q5376211,Q906187,7,Endo International plc,Allergan plc
Q372657,Q744149,7,Credit Suisse,Wells Fargo
Q1472929,Q459965,7,"Nasdaq, Inc.",Caterpillar
Q20165,Q27530,7,Nissan,Mercedes-Benz Group
Q372657,Q3884,7,Credit Suisse,Amazon
Q294721,Q734779,7,AMC Theatres,Comscore
Q122141,Q157062,7,Vodafone,Unilever
Q192314,Q744149,7,JPMorgan Chase,Wells Fargo
Q122141,Q1418,7,Vodafone,Nokia
Q1359568,Q193326,7,Alibaba Group,Goldman Sachs
Q41187,Q7893929,7,Sony Group,Universal Corporation
Q334204,Q478214,7,Morgan Stanley,Tesla
Q212405,Q95,7,Procter & Gamble,Google
Q334204,Q768773,7,Morgan Stanley,MSCI
Q1852556,Q856411,7,Philip Morris International,British American Tobacco
Q108770716,Q19923099,6,Samsara,Hewlett Packard Enterprise
Q1113804,Q7414,6,Comcast,The Walt Disney Company
Q1156045,Q26678,6,Public Storage,BMW Group
Q10856243,Q3301958,6,Newegg,Overstock.com
Q1548363,Q6914636,6,Magic Software Enterprises Ltd.,Mortgage Guaranty Insurance Corporation
Q3598926,Q3884,6,JD.com,Amazon
Q1023876,Q30635731,6,CME Group,"Cboe Global Markets, Inc."
Q1472929,Q898750,6,"Nasdaq, Inc.",Teva Pharmaceutical Industries Ltd.
Q2901365,Q81965,6,Mobileye,General Motors
Q1046951,Q153417,6,Target Corporation,Kroger
Q3511885,Q467752,6,T-Mobile US,Verizon Communications
Q677464,Q7389067,6,Dominion Energy,SCANA
Q35476,Q544847,6,AT&T,Qualcomm
Q1418,Q312,6,Nokia,Apple Inc.
Q157062,Q1570773,6,Unilever,Kohlberg Kravis Roberts
Q3301958,Q3540193,6,Overstock.com,Wayfair
Q312,Q60269744,6,Apple Inc.,Spotify Technology
Q38589917,Q632694,6,DowDuPont,Archer Daniels Midland
Q58024,Q95,6,eBay,Google
Q14772,Q502121,6,Baidu,BlackBerry
Q157062,Q3884,6,Unilever,Amazon
Q5439999,Q66048,6,Federal Agricultural Mortgage Corporation,Deutsche Bank
Q18712620,Q624375,6,Walgreens Boots Alliance,CVS Health
Q219635,Q334204,6,BlackRock,Morgan Stanley
Q2529982,Q35476,6,The New York Times Company,AT&T
Q334204,Q544847,6,Morgan Stanley,Qualcomm
Q1570773,Q880942,6,Kohlberg Kravis Roberts,Blackstone Group
Q372657,Q880942,6,Credit Suisse,Blackstone Group
Q2874395,Q507154,6,Avis Budget Group,Novartis
Q2529982,Q470156,6,The New York Times Company,Cencora
Q334204,Q95,6,Morgan Stanley,Google
Q15678788,Q20800404,6,Fiat Chrysler Automobiles,Alphabet Inc.
Q219508,Q451476,6,Citigroup,Scotiabank
Q214763,Q319642,6,ConocoPhillips,Chevron Corporation
Q2283,Q877536,6,Microsoft,Dell EMC
Q16981175,Q7259716,6,Lennar Corporation,PulteGroup
Q16981175,Q7814310,6,Lennar Corporation,Toll Brothers
Q5041354,Q625713,6,Carlisle Companies,BHP
Q4048013,Q7571413,6,Range Resources,Southwestern Energy
Q1645081,Q66,6,Nucor,Boeing
Q5377000,Q7571413,6,Energy Transfer,Southwestern Energy
Q334204,Q7663801,6,Morgan Stanley,Global Industrial Company
Q13218598,Q193326,6,NatWest Group,Goldman Sachs
Q13218598,Q219508,6,NatWest Group,Citigroup
Q13218598,Q245343,6,NatWest Group,Barclays plc
Q207983,Q221062,6,Monsanto,DuPont
Q1472929,Q483551,6,"Nasdaq, Inc.",Walmart
Q24525746,Q835456,6,BCE Inc.,Sun Life Financial
Q1141267,Q2448801,6,Thomson Reuters,TransAlta Corporation
Q24525746,Q666694,6,BCE Inc.,Canadian Imperial Bank of Commerce
Q20800404,Q37156,6,Alphabet Inc.,IBM
Q221062,Q855639,6,DuPont,Dow Chemical Company
Q128896,Q1472929,6,AMD,"Nasdaq, Inc."
Q116452644,Q193326,6,"Netflix, Inc.",Goldman Sachs
Q1359568,Q15913890,6,Alibaba Group,iQIYI
Q467752,Q9396,6,Verizon Communications,Deutsche Telekom
Q193326,Q880942,6,Goldman Sachs,Blackstone Group
Q334204,Q35476,6,Morgan Stanley,AT&T
Q27022329,Q95,6,Snap Inc.,Google
Q39046155,Q7571413,6,Antero Resources,Southwestern Energy
Q212322,Q247489,6,GSK,Merck & Co.
Q20183163,Q20858163,6,Union Pacific Corporation,Norfolk Southern Corporation
Q54173,Q677464,6,General Electric,Dominion Energy
Q245343,Q3884,6,Barclays plc,Amazon
Q1024454,Q20858163,6,CSX Corporation,Norfolk Southern Corporation
Q144617,Q947718,6,TIM Group,Reynolds American
Q487907,Q735261,6,Bank of America,Royal Bank of Canada
Q66048,Q880942,6,Deutsche Bank,Blackstone Group
Q3884,Q744149,6,Amazon,Wells Fargo
Q312,Q483551,6,Apple Inc.,Walmart
Q2140077,Q2288792,6,Tribune Media,Sinclair Broadcast Group
Q570473,Q906187,6,McKesson Corporation,Allergan plc
Q334204,Q880942,6,Morgan Stanley,Blackstone Group
Q1652574,Q2448801,6,Manulife Financial,TransAlta Corporation
Q1652574,Q24525746,6,Manulife Financial,BCE Inc.
Q2448801,Q24525746,6,TransAlta Corporation,BCE Inc.
Q2448801,Q666694,6,TransAlta Corporation,Canadian Imperial Bank of Commerce
Q2448801,Q735261,6,TransAlta Corporation,Royal Bank of Canada
Q2448801,Q835456,6,TransAlta Corporation,Sun Life Financial
Q1141267,Q1339966,6,Thomson Reuters,Enbridge
Q1141267,Q1652574,6,Thomson Reuters,Manulife Financial
Q19900,Q19923099,6,Oracle Corporation,Hewlett Packard Enterprise
Q301965,Q483551,6,Sprint Corporation,Walmart
Q247489,Q266423,6,Merck & Co.,Bristol-Myers Squibb
Q19900,Q95,6,Oracle Corporation,Google
Q7685824,Q7695260,6,Targa Resources,Tejon Ranch
Q1141267,Q24525746,6,Thomson Reuters,BCE Inc.
Q1141267,Q666694,6,Thomson Reuters,Canadian Imperial Bank of Commerce
Q1141267,Q735261,6,Thomson Reuters,Royal Bank of Canada
Q1141267,Q835456,6,Thomson Reuters,Sun Life Financial
Q1194832,Q1652574,6,Toronto-Dominion Bank,Manulife Financial
Q1194832,Q835456,6,Toronto-Dominion Bank,Sun Life Financial
Q1339966,Q2448801,6,Enbridge,TransAlta Corporation
Q1359568,Q312,6,Alibaba Group,Apple Inc.
Q1046951,Q715583,6,Target Corporation,Costco
Q2283,Q66048,6,Microsoft,Deutsche Bank
Q135683211,Q58024,6,PayPal Holdings,eBay
Q312,Q58024,6,Apple Inc.,eBay
Q116452644,Q193199,6,"Netflix, Inc.",UBS
Q54173,Q741707,6,General Electric,Wabtec
Q5479360,Q920037,6,"Macy's, Inc.",J. C. Penney
Q1339966,Q24525746,6,Enbridge,BCE Inc.
Q1339966,Q666694,6,Enbridge,Canadian Imperial Bank of Commerce
Q22909236,Q3884,6,Instacart,Amazon
Q11235714,Q7308000,6,NIS Group,Regency Centers
Q192314,Q66048,6,JPMorgan Chase,Deutsche Bank
Q207983,Q38589917,6,Monsanto,DowDuPont
Q312,Q898750,6,Apple Inc.,Teva Pharmaceutical Industries Ltd.
Q502940,Q66,6,General Dynamics,Boeing
Q1472929,Q16974741,6,"Nasdaq, Inc.",AMAG Pharmaceuticals
Q154950,Q156238,6,Shell,ExxonMobil
Q6723256,Q95,6,Macerich,Google
Q1023876,Q219508,6,CME Group,Citigroup
Q312,Q372657,6,Apple Inc.,Credit Suisse
Q15589464,Q95,6,Dropbox Inc.,Google
Q1472929,Q35476,6,"Nasdaq, Inc.",AT&T
Q158205,Q905049,5,Sanofi,Shire plc
Q14772,Q478214,5,Baidu,Tesla
Q193326,Q248,5,Goldman Sachs,Intel
Q3884,Q66,5,Amazon,Boeing
Q212322,Q898750,5,GSK,Teva Pharmaceutical Industries Ltd.
Q1472929,Q7573905,5,"Nasdaq, Inc.",Spartan Motors
Q624375,Q768231,5,CVS Health,Express Scripts
Q116452644,Q2283,5,"Netflix, Inc.",Microsoft
Q1113804,Q214346,5,Comcast,Viacom
Q1472929,Q663596,5,"Nasdaq, Inc.",Gilead Sciences
Q27530,Q81965,5,Mercedes-Benz Group,General Motors
Q1113804,Q95,5,Comcast,Google
Q312,Q44294,5,Apple Inc.,Ford Motor Company
Q30273389,Q66,5,Aptar,Boeing
Q108770716,Q248,5,Samsara,Intel
Q312,Q334800,5,Apple Inc.,PepsiCo
Q193199,Q95,5,UBS,Google
Q127074,Q3067064,5,Albemarle Corporation,Sociedad Química y Minera de Chile
Q219635,Q487907,5,BlackRock,Bank of America
Q193326,Q95,5,Goldman Sachs,Google
Q3884,Q910866,5,Amazon,Humana
Q1472929,Q85769888,5,"Nasdaq, Inc.",Iovance Biotherapeutics
Q193326,Q37156,5,Goldman Sachs,IBM
Q7893563,Q81965,5,Essendant,General Motors
Q30635731,Q66048,5,"Cboe Global Markets, Inc.",Deutsche Bank
Q1152764,Q219508,5,Lloyds Banking Group,Citigroup
Q1046951,Q95,5,Target Corporation,Google
Q116452644,Q2529982,5,"Netflix, Inc.",The New York Times Company
Q14772,Q312,5,Baidu,Apple Inc.
Q1057464,Q880942,5,Hilton Worldwide,Blackstone Group
Q1024454,Q20183163,5,CSX Corporation,Union Pacific Corporation
Q2529982,Q27022329,5,The New York Times Company,Snap Inc.
Q1194832,Q1339966,5,Toronto-Dominion Bank,Enbridge
Q1472929,Q6044894,5,"Nasdaq, Inc.",InterDigital
Q19873469,Q2283,5,Bio-Techne,Microsoft
Q153417,Q715583,5,Kroger,Costco
Q2283,Q372657,5,Microsoft,Credit Suisse
Q15678788,Q9584,5,Fiat Chrysler Automobiles,Honda
Q1809448,Q483551,5,Whole Foods Market,Walmart
Q3344199,Q60748073,5,Eversource Energy,"Connecticut Water Service, Inc."
Q17141393,Q3344199,5,SJW Group,Eversource Energy
Q301965,Q95,5,Sprint Corporation,Google
Q1570773,Q193326,5,Kohlberg Kravis Roberts,Goldman Sachs
Q190464,Q768773,5,HSBC,MSCI
Q16983837,Q24705550,5,Quaker Chemical Corporation,Brookfield Business Partners
Q470517,Q898750,5,Amgen,Teva Pharmaceutical Industries Ltd.
Q182477,Q312,5,Nvidia,Apple Inc.
Q312,Q483006,5,Apple Inc.,LG Display
Q18169198,Q312,5,Qorvo,Apple Inc.
Q193326,Q2837996,5,Goldman Sachs,Alliance Data
Q544847,Q66048,5,Qualcomm,Deutsche Bank
Q206921,Q212322,5,Pfizer,GSK
Q768773,Q95,5,MSCI,Google
Q219508,Q3884,5,Citigroup,Amazon
Q85769855,Q880942,5,Invitation Homes,Blackstone Group
Q1113804,Q2961234,5,Comcast,Charter Communications
Q116452644,Q7414,5,"Netflix, Inc.",The Walt Disney Company
Q2283,Q41187,5,Microsoft,Sony Group
Q2843129,Q97961992,5,Ameriprise Financial,Brilliance China Automotive Holdings
Q329953,Q66,5,Northrop Grumman Corporation,Boeing
Q329953,Q502940,5,Northrop Grumman Corporation,General Dynamics
Q248,Q552581,5,Intel,SAP
Q193412,Q248,5,Texas Instruments,Intel
Q1347782,Q1472929,5,Marvell Technology,"Nasdaq, Inc."
Q11407,Q2283,5,VMware,Microsoft
Q248,Q478214,5,Intel,Tesla
Q37156,Q3884,5,IBM,Amazon
Q248,Q54173,5,Intel,General Electric
Q334204,Q451476,5,Morgan Stanley,Scotiabank
Q15913890,Q3077586,5,iQIYI,Bilibili
Q14772,Q3077586,5,Baidu,Bilibili
Q1359568,Q3077586,5,Alibaba Group,Bilibili
Q483551,Q5479360,5,Walmart,"Macy's, Inc."
Q1023765,Q487907,5,CIT Group,Bank of America
Q312,Q80978,5,Apple Inc.,Hewlett-Packard
Q1024454,Q1472929,5,CSX Corporation,"Nasdaq, Inc."
Q1885491,Q3884,5,FactSet,Amazon
Q35476,Q624375,5,AT&T,CVS Health
Q26049,Q35476,5,Aetna,AT&T
Q38928,Q744149,5,PNC Financial Services,Wells Fargo
Q1472929,Q4740289,5,"Nasdaq, Inc.",Amarin Corporation
Q193199,Q487907,5,UBS,Bank of America
Q1371852,Q1472929,5,MBIA,"Nasdaq, Inc."
Q1472929,Q81965,5,"Nasdaq, Inc.",General Motors
Q190464,Q487907,5,HSBC,Bank of America
Q2529982,Q26678,5,The New York Times Company,BMW Group
Q15678788,Q22243729,5,Fiat Chrysler Automobiles,Ferrari
Q48754,Q926806,5,PPG Industries,Carlyle Group
Q119991,Q6060469,5,APA Corporation,Inversiones y Representaciones Sociedad Anónima
Q245343,Q806206,5,Barclays plc,Bancolombia
Q219635,Q2529982,5,BlackRock,The New York Times Company
Q1113804,Q571779,5,Comcast,Liberty Global
Q15678788,Q55931,5,Fiat Chrysler Automobiles,Hyundai Motor Company
Q157062,Q81230,5,Unilever,Siemens
Q18619982,Q72539,5,Century Aluminum,U.S. Steel
Q372657,Q5377000,5,Credit Suisse,Energy Transfer
Q30325409,Q372657,5,Janus Henderson,Credit Suisse
Q1645081,Q459965,5,Nucor,Caterpillar
Q154950,Q214763,5,Shell,ConocoPhillips
Q181507,Q334204,5,SunTrust Banks,Morgan Stanley
Q1325369,Q18191351,5,Elbit Systems Ltd.,Elbit Limited
Q20800404,Q44294,5,Alphabet Inc.,Ford Motor Company
Q5206198,Q7392916,5,DST Systems,SS&C Technologies
Q81230,Q9396,5,Siemens,Deutsche Telekom
Q459965,Q675585,5,Caterpillar,Moody's Corporation
Q1472929,Q744149,5,"Nasdaq, Inc.",Wells Fargo
Q2283,Q27022329,5,Microsoft,Snap Inc.
Q35476,Q507154,5,AT&T,Novartis
Q1359568,Q1944412,5,Alibaba Group,MoneyGram
Q2283,Q941127,5,Microsoft,Salesforce
Q5172422,Q7921589,5,Corporate Office Properties Trust,Vermilion Energy
Q15589464,Q8074786,5,Dropbox Inc.,Zscaler
Q181507,Q739084,5,SunTrust Banks,U.S. Bancorp
Q13218598,Q487907,5,NatWest Group,Bank of America
Q735261,Q744149,5,Royal Bank of Canada,Wells Fargo
Q245343,Q744149,5,Barclays plc,Wells Fargo
Q10856243,Q3540193,5,Newegg,Wayfair
Q333718,Q507154,5,Johnson & Johnson,Novartis
Q18156798,Q731938,5,Astra,AstraZeneca
Q5533818,Q7893563,5,Genuine Parts Company,Essendant
Q2283,Q6723256,5,Microsoft,Macerich
Q1053560,Q7917863,5,CenterPoint Energy,Vectren
Q193199,Q768773,5,UBS,MSCI
Q194360,Q312,5,American Express,Apple Inc.
Q116452644,Q1885491,5,"Netflix, Inc.",FactSet
Q214763,Q329953,5,ConocoPhillips,Northrop Grumman Corporation
Q697311,Q81965,5,Magna International,General Motors
Q95,Q96095585,5,Google,Pinterest Inc.
Q20800404,Q2901365,5,Alphabet Inc.,Mobileye
Q66048,Q7663801,5,Deutsche Bank,Global Industrial Company
Q312,Q552581,5,Apple Inc.,SAP
Q66048,Q735261,5,Deutsche Bank,Royal Bank of Canada
Q245343,Q735261,5,Barclays plc,Royal Bank of Canada
Q301965,Q3884,5,Sprint Corporation,Amazon
Q1199757,Q35476,5,Dish,AT&T
Q190464,Q5439999,5,HSBC,Federal Agricultural Mortgage Corporation
Q1472929,Q478214,5,"Nasdaq, Inc.",Tesla
Q12857502,Q334800,5,Mondelez International,PepsiCo
Q430745,Q6914636,5,Teradata,Mortgage Guaranty Insurance Corporation
Q108770716,Q19900,5,Samsara,Oracle Corporation
Q193326,Q637440,5,Goldman Sachs,Lazard
Q20800404,Q768773,5,Alphabet Inc.,MSCI
Q301965,Q312,5,Sprint Corporation,Apple Inc.
Q37158,Q470156,5,Starbucks,Cencora
Q1472929,Q5429751,4,"Nasdaq, Inc.",FairPoint Communications
Q3301958,Q3884,4,Overstock.com,Amazon
Q303341,Q8040120,4,Wyndham Worldwide,Wyndham Hotels & Resorts
Q193412,Q544847,4,Texas Instruments,Qualcomm
Q1472929,Q7881772,4,"Nasdaq, Inc.",Columbia Bank
Q38589917,Q855639,4,DowDuPont,Dow Chemical Company
Q1472929,Q790060,4,"Nasdaq, Inc.",Broadcom
Q1472929,Q192314,4,"Nasdaq, Inc.",JPMorgan Chase
Q192814,Q478214,4,Harley-Davidson,Tesla
Q192814,Q459965,4,Harley-Davidson,Caterpillar
Q1374135,Q190464,4,Prudential plc,HSBC
Q14772,Q182477,4,Baidu,Nvidia
Q1049080,Q35476,4,Juniper Networks,AT&T
Q1570773,Q926806,4,Kohlberg Kravis Roberts,Carlyle Group
Q35476,Q81965,4,AT&T,General Motors
Q334204,Q619121,4,Morgan Stanley,Apollo Global Management
Q5337641,Q596499,4,Edgewell Personal Care,"KBR, Inc."
Q478214,Q55931,4,Tesla,Hyundai Motor Company
Q2283,Q8074786,4,Microsoft,Zscaler
Q15589464,Q20800404,4,Dropbox Inc.,Alphabet Inc.
Q15589464,Q27022329,4,Dropbox Inc.,Snap Inc.
Q1359568,Q27022329,4,Alibaba Group,Snap Inc.
Q1885491,Q312,4,FactSet,Apple Inc.
Q1197548,Q312,4,Micron Technology,Apple Inc.
Q135683211,Q3884,4,PayPal Holdings,Amazon
Q1023876,Q998470,4,CME Group,RELX
Q219508,Q998470,4,Citigroup,RELX
Q219508,Q806693,4,Citigroup,BMO Financial Group
Q157062,Q905049,4,Unilever,Shire plc
Q192314,Q312,4,JPMorgan Chase,Apple Inc.
Q190464,Q407237,4,HSBC,Air France-KLM
Q2283,Q27500963,4,Microsoft,Dell Technologies
Q22025568,Q39055285,4,Stone Energy Corporation,Talos Energy
Q3884,Q501476,4,Amazon,Hasbro
Q3884,Q596139,4,Amazon,Mattel
Q1472929,Q17012234,4,"Nasdaq, Inc.",Enphase Energy
Q487907,Q739084,4,Bank of America,U.S. Bancorp
Q4835545,Q7018524,4,BGC Partners,Newmark Group
Q1472929,Q6415714,4,"Nasdaq, Inc.",Kirkland's
Q190464,Q735261,4,HSBC,Royal Bank of Canada
Q1046951,Q483915,4,Target Corporation,Nike
Q144617,Q5439999,4,TIM Group,Federal Agricultural Mortgage Corporation
Q470517,Q632240,4,Amgen,Eli Lilly and Company
Q898750,Q899010,4,Teva Pharmaceutical Industries Ltd.,Mylan
Q2037125,Q487907,4,State Street Corporation,Bank of America
Q192314,Q3884,4,JPMorgan Chase,Amazon
Q1472929,Q27988239,4,"Nasdaq, Inc.",MAA
Q3884,Q9396,4,Amazon,Deutsche Telekom
Q66048,Q856411,4,Deutsche Bank,British American Tobacco
Q470517,Q864338,4,Amgen,Biogen
Q1655409,Q190464,4,Iamgold,HSBC
Q1113804,Q899133,4,Comcast,Takeda Pharmaceutical Company
Q1577587,Q329953,4,Marathon Oil,Northrop Grumman Corporation
Q483551,Q624375,4,Walmart,CVS Health
Q3884,Q459477,4,Amazon,FedEx
Q108770716,Q1129792,4,Samsara,The Cooper Companies
Q248,Q334204,4,Intel,Morgan Stanley
Q1129792,Q37156,4,The Cooper Companies,IBM
Q4698062,Q66,4,Air Lease,Boeing
Q1046951,Q501476,4,Target Corporation,Hasbro
Q1046951,Q596139,4,Target Corporation,Mattel
Q483551,Q501476,4,Walmart,Hasbro
Q483551,Q596139,4,Walmart,Mattel
Q1472929,Q4788901,4,"Nasdaq, Inc.",Arena Pharmaceuticals
Q2144525,Q621592,4,Scripps Networks Interactive,"Discovery, Inc."
Q338825,Q95,4,Accenture,Google
Q2288792,Q470156,4,Sinclair Broadcast Group,Cencora
Q127278673,Q5013072,4,LinkedIn Corporation,CNA Financial
Q3884,Q727697,4,Amazon,Coach
Q181507,Q487907,4,SunTrust Banks,Bank of America
Q1023876,Q841458,4,CME Group,Intercontinental Exchange
Q1472929,Q6968762,4,"Nasdaq, Inc.",Natera
Q106253770,Q1472929,4,Lumentum Holdings,"Nasdaq, Inc."
Q144617,Q5172422,4,TIM Group,Corporate Office Properties Trust
Q19873469,Q768773,4,Bio-Techne,MSCI
Q1741634,Q910368,4,Kimberly-Clark,Clorox
Q212405,Q910368,4,Procter & Gamble,Clorox
Q312,Q675585,4,Apple Inc.,Moody's Corporation
Q1325987,Q20022777,4,Tyson Foods,Sanderson Farms
Q5203782,Q7814310,4,D. R. Horton,Toll Brothers
Q54173,Q95,4,General Electric,Google
Q20800404,Q53268,4,Alphabet Inc.,Toyota
Q53268,Q780442,4,Toyota,Uber
Q54173,Q81965,4,General Electric,General Motors
Q122141,Q193326,4,Vodafone,Goldman Sachs
Q259011,Q37156,4,Motorola,IBM
Q35476,Q54173,4,AT&T,General Electric
Q35476,Q677464,4,AT&T,Dominion Energy
Q459477,Q54173,4,FedEx,General Electric
Q459477,Q677464,4,FedEx,Dominion Energy
Q248,Q66,4,Intel,Boeing
Q245343,Q37156,4,Barclays plc,IBM
Q334204,Q37156,4,Morgan Stanley,IBM
Q1885491,Q478214,4,FactSet,Tesla
Q1542175,Q166621,4,Mitsubishi UFJ Financial Group,Mizuho Financial Group
Q37158,Q38076,4,Starbucks,McDonald's
Q266423,Q372657,4,Bristol-Myers Squibb,Credit Suisse
Q372657,Q731938,4,Credit Suisse,AstraZeneca
Q4931457,Q826526,4,Boardwalk Pipeline Partners,Loews Corporation
Q20800404,Q54173,4,Alphabet Inc.,General Electric
Q192314,Q768773,4,JPMorgan Chase,MSCI
Q35476,Q37156,4,AT&T,IBM
Q451476,Q544847,4,Scotiabank,Qualcomm
Q451476,Q66048,4,Scotiabank,Deutsche Bank
Q190464,Q675585,4,HSBC,Moody's Corporation
Q312,Q5842736,4,Apple Inc.,Corning Inc.
Q219508,Q6496310,4,Citigroup,Banco Santander
Q619111,Q880942,4,Apollo Group,Blackstone Group
Q1197548,Q5227485,4,Micron Technology,Dataram
Q212900,Q219508,4,Lehman Brothers,Citigroup
Q451476,Q744149,4,Scotiabank,Wells Fargo
Q544847,Q744149,4,Qualcomm,Wells Fargo
Q219508,Q37156,4,Citigroup,IBM
Q296782,Q544847,4,Arm Holdings,Qualcomm
Q219508,Q544847,4,Citigroup,Qualcomm
Q248,Q459477,4,Intel,FedEx
Q248,Q677464,4,Intel,Dominion Energy
Q35476,Q459477,4,AT&T,FedEx
Q333718,Q898208,4,Johnson & Johnson,"Honeywell International, Inc."
Q312,Q38076,4,Apple Inc.,McDonald's
Q37156,Q768773,4,IBM,MSCI
Q188920,Q503308,4,Delta Air Lines,Southwest Airlines
Q1359568,Q66048,4,Alibaba Group,Deutsche Bank
Q54173,Q81230,4,General Electric,Siemens
Q1194832,Q24525746,4,Toronto-Dominion Bank,BCE Inc.
Q245343,Q478214,4,Barclays plc,Tesla
Q11235714,Q1472929,4,NIS Group,"Nasdaq, Inc."
Q20800404,Q459477,4,Alphabet Inc.,FedEx
Q174198,Q28222763,4,Gartner,VIAVI Solutions
Q20800404,Q552581,4,Alphabet Inc.,SAP
Q20800404,Q677464,4,Alphabet Inc.,Dominion Energy
Q2283,Q880942,4,Microsoft,Blackstone Group
Q219508,Q219635,4,Citigroup,BlackRock
Q157062,Q372657,4,Unilever,Credit Suisse
Q174198,Q312,4,Gartner,Apple Inc.
Q174198,Q5450340,4,Gartner,Finisar
Q266423,Q507154,4,Bristol-Myers Squibb,Novartis
Q507154,Q731938,4,Novartis,AstraZeneca
Q28222763,Q312,4,VIAVI Solutions,Apple Inc.
Q28222763,Q5450340,4,VIAVI Solutions,Finisar
Q2283,Q66,4,Microsoft,Boeing
Q1113804,Q470156,4,Comcast,Cencora
Q372657,Q95,4,Credit Suisse,Google
Q1542175,Q2094989,4,Mitsubishi UFJ Financial Group,Sumitomo Mitsui Financial Group
Q193326,Q20800404,4,Goldman Sachs,Alphabet Inc.
Q190464,Q30635731,4,HSBC,"Cboe Global Markets, Inc."
Q193199,Q30635731,4,UBS,"Cboe Global Markets, Inc."
Q27988145,Q3884,4,Post Holdings,Amazon
Q27530,Q334204,4,Mercedes-Benz Group,Morgan Stanley
Q1359568,Q372657,4,Alibaba Group,Credit Suisse
Q459965,Q81230,4,Caterpillar,Siemens
Q1089060,Q607131,4,Chubb Corp.,MetLife
Q312,Q5227485,4,Apple Inc.,Dataram
Q1113804,Q644289,4,Comcast,Altice USA
Q4046987,Q54173,4,Pioneer Natural Resources,General Electric
Q4046987,Q804353,4,Pioneer Natural Resources,Baker Hughes
Q1472929,Q5427196,4,"Nasdaq, Inc.",FTI Consulting
Q1472929,Q3312613,4,"Nasdaq, Inc.",Midas
Q334204,Q81230,4,Morgan Stanley,Siemens
Q190464,Q19923099,4,HSBC,Hewlett Packard Enterprise
Q312,Q661845,4,Apple Inc.,STMicroelectronics
Q1141267,Q219508,4,Thomson Reuters,Citigroup
Q153417,Q1809448,4,Kroger,Whole Foods Market
Q27530,Q81230,4,Mercedes-Benz Group,Siemens
Q2529982,Q27988145,4,The New York Times Company,Post Holdings
Q212322,Q899010,4,GSK,Mylan
Q122141,Q35476,4,Vodafone,AT&T
Q1129792,Q2283,4,The Cooper Companies,Microsoft
Q35476,Q483551,4,AT&T,Walmart
Q1472929,Q2874395,4,"Nasdaq, Inc.",Avis Budget Group
Q329953,Q7240,4,Northrop Grumman Corporation,Lockheed Martin
Q502940,Q7240,4,General Dynamics,Lockheed Martin
Q1472929,Q15109916,4,"Nasdaq, Inc.",Otelco
Q27022329,Q60269744,4,Snap Inc.,Spotify Technology
Q2103926,Q768231,4,UnitedHealth Group,Express Scripts
Q7308054,Q768231,4,Regeneron Pharmaceuticals,Express Scripts
Q1472929,Q21189883,4,"Nasdaq, Inc.",Willis Towers Watson
Q1325369,Q1472929,4,Elbit Systems Ltd.,"Nasdaq, Inc."
Q1472929,Q81230,4,"Nasdaq, Inc.",Siemens
Q170614,Q66,4,Ryanair,Boeing
Q1472929,Q17149417,4,"Nasdaq, Inc.",U.S. Concrete
Q193199,Q478214,4,UBS,Tesla
Q153417,Q2376711,4,Kroger,Sysco
Q1472929,Q24896598,4,"Nasdaq, Inc.",Gulf Island Fabrication
Q192314,Q245343,4,JPMorgan Chase,Barclays plc
Q5152510,Q5592433,4,Commercial Metals Company,GrafTech
Q1134069,Q26678,4,Otis Worldwide Corporation,BMW Group
Q1134069,Q81230,4,Otis Worldwide Corporation,Siemens
Q212405,Q483551,4,Procter & Gamble,Walmart
Q478214,Q7555824,4,Tesla,SolarCity
Q552581,Q9396,4,SAP,Deutsche Telekom
Q3884,Q715583,4,Amazon,Costco
Q161086,Q66,4,JetBlue Airways,Boeing
Q1197548,Q193199,4,Micron Technology,UBS
Q1472929,Q17141393,4,"Nasdaq, Inc.",SJW Group
Q1472929,Q60748073,4,"Nasdaq, Inc.","Connecticut Water Service, Inc."
Q301965,Q334204,4,Sprint Corporation,Morgan Stanley
Q1472929,Q212405,4,"Nasdaq, Inc.",Procter & Gamble
Q2529982,Q744149,4,The New York Times Company,Wells Fargo
Q334204,Q38928,4,Morgan Stanley,PNC Financial Services
Q1471346,Q459965,4,Whirlpool,Caterpillar
Q135325,Q72539,4,Alcoa,U.S. Steel
Q1751032,Q768773,4,Plum Creek Timber,MSCI
Q154950,Q5439999,4,Shell,Federal Agricultural Mortgage Corporation
Q1113804,Q122141,4,Comcast,Vodafone
Q157062,Q193199,4,Unilever,UBS
Q645708,Q81230,4,ING Group,Siemens
Q154950,Q190464,4,Shell,HSBC
Q1472929,Q479167,4,"Nasdaq, Inc.",Steelcase
Q181507,Q30283141,4,SunTrust Banks,Superconductor Technologies
Q27893,Q645708,4,ArcelorMittal,ING Group
Q27988145,Q41187,4,Post Holdings,Sony Group
Q27988145,Q734779,4,Post Holdings,Comscore
Q27988145,Q7893929,4,Post Holdings,Universal Corporation
Q1741634,Q483551,4,Kimberly-Clark,Walmart
Q193326,Q780442,4,Goldman Sachs,Uber
Q219635,Q2283,4,BlackRock,Microsoft
Q190464,Q478214,4,HSBC,Tesla
Q2283,Q54173,4,Microsoft,General Electric
Q212405,Q3884,4,Procter & Gamble,Amazon
Q1472929,Q193412,4,"Nasdaq, Inc.",Texas Instruments
Q193326,Q319642,4,Goldman Sachs,Chevron Corporation
Q1046951,Q420822,4,Target Corporation,Gap Inc.
Q1418,Q2283,4,Nokia,Microsoft
Q39046155,Q5323987,4,Antero Resources,EQT
Q4048013,Q5323987,4,Range Resources,EQT
Q5323987,Q5377000,4,EQT,Energy Transfer
Q193199,Q430745,4,UBS,Teradata
Q1472929,Q841458,4,"Nasdaq, Inc.",Intercontinental Exchange
Q116452644,Q1359568,4,"Netflix, Inc.",Alibaba Group
Q19900,Q552581,4,Oracle Corporation,SAP
Q1022711,Q502940,4,CACI,General Dynamics
Q2529982,Q467752,4,The New York Times Company,Verizon Communications
Q1283291,Q319642,4,Valero Energy,Chevron Corporation
Q16979157,Q319642,4,PBF Energy,Chevron Corporation
Q245343,Q5439999,4,Barclays plc,Federal Agricultural Mortgage Corporation
Q5323987,Q7571413,4,EQT,Southwestern Energy
Q157062,Q17145596,4,Unilever,Tesco Corporation
Q157062,Q483551,4,Unilever,Walmart
Q13218598,Q192314,4,NatWest Group,JPMorgan Chase
Q1046951,Q1809448,4,Target Corporation,Whole Foods Market
Q1570773,Q619121,4,Kohlberg Kravis Roberts,Apollo Global Management
Q334204,Q37158,4,Morgan Stanley,Starbucks
Q780442,Q95,4,Uber,Google
Q1431486,Q9396,4,Orange,Deutsche Telekom
Q66048,Q9396,4,Deutsche Bank,Deutsche Telekom
Q157062,Q430745,4,Unilever,Teradata
Q158205,Q333718,4,Sanofi,Johnson & Johnson
Q154950,Q193326,4,Shell,Goldman Sachs
Q1472929,Q214346,4,"Nasdaq, Inc.",Viacom
Q157062,Q37156,4,Unilever,IBM
Q180816,Q483915,4,Dow Jones Industrial Average,Nike
Q154950,Q768773,4,Shell,MSCI
Q182477,Q20800404,4,Nvidia,Alphabet Inc.
Q20165,Q478214,4,Nissan,Tesla
Q20800404,Q26678,4,Alphabet Inc.,BMW Group
Q3511885,Q35476,4,T-Mobile US,AT&T
Q1502712,Q54173,4,Genworth Financial,General Electric
Q37156,Q552581,4,IBM,SAP
Q128896,Q20800404,4,AMD,Alphabet Inc.
Q1570773,Q372657,4,Kohlberg Kravis Roberts,Credit Suisse
Q372657,Q48872,4,Credit Suisse,Eaton Corporation
Q1472929,Q5227485,4,"Nasdaq, Inc.",Dataram
Q1472929,Q47500199,4,"Nasdaq, Inc.",Aurora Cannabis
Q41187,Q8093,4,Sony Group,Nintendo
Q1045758,Q54173,4,United Technologies Corporation,General Electric
Q1545076,Q6840048,4,Microchip Technology,Microsemi
Q1472929,Q16844753,4,"Nasdaq, Inc.",Horizon Therapeutics
Q3884,Q62065645,4,Amazon,Blink
Q154950,Q1961658,4,Shell,NV Energy
Q1472929,Q950380,4,"Nasdaq, Inc.",CBS Corporation
Q1156045,Q20165,4,Public Storage,Nissan
Q154950,Q193199,4,Shell,UBS
Q1339966,Q1516410,4,Enbridge,Suncor Energy
Q451476,Q735261,4,Scotiabank,Royal Bank of Canada
Q1472929,Q333718,4,"Nasdaq, Inc.",Johnson & Johnson
Q294721,Q568532,4,AMC Theatres,MGM Resorts International
Q568532,Q734779,4,MGM Resorts International,Comscore
Q156644,Q7240,3,Raytheon,Lockheed Martin
Q1570773,Q334204,3,Kohlberg Kravis Roberts,Morgan Stanley
Q2923022,Q44294,3,Boyd Gaming,Ford Motor Company
Q192814,Q72539,3,Harley-Davidson,U.S. Steel
Q1113804,Q18619470,3,Comcast,Restaurant Brands International
Q66,Q691637,3,Boeing,Gol Linhas Aéreas
Q459965,Q72539,3,Caterpillar,U.S. Steel
Q334800,Q38076,3,PepsiCo,McDonald's
Q637440,Q81230,3,Lazard,Siemens
Q1472929,Q842947,3,"Nasdaq, Inc.",Celgene
Q124724566,Q470317,3,Employers Holdings Inc,Ametek
Q58024,Q80978,3,eBay,Hewlett-Packard
Q193326,Q841458,3,Goldman Sachs,Intercontinental Exchange
Q461210,Q66,3,Rockwell Collins,Boeing
Q478214,Q780442,3,Tesla,Uber
Q182477,Q780442,3,Nvidia,Uber
Q3067064,Q35476,3,Sociedad Química y Minera de Chile,AT&T
Q103793759,Q1472929,3,Cardlytics,"Nasdaq, Inc."
Q1472929,Q1548363,3,"Nasdaq, Inc.",Magic Software Enterprises Ltd.
Q333718,Q864338,3,Johnson & Johnson,Biogen
Q2874395,Q663596,3,Avis Budget Group,Gilead Sciences
Q1472929,Q910866,3,"Nasdaq, Inc.",Humana
Q66,Q81965,3,Boeing,General Motors
Q637440,Q66048,3,Lazard,Deutsche Bank
Q26678,Q95,3,BMW Group,Google
Q219508,Q35476,3,Citigroup,AT&T
Q1023876,Q1472929,3,CME Group,"Nasdaq, Inc."
Q478214,Q910866,3,Tesla,Humana
Q372657,Q7663801,3,Credit Suisse,Global Industrial Company
Q66048,Q675585,3,Deutsche Bank,Moody's Corporation
Q266423,Q333718,3,Bristol-Myers Squibb,Johnson & Johnson
Q1265181,Q1418,3,Dun & Bradstreet,Nokia
Q1915049,Q66,3,McCormick & Company,Boeing
Q1915049,Q459965,3,McCormick & Company,Caterpillar
Q1325987,Q66,3,Tyson Foods,Boeing
Q1325987,Q459965,3,Tyson Foods,Caterpillar
Q1325987,Q1915049,3,Tyson Foods,McCormick & Company
Q219508,Q95,3,Citigroup,Google
Q19854317,Q3598926,3,Vipshop,JD.com
Q1359568,Q19854317,3,Alibaba Group,Vipshop
Q619121,Q926806,3,Apollo Global Management,Carlyle Group
Q372657,Q926806,3,Credit Suisse,Carlyle Group
Q407237,Q66,3,Air France-KLM,Boeing
Q153417,Q5272601,3,Kroger,Dick's Sporting Goods
Q1472929,Q5376971,3,"Nasdaq, Inc.",Energy Recovery Inc.
Q193199,Q880942,3,UBS,Blackstone Group
Q1264404,Q2304693,3,Duke Energy,Southern Company
Q1472929,Q8033550,3,"Nasdaq, Inc.",Woodward
Q607131,Q6544620,3,MetLife,LifeLock
Q328840,Q6544620,3,Visa,LifeLock
Q328840,Q607131,3,Visa,MetLife
Q188920,Q6544620,3,Delta Air Lines,LifeLock
Q372657,Q619121,3,Credit Suisse,Apollo Global Management
Q624649,Q846743,3,KLA Corporation,Orbotech
Q19923099,Q312,3,Hewlett Packard Enterprise,Apple Inc.
Q219635,Q66048,3,BlackRock,Deutsche Bank
Q35476,Q950380,3,AT&T,CBS Corporation
Q188920,Q607131,3,Delta Air Lines,MetLife
Q188920,Q328840,3,Delta Air Lines,Visa
Q1089060,Q6544620,3,Chubb Corp.,LifeLock
Q1023876,Q744149,3,CME Group,Wells Fargo
Q1113804,Q1114148,3,Comcast,Comerica
Q108770716,Q66,3,Samsara,Boeing
Q193199,Q467752,3,UBS,Verizon Communications
Q4972280,Q66048,3,Broadridge Financial Solutions,Deutsche Bank
Q312,Q7239519,3,Apple Inc.,Precision Castparts Corp.
Q217583,Q7239519,3,Berkshire Hathaway,Precision Castparts Corp.
Q37158,Q95,3,Starbucks,Google
Q20800404,Q37158,3,Alphabet Inc.,Starbucks
Q1123366,Q1655409,3,Con-way,Iamgold
Q106301677,Q1472929,3,WillScot Mobile Mini Holdings Corp.,"Nasdaq, Inc."
Q596139,Q95,3,Mattel,Google
Q312,Q56011958,3,Apple Inc.,Tencent Music
Q27022329,Q2901365,3,Snap Inc.,Mobileye
Q248,Q27022329,3,Intel,Snap Inc.
Q22909236,Q2901365,3,Instacart,Mobileye
Q22909236,Q27022329,3,Instacart,Snap Inc.
Q22909236,Q248,3,Instacart,Intel
Q1921579,Q20800404,3,Meredith Corporation,Alphabet Inc.
Q1516410,Q735261,3,Suncor Energy,Royal Bank of Canada
Q193326,Q2114414,3,Goldman Sachs,Prudential Financial
Q5429751,Q880942,3,FairPoint Communications,Blackstone Group
Q1472929,Q2529982,3,"Nasdaq, Inc.",The New York Times Company
Q1472929,Q5324991,3,"Nasdaq, Inc.",EagleBank
Q1418,Q193199,3,Nokia,UBS
Q1023876,Q157062,3,CME Group,Unilever
Q1129117,Q16985829,3,Tupperware,Tupperware Brands
Q1472929,Q8085893,3,"Nasdaq, Inc.",Expedia Group
Q1046951,Q312,3,Target Corporation,Apple Inc.
Q27893,Q312,3,ArcelorMittal,Apple Inc.
Q190464,Q451476,3,HSBC,Scotiabank
Q2529982,Q66048,3,The New York Times Company,Deutsche Bank
Q19923099,Q80978,3,Hewlett Packard Enterprise,Hewlett-Packard
Q319344,Q37158,3,Abercrombie & Fitch,Starbucks
Q20165,Q38076,3,Nissan,McDonald's
Q507154,Q898750,3,Novartis,Teva Pharmaceutical Industries Ltd.
Q470517,Q507154,3,Amgen,Novartis
Q1023765,Q127278673,3,CIT Group,LinkedIn Corporation
Q312,Q920037,3,Apple Inc.,J. C. Penney
Q1472929,Q16959310,3,"Nasdaq, Inc.",CST Brands
Q16959310,Q8085893,3,CST Brands,Expedia Group
Q856411,Q947718,3,British American Tobacco,Reynolds American
Q245343,Q856411,3,Barclays plc,British American Tobacco
Q1374135,Q3884,3,Prudential plc,Amazon
Q188920,Q642189,3,Delta Air Lines,Medtronic
Q1472929,Q15109846,3,"Nasdaq, Inc.",Sarepta Therapeutics
Q1472929,Q85846831,3,"Nasdaq, Inc.",OceanFirst Bank
Q1472929,Q9396,3,"Nasdaq, Inc.",Deutsche Telekom
Q1472929,Q207983,3,"Nasdaq, Inc.",Monsanto
Q3884,Q41187,3,Amazon,Sony Group
Q214346,Q3884,3,Viacom,Amazon
Q44294,Q55931,3,Ford Motor Company,Hyundai Motor Company
Q1472929,Q7893563,3,"Nasdaq, Inc.",Essendant
Q157062,Q731938,3,Unilever,AstraZeneca
Q2283,Q2901365,3,Microsoft,Mobileye
Q2283,Q22909236,3,Microsoft,Instacart
Q2529982,Q483915,3,The New York Times Company,Nike
Q334204,Q38076,3,Morgan Stanley,McDonald's
Q153417,Q22909236,3,Kroger,Instacart
Q193199,Q744149,3,UBS,Wells Fargo
Q544847,Q713418,3,Qualcomm,TSMC
Q470517,Q663596,3,Amgen,Gilead Sciences
Q127278673,Q256598,3,LinkedIn Corporation,SemGroup
Q24887050,Q478214,3,Nikola Corporation,Tesla
Q219635,Q522617,3,BlackRock,Invesco
Q157062,Q44294,3,Unilever,Ford Motor Company
Q1508526,Q219635,3,"Sturm, Ruger & Co.",BlackRock
Q1113804,Q312,3,Comcast,Apple Inc.
Q1129792,Q15030582,3,The Cooper Companies,CooperVision
Q193326,Q877536,3,Goldman Sachs,Dell EMC
Q544847,Q689791,3,Qualcomm,ISS
Q1113804,Q5476713,3,Comcast,21st Century Fox
Q328840,Q35476,3,Visa,AT&T
Q15589464,Q483915,3,Dropbox Inc.,Nike
Q3884,Q552581,3,Amazon,SAP
Q193326,Q941127,3,Goldman Sachs,Salesforce
Q13636126,Q66048,3,Hilton Grand Vacations,Deutsche Bank
Q1472929,Q28402394,3,"Nasdaq, Inc.",Home BancShares
Q17145596,Q212405,3,Tesco Corporation,Procter & Gamble
Q1472929,Q7943726,3,"Nasdaq, Inc.",Vuzix
Q1472929,Q3344199,3,"Nasdaq, Inc.",Eversource Energy
Q152433,Q35476,3,Xerox,AT&T
Q1809448,Q334204,3,Whole Foods Market,Morgan Stanley
Q2393592,Q780442,3,Indosat,Uber
Q483551,Q910866,3,Walmart,Humana
Q507154,Q663596,3,Novartis,Gilead Sciences
Q182477,Q248,3,Nvidia,Intel
Q128896,Q182477,3,AMD,Nvidia
Q116452644,Q768773,3,"Netflix, Inc.",MSCI
Q166621,Q2094989,3,Mizuho Financial Group,Sumitomo Mitsui Financial Group
Q66048,Q95,3,Deutsche Bank,Google
Q2274089,Q568532,3,Wynn Resorts,MGM Resorts International
Q219508,Q619121,3,Citigroup,Apollo Global Management
Q214346,Q470156,3,Viacom,Cencora
Q214346,Q2529982,3,Viacom,The New York Times Company
Q138548226,Q6109309,3,Figma Inc,J & J Snack Foods
Q21463167,Q926806,3,HashiCorp,Carlyle Group
Q1325987,Q20183163,3,Tyson Foods,Union Pacific Corporation
Q1024454,Q629998,3,CSX Corporation,General Mills
Q1024454,Q54953653,3,CSX Corporation,B&G Foods
Q2552219,Q7314415,3,"Waste Management, Inc",Republic Services
Q1472929,Q7160600,3,"Nasdaq, Inc.",Pegasystems
Q2140315,Q5426537,3,Textron,FLIR Systems
Q1781428,Q5426537,3,L3 Technologies,FLIR Systems
Q1781428,Q2140315,3,L3 Technologies,Textron
Q1113804,Q301965,3,Comcast,Sprint Corporation
Q27022329,Q744149,3,Snap Inc.,Wells Fargo
Q477993,Q5130656,3,iHeartMedia,Clear Channel Outdoor
Q2283,Q259011,3,Microsoft,Motorola
Q1024454,Q1325987,3,CSX Corporation,Tyson Foods
Q1472929,Q18354527,3,"Nasdaq, Inc.",Trinseo
Q7308054,Q899010,3,Regeneron Pharmaceuticals,Mylan
Q1472929,Q7308054,3,"Nasdaq, Inc.",Regeneron Pharmaceuticals
Q29739,Q4751571,3,International,Anaplan
Q1114148,Q17145596,3,Comerica,Tesco Corporation
Q27988145,Q7233641,3,Post Holdings,Post Consumer Brands
Q165684,Q24525746,3,Rogers Communications,BCE Inc.
Q1028449,Q48742870,3,Cameco,Nutrien
Q312,Q7538146,3,Apple Inc.,Skyworks Solutions
Q26049,Q3884,3,Aetna,Amazon
Q26678,Q66048,3,BMW Group,Deutsche Bank
Q20183163,Q54953653,3,Union Pacific Corporation,B&G Foods
Q1325987,Q629998,3,Tyson Foods,General Mills
Q1325987,Q54953653,3,Tyson Foods,B&G Foods
Q1325987,Q20858163,3,Tyson Foods,Norfolk Southern Corporation
Q459965,Q487907,3,Caterpillar,Bank of America
Q445007,Q856411,3,Altria,British American Tobacco
Q1852556,Q445007,3,Philip Morris International,Altria
Q212900,Q880942,3,Lehman Brothers,Blackstone Group
Q127690442,Q5453008,3,First Financial Bancorp,First Financial Bank
Q18169198,Q7538146,3,Qorvo,Skyworks Solutions
Q3540193,Q3884,3,Wayfair,Amazon
Q1472929,Q7067716,3,"Nasdaq, Inc.",NuVasive
Q3301958,Q483551,3,Overstock.com,Walmart
Q1534597,Q21639712,3,Gold Fields,Sibanye-Stillwater
Q1508234,Q3884,3,Safeway,Amazon
Q157062,Q507154,3,Unilever,Novartis
Q1472929,Q334800,3,"Nasdaq, Inc.",PepsiCo
Q16981175,Q6955706,3,Lennar Corporation,"NVR, Inc."
Q645708,Q66048,3,ING Group,Deutsche Bank
Q212900,Q2283,3,Lehman Brothers,Microsoft
Q174198,Q95,3,Gartner,Google
Q221062,Q899183,3,DuPont,FMC Corporation
Q66,Q757135,3,Boeing,Atlas Air
Q11407,Q37156,3,VMware,IBM
Q1472929,Q4778915,3,"Nasdaq, Inc.",Cloudflare
Q1472929,Q5198104,3,"Nasdaq, Inc.",Cyclacel
Q182477,Q3884,3,Nvidia,Amazon
Q182477,Q37156,3,Nvidia,IBM
Q54953653,Q629998,3,B&G Foods,General Mills
Q20858163,Q629998,3,Norfolk Southern Corporation,General Mills
Q20858163,Q54953653,3,Norfolk Southern Corporation,B&G Foods
Q20183163,Q629998,3,Union Pacific Corporation,General Mills
Q1656230,Q16979157,3,Phillips 66,PBF Energy
Q1283291,Q1656230,3,Valero Energy,Phillips 66
Q157062,Q2283,3,Unilever,Microsoft
Q14772,Q619111,3,Baidu,Apollo Group
Q5013072,Q826526,3,CNA Financial,Loews Corporation
Q122141,Q66048,3,Vodafone,Deutsche Bank
Q207983,Q37156,3,Monsanto,IBM
Q1129792,Q58024,3,The Cooper Companies,eBay
Q1113804,Q5189378,3,Comcast,Crown Holdings
Q66048,Q731938,3,Deutsche Bank,AstraZeneca
Q266423,Q66048,3,Bristol-Myers Squibb,Deutsche Bank
Q1359568,Q483551,3,Alibaba Group,Walmart
Q44294,Q54173,3,Ford Motor Company,General Electric
Q4931457,Q5013072,3,Boardwalk Pipeline Partners,CNA Financial
Q16988318,Q458363,3,Clean Diesel Technologies,Marathon Petroleum
Q7259716,Q7814310,3,PulteGroup,Toll Brothers
Q4905973,Q632694,3,Big Lots,Archer Daniels Midland
Q1359568,Q29739,3,Alibaba Group,International
Q130624258,Q181507,3,Fifth Third Bancorp,SunTrust Banks
Q190464,Q645708,3,HSBC,ING Group
Q2961234,Q35476,3,Charter Communications,AT&T
Q1046951,Q1373493,3,Target Corporation,Lowe's
Q20183163,Q725793,3,Union Pacific Corporation,Union Pacific Railroad
Q1374135,Q491325,3,Prudential plc,Shinhan Financial Group
Q1113804,Q144617,3,Comcast,TIM Group
Q12010467,Q938668,3,Weibo Corporation,Sina Corporation
Q483551,Q7239519,3,Walmart,Precision Castparts Corp.
Q2376711,Q7239519,3,Sysco,Precision Castparts Corp.
Q2376711,Q483551,3,Sysco,Walmart
Q153417,Q7239519,3,Kroger,Precision Castparts Corp.
Q1570773,Q7663801,3,Kohlberg Kravis Roberts,Global Industrial Company
Q1656230,Q319642,3,Phillips 66,Chevron Corporation
Q181507,Q744149,3,SunTrust Banks,Wells Fargo
Q333718,Q37156,3,Johnson & Johnson,IBM
Q487907,Q66,3,Bank of America,Boeing
Q44294,Q95,3,Ford Motor Company,Google
Q13218598,Q193199,3,NatWest Group,UBS
Q1359568,Q29921278,3,Alibaba Group,Nio Inc.
Q130624258,Q487907,3,Fifth Third Bancorp,Bank of America
Q1519267,Q38076,3,Omnicom Group,McDonald's
Q7663801,Q880942,3,Global Industrial Company,Blackstone Group
Q459477,Q483551,3,FedEx,Walmart
Q219508,Q835456,3,Citigroup,Sun Life Financial
Q135683211,Q487907,3,PayPal Holdings,Bank of America
Q152433,Q619121,3,Xerox,Apollo Global Management
Q181507,Q219508,3,SunTrust Banks,Citigroup
Q1921579,Q470156,3,Meredith Corporation,Cencora
Q1424293,Q583268,3,Itaú Unibanco,Vale
Q60740820,Q979690,3,"Arlo Technologies, Inc.",Netgear
Q60740820,Q62065645,3,"Arlo Technologies, Inc.",Blink
Q3884,Q979690,3,Amazon,Netgear
Q3884,Q60740820,3,Amazon,"Arlo Technologies, Inc."
Q219508,Q38928,3,Citigroup,PNC Financial Services
Q2037125,Q744149,3,State Street Corporation,Wells Fargo
Q19923099,Q552581,3,Hewlett Packard Enterprise,SAP
Q19923099,Q267313,3,Hewlett Packard Enterprise,"McAfee, LLC"
Q62065645,Q979690,3,Blink,Netgear
Q20800404,Q2529982,3,Alphabet Inc.,The New York Times Company
Q181507,Q2037125,3,SunTrust Banks,State Street Corporation
Q130624258,Q917131,3,Fifth Third Bancorp,Regions Financial Corporation
Q130624258,Q334204,3,Fifth Third Bancorp,Morgan Stanley
Q1325987,Q38076,3,Tyson Foods,McDonald's
Q156644,Q329953,3,Raytheon,Northrop Grumman Corporation
Q181507,Q917131,3,SunTrust Banks,Regions Financial Corporation
Q19900,Q248,3,Oracle Corporation,Intel
Q1034654,Q744149,3,Capital One,Wells Fargo
Q1472929,Q2495283,3,"Nasdaq, Inc.",United Online
Q2037125,Q334204,3,State Street Corporation,Morgan Stanley
Q2037125,Q219508,3,State Street Corporation,Citigroup
Q194360,Q487907,3,American Express,Bank of America
Q170614,Q407237,3,Ryanair,Air France-KLM
Q194360,Q489921,3,American Express,Mastercard
Q188920,Q822614,3,Delta Air Lines,Alaska Airlines
Q2283,Q81965,3,Microsoft,General Motors
Q1760641,Q7120959,3,Parametric Technology Corporation,PTC Therapeutics
Q301965,Q544847,3,Sprint Corporation,Qualcomm
Q41187,Q483006,3,Sony Group,LG Display
Q2283,Q780442,3,Microsoft,Uber
Q2207629,Q312,3,SPX Corporation,Apple Inc.
Q12010467,Q14772,3,Weibo Corporation,Baidu
Q334204,Q917131,3,Morgan Stanley,Regions Financial Corporation
Q334204,Q739084,3,Morgan Stanley,U.S. Bancorp
Q219508,Q739084,3,Citigroup,U.S. Bancorp
Q1472929,Q628051,3,"Nasdaq, Inc.",Autodesk
Q1577587,Q214763,3,Marathon Oil,ConocoPhillips
Q2283,Q5287613,3,Microsoft,Docusign
Q16974741,Q898750,3,AMAG Pharmaceuticals,Teva Pharmaceutical Industries Ltd.
Q2094989,Q905049,3,Sumitomo Mitsui Financial Group,Shire plc
Q214346,Q2961234,3,Viacom,Charter Communications
Q248,Q372657,3,Intel,Credit Suisse
Q1472929,Q7236078,3,"Nasdaq, Inc.",Powell Industries
Q590897,Q7935247,3,Empresas ICA,Virtus Investment Partners
Q1570773,Q16983837,3,Kohlberg Kravis Roberts,Quaker Chemical Corporation
Q157062,Q880942,3,Unilever,Blackstone Group
Q157062,Q303341,3,Unilever,Wyndham Worldwide
Q157062,Q207983,3,Unilever,Monsanto
Q182477,Q95,3,Nvidia,Google
Q1049080,Q312,3,Juniper Networks,Apple Inc.
Q1049080,Q2283,3,Juniper Networks,Microsoft
Q2103926,Q624375,3,UnitedHealth Group,CVS Health
Q157062,Q16983837,3,Unilever,Quaker Chemical Corporation
Q19900,Q3884,3,Oracle Corporation,Amazon
Q13636126,Q880942,3,Hilton Grand Vacations,Blackstone Group
Q13636126,Q55075186,3,Hilton Grand Vacations,Park Hotels & Resorts
Q1129792,Q3884,3,The Cooper Companies,Amazon
Q1961658,Q319642,3,NV Energy,Chevron Corporation
Q2103926,Q3884,3,UnitedHealth Group,Amazon
Q217583,Q219635,3,Berkshire Hathaway,BlackRock
Q1472929,Q7018524,3,"Nasdaq, Inc.",Newmark Group
Q1472929,Q4835545,3,"Nasdaq, Inc.",BGC Partners
Q157062,Q609466,3,Unilever,Colgate-Palmolive
Q38928,Q487907,3,PNC Financial Services,Bank of America
Q1113804,Q544847,3,Comcast,Qualcomm
Q1113804,Q207983,3,Comcast,Monsanto
Q2283,Q459965,3,Microsoft,Caterpillar
Q108770716,Q3648676,3,Samsara,"Ceva, Inc."
Q207983,Q880942,3,Monsanto,Blackstone Group
Q16983837,Q303341,3,Quaker Chemical Corporation,Wyndham Worldwide
Q1570773,Q303341,3,Kohlberg Kravis Roberts,Wyndham Worldwide
Q538203,Q905086,3,Patterson Companies,Henry Schein
Q297879,Q312,3,ASML,Apple Inc.
Q1113804,Q619121,3,Comcast,Apollo Global Management
Q175106,Q18619470,3,Tim Hortons,Restaurant Brands International
Q20800404,Q372657,3,Alphabet Inc.,Credit Suisse
Q206921,Q856411,3,Pfizer,British American Tobacco
Q1145004,Q856411,3,Randgold Resources,British American Tobacco
Q37156,Q483551,3,IBM,Walmart
Q105375474,Q1472929,3,Sphere 3D,"Nasdaq, Inc."
Q312,Q648533,3,Apple Inc.,Semiconductor Manufacturing International Corporation
Q20800404,Q66,3,Alphabet Inc.,Boeing
Q1570773,Q629998,3,Kohlberg Kravis Roberts,General Mills
Q303341,Q66048,3,Wyndham Worldwide,Deutsche Bank
Q193326,Q303341,3,Goldman Sachs,Wyndham Worldwide
Q157062,Q66048,3,Unilever,Deutsche Bank
Q157062,Q338825,3,Unilever,Accenture
Q1472929,Q7165802,3,"Nasdaq, Inc.",People's United Financial
Q1200840,Q771865,3,"Energizer Holdings, Inc.",Spectrum Brands
Q9396,Q95,3,Deutsche Telekom,Google
Q1113804,Q157062,3,Comcast,Unilever
Q5278020,Q621532,3,Dine Brands Global,Applebee's
Q1046951,Q1113804,3,Target Corporation,Comcast
Q372657,Q735261,3,Credit Suisse,Royal Bank of Canada
Q2923022,Q503182,3,Boyd Gaming,PetroChina Company Limited
Q632240,Q898750,3,Eli Lilly and Company,Teva Pharmaceutical Industries Ltd.
Q334204,Q6496310,3,Morgan Stanley,Banco Santander
Q248,Q487907,3,Intel,Bank of America
Q193326,Q6496310,3,Goldman Sachs,Banco Santander
Q157062,Q193326,3,Unilever,Goldman Sachs
Q483551,Q910368,3,Walmart,Clorox
Q3884,Q910368,3,Amazon,Clorox
Q1741634,Q3884,3,Kimberly-Clark,Amazon
Q1741634,Q212405,3,Kimberly-Clark,Procter & Gamble
Q157062,Q910368,3,Unilever,Clorox
Q157062,Q1741634,3,Unilever,Kimberly-Clark
Q38076,Q66048,3,McDonald's,Deutsche Bank
Q193199,Q38076,3,UBS,McDonald's
Q190464,Q38076,3,HSBC,McDonald's
Q193326,Q19873469,3,Goldman Sachs,Bio-Techne
Q7663801,Q926806,3,Global Industrial Company,Carlyle Group
Q48754,Q7663801,3,PPG Industries,Global Industrial Company
Q19923099,Q675585,3,Hewlett Packard Enterprise,Moody's Corporation
Q1472929,Q266423,3,"Nasdaq, Inc.",Bristol-Myers Squibb
Q19681433,Q219508,3,Kraft Heinz,Citigroup
Q1472929,Q880942,3,"Nasdaq, Inc.",Blackstone Group
Q1472929,Q3295867,3,"Nasdaq, Inc.",The Coca-Cola Company
Q247489,Q663596,3,Merck & Co.,Gilead Sciences
Q1516410,Q7501150,3,Suncor Energy,Shopify
Q38076,Q668737,3,McDonald's,Yum! Brands
Q190464,Q219635,3,HSBC,BlackRock
Q212900,Q334204,3,Lehman Brothers,Morgan Stanley
Q1472929,Q17112054,3,"Nasdaq, Inc.",Silicon Valley Bank
Q13218598,Q5439999,3,NatWest Group,Federal Agricultural Mortgage Corporation
Q1152374,Q54173,3,GE HealthCare,General Electric
Q41187,Q950380,3,Sony Group,CBS Corporation
Q2283,Q54871457,3,Microsoft,Ribbon Communications
Q487907,Q6496310,3,Bank of America,Banco Santander
Q130624258,Q1472929,3,Fifth Third Bancorp,"Nasdaq, Inc."
Q334204,Q66,3,Morgan Stanley,Boeing
Q266423,Q632240,3,Bristol-Myers Squibb,Eli Lilly and Company
Q23133268,Q974846,3,Match Group,IAC
Q5139058,Q6060469,3,Coca-Cola Bottling Co. Consolidated,Inversiones y Representaciones Sociedad Anónima
Q3295867,Q6060469,3,The Coca-Cola Company,Inversiones y Representaciones Sociedad Anónima
Q3295867,Q5139058,3,The Coca-Cola Company,Coca-Cola Bottling Co. Consolidated
Q212405,Q6060469,3,Procter & Gamble,Inversiones y Representaciones Sociedad Anónima
Q212405,Q5139058,3,Procter & Gamble,Coca-Cola Bottling Co. Consolidated
Q212405,Q3295867,3,Procter & Gamble,The Coca-Cola Company
Q119991,Q5139058,3,APA Corporation,Coca-Cola Bottling Co. Consolidated
Q1141267,Q619121,3,Thomson Reuters,Apollo Global Management
Q1359568,Q219508,3,Alibaba Group,Citigroup
Q1359568,Q193199,3,Alibaba Group,UBS
Q10876705,Q1359568,3,ZTO Express,Alibaba Group
Q30635731,Q5377000,3,"Cboe Global Markets, Inc.",Energy Transfer
Q119991,Q3295867,3,APA Corporation,The Coca-Cola Company
Q119991,Q212405,3,APA Corporation,Procter & Gamble
Q47500199,Q75256038,3,Aurora Cannabis,Cronos Group Inc
Q1472929,Q1961658,3,"Nasdaq, Inc.",NV Energy
Q624798,Q688725,3,Canadian National Railway,Teck Resources
Q1472929,Q2909088,3,"Nasdaq, Inc.",Boise Cascade
Q17145596,Q9396,3,Tesco Corporation,Deutsche Telekom
Q1472929,Q582418,3,"Nasdaq, Inc.",ITT Corporation
Q153417,Q624375,3,Kroger,CVS Health
Q1194832,Q2448801,3,Toronto-Dominion Bank,TransAlta Corporation
Q1144929,Q81230,3,Lafarge,Siemens
Q1144929,Q54173,3,Lafarge,General Electric
Q5041354,Q905049,3,Carlisle Companies,Shire plc
Q193199,Q27530,3,UBS,Mercedes-Benz Group
Q334204,Q81965,3,Morgan Stanley,General Motors
Q1516562,Q22243729,3,Liberty Media,Ferrari
Q1194832,Q487907,3,Toronto-Dominion Bank,Bank of America
Q1194832,Q219508,3,Toronto-Dominion Bank,Citigroup
Q1194832,Q193326,3,Toronto-Dominion Bank,Goldman Sachs
Q5041354,Q899133,3,Carlisle Companies,Takeda Pharmaceutical Company
Q158205,Q899133,3,Sanofi,Takeda Pharmaceutical Company
Q158205,Q5041354,3,Sanofi,Carlisle Companies
Q1653258,Q5095516,3,ICICI Bank,Chicago Bridge & Iron Company
Q1141267,Q1194832,3,Thomson Reuters,Toronto-Dominion Bank
Q1345971,Q950380,3,USA Today Co.,CBS Corporation
Q37156,Q487907,3,IBM,Bank of America
Q16972754,Q95,3,Coinbase,Google
Q1339966,Q7575161,3,Enbridge,Spectra Energy
Q583268,Q625713,3,Vale,BHP
Q1472929,Q5377000,3,"Nasdaq, Inc.",Energy Transfer
Q319642,Q7752327,3,Chevron Corporation,The Mosaic Company
Q193326,Q27530,3,Goldman Sachs,Mercedes-Benz Group
Q1570773,Q219508,3,Kohlberg Kravis Roberts,Citigroup
Q19873469,Q661845,3,Bio-Techne,STMicroelectronics
Q19923099,Q856411,3,Hewlett Packard Enterprise,British American Tobacco
Q153417,Q245343,3,Kroger,Barclays plc
Q1347782,Q5055187,3,Marvell Technology,Cavium
Q16953039,Q334204,3,Moelis & Company,Morgan Stanley
Q624375,Q6806775,3,CVS Health,Medicis Pharmaceutical
Q18712620,Q6806775,3,Walgreens Boots Alliance,Medicis Pharmaceutical
Q16996714,Q6806775,3,"Amneal Pharmaceuticals, Inc.",Medicis Pharmaceutical
Q16996714,Q624375,3,"Amneal Pharmaceuticals, Inc.",CVS Health
Q24705550,Q5189378,3,Brookfield Business Partners,Crown Holdings
Q16983837,Q880942,3,Quaker Chemical Corporation,Blackstone Group
Q16983837,Q5189378,3,Quaker Chemical Corporation,Crown Holdings
Q219635,Q3511946,3,BlackRock,T. Rowe Price
Q116452644,Q478214,3,"Netflix, Inc.",Tesla
Q20800404,Q27022329,3,Alphabet Inc.,Snap Inc.
Q12857502,Q157062,3,Mondelez International,Unilever
Q5203782,Q5272335,3,D. R. Horton,dice.com
Q470517,Q768231,3,Amgen,Express Scripts
Q470517,Q7308054,3,Amgen,Regeneron Pharmaceuticals
Q158205,Q7308054,3,Sanofi,Regeneron Pharmaceuticals
Q158205,Q470517,3,Sanofi,Amgen
Q1472929,Q1944412,3,"Nasdaq, Inc.",MoneyGram
Q2304693,Q5617509,3,Southern Company,Gulf Power Company
Q1472929,Q16988355,3,"Nasdaq, Inc.",Cloud Peak Energy
Q156644,Q66,3,Raytheon,Boeing
Q44294,Q9584,3,Ford Motor Company,Honda
Q16996714,Q18712620,3,"Amneal Pharmaceuticals, Inc.",Walgreens Boots Alliance
Q467752,Q483551,3,Verizon Communications,Walmart
Q568532,Q7742790,3,MGM Resorts International,The J.M. Smucker Company
Q193326,Q4972280,3,Goldman Sachs,Broadridge Financial Solutions
Q1472929,Q6981538,3,"Nasdaq, Inc.",Evogene Ltd
Q544847,Q643626,3,Qualcomm,Aptiv
Q502121,Q643626,3,BlackBerry,Aptiv
Q502121,Q544847,3,BlackBerry,Qualcomm
Q14772,Q643626,3,Baidu,Aptiv
Q14772,Q544847,3,Baidu,Qualcomm
Q248,Q44294,3,Intel,Ford Motor Company
Q1472929,Q20311716,3,"Nasdaq, Inc.",Axovant Sciences
Q478214,Q483551,3,Tesla,Walmart
Q17077936,Q697311,3,Lyft,Magna International
Q17077936,Q20800404,3,Lyft,Alphabet Inc.
Q1134069,Q27530,3,Otis Worldwide Corporation,Mercedes-Benz Group
Q14772,Q193326,3,Baidu,Goldman Sachs
Q190464,Q880942,3,HSBC,Blackstone Group
Q624375,Q715583,3,CVS Health,Costco
Q334204,Q5439999,3,Morgan Stanley,Federal Agricultural Mortgage Corporation
Q219508,Q666694,3,Citigroup,Canadian Imperial Bank of Commerce
Q135325,Q1645081,3,Alcoa,Nucor
Q1472929,Q23133268,3,"Nasdaq, Inc.",Match Group
Q193199,Q26678,3,UBS,BMW Group
Q245343,Q80978,3,Barclays plc,Hewlett-Packard
Q1418,Q9396,3,Nokia,Deutsche Telekom
Q122141,Q430745,3,Vodafone,Teradata
Q30325409,Q856411,3,Janus Henderson,British American Tobacco
Q2843129,Q625713,3,Ameriprise Financial,BHP
Q266423,Q816379,3,Bristol-Myers Squibb,Bemis Company
Q483006,Q6459734,3,LG Display,LPL Financial
Q193326,Q697311,3,Goldman Sachs,Magna International
Q193326,Q2529982,3,Goldman Sachs,The New York Times Company
Q2008551,Q26678,3,Oaktree Capital Management,BMW Group
Q2037125,Q219635,3,State Street Corporation,BlackRock
Q1113804,Q1199757,3,Comcast,Dish
Q1472929,Q80978,3,"Nasdaq, Inc.",Hewlett-Packard
Q3331496,Q731938,3,Myriad Genetics,AstraZeneca
Q247489,Q3331496,3,Merck & Co.,Myriad Genetics
Q35476,Q66048,3,AT&T,Deutsche Bank
Q66,Q72539,3,Boeing,U.S. Steel
Q66048,Q905049,3,Deutsche Bank,Shire plc
Q1502712,Q1944412,3,Genworth Financial,MoneyGram
Q427881,Q60767471,3,Royal Caribbean Group,Norwegian Cruise Line Holdings Ltd.
Q1519267,Q212405,3,Omnicom Group,Procter & Gamble
Q1472929,Q7296403,3,"Nasdaq, Inc.",Raven Industries
Q13529408,Q908324,3,Brookfield Infrastructure Partners,Brookfield Corporation
Q20800404,Q4951483,3,Alphabet Inc.,Box
Q1472929,Q1809448,3,"Nasdaq, Inc.",Whole Foods Market
Q1113804,Q9396,3,Comcast,Deutsche Telekom
Q157062,Q52825,3,Unilever,ABB Group
Q115056594,Q1472929,3,Cohen & Steers,"Nasdaq, Inc."
Q135325,Q18619982,3,Alcoa,Century Aluminum
Q1472929,Q27022329,3,"Nasdaq, Inc.",Snap Inc.
Q1543874,Q95205133,3,The Hertz Corporation,Hertz Global Holdings
Q174310,Q312,3,Nordstrom,Apple Inc.
Q1472929,Q17074260,3,"Nasdaq, Inc.",Patriot National Bancorp
Q8074786,Q95,3,Zscaler,Google
Q4951483,Q95,3,Box,Google
Q27022329,Q8074786,3,Snap Inc.,Zscaler
Q2283,Q4951483,3,Microsoft,Box
Q1472929,Q221062,3,"Nasdaq, Inc.",DuPont
Q301965,Q780442,3,Sprint Corporation,Uber
Q1129792,Q880942,3,The Cooper Companies,Blackstone Group
Q1359568,Q95,3,Alibaba Group,Google
Q1472929,Q7848008,3,"Nasdaq, Inc.",Trupanion
Q1472929,Q7809768,3,"Nasdaq, Inc.",Titan Pharmaceuticals
Q29739,Q6060469,3,International,Inversiones y Representaciones Sociedad Anónima
Q478214,Q5439999,3,Tesla,Federal Agricultural Mortgage Corporation
Q18636524,Q619111,3,Caesars Entertainment,Apollo Group
Q193326,Q552581,3,Goldman Sachs,SAP
Q1023876,Q193326,3,CME Group,Goldman Sachs
Q1114148,Q190464,3,Comerica,HSBC
Q194360,Q37156,3,American Express,IBM
Q1472929,Q483915,3,"Nasdaq, Inc.",Nike
Q306764,Q894585,3,Abbott Laboratories,Boston Scientific
Q328840,Q487907,3,Visa,Bank of America
Q3884,Q5189378,3,Amazon,Crown Holdings
Q13218598,Q856411,3,NatWest Group,British American Tobacco
Q13218598,Q157062,3,NatWest Group,Unilever
Q2901365,Q478214,3,Mobileye,Tesla
Q3884,Q727883,3,Amazon,NetApp
Q122141,Q2283,3,Vodafone,Microsoft
Q2283,Q96095585,3,Microsoft,Pinterest Inc.
Q15589464,Q4951483,3,Dropbox Inc.,Box
Q291171,Q4748634,3,Aegon,Amrep Corporation
Q629998,Q81965,3,General Mills,General Motors
Q1741634,Q81965,3,Kimberly-Clark,General Motors
Q1741634,Q629998,3,Kimberly-Clark,General Mills
Q18636524,Q619121,3,Caesars Entertainment,Apollo Global Management
Q207983,Q682759,3,Monsanto,Linde Group
Q20800404,Q8074786,3,Alphabet Inc.,Zscaler
Q52825,Q54173,3,ABB Group,General Electric
Q108770716,Q4674547,3,Samsara,Acorn Energy
Q154950,Q245343,3,Shell,Barclays plc
Q7505672,Q898750,3,Shutterfly,Teva Pharmaceutical Industries Ltd.
Q312,Q7505672,3,Apple Inc.,Shutterfly
Q174310,Q898750,3,Nordstrom,Teva Pharmaceutical Industries Ltd.
Q174310,Q7505672,3,Nordstrom,Shutterfly
Q5450340,Q6717732,3,Finisar,MSC Industrial Direct
Q1129792,Q29739,3,The Cooper Companies,International
Q18619470,Q20800404,3,Restaurant Brands International,Alphabet Inc.
Q10856243,Q3884,3,Newegg,Amazon
Q108770716,Q4982028,3,Samsara,Bsquare corporation
Q18619470,Q467752,3,Restaurant Brands International,Verizon Communications
Q23680081,Q8058700,3,PJT Partners,Younkers
Q108770716,Q5923178,3,Samsara,Itron
Q18619470,Q35476,3,Restaurant Brands International,AT&T
Q333718,Q470517,3,Johnson & Johnson,Amgen
Q4972280,Q7417809,3,Broadridge Financial Solutions,Sangamo Therapeutics
Q266423,Q470517,3,Bristol-Myers Squibb,Amgen
Q207983,Q81230,3,Monsanto,Siemens
Q11407,Q95,3,VMware,Google
Q155026,Q66,3,United Parcel Service,Boeing
Q1053422,Q1516410,3,Cenovus Energy,Suncor Energy
Q17145596,Q19923099,3,Tesco Corporation,Hewlett Packard Enterprise
Q483551,Q768773,3,Walmart,MSCI
Q1089060,Q328840,3,Chubb Corp.,Visa
Q1089060,Q188920,3,Chubb Corp.,Delta Air Lines
Q483551,Q5272601,3,Walmart,Dick's Sporting Goods
Q154950,Q625713,3,Shell,BHP
Q154950,Q430745,3,Shell,Teradata
Q122141,Q154950,3,Vodafone,Shell
Q1656230,Q5377000,3,Phillips 66,Energy Transfer
Q2304693,Q4705296,3,Southern Company,Alabama Power
Q459965,Q81965,3,Caterpillar,General Motors
Q451476,Q666694,3,Scotiabank,Canadian Imperial Bank of Commerce
Q5450340,Q5842736,3,Finisar,Corning Inc.
Q5446791,Q7615829,3,Fidelity National Financial,Stewart Information Services Corporation
Q123616697,Q768773,3,Camden National Corporation,MSCI
Q3884,Q950380,3,Amazon,CBS Corporation
Q1472929,Q3485048,3,"Nasdaq, Inc.",Sinovac Biotech
Q105557,Q1655409,3,Embraer,Iamgold
Q312,Q745099,2,Apple Inc.,Kyocera
Q182477,Q81965,2,Nvidia,General Motors
Q1645081,Q192814,2,Nucor,Harley-Davidson
Q1113804,Q192314,2,Comcast,JPMorgan Chase
Q787044,Q967265,2,Autoliv,Kohl's
Q1045758,Q4698062,2,United Technologies Corporation,Air Lease
Q4698062,Q54173,2,Air Lease,General Electric
Q2529982,Q483551,2,The New York Times Company,Walmart
Q3884,Q5215970,2,Amazon,Dangdang
Q193326,Q81230,2,Goldman Sachs,Siemens
Q16974682,Q731938,2,Alnylam Pharmaceuticals,AstraZeneca
Q7308054,Q731938,2,Regeneron Pharmaceuticals,AstraZeneca
Q1023876,Q35476,2,CME Group,AT&T
Q1264404,Q127278673,2,Duke Energy,LinkedIn Corporation
Q1472929,Q5201295,2,"Nasdaq, Inc.",CytRx
Q22243729,Q81965,2,Ferrari,General Motors
Q2283,Q459477,2,Microsoft,FedEx
Q1472929,Q5152510,2,"Nasdaq, Inc.",Commercial Metals Company
Q193326,Q675585,2,Goldman Sachs,Moody's Corporation
Q193326,Q7086908,2,Goldman Sachs,Olin Corporation
Q217583,Q81965,2,Berkshire Hathaway,General Motors
Q483006,Q95,2,LG Display,Google
Q1424962,Q193199,2,IHG Hotels & Resorts,UBS
Q15913890,Q2837996,2,iQIYI,Alliance Data
Q130624258,Q193326,2,Fifth Third Bancorp,Goldman Sachs
Q1471346,Q192814,2,Whirlpool,Harley-Davidson
Q1472929,Q4868109,2,"Nasdaq, Inc.",Bassett Furniture
Q1137289,Q4999220,2,Nuance Communications,Burlington
Q27530,Q312,2,Mercedes-Benz Group,Apple Inc.
Q108770716,Q4972280,2,Samsara,Broadridge Financial Solutions
Q192814,Q217583,2,Harley-Davidson,Berkshire Hathaway
Q192814,Q53268,2,Harley-Davidson,Toyota
Q192814,Q81965,2,Harley-Davidson,General Motors
Q2662418,Q3211367,2,American Research and Development Corporation,Fresh Del Monte Produce
Q37156,Q66,2,IBM,Boeing
Q66,Q95,2,Boeing,Google
Q127074,Q35476,2,Albemarle Corporation,AT&T
Q190464,Q905049,2,HSBC,Shire plc
Q193199,Q297879,2,UBS,ASML
Q1418,Q81230,2,Nokia,Siemens
Q11407,Q3884,2,VMware,Amazon
Q1032229,Q1053422,2,Canadian Natural Resources,Cenovus Energy
Q502509,Q856411,2,Smith & Nephew,British American Tobacco
Q206921,Q663596,2,Pfizer,Gilead Sciences
Q26678,Q2923022,2,BMW Group,Boyd Gaming
Q180816,Q66,2,Dow Jones Industrial Average,Boeing
Q124724103,Q1472929,2,Eagle Bulk Shipping Inc.,"Nasdaq, Inc."
Q207983,Q552581,2,Monsanto,SAP
Q1472929,Q2904022,2,"Nasdaq, Inc.",Bio-Rad Laboratories
Q1359568,Q544847,2,Alibaba Group,Qualcomm
Q27065,Q7924358,2,Gogo Inflight Internet,Viasat
Q489921,Q95,2,Mastercard,Google
Q154950,Q880942,2,Shell,Blackstone Group
Q625713,Q880942,2,BHP,Blackstone Group
Q27893,Q5439999,2,ArcelorMittal,Federal Agricultural Mortgage Corporation
Q18636524,Q568532,2,Caesars Entertainment,MGM Resorts International
Q1916402,Q2874395,2,Pearson plc,Avis Budget Group
Q1916402,Q663596,2,Pearson plc,Gilead Sciences
Q193199,Q81230,2,UBS,Siemens
Q1472929,Q552581,2,"Nasdaq, Inc.",SAP
Q333718,Q905049,2,Johnson & Johnson,Shire plc
Q864338,Q905049,2,Biogen,Shire plc
Q1195490,Q3884,2,RadioShack,Amazon
Q219508,Q7086908,2,Citigroup,Olin Corporation
Q1519267,Q37156,2,Omnicom Group,IBM
Q2031726,Q97961992,2,Westpac,Brilliance China Automotive Holdings
Q1472929,Q194360,2,"Nasdaq, Inc.",American Express
Q1852556,Q194360,2,Philip Morris International,American Express
Q2283,Q8085893,2,Microsoft,Expedia Group
Q334204,Q4376955,2,Morgan Stanley,Sabre Corporation
Q1770710,Q3540193,2,Tripadvisor,Wayfair
Q190464,Q3388421,2,HSBC,Pilgrim's Corp
Q158205,Q864338,2,Sanofi,Biogen
Q1410766,Q7939183,2,Fibria,VocalTec
Q1472929,Q7939183,2,"Nasdaq, Inc.",VocalTec
Q11074158,Q29469208,2,Silicon Motion,Simpson Manufacturing Company
Q130326112,Q1741634,2,Kellogg’s,Kimberly-Clark
Q130326112,Q629998,2,Kellogg’s,General Mills
Q130326112,Q81965,2,Kellogg’s,General Motors
Q193326,Q2032800,2,Goldman Sachs,Ally Financial
Q2032800,Q487907,2,Ally Financial,Bank of America
Q144617,Q689791,2,TIM Group,ISS
Q4698062,Q684825,2,Air Lease,ALCON MANAGEMENT SA
Q1472929,Q2895117,2,"Nasdaq, Inc.",Audiocodes Ltd.
Q2895117,Q312,2,Audiocodes Ltd.,Apple Inc.
Q1472929,Q2037125,2,"Nasdaq, Inc.",State Street Corporation
Q1024454,Q37156,2,CSX Corporation,IBM
Q219635,Q328840,2,BlackRock,Visa
Q2283,Q487907,2,Microsoft,Bank of America
Q127074,Q478214,2,Albemarle Corporation,Tesla
Q127074,Q899183,2,Albemarle Corporation,FMC Corporation
Q3067064,Q478214,2,Sociedad Química y Minera de Chile,Tesla
Q3067064,Q899183,2,Sociedad Química y Minera de Chile,FMC Corporation
Q478214,Q899183,2,Tesla,FMC Corporation
Q193326,Q53268,2,Goldman Sachs,Toyota
Q7893563,Q894585,2,Essendant,Boston Scientific
Q1662481,Q53268,2,IHS Inc.,Toyota
Q1389504,Q632694,2,"Morningstar, Inc.",Archer Daniels Midland
Q1129792,Q926806,2,The Cooper Companies,Carlyle Group
Q1032229,Q1652574,2,Canadian Natural Resources,Manulife Financial
Q1129792,Q122141,2,The Cooper Companies,Vodafone
Q26678,Q5095516,2,BMW Group,Chicago Bridge & Iron Company
Q174198,Q19900,2,Gartner,Oracle Corporation
Q2283,Q727883,2,Microsoft,NetApp
Q312,Q507154,2,Apple Inc.,Novartis
Q1885491,Q27022329,2,FactSet,Snap Inc.
Q248,Q768773,2,Intel,MSCI
Q334204,Q856411,2,Morgan Stanley,British American Tobacco
Q1374135,Q478214,2,Prudential plc,Tesla
Q27022329,Q544847,2,Snap Inc.,Qualcomm
Q116452644,Q467752,2,"Netflix, Inc.",Verizon Communications
Q1885491,Q5189378,2,FactSet,Crown Holdings
Q20800404,Q96095585,2,Alphabet Inc.,Pinterest Inc.
Q1196745,Q245343,2,Rambus,Barclays plc
Q625713,Q97961992,2,BHP,Brilliance China Automotive Holdings
Q1472929,Q315287,2,"Nasdaq, Inc.",Qiagen
Q315287,Q6968762,2,Qiagen,Natera
Q334800,Q3884,2,PepsiCo,Amazon
Q306764,Q7893563,2,Abbott Laboratories,Essendant
Q135683211,Q95,2,PayPal Holdings,Google
Q312,Q54173,2,Apple Inc.,General Electric
Q152433,Q483551,2,Xerox,Walmart
Q1472929,Q6690181,2,"Nasdaq, Inc.",LoveSac
Q1472929,Q7092720,2,"Nasdaq, Inc.",One Horizon Group
Q6690181,Q7092720,2,LoveSac,One Horizon Group
Q122141,Q1676726,2,Vodafone,J. Walter Thompson
Q157062,Q1676726,2,Unilever,J. Walter Thompson
Q7457122,Q825943,2,Sevcon,BorgWarner
Q1009458,Q1389504,2,Bunge Limited,"Morningstar, Inc."
Q1023876,Q245343,2,CME Group,Barclays plc
Q1472929,Q7309325,2,"Nasdaq, Inc.",Regis Corporation
Q2013357,Q319642,2,Occidental Petroleum,Chevron Corporation
Q109565934,Q632240,2,Opiant Pharmaceuticals,Eli Lilly and Company
Q190464,Q3884,2,HSBC,Amazon
Q1472929,Q645525,2,"Nasdaq, Inc.",SunPower
Q1129792,Q194360,2,The Cooper Companies,American Express
Q334800,Q486269,2,PepsiCo,Kodak
Q35476,Q7414,2,AT&T,The Walt Disney Company
Q467752,Q7414,2,Verizon Communications,The Walt Disney Company
Q16980871,Q35476,2,Kadant,AT&T
Q16980871,Q507154,2,Kadant,Novartis
Q193326,Q739084,2,Goldman Sachs,U.S. Bancorp
Q1472539,Q372657,2,Alpha Tomo Global Resoures Sdn Bhd,Credit Suisse
Q22243729,Q372657,2,Ferrari,Credit Suisse
Q19900,Q941127,2,Oracle Corporation,Salesforce
Q219635,Q5331380,2,BlackRock,Eaton Vance
Q182477,Q53268,2,Nvidia,Toyota
Q20858163,Q54173,2,Norfolk Southern Corporation,General Electric
Q1374135,Q245343,2,Prudential plc,Barclays plc
Q2283,Q80978,2,Microsoft,Hewlett-Packard
Q1113804,Q735261,2,Comcast,Royal Bank of Canada
Q122141,Q735261,2,Vodafone,Royal Bank of Canada
Q571779,Q735261,2,Liberty Global,Royal Bank of Canada
Q735261,Q9396,2,Royal Bank of Canada,Deutsche Telekom
Q1384784,Q158205,2,Express,Sanofi
Q1384784,Q2103926,2,Express,UnitedHealth Group
Q210047,Q899395,2,Petrobras,Braskem
Q26678,Q619121,2,BMW Group,Apollo Global Management
Q1425063,Q212900,2,Hyatt Hotels Corporation,Lehman Brothers
Q1030544,Q590897,2,Campbell's,Empresas ICA
Q193199,Q212405,2,UBS,Procter & Gamble
Q28782856,Q2974454,2,DXC Technology,Frontier Communications
Q28782856,Q5170174,2,DXC Technology,Core Laboratories
Q2974454,Q5170174,2,Frontier Communications,Core Laboratories
Q35476,Q66,2,AT&T,Boeing
Q2037125,Q27022329,2,State Street Corporation,Snap Inc.
Q219635,Q27022329,2,BlackRock,Snap Inc.
Q1944412,Q2008551,2,MoneyGram,Oaktree Capital Management
Q1944412,Q26678,2,MoneyGram,BMW Group
Q1944412,Q619121,2,MoneyGram,Apollo Global Management
Q2008551,Q619121,2,Oaktree Capital Management,Apollo Global Management
Q329953,Q768773,2,Northrop Grumman Corporation,MSCI
Q248,Q297879,2,Intel,ASML
Q1645081,Q18619982,2,Nucor,Century Aluminum
Q157062,Q1751032,2,Unilever,Plum Creek Timber
Q4969137,Q7240,2,Bristow Helicopters,Lockheed Martin
Q193199,Q5439999,2,UBS,Federal Agricultural Mortgage Corporation
Q1374135,Q291171,2,Prudential plc,Aegon
Q1472929,Q245343,2,"Nasdaq, Inc.",Barclays plc
Q1425063,Q28782856,2,Hyatt Hotels Corporation,DXC Technology
Q1425063,Q2974454,2,Hyatt Hotels Corporation,Frontier Communications
Q1425063,Q5170174,2,Hyatt Hotels Corporation,Core Laboratories
Q212900,Q28782856,2,Lehman Brothers,DXC Technology
Q212900,Q2974454,2,Lehman Brothers,Frontier Communications
Q1114148,Q1152764,2,Comerica,Lloyds Banking Group
Q1114148,Q13218598,2,Comerica,NatWest Group
Q115978123,Q1472929,2,"One Stop Systems, Inc.","Nasdaq, Inc."
Q1138888,Q154950,2,First Solar,Shell
Q1472929,Q3277465,2,"Nasdaq, Inc.",Sirius XM
Q2448801,Q5172422,2,TransAlta Corporation,Corporate Office Properties Trust
Q2283,Q334800,2,Microsoft,PepsiCo
Q128896,Q135683211,2,AMD,PayPal Holdings
Q212900,Q5170174,2,Lehman Brothers,Core Laboratories
Q2103926,Q470517,2,UnitedHealth Group,Amgen
Q2103926,Q7308054,2,UnitedHealth Group,Regeneron Pharmaceuticals
Q1652574,Q487907,2,Manulife Financial,Bank of America
Q157062,Q629998,2,Unilever,General Mills
Q21077,Q312,2,Warner Music Group,Apple Inc.
Q193326,Q666694,2,Goldman Sachs,Canadian Imperial Bank of Commerce
Q193326,Q835456,2,Goldman Sachs,Sun Life Financial
Q487907,Q666694,2,Bank of America,Canadian Imperial Bank of Commerce
Q487907,Q835456,2,Bank of America,Sun Life Financial
Q193326,Q5439999,2,Goldman Sachs,Federal Agricultural Mortgage Corporation
Q487907,Q5439999,2,Bank of America,Federal Agricultural Mortgage Corporation
Q193199,Q97961992,2,UBS,Brilliance China Automotive Holdings
Q5450340,Q81230,2,Finisar,Siemens
Q790060,Q80978,2,Broadcom,Hewlett-Packard
Q1472929,Q6060469,2,"Nasdaq, Inc.",Inversiones y Representaciones Sociedad Anónima
Q106158,Q48739877,2,S&P Global Ratings,Alexandria Real Estate Equities
Q1472929,Q38589917,2,"Nasdaq, Inc.",DowDuPont
Q193326,Q72539,2,Goldman Sachs,U.S. Steel
Q219508,Q72539,2,Citigroup,U.S. Steel
Q245343,Q72539,2,Barclays plc,U.S. Steel
Q334204,Q72539,2,Morgan Stanley,U.S. Steel
Q372657,Q72539,2,Credit Suisse,U.S. Steel
Q4972280,Q72539,2,Broadridge Financial Solutions,U.S. Steel
Q1472929,Q301965,2,"Nasdaq, Inc.",Sprint Corporation
Q20800404,Q301965,2,Alphabet Inc.,Sprint Corporation
Q507154,Q899010,2,Novartis,Mylan
Q157062,Q27893,2,Unilever,ArcelorMittal
Q35476,Q80978,2,AT&T,Hewlett-Packard
Q1384784,Q470517,2,Express,Amgen
Q1384784,Q7308054,2,Express,Regeneron Pharmaceuticals
Q158205,Q2103926,2,Sanofi,UnitedHealth Group
Q158205,Q768231,2,Sanofi,Express Scripts
Q1472929,Q600624,2,"Nasdaq, Inc.",CA Technologies
Q1652574,Q193326,2,Manulife Financial,Goldman Sachs
Q1652574,Q219508,2,Manulife Financial,Citigroup
Q333718,Q35476,2,Johnson & Johnson,AT&T
Q333718,Q95,2,Johnson & Johnson,Google
Q26989,Q7727445,2,Infosys,The Container Store
Q4046987,Q5165314,2,Pioneer Natural Resources,Continental Resources
Q219508,Q5287613,2,Citigroup,Docusign
Q334204,Q5287613,2,Morgan Stanley,Docusign
Q312,Q7360089,2,Apple Inc.,"Roku, Inc."
Q35476,Q7360089,2,AT&T,"Roku, Inc."
Q27893,Q334204,2,ArcelorMittal,Morgan Stanley
Q1141267,Q190464,2,Thomson Reuters,HSBC
Q1141267,Q193326,2,Thomson Reuters,Goldman Sachs
Q26678,Q52825,2,BMW Group,ABB Group
Q1472929,Q3598926,2,"Nasdaq, Inc.",JD.com
Q21463167,Q4974387,2,HashiCorp,Brookdale Senior Living
Q63327,Q8085893,2,Airbnb,Expedia Group
Q1141267,Q334204,2,Thomson Reuters,Morgan Stanley
Q1141267,Q372657,2,Thomson Reuters,Credit Suisse
Q3884,Q7313510,2,Amazon,Rent The Runway
Q483551,Q7313510,2,Walmart,Rent The Runway
Q2283,Q38076,2,Microsoft,McDonald's
Q2283,Q478214,2,Microsoft,Tesla
Q2283,Q483915,2,Microsoft,Nike
Q312,Q483915,2,Apple Inc.,Nike
Q3884,Q483915,2,Amazon,Nike
Q245343,Q768773,2,Barclays plc,MSCI
Q487907,Q768773,2,Bank of America,MSCI
Q5165314,Q804353,2,Continental Resources,Baker Hughes
Q1325987,Q1477575,2,Tyson Foods,Smithfield Foods
Q44294,Q780442,2,Ford Motor Company,Uber
Q10876705,Q193326,2,ZTO Express,Goldman Sachs
Q10876705,Q219508,2,ZTO Express,Citigroup
Q10876705,Q334204,2,ZTO Express,Morgan Stanley
Q10876705,Q372657,2,ZTO Express,Credit Suisse
Q10876705,Q66048,2,ZTO Express,Deutsche Bank
Q1465461,Q245343,2,National Grid,Barclays plc
Q29739,Q3884,2,International,Amazon
Q193199,Q29921278,2,UBS,Nio Inc.
Q193326,Q29921278,2,Goldman Sachs,Nio Inc.
Q219508,Q29921278,2,Citigroup,Nio Inc.
Q29921278,Q334204,2,Nio Inc.,Morgan Stanley
Q29921278,Q372657,2,Nio Inc.,Credit Suisse
Q29921278,Q66048,2,Nio Inc.,Deutsche Bank
Q20714323,Q22909236,2,DoorDash,Instacart
Q496302,Q66,2,Deere & Company,Boeing
Q157062,Q6782872,2,Unilever,Masco
Q1049080,Q80978,2,Juniper Networks,Hewlett-Packard
Q65080540,Q7308000,2,Renewable Energy Group,Regency Centers
Q27530,Q483915,2,Mercedes-Benz Group,Nike
Q675585,Q856411,2,Moody's Corporation,British American Tobacco
Q106158,Q66048,2,S&P Global Ratings,Deutsche Bank
Q5165314,Q54173,2,Continental Resources,General Electric
Q37158,Q483915,2,Starbucks,Nike
Q1472929,Q6902090,2,"Nasdaq, Inc.",Monro Muffler Brake
Q5427196,Q6902090,2,FTI Consulting,Monro Muffler Brake
Q2283,Q81230,2,Microsoft,Siemens
Q26678,Q55931,2,BMW Group,Hyundai Motor Company
Q20800404,Q544847,2,Alphabet Inc.,Qualcomm
Q37156,Q544847,2,IBM,Qualcomm
Q1472929,Q5516980,2,"Nasdaq, Inc.",Gaia
Q144617,Q312,2,TIM Group,Apple Inc.
Q10876705,Q193199,2,ZTO Express,UBS
Q1339966,Q180816,2,Enbridge,Dow Jones Industrial Average
Q1046951,Q632694,2,Target Corporation,Archer Daniels Midland
Q207983,Q6981538,2,Monsanto,Evogene Ltd
Q221062,Q6981538,2,DuPont,Evogene Ltd
Q18169198,Q334204,2,Qorvo,Morgan Stanley
Q1472929,Q507154,2,"Nasdaq, Inc.",Novartis
Q544847,Q95,2,Qualcomm,Google
Q1057464,Q66048,2,Hilton Worldwide,Deutsche Bank
Q193326,Q225440,2,Goldman Sachs,Celestica
Q219508,Q248,2,Citigroup,Intel
Q225440,Q334204,2,Celestica,Morgan Stanley
Q105375474,Q7113744,2,Sphere 3D,Overland Storage
Q127278673,Q162852,2,LinkedIn Corporation,SurveyMonkey
Q334204,Q7538146,2,Morgan Stanley,Skyworks Solutions
Q180816,Q54173,2,Dow Jones Industrial Average,General Electric
Q642189,Q894585,2,Medtronic,Boston Scientific
Q245343,Q666694,2,Barclays plc,Canadian Imperial Bank of Commerce
Q338825,Q66048,2,Accenture,Deutsche Bank
Q1472929,Q206921,2,"Nasdaq, Inc.",Pfizer
Q157062,Q2529982,2,Unilever,The New York Times Company
Q1129792,Q7241774,2,The Cooper Companies,Prestige Brands
Q152433,Q66048,2,Xerox,Deutsche Bank
Q312,Q950380,2,Apple Inc.,CBS Corporation
Q37156,Q54871457,2,IBM,Ribbon Communications
Q1577587,Q1627894,2,Marathon Oil,W. W. Grainger
Q1577587,Q6717732,2,Marathon Oil,MSC Industrial Direct
Q1146061,Q95,2,Cushman & Wakefield,Google
Q17145596,Q4861529,2,Tesco Corporation,Barnes Group
Q1645081,Q81965,2,Nucor,General Motors
Q1472929,Q648533,2,"Nasdaq, Inc.",Semiconductor Manufacturing International Corporation
Q108770716,Q54871457,2,Samsara,Ribbon Communications
Q420822,Q5479360,2,Gap Inc.,"Macy's, Inc."
Q19900,Q54871457,2,Oracle Corporation,Ribbon Communications
Q19923099,Q54871457,2,Hewlett Packard Enterprise,Ribbon Communications
Q1472929,Q625713,2,"Nasdaq, Inc.",BHP
Q193199,Q806693,2,UBS,BMO Financial Group
Q1472929,Q1538585,2,"Nasdaq, Inc.",Kelly Services
Q207983,Q632694,2,Monsanto,Archer Daniels Midland
Q1472929,Q3648676,2,"Nasdaq, Inc.","Ceva, Inc."
Q16250432,Q26678,2,Fidelity Southern Corporation,BMW Group
Q1472929,Q182477,2,"Nasdaq, Inc.",Nvidia
Q5970002,Q841458,2,IDEX Corporation,Intercontinental Exchange
Q1472929,Q1486956,2,"Nasdaq, Inc.",Xcel Energy
Q1046951,Q1066858,2,Target Corporation,Tiffany & Co.
Q1046951,Q145168,2,Target Corporation,Dollar General
Q1046951,Q3305660,2,Target Corporation,Tailored Brands
Q1046951,Q487907,2,Target Corporation,Bank of America
Q193199,Q666694,2,UBS,Canadian Imperial Bank of Commerce
Q207983,Q899133,2,Monsanto,Takeda Pharmaceutical Company
Q544847,Q899133,2,Qualcomm,Takeda Pharmaceutical Company
Q248,Q2529982,2,Intel,The New York Times Company
Q193326,Q619121,2,Goldman Sachs,Apollo Global Management
Q17145596,Q48740858,2,Tesco Corporation,Compass Inc.
Q15678788,Q193326,2,Fiat Chrysler Automobiles,Goldman Sachs
Q1472929,Q894585,2,"Nasdaq, Inc.",Boston Scientific
Q30635731,Q3884,2,"Cboe Global Markets, Inc.",Amazon
Q1141267,Q66048,2,Thomson Reuters,Deutsche Bank
Q1472929,Q5970002,2,"Nasdaq, Inc.",IDEX Corporation
Q1472929,Q7605667,2,"Nasdaq, Inc.",Steel Dynamics
Q266423,Q7252517,2,Bristol-Myers Squibb,Provident Bank of New Jersey
Q212405,Q312,2,Procter & Gamble,Apple Inc.
Q16836218,Q193326,2,AXIS Capital,Goldman Sachs
Q15678788,Q66048,2,Fiat Chrysler Automobiles,Deutsche Bank
Q44294,Q784804,2,Ford Motor Company,AutoNation
Q1066858,Q744149,2,Tiffany & Co.,Wells Fargo
Q1113804,Q145168,2,Comcast,Dollar General
Q1113804,Q3305660,2,Comcast,Tailored Brands
Q1113804,Q487907,2,Comcast,Bank of America
Q128896,Q372657,2,AMD,Credit Suisse
Q182477,Q372657,2,Nvidia,Credit Suisse
Q122141,Q1519267,2,Vodafone,Omnicom Group
Q122141,Q95,2,Vodafone,Google
Q3072937,Q66048,2,First Hawaiian Bank,Deutsche Bank
Q212405,Q334800,2,Procter & Gamble,PepsiCo
Q1472929,Q5055187,2,"Nasdaq, Inc.",Cavium
Q507154,Q66048,2,Novartis,Deutsche Bank
Q56011958,Q60269744,2,Tencent Music,Spotify Technology
Q451476,Q768773,2,Scotiabank,MSCI
Q247489,Q372657,2,Merck & Co.,Credit Suisse
Q207983,Q544847,2,Monsanto,Qualcomm
Q1066858,Q3305660,2,Tiffany & Co.,Tailored Brands
Q1066858,Q3884,2,Tiffany & Co.,Amazon
Q1066858,Q487907,2,Tiffany & Co.,Bank of America
Q1066858,Q4905973,2,Tiffany & Co.,Big Lots
Q1472929,Q8003328,2,"Nasdaq, Inc.",Willamette Valley Vineyards
Q193326,Q483551,2,Goldman Sachs,Walmart
Q105965677,Q372657,2,MPLX,Credit Suisse
Q372657,Q458363,2,Credit Suisse,Marathon Petroleum
Q1053422,Q1516849,2,Cenovus Energy,Shaw Communications
Q1023876,Q154950,2,CME Group,Shell
Q190464,Q682759,2,HSBC,Linde Group
Q682759,Q768773,2,Linde Group,MSCI
Q1145004,Q206921,2,Randgold Resources,Pfizer
Q1196745,Q13218598,2,Rambus,NatWest Group
Q1066858,Q5047083,2,Tiffany & Co.,Carter's
Q1066858,Q727697,2,Tiffany & Co.,Coach
Q744149,Q917131,2,Wells Fargo,Regions Financial Corporation
Q19681433,Q609466,2,Kraft Heinz,Colgate-Palmolive
Q14903417,Q1549511,2,Delhaize Le Lion,Ormat Technologies
Q1024454,Q624798,2,CSX Corporation,Canadian National Railway
Q206921,Q731938,2,Pfizer,AstraZeneca
Q333718,Q632240,2,Johnson & Johnson,Eli Lilly and Company
Q705392,Q734779,2,Seagate Technology,Comscore
Q1049080,Q464996,2,Juniper Networks,Nortel
Q217583,Q2283,2,Berkshire Hathaway,Microsoft
Q1472929,Q846743,2,"Nasdaq, Inc.",Orbotech
Q106309492,Q1472929,2,"Agora, Inc.","Nasdaq, Inc."
Q1046951,Q5047083,2,Target Corporation,Carter's
Q1046951,Q727697,2,Target Corporation,Coach
Q1046951,Q744149,2,Target Corporation,Wells Fargo
Q1066858,Q1113804,2,Tiffany & Co.,Comcast
Q1066858,Q145168,2,Tiffany & Co.,Dollar General
Q1342041,Q193326,2,Lam Research,Goldman Sachs
Q11463,Q5287613,2,Adobe,Docusign
Q11463,Q95,2,Adobe,Google
Q15589464,Q27500963,2,Dropbox Inc.,Dell Technologies
Q2283,Q85801645,2,Microsoft,Smartsheet Inc.
Q1384784,Q768231,2,Express,Express Scripts
Q2529982,Q328840,2,The New York Times Company,Visa
Q2466256,Q7696488,2,U.S. Cellular,Telephone and Data Systems
Q1577587,Q1615684,2,Marathon Oil,Hess Corporation
Q29739,Q334204,2,International,Morgan Stanley
Q219508,Q917131,2,Citigroup,Regions Financial Corporation
Q38928,Q739084,2,PNC Financial Services,U.S. Bancorp
Q38928,Q917131,2,PNC Financial Services,Regions Financial Corporation
Q487907,Q917131,2,Bank of America,Regions Financial Corporation
Q739084,Q744149,2,U.S. Bancorp,Wells Fargo
Q739084,Q917131,2,U.S. Bancorp,Regions Financial Corporation
Q194360,Q917131,2,American Express,Regions Financial Corporation
Q2037125,Q38928,2,State Street Corporation,PNC Financial Services
Q1516410,Q180816,2,Suncor Energy,Dow Jones Industrial Average
Q1472539,Q193326,2,Alpha Tomo Global Resoures Sdn Bhd,Goldman Sachs
Q194360,Q2037125,2,American Express,State Street Corporation
Q1615684,Q214763,2,Hess Corporation,ConocoPhillips
Q1615684,Q329953,2,Hess Corporation,Northrop Grumman Corporation
Q1046951,Q624375,2,Target Corporation,CVS Health
Q1129792,Q1410766,2,The Cooper Companies,Fibria
Q1129792,Q2495283,2,The Cooper Companies,United Online
Q1410766,Q2495283,2,Fibria,United Online
Q2843129,Q768773,2,Ameriprise Financial,MSCI
Q66,Q849404,2,Boeing,Copa Airlines
Q1384784,Q624375,2,Express,CVS Health
Q1961658,Q5178891,2,NV Energy,Covanta
Q1472929,Q26049,2,"Nasdaq, Inc.",Aetna
Q123269714,Q188514,2,TTM Technologies,Tata Motors Ltd
Q123269714,Q4751693,2,TTM Technologies,Anaren
Q1472929,Q188514,2,"Nasdaq, Inc.",Tata Motors Ltd
Q1472929,Q4751693,2,"Nasdaq, Inc.",Anaren
Q188514,Q4751693,2,Tata Motors Ltd,Anaren
Q1541470,Q3518066,2,GPA,Tenet Healthcare
Q1770710,Q2207629,2,Tripadvisor,SPX Corporation
Q1770710,Q312,2,Tripadvisor,Apple Inc.
Q1770710,Q8085893,2,Tripadvisor,Expedia Group
Q319642,Q334204,2,Chevron Corporation,Morgan Stanley
Q1784126,Q5152510,2,Koppers,Commercial Metals Company
Q194360,Q219508,2,American Express,Citigroup
Q194360,Q334204,2,American Express,Morgan Stanley
Q194360,Q38928,2,American Express,PNC Financial Services
Q194360,Q739084,2,American Express,U.S. Bancorp
Q194360,Q744149,2,American Express,Wells Fargo
Q483915,Q7156755,2,Nike,Payless ShoeSource
Q5479360,Q7156755,2,"Macy's, Inc.",Payless ShoeSource
Q1472929,Q2114414,2,"Nasdaq, Inc.",Prudential Financial
Q2037125,Q739084,2,State Street Corporation,U.S. Bancorp
Q2037125,Q917131,2,State Street Corporation,Regions Financial Corporation
Q474621,Q4835545,2,Amphenol,BGC Partners
Q116452644,Q334204,2,"Netflix, Inc.",Morgan Stanley
Q1359568,Q190464,2,Alibaba Group,HSBC
Q1023765,Q20183163,2,CIT Group,Union Pacific Corporation
Q1418,Q726654,2,Nokia,Glatfelter
Q334204,Q3511885,2,Morgan Stanley,T-Mobile US
Q3305660,Q5047083,2,Tailored Brands,Carter's
Q3305660,Q727697,2,Tailored Brands,Coach
Q1046951,Q4905973,2,Target Corporation,Big Lots
Q1283291,Q256598,2,Valero Energy,SemGroup
Q123269714,Q1472929,2,TTM Technologies,"Nasdaq, Inc."
Q145168,Q3305660,2,Dollar General,Tailored Brands
Q145168,Q3884,2,Dollar General,Amazon
Q145168,Q487907,2,Dollar General,Bank of America
Q145168,Q4905973,2,Dollar General,Big Lots
Q145168,Q5047083,2,Dollar General,Carter's
Q145168,Q727697,2,Dollar General,Coach
Q145168,Q744149,2,Dollar General,Wells Fargo
Q3305660,Q3884,2,Tailored Brands,Amazon
Q3305660,Q487907,2,Tailored Brands,Bank of America
Q3305660,Q4905973,2,Tailored Brands,Big Lots
Q130624258,Q194360,2,Fifth Third Bancorp,American Express
Q1472929,Q30256497,2,"Nasdaq, Inc.",Perma-Fix Environmental Services
Q334204,Q804353,2,Morgan Stanley,Baker Hughes
Q1129792,Q26989,2,The Cooper Companies,Infosys
Q267313,Q552581,2,"McAfee, LLC",SAP
Q483915,Q5479360,2,Nike,"Macy's, Inc."
Q1023876,Q334204,2,CME Group,Morgan Stanley
Q1045758,Q20711490,2,United Technologies Corporation,LKQ Corporation
Q1045758,Q6662684,2,United Technologies Corporation,General Cable
Q1570773,Q430745,2,Kohlberg Kravis Roberts,Teradata
Q20711490,Q6662684,2,LKQ Corporation,General Cable
Q1046951,Q7156755,2,Target Corporation,Payless ShoeSource
Q130624258,Q2037125,2,Fifth Third Bancorp,State Street Corporation
Q130624258,Q219508,2,Fifth Third Bancorp,Citigroup
Q130624258,Q38928,2,Fifth Third Bancorp,PNC Financial Services
Q130624258,Q739084,2,Fifth Third Bancorp,U.S. Bancorp
Q130624258,Q744149,2,Fifth Third Bancorp,Wells Fargo
Q181507,Q194360,2,SunTrust Banks,American Express
Q334204,Q3598926,2,Morgan Stanley,JD.com
Q1113804,Q5047083,2,Comcast,Carter's
Q1113804,Q727697,2,Comcast,Coach
Q1113804,Q744149,2,Comcast,Wells Fargo
Q487907,Q4905973,2,Bank of America,Big Lots
Q487907,Q5047083,2,Bank of America,Carter's
Q487907,Q727697,2,Bank of America,Coach
Q4905973,Q5047083,2,Big Lots,Carter's
Q4905973,Q727697,2,Big Lots,Coach
Q4905973,Q744149,2,Big Lots,Wells Fargo
Q5047083,Q727697,2,Carter's,Coach
Q5047083,Q744149,2,Carter's,Wells Fargo
Q727697,Q744149,2,Coach,Wells Fargo
Q1113804,Q4905973,2,Comcast,Big Lots
Q181507,Q38928,2,SunTrust Banks,PNC Financial Services
Q221062,Q632694,2,DuPont,Archer Daniels Midland
Q1023876,Q130624258,2,CME Group,Fifth Third Bancorp
Q1023876,Q181507,2,CME Group,SunTrust Banks
Q1023876,Q194360,2,CME Group,American Express
Q1023876,Q2037125,2,CME Group,State Street Corporation
Q1373493,Q483551,2,Lowe's,Walmart
Q127278673,Q219508,2,LinkedIn Corporation,Citigroup
Q1023876,Q38928,2,CME Group,PNC Financial Services
Q1023876,Q487907,2,CME Group,Bank of America
Q1023876,Q739084,2,CME Group,U.S. Bancorp
Q1023876,Q917131,2,CME Group,Regions Financial Corporation
Q1423218,Q1472929,2,Sunoco,"Nasdaq, Inc."
Q157062,Q2622493,2,Unilever,Rentokil Initial
Q2622493,Q905049,2,Rentokil Initial,Shire plc
Q1921579,Q2140077,2,Meredith Corporation,Tribune Media
Q1921579,Q2288792,2,Meredith Corporation,Sinclair Broadcast Group
Q2140077,Q470156,2,Tribune Media,Cencora
Q3305660,Q744149,2,Tailored Brands,Wells Fargo
Q3884,Q487907,2,Amazon,Bank of America
Q3884,Q4905973,2,Amazon,Big Lots
Q3884,Q5047083,2,Amazon,Carter's
Q483915,Q744149,2,Nike,Wells Fargo
Q19923099,Q259011,2,Hewlett Packard Enterprise,Motorola
Q37156,Q66048,2,IBM,Deutsche Bank
Q13218598,Q3884,2,NatWest Group,Amazon
Q16920636,Q16959074,2,United Bank,United Financial Bancorp
Q1128160,Q312,2,Constellation Brands,Apple Inc.
Q1128160,Q37158,2,Constellation Brands,Starbucks
Q1128160,Q568532,2,Constellation Brands,MGM Resorts International
Q312,Q568532,2,Apple Inc.,MGM Resorts International
Q37158,Q568532,2,Starbucks,MGM Resorts International
Q568532,Q95,2,MGM Resorts International,Google
Q2283,Q856411,2,Microsoft,British American Tobacco
Q3884,Q856411,2,Amazon,British American Tobacco
Q3884,Q7360089,2,Amazon,"Roku, Inc."
Q19900,Q787324,2,Oracle Corporation,BEA Systems
Q1373493,Q3884,2,Lowe's,Amazon
Q116452644,Q54173,2,"Netflix, Inc.",General Electric
Q2207629,Q54173,2,SPX Corporation,General Electric
Q1155668,Q1472929,2,NXP Semiconductors,"Nasdaq, Inc."
Q27022329,Q7616390,2,Snap Inc.,Stifel
Q193199,Q645708,2,UBS,ING Group
Q372657,Q645708,2,Credit Suisse,ING Group
Q2283,Q301965,2,Microsoft,Sprint Corporation
Q5203782,Q6955706,2,D. R. Horton,"NVR, Inc."
Q13218598,Q1655409,2,NatWest Group,Iamgold
Q6955706,Q7259716,2,"NVR, Inc.",PulteGroup
Q6955706,Q7814310,2,"NVR, Inc.",Toll Brothers
Q54173,Q637440,2,General Electric,Lazard
Q38076,Q483915,2,McDonald's,Nike
Q182477,Q2283,2,Nvidia,Microsoft
Q1516410,Q1652574,2,Suncor Energy,Manulife Financial
Q13218598,Q2283,2,NatWest Group,Microsoft
Q1046951,Q3301958,2,Target Corporation,Overstock.com
Q1046951,Q3540193,2,Target Corporation,Wayfair
Q3540193,Q483551,2,Wayfair,Walmart
Q1472929,Q98713358,2,"Nasdaq, Inc.",Arcturus Therapeutics
Q193412,Q20800404,2,Texas Instruments,Alphabet Inc.
Q1128160,Q95,2,Constellation Brands,Google
Q420822,Q483551,2,Gap Inc.,Walmart
Q483551,Q6541837,2,Walmart,QVC Group
Q18169198,Q248,2,Qorvo,Intel
Q18169198,Q544847,2,Qorvo,Qualcomm
Q248,Q713418,2,Intel,TSMC
Q483551,Q780442,2,Walmart,Uber
Q182477,Q334204,2,Nvidia,Morgan Stanley
Q20800404,Q334204,2,Alphabet Inc.,Morgan Stanley
Q2283,Q245343,2,Microsoft,Barclays plc
Q81965,Q877536,2,General Motors,Dell EMC
Q1046951,Q26049,2,Target Corporation,Aetna
Q1339966,Q6315968,2,Enbridge,Just Energy
Q1113804,Q52825,2,Comcast,ABB Group
Q1113804,Q54173,2,Comcast,General Electric
Q26215536,Q6662684,2,Axalta Coating Systems,General Cable
Q52825,Q571779,2,ABB Group,Liberty Global
Q54173,Q571779,2,General Electric,Liberty Global
Q1472929,Q7695732,2,"Nasdaq, Inc.",Telenav
Q135683211,Q193326,2,PayPal Holdings,Goldman Sachs
Q193326,Q38076,2,Goldman Sachs,McDonald's
Q1114148,Q3884,2,Comerica,Amazon
Q1114148,Q483551,2,Comerica,Walmart
Q1508234,Q17145596,2,Safeway,Tesco Corporation
Q1508234,Q483551,2,Safeway,Walmart
Q1472929,Q5272335,2,"Nasdaq, Inc.",dice.com
Q1472929,Q17142127,2,"Nasdaq, Inc.",Pernix Therapeutics Holdings
Q26049,Q768231,2,Aetna,Express Scripts
Q26049,Q910866,2,Aetna,Humana
Q3884,Q624375,2,Amazon,CVS Health
Q3884,Q768231,2,Amazon,Express Scripts
Q483551,Q768231,2,Walmart,Express Scripts
Q624375,Q910866,2,CVS Health,Humana
Q768231,Q910866,2,Express Scripts,Humana
Q38076,Q941127,2,McDonald's,Salesforce
Q5384453,Q689791,2,Equifax,ISS
Q1089060,Q5013072,2,Chubb Corp.,CNA Financial
Q2552219,Q7972797,2,"Waste Management, Inc",Waste Connections
Q7314415,Q7972797,2,Republic Services,Waste Connections
Q1921579,Q483551,2,Meredith Corporation,Walmart
Q1032229,Q1339966,2,Canadian Natural Resources,Enbridge
Q6496310,Q735261,2,Banco Santander,Royal Bank of Canada
Q6496310,Q744149,2,Banco Santander,Wells Fargo
Q165684,Q7331170,2,Rogers Communications,RCI Hospitality Holdings
Q29739,Q7331170,2,International,RCI Hospitality Holdings
Q1472929,Q4672868,2,"Nasdaq, Inc.",R1 RCM
Q16999030,Q219508,2,Lakeland Industries,Citigroup
Q570473,Q624375,2,McKesson Corporation,CVS Health
Q624375,Q898750,2,CVS Health,Teva Pharmaceutical Industries Ltd.
Q624375,Q902397,2,CVS Health,Cardinal Health
Q37158,Q6049324,2,Starbucks,International Coal Group
Q334204,Q842947,2,Morgan Stanley,Celgene
Q38076,Q842947,2,McDonald's,Celgene
Q18712620,Q5376211,2,Walgreens Boots Alliance,Endo International plc
Q20183163,Q81965,2,Union Pacific Corporation,General Motors
Q1472929,Q7129613,2,"Nasdaq, Inc.",Pan American Silver
Q1425316,Q4687934,2,SLB,AerCap
Q2843129,Q474621,2,Ameriprise Financial,Amphenol
Q1508234,Q682047,2,Safeway,SuperValu
Q675585,Q768773,2,Moody's Corporation,MSCI
Q190464,Q44294,2,HSBC,Ford Motor Company
Q1472929,Q55622230,2,"Nasdaq, Inc.",MarketAxess
Q193199,Q9396,2,UBS,Deutsche Telekom
Q1472929,Q5479360,2,"Nasdaq, Inc.","Macy's, Inc."
Q193326,Q5479360,2,Goldman Sachs,"Macy's, Inc."
Q5479360,Q744149,2,"Macy's, Inc.",Wells Fargo
Q5452773,Q66048,2,First Commonwealth Bank,Deutsche Bank
Q26049,Q483551,2,Aetna,Walmart
Q2843129,Q4835545,2,Ameriprise Financial,BGC Partners
Q1507642,Q795221,2,Huaneng Power International,CNOOC Limited
Q1472929,Q903957,2,"Nasdaq, Inc.",Icl Group Ltd
Q1655409,Q642610,2,Iamgold,Hawaiian Airlines
Q18354527,Q66,2,Trinseo,Boeing
Q193199,Q458363,2,UBS,Marathon Petroleum
Q165684,Q29739,2,Rogers Communications,International
Q1809448,Q22909236,2,Whole Foods Market,Instacart
Q245343,Q877536,2,Barclays plc,Dell EMC
Q12010467,Q312,2,Weibo Corporation,Apple Inc.
Q12010467,Q37158,2,Weibo Corporation,Starbucks
Q12010467,Q66,2,Weibo Corporation,Boeing
Q22909236,Q483551,2,Instacart,Walmart
Q290680,Q333718,2,ADT Inc.,Johnson & Johnson
Q1472929,Q29641502,2,"Nasdaq, Inc.","Aware, Inc."
Q66,Q81230,2,Boeing,Siemens
Q111839764,Q17112054,2,SVB Financial Group,Silicon Valley Bank
Q621610,Q768773,2,Applied Materials,MSCI
Q116452644,Q644289,2,"Netflix, Inc.",Altice USA
Q682047,Q715583,2,SuperValu,Costco
Q1508526,Q463090,2,"Sturm, Ruger & Co.",Smith & Wesson
Q219635,Q463090,2,BlackRock,Smith & Wesson
Q1516410,Q5184408,2,Suncor Energy,Crescent Point Energy
Q1962059,Q458363,2,Nabors Industries,Marathon Petroleum
Q4874958,Q5184408,2,Baytex Energy,Crescent Point Energy
Q130326112,Q3295867,2,Kellogg’s,The Coca-Cola Company
Q12857502,Q212322,2,Mondelez International,GSK
Q157062,Q212322,2,Unilever,GSK
Q157062,Q334800,2,Unilever,PepsiCo
Q212322,Q334800,2,GSK,PepsiCo
Q1472929,Q18385610,2,"Nasdaq, Inc.",Stitch Fix
Q1472929,Q5533818,2,"Nasdaq, Inc.",Genuine Parts Company
Q1508234,Q715583,2,Safeway,Costco
Q18712620,Q898750,2,Walgreens Boots Alliance,Teva Pharmaceutical Industries Ltd.
Q18712620,Q902397,2,Walgreens Boots Alliance,Cardinal Health
Q5376211,Q624375,2,Endo International plc,CVS Health
Q18149200,Q5013012,2,Catalyst Pharmaceuticals,CMS Energy
Q16980616,Q4045079,2,Insperity,Nature's Sunshine Products
Q18156798,Q266423,2,Astra,Bristol-Myers Squibb
Q1129792,Q507154,2,The Cooper Companies,Novartis
Q66048,Q7045708,2,Deutsche Bank,Noble Corporation
Q1134746,Q193326,2,Legg Mason,Goldman Sachs
Q1418,Q24525746,2,Nokia,BCE Inc.
Q24525746,Q9396,2,BCE Inc.,Deutsche Telekom
Q181507,Q193326,2,SunTrust Banks,Goldman Sachs
Q27963938,Q6049324,2,Long Blockchain Corp.,International Coal Group
Q37158,Q66,2,Starbucks,Boeing
Q206921,Q35476,2,Pfizer,AT&T
Q2031726,Q768773,2,Westpac,MSCI
Q1472929,Q5017084,2,"Nasdaq, Inc.",CafePress
Q1472929,Q5036376,2,"Nasdaq, Inc.",Capstone Turbine
Q1472929,Q2831861,2,"Nasdaq, Inc.",Albertsons
Q1472929,Q4650685,2,"Nasdaq, Inc.",ACI Worldwide
Q2831861,Q4650685,2,Albertsons,ACI Worldwide
Q1508234,Q153417,2,Safeway,Kroger
Q1390577,Q5384453,2,"Twitter, Inc.",Equifax
Q193326,Q37158,2,Goldman Sachs,Starbucks
Q2114414,Q219635,2,Prudential Financial,BlackRock
Q2114414,Q312,2,Prudential Financial,Apple Inc.
Q2114414,Q334204,2,Prudential Financial,Morgan Stanley
Q2114414,Q37158,2,Prudential Financial,Starbucks
Q219635,Q37158,2,BlackRock,Starbucks
Q1472929,Q1703389,2,"Nasdaq, Inc.",Jones Lang LaSalle
Q420822,Q642610,2,Gap Inc.,Hawaiian Airlines
Q420822,Q66,2,Gap Inc.,Boeing
Q153417,Q312,2,Kroger,Apple Inc.
Q1129792,Q95,2,The Cooper Companies,Google
Q115056594,Q206921,2,Cohen & Steers,Pfizer
Q1192211,Q22243729,2,Strategy,Ferrari
Q107364296,Q212322,2,Orchard Therapeutics,GSK
Q108770716,Q434017,2,Samsara,Altair Engineering
Q1472929,Q55627388,2,"Nasdaq, Inc.",Okta
Q212322,Q3884,2,GSK,Amazon
Q107364296,Q507154,2,Orchard Therapeutics,Novartis
Q483915,Q66,2,Nike,Boeing
Q1520122,Q2283,2,Getty Images,Microsoft
Q206921,Q266423,2,Pfizer,Bristol-Myers Squibb
Q16249409,Q1645081,2,Eagle Materials,Nucor
Q16249409,Q5595849,2,Eagle Materials,Granite Construction
Q1645081,Q5595849,2,Nucor,Granite Construction
Q29526078,Q334204,2,Bloom Energy,Morgan Stanley
Q312,Q3492619,2,Apple Inc.,Sonos
Q3492619,Q95,2,Sonos,Google
Q1472929,Q85801645,2,"Nasdaq, Inc.",Smartsheet Inc.
Q1472929,Q7669439,2,"Nasdaq, Inc.",Tat Technologies Ltd
Q154387,Q190464,2,Iridium Communications,HSBC
Q154387,Q245343,2,Iridium Communications,Barclays plc
Q2283,Q37158,2,Microsoft,Starbucks
Q12010467,Q1472929,2,Weibo Corporation,"Nasdaq, Inc."
Q1472929,Q5426537,2,"Nasdaq, Inc.",FLIR Systems
Q1472929,Q2087612,2,"Nasdaq, Inc.",Tucows
Q372657,Q6015591,2,Credit Suisse,Incyte
Q7002903,Q7416970,2,Neustar,Sandstorm Gold
Q108770716,Q301965,2,Samsara,Sprint Corporation
Q247489,Q66048,2,Merck & Co.,Deutsche Bank
Q727697,Q950380,2,Coach,CBS Corporation
Q1046951,Q20800404,2,Target Corporation,Alphabet Inc.
Q18148411,Q7833612,2,Esterline,TransDigm Group Inc.
Q1152764,Q487907,2,Lloyds Banking Group,Bank of America
Q219508,Q312,2,Citigroup,Apple Inc.
Q2283,Q920037,2,Microsoft,J. C. Penney
Q1472929,Q30281437,2,"Nasdaq, Inc.",Celldex Therapeutics
Q1472929,Q816379,2,"Nasdaq, Inc.",Bemis Company
Q128896,Q3884,2,AMD,Amazon
Q14647,Q19900,2,Sun Microsystems,Oracle Corporation
Q157062,Q899133,2,Unilever,Takeda Pharmaceutical Company
Q7002903,Q905998,2,Neustar,Sasol
Q47500199,Q624798,2,Aurora Cannabis,Canadian National Railway
Q47500199,Q835370,2,Aurora Cannabis,Yamana Gold
Q624798,Q835370,2,Canadian National Railway,Yamana Gold
Q1472929,Q2103926,2,"Nasdaq, Inc.",UnitedHealth Group
Q19873469,Q2103926,2,Bio-Techne,UnitedHealth Group
Q19873469,Q478214,2,Bio-Techne,Tesla
Q19873469,Q910866,2,Bio-Techne,Humana
Q2103926,Q478214,2,UnitedHealth Group,Tesla
Q2103926,Q910866,2,UnitedHealth Group,Humana
Q6791878,Q7617297,2,Mattress Firm,Stillwater Mining Company
Q2283,Q2529982,2,Microsoft,The New York Times Company
Q3884,Q7663801,2,Amazon,Global Industrial Company
Q37156,Q518016,2,IBM,Unisys
Q2901365,Q544847,2,Mobileye,Qualcomm
Q153417,Q193326,2,Kroger,Goldman Sachs
Q48754,Q619111,2,PPG Industries,Apollo Group
Q20022777,Q38076,2,Sanderson Farms,McDonald's
Q38589917,Q4905973,2,DowDuPont,Big Lots
Q219508,Q7663801,2,Citigroup,Global Industrial Company
Q2103926,Q95,2,UnitedHealth Group,Google
Q910866,Q95,2,Humana,Google
Q173395,Q35476,2,Cisco,AT&T
Q644289,Q977627,2,Altice USA,Starz Inc.
Q152433,Q219508,2,Xerox,Citigroup
Q1056637,Q4972280,2,The Hershey Company,Broadridge Financial Solutions
Q18712620,Q570473,2,Walgreens Boots Alliance,McKesson Corporation
Q158205,Q193326,2,Sanofi,Goldman Sachs
Q470156,Q7414,2,Cencora,The Walt Disney Company
Q3884,Q53268,2,Amazon,Toyota
Q214346,Q467752,2,Viacom,Verizon Communications
Q312,Q459965,2,Apple Inc.,Caterpillar
Q3884,Q459965,2,Amazon,Caterpillar
Q144617,Q372657,2,TIM Group,Credit Suisse
Q26989,Q3958138,2,Infosys,Vedanta Limited
Q2283,Q757307,2,Microsoft,Atlassian
Q19900,Q487907,2,Oracle Corporation,Bank of America
Q30325409,Q30635731,2,Janus Henderson,"Cboe Global Markets, Inc."
Q467752,Q544847,2,Verizon Communications,Qualcomm
Q2529982,Q66,2,The New York Times Company,Boeing
Q5287613,Q85801645,2,Docusign,Smartsheet Inc.
Q689791,Q744149,2,ISS,Wells Fargo
Q29739,Q451476,2,International,Scotiabank
Q124724566,Q334204,2,Employers Holdings Inc,Morgan Stanley
Q219508,Q2283,2,Citigroup,Microsoft
Q13218598,Q7616390,2,NatWest Group,Stifel
Q29739,Q815327,2,International,Belden
Q1155668,Q880942,2,NXP Semiconductors,Blackstone Group
Q1472929,Q19757566,2,"Nasdaq, Inc.",Pluralsight
Q2283,Q7808625,2,Microsoft,Slack Technologies
Q757307,Q7808625,2,Atlassian,Slack Technologies
Q2283,Q502121,2,Microsoft,BlackBerry
Q10394124,Q1424293,2,XP Investimentos,Itaú Unibanco
Q1472929,Q3552193,2,"Nasdaq, Inc.",Urban Outfitters
Q1472929,Q28776959,2,"Nasdaq, Inc.",Richardson Electronics
Q1472929,Q53268,2,"Nasdaq, Inc.",Toyota
Q154950,Q2837996,2,Shell,Alliance Data
Q1141173,Q1472929,2,Marriott International,"Nasdaq, Inc."
Q1472929,Q7271499,2,"Nasdaq, Inc.",Questar Corporation
Q1194832,Q451476,2,Toronto-Dominion Bank,Scotiabank
Q1353939,Q58024,2,Etsy,eBay
Q19757566,Q4972280,2,Pluralsight,Broadridge Financial Solutions
Q459965,Q7893563,2,Caterpillar,Essendant
Q2529982,Q38076,2,The New York Times Company,McDonald's
Q147224,Q771865,2,HRG Group,Spectrum Brands
Q108770716,Q207983,2,Samsara,Monsanto
Q207983,Q66,2,Monsanto,Boeing
Q1113804,Q1423218,2,Comcast,Sunoco
Q1114148,Q1423218,2,Comerica,Sunoco
Q37156,Q7334682,2,IBM,RingCentral
Q2283,Q7334682,2,Microsoft,RingCentral
Q193199,Q19873469,2,UBS,Bio-Techne
Q44294,Q643626,2,Ford Motor Company,Aptiv
Q219635,Q291508,2,BlackRock,AES Corporation
Q219635,Q905806,2,BlackRock,CF Industries
Q15678788,Q27530,2,Fiat Chrysler Automobiles,Mercedes-Benz Group
Q27530,Q53268,2,Mercedes-Benz Group,Toyota
Q507154,Q632240,2,Novartis,Eli Lilly and Company
Q4972280,Q5059102,2,Broadridge Financial Solutions,Centene Corporation
Q6544620,Q95,2,LifeLock,Google
Q291508,Q905806,2,AES Corporation,CF Industries
Q1046951,Q319344,2,Target Corporation,Abercrombie & Fitch
Q319344,Q420822,2,Abercrombie & Fitch,Gap Inc.
Q1472929,Q7098552,2,"Nasdaq, Inc.",Oppenheimer Holdings
Q334204,Q9396,2,Morgan Stanley,Deutsche Telekom
Q2103926,Q768773,2,UnitedHealth Group,MSCI
Q19923099,Q6805492,2,Hewlett Packard Enterprise,Media General
Q500088,Q58024,2,DreamWorks Animation,eBay
Q500088,Q6805492,2,DreamWorks Animation,Media General
Q500088,Q80978,2,DreamWorks Animation,Hewlett-Packard
Q58024,Q6805492,2,eBay,Media General
Q6805492,Q80978,2,Media General,Hewlett-Packard
Q1418,Q95,2,Nokia,Google
Q193326,Q451476,2,Goldman Sachs,Scotiabank
Q5479360,Q715583,2,"Macy's, Inc.",Costco
Q1472929,Q7124128,2,"Nasdaq, Inc.",PagSeguro
Q219508,Q806206,2,Citigroup,Bancolombia
Q20800404,Q26049,2,Alphabet Inc.,Aetna
Q20800404,Q624375,2,Alphabet Inc.,CVS Health
Q1472929,Q15109932,2,"Nasdaq, Inc.",WiLAN
Q16985313,Q780442,2,TC PipeLines,Uber
Q1472929,Q538203,2,"Nasdaq, Inc.",Patterson Companies
Q1472929,Q905086,2,"Nasdaq, Inc.",Henry Schein
Q19923099,Q877536,2,Hewlett Packard Enterprise,Dell EMC
Q66,Q7893563,2,Boeing,Essendant
Q1046951,Q920037,2,Target Corporation,J. C. Penney
Q483551,Q920037,2,Walmart,J. C. Penney
Q24834296,Q795221,2,China Telecom,CNOOC Limited
Q17088705,Q183184,2,Spanish Broadcasting System,Sabesp
Q1472929,Q20486917,2,"Nasdaq, Inc.",Welltower
Q116452644,Q5476713,2,"Netflix, Inc.",21st Century Fox
Q1472929,Q667599,2,"Nasdaq, Inc.",Newell Brands
Q11235714,Q19605389,2,NIS Group,Kenon Holdings Ltd
Q1645081,Q7893563,2,Nucor,Essendant
Q312,Q645708,2,Apple Inc.,ING Group
Q312,Q81230,2,Apple Inc.,Siemens
Q1511043,Q583268,2,Gerdau,Vale
Q16829606,Q334204,2,Cimarex Energy,Morgan Stanley
Q16829606,Q4972280,2,Cimarex Energy,Broadridge Financial Solutions
Q19923099,Q500088,2,Hewlett Packard Enterprise,DreamWorks Animation
Q19923099,Q58024,2,Hewlett Packard Enterprise,eBay
Q1374135,Q170614,2,Prudential plc,Ryanair
Q1374135,Q193326,2,Prudential plc,Goldman Sachs
Q170614,Q193326,2,Ryanair,Goldman Sachs
Q193199,Q451476,2,UBS,Scotiabank
Q1022711,Q1781428,2,CACI,L3 Technologies
Q1022711,Q329953,2,CACI,Northrop Grumman Corporation
Q1022711,Q7240,2,CACI,Lockheed Martin
Q1781428,Q329953,2,L3 Technologies,Northrop Grumman Corporation
Q1781428,Q502940,2,L3 Technologies,General Dynamics
Q1781428,Q7240,2,L3 Technologies,Lockheed Martin
Q214346,Q41187,2,Viacom,Sony Group
Q1961658,Q478214,2,NV Energy,Tesla
Q19867294,Q22906645,2,WPX Energy,Magellan Midstream Partners
Q19867294,Q319642,2,WPX Energy,Chevron Corporation
Q22906645,Q319642,2,Magellan Midstream Partners,Chevron Corporation
Q193412,Q768773,2,Texas Instruments,MSCI
Q127278673,Q50039478,2,LinkedIn Corporation,Caris Life Sciences (United States)
Q30635731,Q95,2,"Cboe Global Markets, Inc.",Google
Q663596,Q899010,2,Gilead Sciences,Mylan
Q219508,Q54173,2,Citigroup,General Electric
Q19923099,Q2837996,2,Hewlett Packard Enterprise,Alliance Data
Q2904022,Q29739,2,Bio-Rad Laboratories,International
Q16972754,Q193326,2,Coinbase,Goldman Sachs
Q19873469,Q37156,2,Bio-Techne,IBM
Q5484477,Q624798,2,Franco-Nevada,Canadian National Railway
Q1113804,Q334204,2,Comcast,Morgan Stanley
Q1655409,Q880942,2,Iamgold,Blackstone Group
Q154950,Q2006989,2,Shell,YPF
Q2006989,Q319642,2,YPF,Chevron Corporation
Q17145596,Q245343,2,Tesco Corporation,Barclays plc
Q333718,Q899133,2,Johnson & Johnson,Takeda Pharmaceutical Company
Q1472929,Q290680,2,"Nasdaq, Inc.",ADT Inc.
Q1089060,Q212235,2,Chubb Corp.,American International Group
Q19873469,Q20800404,2,Bio-Techne,Alphabet Inc.
Q1359568,Q58024,2,Alibaba Group,eBay
Q35476,Q9396,2,AT&T,Deutsche Telekom
Q1472929,Q744683,2,"Nasdaq, Inc.",Franklin Templeton Investments
Q20486917,Q22121866,2,Welltower,Exact Sciences
Q55075186,Q66048,2,Park Hotels & Resorts,Deutsche Bank
Q116452644,Q27022329,2,"Netflix, Inc.",Snap Inc.
Q116452644,Q60269744,2,"Netflix, Inc.",Spotify Technology
Q1359568,Q60269744,2,Alibaba Group,Spotify Technology
Q27022329,Q312,2,Snap Inc.,Apple Inc.
Q334204,Q60269744,2,Morgan Stanley,Spotify Technology
Q1104787,Q212405,2,Coty,Procter & Gamble
Q483915,Q7169774,2,Nike,Perry Ellis International
Q3884,Q8085893,2,Amazon,Expedia Group
Q212405,Q7119110,2,Procter & Gamble,PFSweb
Q619111,Q66048,2,Apollo Group,Deutsche Bank
Q319642,Q96418958,2,Chevron Corporation,Miller Industries
Q122141,Q312,2,Vodafone,Apple Inc.
Q1931458,Q2837996,2,Micro Focus International,Alliance Data
Q1472929,Q22121866,2,"Nasdaq, Inc.",Exact Sciences
Q1472929,Q329953,2,"Nasdaq, Inc.",Northrop Grumman Corporation
Q1113804,Q2529982,2,Comcast,The New York Times Company
Q116452644,Q470156,2,"Netflix, Inc.",Cencora
Q1472929,Q15727302,2,"Nasdaq, Inc.",Arcos Dorados Holdings
Q4474231,Q596139,2,Jakks Pacific,Mattel
Q715583,Q95,2,Costco,Google
Q21072695,Q219635,2,Vista Outdoor,BlackRock
Q153417,Q334204,2,Kroger,Morgan Stanley
Q1961658,Q950380,2,NV Energy,CBS Corporation
Q152433,Q248,2,Xerox,Intel
Q2837996,Q6955096,2,Alliance Data,Link Motion Inc
Q1141173,Q6772994,2,Marriott International,Marriott Vacations Worldwide Corporation
Q1472929,Q5906990,2,"Nasdaq, Inc.",Hortonworks
Q319642,Q768773,2,Chevron Corporation,MSCI
Q1197548,Q738770,2,Micron Technology,Western Digital
Q1390577,Q2529982,2,"Twitter, Inc.",The New York Times Company
Q1390577,Q27022329,2,"Twitter, Inc.",Snap Inc.
Q1390577,Q744149,2,"Twitter, Inc.",Wells Fargo
Q507154,Q768773,2,Novartis,MSCI
Q26215536,Q571779,2,Axalta Coating Systems,Liberty Global
Q4474231,Q501476,2,Jakks Pacific,Hasbro
Q248,Q744149,2,Intel,Wells Fargo
Q2529982,Q81965,2,The New York Times Company,General Motors
Q1032229,Q1194832,2,Canadian Natural Resources,Toronto-Dominion Bank
Q1032229,Q1516849,2,Canadian Natural Resources,Shaw Communications
Q1194832,Q1516410,2,Toronto-Dominion Bank,Suncor Energy
Q1194832,Q880942,2,Toronto-Dominion Bank,Blackstone Group
Q6060469,Q7776719,2,Inversiones y Representaciones Sociedad Anónima,The York Water Company
Q2013357,Q2119898,2,Occidental Petroleum,Denbury Resources
Q138548226,Q3295867,2,Figma Inc,The Coca-Cola Company
Q3295867,Q6109309,2,The Coca-Cola Company,J & J Snack Foods
Q496302,Q81230,2,Deere & Company,Siemens
Q1023765,Q459965,2,CIT Group,Caterpillar
Q2283,Q7555837,2,Microsoft,SolarWinds
Q1023765,Q467752,2,CIT Group,Verizon Communications
Q1023765,Q496302,2,CIT Group,Deere & Company
Q1023765,Q81230,2,CIT Group,Siemens
Q459965,Q467752,2,Caterpillar,Verizon Communications
Q116452644,Q66048,2,"Netflix, Inc.",Deutsche Bank
Q193199,Q3884,2,UBS,Amazon
Q16986288,Q312,2,Vail Resorts,Apple Inc.
Q17077936,Q780442,2,Lyft,Uber
Q17077936,Q852787,2,Lyft,Groupon
Q780442,Q852787,2,Uber,Groupon
Q3884,Q661845,2,Amazon,STMicroelectronics
Q661845,Q768773,2,STMicroelectronics,MSCI
Q1472929,Q920037,2,"Nasdaq, Inc.",J. C. Penney
Q29739,Q5985017,2,International,Icahn Enterprises
Q24204493,Q37156,2,Veeva Systems,IBM
Q41187,Q780442,2,Sony Group,Uber
Q16834334,Q2037080,2,CVR Partners,Tesoro Corporation
Q19681433,Q327751,2,Kraft Heinz,Kraft Foods Group
Q20165,Q44294,2,Nissan,Ford Motor Company
Q19873469,Q248,2,Bio-Techne,Intel
Q248,Q459965,2,Intel,Caterpillar
Q5453008,Q8178679,2,First Financial Bank,MainSource Bank
Q1032229,Q1655409,2,Canadian Natural Resources,Iamgold
Q156238,Q19866632,2,ExxonMobil,ClearSign Combustion
Q467752,Q487907,2,Verizon Communications,Bank of America
Q467752,Q496302,2,Verizon Communications,Deere & Company
Q467752,Q81230,2,Verizon Communications,Siemens
Q487907,Q496302,2,Bank of America,Deere & Company
Q487907,Q81230,2,Bank of America,Siemens
Q324616,Q66048,2,Ingram Micro,Deutsche Bank
Q1321054,Q20858163,2,Norfolk Southern Railway,Norfolk Southern Corporation
Q104158381,Q1269170,2,Vistra,Dynegy
Q1472929,Q7067710,2,"Nasdaq, Inc.",NuScale
Q14772,Q3884,2,Baidu,Amazon
Q3884,Q470156,2,Amazon,Cencora
Q14772,Q2283,2,Baidu,Microsoft
Q1472929,Q5173965,2,"Nasdaq, Inc.",Xively
Q624375,Q7090375,2,CVS Health,Omnicare
Q2283,Q727697,2,Microsoft,Coach
Q312,Q727697,2,Apple Inc.,Coach
Q552581,Q727697,2,SAP,Coach
Q552581,Q768773,2,SAP,MSCI
Q727697,Q768773,2,Coach,MSCI
Q1472929,Q7280957,2,"Nasdaq, Inc.",Urban One
Q37156,Q877536,2,IBM,Dell EMC
Q206921,Q248,2,Pfizer,Intel
Q26678,Q644289,2,BMW Group,Altice USA
Q1741634,Q333718,2,Kimberly-Clark,Johnson & Johnson
Q1472929,Q155026,2,"Nasdaq, Inc.",United Parcel Service
Q24834296,Q5099546,2,China Telecom,ChinaCache
Q122141,Q301965,2,Vodafone,Sprint Corporation
Q122141,Q3884,2,Vodafone,Amazon
Q301965,Q66048,2,Sprint Corporation,Deutsche Bank
Q11159866,Q1472929,2,Gilat Satellite Networks Ltd.,"Nasdaq, Inc."
Q106158,Q868587,2,S&P Global Ratings,S&P Global
Q1046951,Q2283,2,Target Corporation,Microsoft
Q212322,Q470517,2,GSK,Amgen
Q193326,Q212322,2,Goldman Sachs,GSK
Q206921,Q487907,2,Pfizer,Bank of America
Q212322,Q334204,2,GSK,Morgan Stanley
Q1189695,Q37158,2,Denny's,Starbucks
Q17145596,Q193199,2,Tesco Corporation,UBS
Q193199,Q675585,2,UBS,Moody's Corporation
Q483551,Q489921,2,Walmart,Mastercard
Q487907,Q54173,2,Bank of America,General Electric
Q248,Q333718,2,Intel,Johnson & Johnson
Q248,Q483551,2,Intel,Walmart
Q333718,Q54173,2,Johnson & Johnson,General Electric
Q1615684,Q319642,2,Hess Corporation,Chevron Corporation
Q464767,Q66048,2,American Greetings,Deutsche Bank
Q214763,Q483637,2,ConocoPhillips,Anadarko Petroleum
Q152433,Q214346,2,Xerox,Viacom
Q1472929,Q5570544,2,"Nasdaq, Inc.",Global Payments
Q1189695,Q319344,2,Denny's,Abercrombie & Fitch
Q1129792,Q312,2,The Cooper Companies,Apple Inc.
Q11463,Q58024,2,Adobe,eBay
Q207983,Q2283,2,Monsanto,Microsoft
Q312,Q663596,2,Apple Inc.,Gilead Sciences
Q470517,Q842947,2,Amgen,Celgene
Q842947,Q864338,2,Celgene,Biogen
Q207983,Q38076,2,Monsanto,McDonald's
Q154950,Q483637,2,Shell,Anadarko Petroleum
Q1030544,Q212405,2,Campbell's,Procter & Gamble
Q154950,Q806693,2,Shell,BMO Financial Group
Q312,Q420822,2,Apple Inc.,Gap Inc.
Q1129792,Q11463,2,The Cooper Companies,Adobe
Q327751,Q6391583,2,Kraft Foods Group,La-Z-Boy
Q219508,Q2207629,2,Citigroup,SPX Corporation
Q2207629,Q372657,2,SPX Corporation,Credit Suisse
Q2207629,Q744149,2,SPX Corporation,Wells Fargo
Q1141267,Q7663801,2,Thomson Reuters,Global Industrial Company
Q5928181,Q7675621,2,HudBay Minerals,Tahoe Resources
Q1472929,Q54622058,2,"Nasdaq, Inc.",Texas Capital Bank
Q63327,Q95,2,Airbnb,Google
Q319642,Q806693,2,Chevron Corporation,BMO Financial Group
Q105557,Q188920,2,Embraer,Delta Air Lines
Q156376,Q23133268,2,Vimeo,Match Group
Q156376,Q974846,2,Vimeo,IAC
Q27988145,Q950380,2,Post Holdings,CBS Corporation
Q135683211,Q950380,2,PayPal Holdings,CBS Corporation
Q1503753,Q27893,2,Vedanta Resources,ArcelorMittal
Q27893,Q3958138,2,ArcelorMittal,Vedanta Limited
Q188920,Q7537214,2,Delta Air Lines,"SkyWest, Inc."
Q2466838,Q5047083,2,SMART Technologies,Carter's
Q334800,Q5139058,2,PepsiCo,Coca-Cola Bottling Co. Consolidated
Q193326,Q81965,2,Goldman Sachs,General Motors
Q7537214,Q822614,2,"SkyWest, Inc.",Alaska Airlines
Q1915049,Q81965,2,McCormick & Company,General Motors
Q856411,Q917487,2,British American Tobacco,Brinker International
Q1915049,Q26678,2,McCormick & Company,BMW Group
Q1915049,Q27530,2,McCormick & Company,Mercedes-Benz Group
Q1915049,Q44294,2,McCormick & Company,Ford Motor Company
Q2283,Q467752,2,Microsoft,Verizon Communications
Q16953039,Q245343,2,Moelis & Company,Barclays plc
Q214346,Q95,2,Viacom,Google
Q212900,Q487907,2,Lehman Brothers,Bank of America
Q571779,Q66048,2,Liberty Global,Deutsche Bank
Q125447264,Q4914632,2,Abacus Life,BioMarin Pharmaceutical
Q125447264,Q507154,2,Abacus Life,Novartis
Q4914632,Q507154,2,BioMarin Pharmaceutical,Novartis
Q1472929,Q4037686,2,"Nasdaq, Inc.",Dunkin' Brands
Q1472929,Q5503081,2,"Nasdaq, Inc.",Freshpet
Q1155668,Q35476,2,NXP Semiconductors,AT&T
Q1471346,Q54173,2,Whirlpool,General Electric
Q1353939,Q95,2,Etsy,Google
Q157062,Q24705550,2,Unilever,Brookfield Business Partners
Q1570773,Q207983,2,Kohlberg Kravis Roberts,Monsanto
Q1570773,Q24705550,2,Kohlberg Kravis Roberts,Brookfield Business Partners
Q54173,Q926806,2,General Electric,Carlyle Group
Q5453752,Q80978,2,First Republic Bank,Hewlett-Packard
Q20800404,Q5189320,2,Alphabet Inc.,Crown Castle International Corp.
Q5189320,Q95,2,Crown Castle International Corp.,Google
Q1155729,Q1472929,2,Scholastic Corporation,"Nasdaq, Inc."
Q319642,Q66,2,Chevron Corporation,Boeing
Q124668353,Q1472929,2,Surgery Partners,"Nasdaq, Inc."
Q214346,Q644289,2,Viacom,Altice USA
Q2144525,Q2961234,2,Scripps Networks Interactive,Charter Communications
Q2144525,Q35476,2,Scripps Networks Interactive,AT&T
Q2144525,Q644289,2,Scripps Networks Interactive,Altice USA
Q2961234,Q644289,2,Charter Communications,Altice USA
Q502509,Q642189,2,Smith & Nephew,Medtronic
Q4033665,Q4649932,2,Alaska Air Group,AAR Corp
Q35476,Q644289,2,AT&T,Altice USA
Q1472929,Q5554922,2,"Nasdaq, Inc.","Gevo, Inc"
Q135683211,Q192314,2,PayPal Holdings,JPMorgan Chase
Q135683211,Q245343,2,PayPal Holdings,Barclays plc
Q16988748,Q6675775,2,CoStar Group,LoopNet
Q2744099,Q864338,2,Vertex Pharmaceuticals,Biogen
Q1472929,Q7234972,2,"Nasdaq, Inc.",Potlatch Corp.
Q58024,Q81965,2,eBay,General Motors
Q55075186,Q880942,2,Park Hotels & Resorts,Blackstone Group
Q1129792,Q577911,2,The Cooper Companies,"Pepco Holdings, Inc."
Q372657,Q931233,2,Credit Suisse,Cision
Q4972280,Q931233,2,Broadridge Financial Solutions,Cision
Q372657,Q675585,2,Credit Suisse,Moody's Corporation
Q122141,Q460446,2,Vodafone,Amdocs
Q127278673,Q1472929,2,LinkedIn Corporation,"Nasdaq, Inc."
Q3884,Q5189320,2,Amazon,Crown Castle International Corp.
Q483551,Q5189320,2,Walmart,Crown Castle International Corp.
Q1472929,Q286214,2,"Nasdaq, Inc.",AAON
Q1885491,Q2283,2,FactSet,Microsoft
Q1197548,Q182477,2,Micron Technology,Nvidia
Q1113804,Q2144525,2,Comcast,Scripps Networks Interactive
Q214346,Q2144525,2,Viacom,Scripps Networks Interactive
Q20165,Q2094989,2,Nissan,Sumitomo Mitsui Financial Group
Q2094989,Q53268,2,Sumitomo Mitsui Financial Group,Toyota
Q2094989,Q9584,2,Sumitomo Mitsui Financial Group,Honda
Q1471346,Q95,2,Whirlpool,Google
Q108770716,Q95,2,Samsara,Google
Q1751032,Q1780382,2,Plum Creek Timber,Weyerhaeuser
Q1265181,Q157062,2,Dun & Bradstreet,Unilever
Q1152374,Q643674,2,GE HealthCare,Thermo Fisher Scientific
Q324616,Q7662493,2,Ingram Micro,Synnex
Q6783802,Q941127,2,Masonite International,Salesforce
Q334204,Q8074786,2,Morgan Stanley,Zscaler
Q1570773,Q37156,2,Kohlberg Kravis Roberts,IBM
Q16983837,Q207983,2,Quaker Chemical Corporation,Monsanto
Q16983837,Q37156,2,Quaker Chemical Corporation,IBM
Q207983,Q303341,2,Monsanto,Wyndham Worldwide
Q24705550,Q303341,2,Brookfield Business Partners,Wyndham Worldwide
Q303341,Q37156,2,Wyndham Worldwide,IBM
Q303341,Q880942,2,Wyndham Worldwide,Blackstone Group
Q37156,Q880942,2,IBM,Blackstone Group
Q248,Q26678,2,Intel,BMW Group
Q1046951,Q334204,2,Target Corporation,Morgan Stanley
Q5439999,Q804353,2,Federal Agricultural Mortgage Corporation,Baker Hughes
Q1113804,Q5058678,2,Comcast,Cementos Pacasmayo
Q20800404,Q5058678,2,Alphabet Inc.,Cementos Pacasmayo
Q467752,Q5058678,2,Verizon Communications,Cementos Pacasmayo
Q312,Q727883,2,Apple Inc.,NetApp
Q3884,Q4033073,2,Amazon,Arris Group
Q4033073,Q727883,2,Arris Group,NetApp
Q1418,Q19923099,2,Nokia,Hewlett Packard Enterprise
Q1418,Q3884,2,Nokia,Amazon
Q1472929,Q18217462,2,"Nasdaq, Inc.",Tandy Leather Factory
Q18217462,Q29739,2,Tandy Leather Factory,International
Q5533818,Q785943,2,Genuine Parts Company,Staples Inc.
Q785943,Q7893563,2,Staples Inc.,Essendant
Q1472929,Q5099579,2,"Nasdaq, Inc.",China Automotive Systems
Q430745,Q52825,2,Teradata,ABB Group
Q1570773,Q19681433,2,Kohlberg Kravis Roberts,Kraft Heinz
Q106295041,Q20873932,2,Digital Turbine,Grab
Q312,Q63327,2,Apple Inc.,Airbnb
Q3884,Q63327,2,Amazon,Airbnb
Q2283,Q5527100,2,Microsoft,Gates Corporation
Q248,Q81230,2,Intel,Siemens
Q248,Q9396,2,Intel,Deutsche Telekom
Q81230,Q95,2,Siemens,Google
Q155026,Q35476,2,United Parcel Service,AT&T
Q11407,Q16335785,2,VMware,Pivotal Software
Q372657,Q7392916,2,Credit Suisse,SS&C Technologies
Q1024454,Q1760641,2,CSX Corporation,Parametric Technology Corporation
Q20800404,Q727697,2,Alphabet Inc.,Coach
Q16335785,Q27500963,2,Pivotal Software,Dell Technologies
Q52825,Q81965,2,ABB Group,General Motors
Q1418,Q4033073,2,Nokia,Arris Group
Q1418,Q727883,2,Nokia,NetApp
Q19923099,Q3884,2,Hewlett Packard Enterprise,Amazon
Q19923099,Q4033073,2,Hewlett Packard Enterprise,Arris Group
Q19923099,Q727883,2,Hewlett Packard Enterprise,NetApp
Q312,Q4033073,2,Apple Inc.,Arris Group
Q245343,Q675585,2,Barclays plc,Moody's Corporation
Q1852556,Q947718,2,Philip Morris International,Reynolds American
Q1046951,Q174310,2,Target Corporation,Nordstrom
Q174310,Q483915,2,Nordstrom,Nike
Q212235,Q54173,2,American International Group,General Electric
Q193326,Q629998,2,Goldman Sachs,General Mills
Q16335785,Q877536,2,Pivotal Software,Dell EMC
Q1655409,Q26678,2,Iamgold,BMW Group
Q1046951,Q5099817,2,Target Corporation,China Nepstar
Q483551,Q5099817,2,Walmart,China Nepstar
Q501476,Q5099817,2,Hasbro,China Nepstar
Q5099817,Q596139,2,China Nepstar,Mattel
Q182477,Q713418,2,Nvidia,TSMC
Q503182,Q795221,2,PetroChina Company Limited,CNOOC Limited
Q20311716,Q4788901,2,Axovant Sciences,Arena Pharmaceuticals
Q155026,Q28406599,2,United Parcel Service,Workhorse Group
Q619111,Q926806,2,Apollo Group,Carlyle Group
Q193199,Q5227485,2,UBS,Dataram
Q19681433,Q372657,2,Kraft Heinz,Credit Suisse
Q20800404,Q533415,2,Alphabet Inc.,Best Buy
Q20800404,Q8042415,2,Alphabet Inc.,"XPO, Inc."
Q3884,Q533415,2,Amazon,Best Buy
Q3884,Q8042415,2,Amazon,"XPO, Inc."
Q533415,Q8042415,2,Best Buy,"XPO, Inc."
Q533415,Q95,2,Best Buy,Google
Q8042415,Q95,2,"XPO, Inc.",Google
Q19681433,Q855639,2,Kraft Heinz,Dow Chemical Company
Q194360,Q483551,2,American Express,Walmart
Q1418,Q154950,2,Nokia,Shell
Q1418,Q157062,2,Nokia,Unilever
Q312,Q3277465,2,Apple Inc.,Sirius XM
Q1075788,Q1424962,2,Choice Hotels,IHG Hotels & Resorts
Q1472929,Q212235,2,"Nasdaq, Inc.",American International Group
Q1472929,Q306764,2,"Nasdaq, Inc.",Abbott Laboratories
Q266423,Q306764,2,Bristol-Myers Squibb,Abbott Laboratories
Q18619467,Q7299366,2,Rayonier Advanced Materials,Rayonier
Q372657,Q451476,2,Credit Suisse,Scotiabank
Q192314,Q30635731,2,JPMorgan Chase,"Cboe Global Markets, Inc."
Q212900,Q221062,2,Lehman Brothers,DuPont
Q212900,Q372657,2,Lehman Brothers,Credit Suisse
Q212900,Q855639,2,Lehman Brothers,Dow Chemical Company
Q219508,Q221062,2,Citigroup,DuPont
Q219508,Q855639,2,Citigroup,Dow Chemical Company
Q221062,Q334204,2,DuPont,Morgan Stanley
Q221062,Q372657,2,DuPont,Credit Suisse
Q334204,Q855639,2,Morgan Stanley,Dow Chemical Company
Q372657,Q855639,2,Credit Suisse,Dow Chemical Company
Q290680,Q619121,2,ADT Inc.,Apollo Global Management
Q212900,Q66048,2,Lehman Brothers,Deutsche Bank
Q156644,Q312,2,Raytheon,Apple Inc.
Q1472929,Q219635,2,"Nasdaq, Inc.",BlackRock
Q637440,Q880942,2,Lazard,Blackstone Group
Q106309492,Q7128508,2,"Agora, Inc.",Palo Alto Networks
Q1410766,Q899097,2,Fibria,BRF
Q157062,Q212900,2,Unilever,Lehman Brothers
Q157062,Q219508,2,Unilever,Citigroup
Q157062,Q221062,2,Unilever,DuPont
Q157062,Q855639,2,Unilever,Dow Chemical Company
Q19681433,Q212900,2,Kraft Heinz,Lehman Brothers
Q19681433,Q221062,2,Kraft Heinz,DuPont
Q1542175,Q219508,2,Mitsubishi UFJ Financial Group,Citigroup
Q1053422,Q1339966,2,Cenovus Energy,Enbridge
Q3884,Q813782,2,Amazon,Bed Bath & Beyond Inc.
Q1472929,Q158205,2,"Nasdaq, Inc.",Sanofi
Q19681433,Q334204,2,Kraft Heinz,Morgan Stanley
Q219635,Q880942,2,BlackRock,Blackstone Group
Q11235714,Q54621346,2,NIS Group,BiondVax
Q312,Q839466,2,Apple Inc.,Domino's Pizza
Q334204,Q44294,2,Morgan Stanley,Ford Motor Company
Q334204,Q839466,2,Morgan Stanley,Domino's Pizza
Q44294,Q839466,2,Ford Motor Company,Domino's Pizza
Q478214,Q839466,2,Tesla,Domino's Pizza
Q81965,Q839466,2,General Motors,Domino's Pizza
Q194360,Q1944412,2,American Express,MoneyGram
Q182477,Q675585,2,Nvidia,Moody's Corporation
Q2031726,Q2843129,2,Westpac,Ameriprise Financial
Q1046951,Q7880076,2,Target Corporation,Ulta Beauty
Q3884,Q7880076,2,Amazon,Ulta Beauty
Q483551,Q7880076,2,Walmart,Ulta Beauty
Q7880076,Q95,2,Ulta Beauty,Google
Q37156,Q5586622,2,IBM,Gorman-Rupp Company
Q5157220,Q731938,2,Compugen Ltd.,AstraZeneca
Q334204,Q415598,2,Morgan Stanley,Akamai Technologies
Q1046951,Q53268,2,Target Corporation,Toyota
Q1046951,Q9584,2,Target Corporation,Honda
Q1961658,Q2007484,2,NV Energy,Oklahoma Gas & Electric
Q20714950,Q8003525,2,Primoris Services Corporation,Willbros Group
Q7675621,Q7796068,2,Tahoe Resources,Thor Industries
Q259011,Q552581,2,Motorola,SAP
Q17145596,Q372657,2,Tesco Corporation,Credit Suisse
Q1645081,Q5152510,2,Nucor,Commercial Metals Company
Q193199,Q194360,2,UBS,American Express
Q56273715,Q727697,2,"Tapestry, Inc.",Coach
Q17114308,Q266423,2,Nektar Therapeutics,Bristol-Myers Squibb
Q1141173,Q27530,2,Marriott International,Mercedes-Benz Group
Q153417,Q16996714,2,Kroger,"Amneal Pharmaceuticals, Inc."
Q372657,Q7098552,2,Credit Suisse,Oppenheimer Holdings
Q29739,Q5629432,2,International,HEICO
Q1472929,Q193199,2,"Nasdaq, Inc.",UBS
Q193199,Q2266483,2,UBS,AVG Technologies
Q2266483,Q334204,2,AVG Technologies,Morgan Stanley
Q1472929,Q4047452,2,"Nasdaq, Inc.","Proofpoint, Inc."
Q1472929,Q938668,2,"Nasdaq, Inc.",Sina Corporation
Q193199,Q20165,2,UBS,Nissan
Q153417,Q18712620,2,Kroger,Walgreens Boots Alliance
Q153417,Q3433273,2,Kroger,Rite Aid
Q153417,Q6806775,2,Kroger,Medicis Pharmaceutical
Q20800404,Q941127,2,Alphabet Inc.,Salesforce
Q941127,Q95,2,Salesforce,Google
Q1472929,Q7934906,2,"Nasdaq, Inc.",Virtu Financial
Q16996714,Q3433273,2,"Amneal Pharmaceuticals, Inc.",Rite Aid
Q193326,Q806189,2,Goldman Sachs,Banco Bilbao Vizcaya Argentaria
Q372657,Q5206198,2,Credit Suisse,DST Systems
Q18712620,Q3433273,2,Walgreens Boots Alliance,Rite Aid
Q3433273,Q624375,2,Rite Aid,CVS Health
Q3433273,Q6806775,2,Rite Aid,Medicis Pharmaceutical
Q1141173,Q188920,2,Marriott International,Delta Air Lines
Q106253770,Q544847,2,Lumentum Holdings,Qualcomm
Q1113804,Q483551,2,Comcast,Walmart
Q219508,Q768773,2,Citigroup,MSCI
Q1921579,Q950380,2,Meredith Corporation,CBS Corporation
Q1049080,Q301965,2,Juniper Networks,Sprint Corporation
Q312,Q6049324,2,Apple Inc.,International Coal Group
Q193326,Q207983,2,Goldman Sachs,Monsanto
Q5184408,Q642189,2,Crescent Point Energy,Medtronic
Q174198,Q3884,2,Gartner,Amazon
Q248,Q7098552,2,Intel,Oppenheimer Holdings
Q312,Q7098552,2,Apple Inc.,Oppenheimer Holdings
Q1418,Q301965,2,Nokia,Sprint Corporation
Q1418,Q35476,2,Nokia,AT&T
Q1418,Q467752,2,Nokia,Verizon Communications
Q5427196,Q85769888,2,FTI Consulting,Iovance Biotherapeutics
Q194360,Q2529982,2,American Express,The New York Times Company
Q1049080,Q1418,2,Juniper Networks,Nokia
Q502121,Q81965,2,BlackBerry,General Motors
Q24705550,Q880942,2,Brookfield Business Partners,Blackstone Group
Q1472929,Q5287613,2,"Nasdaq, Inc.",Docusign
Q1472929,Q5169368,2,"Nasdaq, Inc.",CorVel Corporation
Q16979157,Q188920,2,PBF Energy,Delta Air Lines
Q133806332,Q5457038,2,Flagstar Bancorp,Flagstar Bank
Q15589464,Q193326,2,Dropbox Inc.,Goldman Sachs
Q193326,Q8074786,2,Goldman Sachs,Zscaler
Q334204,Q5206198,2,Morgan Stanley,DST Systems
Q334204,Q7392916,2,Morgan Stanley,SS&C Technologies
Q1144473,Q552581,2,CureVac,SAP
Q16986288,Q334800,2,Vail Resorts,PepsiCo
Q17145596,Q301965,2,Tesco Corporation,Sprint Corporation
Q483551,Q9396,2,Walmart,Deutsche Telekom
Q2843129,Q95,2,Ameriprise Financial,Google
Q2843129,Q96095585,2,Ameriprise Financial,Pinterest Inc.
Q1049080,Q467752,2,Juniper Networks,Verizon Communications
Q1472929,Q7057831,2,"Nasdaq, Inc.",Northeast Bank
Q156644,Q502940,2,Raytheon,General Dynamics
Q1472929,Q17073430,2,"Nasdaq, Inc.",Organovo
Q27988145,Q35476,2,Post Holdings,AT&T
Q333718,Q642189,2,Johnson & Johnson,Medtronic
Q108770716,Q81230,2,Samsara,Siemens
Q4687934,Q66,2,AerCap,Boeing
Q116452644,Q41187,2,"Netflix, Inc.",Sony Group
Q144617,Q66048,2,TIM Group,Deutsche Bank
Q1009458,Q625713,2,Bunge Limited,BHP
Q3493556,Q503182,2,Spirit AeroSystems,PetroChina Company Limited
Q193326,Q6840048,2,Goldman Sachs,Microsemi
Q1472929,Q7417809,2,"Nasdaq, Inc.",Sangamo Therapeutics
Q190464,Q206921,2,HSBC,Pfizer
Q19923099,Q206921,2,Hewlett Packard Enterprise,Pfizer
Q206921,Q675585,2,Pfizer,Moody's Corporation
Q2283,Q8093,2,Microsoft,Nintendo
Q116452644,Q14772,2,"Netflix, Inc.",Baidu
Q1472929,Q372657,2,"Nasdaq, Inc.",Credit Suisse
Q14772,Q372657,2,Baidu,Credit Suisse
Q15913890,Q193326,2,iQIYI,Goldman Sachs
Q634815,Q735261,2,Motorola Solutions Incorporated,Royal Bank of Canada
Q17077936,Q502121,2,Lyft,BlackBerry
Q1141173,Q642189,2,Marriott International,Medtronic
Q127278673,Q16255113,2,LinkedIn Corporation,Jazz Pharmaceuticals
Q619121,Q735261,2,Apollo Global Management,Royal Bank of Canada
Q212322,Q333718,2,GSK,Johnson & Johnson
Q17077936,Q81965,2,Lyft,General Motors
Q20800404,Q502121,2,Alphabet Inc.,BlackBerry
Q20800404,Q697311,2,Alphabet Inc.,Magna International
Q502121,Q697311,2,BlackBerry,Magna International
Q18619272,Q66048,2,Greenhill & Co.,Deutsche Bank
Q1472929,Q176587,2,"Nasdaq, Inc.",Check Point
Q1418,Q430745,2,Nokia,Teradata
Q18111091,Q2837996,2,Cheetah Mobile,Alliance Data
Q108770716,Q3459777,2,Samsara,Semtech Corporation
Q427881,Q619121,2,Royal Caribbean Group,Apollo Global Management
Q60767471,Q619121,2,Norwegian Cruise Line Holdings Ltd.,Apollo Global Management
Q48977470,Q81230,2,EPR Properties,Siemens
Q158205,Q7417809,2,Sanofi,Sangamo Therapeutics
Q333718,Q7417809,2,Johnson & Johnson,Sangamo Therapeutics
Q1359568,Q1502712,2,Alibaba Group,Genworth Financial
Q1359568,Q747207,2,Alibaba Group,Lattice Semiconductor Corporation
Q1502712,Q747207,2,Genworth Financial,Lattice Semiconductor Corporation
Q1944412,Q29739,2,MoneyGram,International
Q1944412,Q747207,2,MoneyGram,Lattice Semiconductor Corporation
Q20165,Q55931,2,Nissan,Hyundai Motor Company
Q214763,Q54173,2,ConocoPhillips,General Electric
Q214763,Q804353,2,ConocoPhillips,Baker Hughes
Q157062,Q27530,2,Unilever,Mercedes-Benz Group
Q1023765,Q739084,2,CIT Group,U.S. Bancorp
Q219635,Q30325409,2,BlackRock,Janus Henderson
Q219635,Q5377000,2,BlackRock,Energy Transfer
Q30325409,Q5377000,2,Janus Henderson,Energy Transfer
Q20800404,Q463090,2,Alphabet Inc.,Smith & Wesson
Q193326,Q6459734,2,Goldman Sachs,LPL Financial
Q37156,Q467752,2,IBM,Verizon Communications
Q467752,Q5189320,2,Verizon Communications,Crown Castle International Corp.
Q467752,Q7388926,2,Verizon Communications,SBA Communications
Q372657,Q856411,2,Credit Suisse,British American Tobacco
Q193199,Q2662418,2,UBS,American Research and Development Corporation
Q2662418,Q66048,2,American Research and Development Corporation,Deutsche Bank
Q1146061,Q29739,2,Cushman & Wakefield,International
Q154950,Q478214,2,Shell,Tesla
Q4745263,Q5189320,2,American Tower Corporation,Crown Castle International Corp.
Q4745263,Q7388926,2,American Tower Corporation,SBA Communications
Q4745263,Q9396,2,American Tower Corporation,Deutsche Telekom
Q5189320,Q7388926,2,Crown Castle International Corp.,SBA Communications
Q5189320,Q9396,2,Crown Castle International Corp.,Deutsche Telekom
Q7388926,Q9396,2,SBA Communications,Deutsche Telekom
Q1541470,Q4687934,2,GPA,AerCap
Q2843129,Q447403,2,Ameriprise Financial,Alumina Limited
Q447403,Q625713,2,Alumina Limited,BHP
Q1431486,Q66048,2,Orange,Deutsche Bank
Q7309349,Q7311031,2,Register.com,"Reliance, Inc."
Q1472929,Q5439999,2,"Nasdaq, Inc.",Federal Agricultural Mortgage Corporation
Q1472929,Q6459734,2,"Nasdaq, Inc.",LPL Financial
Q372657,Q5439999,2,Credit Suisse,Federal Agricultural Mortgage Corporation
Q176587,Q95,2,Check Point,Google
Q20667333,Q967868,2,NextEra Energy Partners,NextEra Energy
Q1472929,Q21410960,2,"Nasdaq, Inc.",Cornerstone OnDemand Inc.
Q108770716,Q7268802,2,Samsara,Qualys
Q2529982,Q60269744,2,The New York Times Company,Spotify Technology
Q1129792,Q37158,2,The Cooper Companies,Starbucks
Q1129792,Q483551,2,The Cooper Companies,Walmart
Q165684,Q312,2,Rogers Communications,Apple Inc.
Q193326,Q20165,2,Goldman Sachs,Nissan
Q20165,Q780442,2,Nissan,Uber
Q467752,Q4745263,2,Verizon Communications,American Tower Corporation
Q173941,Q344341,2,Electronic Arts,Activision Blizzard
Q38076,Q95,2,McDonald's,Google
Q193326,Q498746,2,Goldman Sachs,W. R. Grace and Company
Q122141,Q5130656,2,Vodafone,Clear Channel Outdoor
Q122141,Q880942,2,Vodafone,Blackstone Group
Q18349283,Q95205133,2,Hertz Car Sales,Hertz Global Holdings
Q327751,Q334800,2,Kraft Foods Group,PepsiCo
Q301965,Q4745263,2,Sprint Corporation,American Tower Corporation
Q301965,Q5189320,2,Sprint Corporation,Crown Castle International Corp.
Q301965,Q7388926,2,Sprint Corporation,SBA Communications
Q3511885,Q4745263,2,T-Mobile US,American Tower Corporation
Q3511885,Q5189320,2,T-Mobile US,Crown Castle International Corp.
Q3511885,Q7388926,2,T-Mobile US,SBA Communications
Q127278673,Q37156,2,LinkedIn Corporation,IBM
Q1472929,Q426583,2,"Nasdaq, Inc.",Sanmina Corporation
Q1472929,Q4951483,2,"Nasdaq, Inc.",Box
Q1472929,Q7829730,2,"Nasdaq, Inc.",Tower Semiconductor Ltd.
Q1423218,Q804353,2,Sunoco,Baker Hughes
Q24834296,Q644167,2,China Telecom,PLDT
Q1519267,Q3853691,2,Omnicom Group,Mediacom
Q157062,Q3853691,2,Unilever,Mediacom
Q212405,Q3853691,2,Procter & Gamble,Mediacom
Q3853691,Q95,2,Mediacom,Google
Q1472929,Q706094,2,"Nasdaq, Inc.",Stanley Black & Decker
Q27022329,Q4951483,2,Snap Inc.,Box
Q4951483,Q8074786,2,Box,Zscaler
Q16972754,Q245343,2,Coinbase,Barclays plc
Q1472929,Q65080540,2,"Nasdaq, Inc.",Renewable Energy Group
Q221062,Q65080540,2,DuPont,Renewable Energy Group
Q6675775,Q7171522,2,LoopNet,"Pet, Inc."
Q1053299,Q5013012,2,CRH,CMS Energy
Q1543874,Q18349283,2,The Hertz Corporation,Hertz Car Sales
Q1570773,Q451476,2,Kohlberg Kravis Roberts,Scotiabank
Q1570773,Q544847,2,Kohlberg Kravis Roberts,Qualcomm
Q1570773,Q66048,2,Kohlberg Kravis Roberts,Deutsche Bank
Q1570773,Q735261,2,Kohlberg Kravis Roberts,Royal Bank of Canada
Q1570773,Q744149,2,Kohlberg Kravis Roberts,Wells Fargo
Q544847,Q735261,2,Qualcomm,Royal Bank of Canada
Q1503753,Q483551,2,Vedanta Resources,Walmart
Q37156,Q54173,2,IBM,General Electric
Q1156045,Q81230,2,Public Storage,Siemens
Q1519267,Q2622493,2,Omnicom Group,Rentokil Initial
Q2622493,Q95,2,Rentokil Initial,Google
Q1785405,Q48976818,2,Newmont Mining Corporation,NeoGenomics
Q1524197,Q1969091,2,Gildan Activewear,Oshkosh Corporation
Q1524197,Q5047083,2,Gildan Activewear,Carter's
Q1969091,Q5047083,2,Oshkosh Corporation,Carter's
Q22243729,Q334204,2,Ferrari,Morgan Stanley
Q2283,Q677464,2,Microsoft,Dominion Energy
Q459477,Q95,2,FedEx,Google
Q677464,Q95,2,Dominion Energy,Google
Q1283291,Q188920,2,Valero Energy,Delta Air Lines
Q206921,Q470517,2,Pfizer,Amgen
Q206921,Q7308054,2,Pfizer,Regeneron Pharmaceuticals
Q193326,Q731938,2,Goldman Sachs,AstraZeneca
Q1359568,Q54173,2,Alibaba Group,General Electric
Q1359568,Q841458,2,Alibaba Group,Intercontinental Exchange
Q1472929,Q1545076,2,"Nasdaq, Inc.",Microchip Technology
Q1472929,Q668737,2,"Nasdaq, Inc.",Yum! Brands
Q16974682,Q7308054,2,Alnylam Pharmaceuticals,Regeneron Pharmaceuticals
Q1023876,Q768773,2,CME Group,MSCI
Q14662364,Q1472929,2,AbbVie,"Nasdaq, Inc."
Q14662364,Q248,2,AbbVie,Intel
Q29739,Q5384453,2,International,Equifax
Q1961658,Q48977470,2,NV Energy,EPR Properties
Q193412,Q691592,2,Texas Instruments,GlobalFoundries
Q193412,Q95,2,Texas Instruments,Google
Q544847,Q691592,2,Qualcomm,GlobalFoundries
Q483551,Q487907,2,Walmart,Bank of America
Q1655409,Q5013012,2,Iamgold,CMS Energy
Q5842736,Q7311031,2,Corning Inc.,"Reliance, Inc."
Q154950,Q219508,2,Shell,Citigroup
Q645084,Q822614,2,Virgin America,Alaska Airlines
Q4033665,Q822614,2,Alaska Air Group,Alaska Airlines
Q154950,Q372657,2,Shell,Credit Suisse
Q1155668,Q248,2,NXP Semiconductors,Intel
Q5184408,Q552581,2,Crescent Point Energy,SAP
Q14772,Q81965,2,Baidu,General Motors
Q182477,Q20165,2,Nvidia,Nissan
Q182477,Q26678,2,Nvidia,BMW Group
Q217583,Q478214,2,Berkshire Hathaway,Tesla
Q217583,Q53268,2,Berkshire Hathaway,Toyota
Q182477,Q219635,2,Nvidia,BlackRock
Q4033665,Q645084,2,Alaska Air Group,Virgin America
Q502509,Q66048,2,Smith & Nephew,Deutsche Bank
Q2837996,Q589288,2,Alliance Data,The Bank of New York Mellon
Q14772,Q780442,2,Baidu,Uber
Q212405,Q744149,2,Procter & Gamble,Wells Fargo
Q372657,Q7934906,2,Credit Suisse,Virtu Financial
Q4972280,Q856411,2,Broadridge Financial Solutions,British American Tobacco
Q4982028,Q5923178,2,Bsquare corporation,Itron
Q1373493,Q16981175,2,Lowe's,Lennar Corporation
Q5013012,Q66,2,CMS Energy,Boeing
Q1472929,Q8024771,2,"Nasdaq, Inc.",Windstream Holdings
Q5842736,Q81230,2,Corning Inc.,Siemens
Q7311031,Q81230,2,"Reliance, Inc.",Siemens
Q333718,Q4828988,1,Johnson & Johnson,Avista
Q16974682,Q206921,1,Alnylam Pharmaceuticals,Pfizer
Q16974682,Q7616390,1,Alnylam Pharmaceuticals,Stifel
Q206921,Q7616390,1,Pfizer,Stifel
Q212405,Q3208192,1,Procter & Gamble,Stepan Company
Q1524197,Q6675775,1,Gildan Activewear,LoopNet
Q1524197,Q7171522,1,Gildan Activewear,"Pet, Inc."
Q221062,Q546880,1,DuPont,Kinross Gold
Q221062,Q7675621,1,DuPont,Tahoe Resources
Q546880,Q7675621,1,Kinross Gold,Tahoe Resources
Q1516849,Q26311,1,Shaw Communications,Aflac
Q1516849,Q624375,1,Shaw Communications,CVS Health
Q26311,Q624375,1,Aflac,CVS Health
Q1542175,Q6496310,1,Mitsubishi UFJ Financial Group,Banco Santander
Q1542175,Q806189,1,Mitsubishi UFJ Financial Group,Banco Bilbao Vizcaya Argentaria
Q219508,Q806189,1,Citigroup,Banco Bilbao Vizcaya Argentaria
Q6496310,Q806189,1,Banco Santander,Banco Bilbao Vizcaya Argentaria
Q1032229,Q2331913,1,Canadian Natural Resources,Stantec
Q122141,Q1416215,1,Vodafone,GoDaddy
Q122141,Q173395,1,Vodafone,Cisco
Q122141,Q7261135,1,Vodafone,"Pure Storage, Inc."
Q122141,Q877536,1,Vodafone,Dell EMC
Q1416215,Q173395,1,GoDaddy,Cisco
Q1416215,Q7261135,1,GoDaddy,"Pure Storage, Inc."
Q1416215,Q877536,1,GoDaddy,Dell EMC
Q173395,Q7261135,1,Cisco,"Pure Storage, Inc."
Q173395,Q877536,1,Cisco,Dell EMC
Q7261135,Q877536,1,"Pure Storage, Inc.",Dell EMC
Q1472929,Q60269744,1,"Nasdaq, Inc.",Spotify Technology
Q214346,Q478214,1,Viacom,Tesla
Q214346,Q60269744,1,Viacom,Spotify Technology
Q478214,Q60269744,1,Tesla,Spotify Technology
Q478214,Q950380,1,Tesla,CBS Corporation
Q691592,Q95,1,GlobalFoundries,Google
Q855639,Q926806,1,Dow Chemical Company,Carlyle Group
Q188920,Q483551,1,Delta Air Lines,Walmart
Q188920,Q487907,1,Delta Air Lines,Bank of America
Q3518066,Q48740858,1,Tenet Healthcare,Compass Inc.
Q2331913,Q502121,1,Stantec,BlackBerry
Q1472929,Q5765159,1,"Nasdaq, Inc.",Himax
Q319642,Q7449804,1,Chevron Corporation,Sempra
Q2178198,Q24887050,1,Ryder,Nikola Corporation
Q2178198,Q478214,1,Ryder,Tesla
Q1373493,Q6819538,1,Lowe's,Meritage Homes Corporation
Q1373493,Q6955706,1,Lowe's,"NVR, Inc."
Q16981175,Q6819538,1,Lennar Corporation,Meritage Homes Corporation
Q6819538,Q6955706,1,Meritage Homes Corporation,"NVR, Inc."
Q3312613,Q333718,1,Midas,Johnson & Johnson
Q3312613,Q507154,1,Midas,Novartis
Q202972,Q917487,1,International Paper,Brinker International
Q38076,Q5139058,1,McDonald's,Coca-Cola Bottling Co. Consolidated
Q38076,Q7171522,1,McDonald's,"Pet, Inc."
Q5139058,Q7171522,1,Coca-Cola Bottling Co. Consolidated,"Pet, Inc."
Q19873469,Q66048,1,Bio-Techne,Deutsche Bank
Q2303478,Q7669886,1,Synopsys,TD Ameritrade
Q29739,Q5453330,1,International,First Midwest Bancorp
Q106309492,Q5184408,1,"Agora, Inc.",Crescent Point Energy
Q1591976,Q5045738,1,Haynes International,Carpenter Technology Corporation
Q1472929,Q5099817,1,"Nasdaq, Inc.",China Nepstar
Q1472929,Q813782,1,"Nasdaq, Inc.",Bed Bath & Beyond Inc.
Q1472929,Q864407,1,"Nasdaq, Inc.",The Home Depot
Q5099817,Q813782,1,China Nepstar,Bed Bath & Beyond Inc.
Q5099817,Q864407,1,China Nepstar,The Home Depot
Q813782,Q864407,1,Bed Bath & Beyond Inc.,The Home Depot
Q20800404,Q691592,1,Alphabet Inc.,GlobalFoundries
Q54173,Q656165,1,General Electric,Halliburton
Q1472929,Q629998,1,"Nasdaq, Inc.",General Mills
Q1129792,Q2305438,1,The Cooper Companies,PT Telkom Indonesia (Persero)
Q333718,Q5398941,1,Johnson & Johnson,Esperion Therapeutics
Q470517,Q5398941,1,Amgen,Esperion Therapeutics
Q154950,Q20165,1,Shell,Nissan
Q154950,Q38076,1,Shell,McDonald's
Q154950,Q58024,1,Shell,eBay
Q20165,Q58024,1,Nissan,eBay
Q38076,Q58024,1,McDonald's,eBay
Q35476,Q8024771,1,AT&T,Windstream Holdings
Q2961234,Q7954024,1,Charter Communications,WOW!
Q1028449,Q5130656,1,Cameco,Clear Channel Outdoor
Q2006989,Q54173,1,YPF,General Electric
Q7663801,Q768773,1,Global Industrial Company,MSCI
Q1023876,Q5370757,1,CME Group,Emergent
Q113153195,Q780442,1,DiDi Global,Uber
Q1418,Q502121,1,Nokia,BlackBerry
Q668737,Q842947,1,Yum! Brands,Celgene
Q6522334,Q6522339,1,"Black Knight, Inc.",LendingTree
Q1418,Q5842736,1,Nokia,Corning Inc.
Q1418,Q7311031,1,Nokia,"Reliance, Inc."
Q7954024,Q934853,1,WOW!,Motorola Mobility
Q259011,Q8074159,1,Motorola,Zoom Telephonics
Q188920,Q7727445,1,Delta Air Lines,The Container Store
Q407237,Q7727445,1,Air France-KLM,The Container Store
Q4928282,Q742196,1,Bloomin' Brands,Darden Restaurants
Q219508,Q27988145,1,Citigroup,Post Holdings
Q219508,Q483551,1,Citigroup,Walmart
Q27988145,Q483551,1,Post Holdings,Walmart
Q1472929,Q7171526,1,"Nasdaq, Inc.",PetMed Express
Q1032229,Q4874958,1,Canadian Natural Resources,Baytex Energy
Q841458,Q910866,1,Intercontinental Exchange,Humana
Q1066028,Q193326,1,Charles Schwab Corporation,Goldman Sachs
Q1066028,Q6459734,1,Charles Schwab Corporation,LPL Financial
Q193199,Q501476,1,UBS,Hasbro
Q193199,Q596139,1,UBS,Mattel
Q108770716,Q4708382,1,Samsara,"Alarm.com, Inc."
Q1472929,Q4708382,1,"Nasdaq, Inc.","Alarm.com, Inc."
Q338825,Q58024,1,Accenture,eBay
Q338825,Q80978,1,Accenture,Hewlett-Packard
Q80978,Q95,1,Hewlett-Packard,Google
Q6459734,Q7934906,1,LPL Financial,Virtu Financial
Q1359568,Q5152058,1,Alibaba Group,CommVault Systems
Q1359568,Q731938,1,Alibaba Group,AstraZeneca
Q1359568,Q910866,1,Alibaba Group,Humana
Q193326,Q5152058,1,Goldman Sachs,CommVault Systems
Q2961234,Q934853,1,Charter Communications,Motorola Mobility
Q1516562,Q5130656,1,Liberty Media,Clear Channel Outdoor
Q1057464,Q334204,1,Hilton Worldwide,Morgan Stanley
Q15109880,Q312,1,Harmonic Inc.,Apple Inc.
Q15109880,Q608776,1,Harmonic Inc.,Cadence Design Systems
Q312,Q608776,1,Apple Inc.,Cadence Design Systems
Q193326,Q54173,1,Goldman Sachs,General Electric
Q193326,Q910866,1,Goldman Sachs,Humana
Q5152058,Q54173,1,CommVault Systems,General Electric
Q5152058,Q731938,1,CommVault Systems,AstraZeneca
Q5152058,Q841458,1,CommVault Systems,Intercontinental Exchange
Q5152058,Q910866,1,CommVault Systems,Humana
Q54173,Q731938,1,General Electric,AstraZeneca
Q54173,Q841458,1,General Electric,Intercontinental Exchange
Q54173,Q910866,1,General Electric,Humana
Q731938,Q841458,1,AstraZeneca,Intercontinental Exchange
Q731938,Q910866,1,AstraZeneca,Humana
Q1023876,Q682759,1,CME Group,Linde Group
Q207983,Q27893,1,Monsanto,ArcelorMittal
Q207983,Q35476,1,Monsanto,AT&T
Q207983,Q60748073,1,Monsanto,"Connecticut Water Service, Inc."
Q27893,Q35476,1,ArcelorMittal,AT&T
Q27893,Q60748073,1,ArcelorMittal,"Connecticut Water Service, Inc."
Q27893,Q682759,1,ArcelorMittal,Linde Group
Q35476,Q60748073,1,AT&T,"Connecticut Water Service, Inc."
Q35476,Q682759,1,AT&T,Linde Group
Q60748073,Q682759,1,"Connecticut Water Service, Inc.",Linde Group
Q26049,Q835456,1,Aetna,Sun Life Financial
Q106309492,Q334204,1,"Agora, Inc.",Morgan Stanley
Q158205,Q206921,1,Sanofi,Pfizer
Q1516849,Q60480286,1,Shaw Communications,Tilray
Q461210,Q54173,1,Rockwell Collins,General Electric
Q1516562,Q477993,1,Liberty Media,iHeartMedia
Q5191790,Q7304530,1,Trip.com Group,Red Lion Hotels Corporation
Q107364296,Q1655409,1,Orchard Therapeutics,Iamgold
Q1472929,Q619121,1,"Nasdaq, Inc.",Apollo Global Management
Q306764,Q333718,1,Abbott Laboratories,Johnson & Johnson
Q29739,Q790060,1,International,Broadcom
Q17074260,Q192314,1,Patriot National Bancorp,JPMorgan Chase
Q154950,Q839466,1,Shell,Domino's Pizza
Q245343,Q839466,1,Barclays plc,Domino's Pizza
Q5009947,Q5118174,1,CDI Corporation,Churchill Downs Incorporated
Q108770716,Q52825,1,Samsara,ABB Group
Q108770716,Q54173,1,Samsara,General Electric
Q37156,Q52825,1,IBM,ABB Group
Q1129792,Q570473,1,The Cooper Companies,McKesson Corporation
Q1023876,Q207983,1,CME Group,Monsanto
Q1023876,Q27893,1,CME Group,ArcelorMittal
Q1023876,Q60748073,1,CME Group,"Connecticut Water Service, Inc."
Q1655409,Q568532,1,Iamgold,MGM Resorts International
Q1113804,Q2288792,1,Comcast,Sinclair Broadcast Group
Q248,Q3067119,1,Intel,Fastenal
Q1916402,Q5926631,1,Pearson plc,HubSpot
Q128896,Q544847,1,AMD,Qualcomm
Q17145997,Q27530,1,UFP Technologies,Mercedes-Benz Group
Q1159256,Q54173,1,Danaher Corporation,General Electric
Q1159256,Q544847,1,Danaher Corporation,Qualcomm
Q54173,Q544847,1,General Electric,Qualcomm
Q1407601,Q153417,1,Grupo Aeroportuario del Sureste,Kroger
Q22243729,Q478214,1,Ferrari,Tesla
Q1570773,Q165684,1,Kohlberg Kravis Roberts,Rogers Communications
Q19604569,Q6744211,1,Sucampo Pharmaceuticals,Mallinckrodt Pharmaceuticals
Q19604569,Q731938,1,Sucampo Pharmaceuticals,AstraZeneca
Q6744211,Q731938,1,Mallinckrodt Pharmaceuticals,AstraZeneca
Q108770716,Q20800404,1,Samsara,Alphabet Inc.
Q37158,Q483551,1,Starbucks,Walmart
Q1049080,Q1129792,1,Juniper Networks,The Cooper Companies
Q1570773,Q1921579,1,Kohlberg Kravis Roberts,Meredith Corporation
Q1570773,Q312,1,Kohlberg Kravis Roberts,Apple Inc.
Q1570773,Q6723256,1,Kohlberg Kravis Roberts,Macerich
Q165684,Q1921579,1,Rogers Communications,Meredith Corporation
Q165684,Q6723256,1,Rogers Communications,Macerich
Q1921579,Q312,1,Meredith Corporation,Apple Inc.
Q1921579,Q6723256,1,Meredith Corporation,Macerich
Q143435,Q7581369,1,Unum,Sprouts Farmers Market
Q4649932,Q7954024,1,AAR Corp,WOW!
Q127278673,Q19900,1,LinkedIn Corporation,Oracle Corporation
Q127278673,Q19923099,1,LinkedIn Corporation,Hewlett Packard Enterprise
Q107364296,Q2274089,1,Orchard Therapeutics,Wynn Resorts
Q107364296,Q568532,1,Orchard Therapeutics,MGM Resorts International
Q1655409,Q2274089,1,Iamgold,Wynn Resorts
Q1129792,Q7847653,1,The Cooper Companies,Trulia
Q1129792,Q8071921,1,The Cooper Companies,Zillow
Q1129792,Q941127,1,The Cooper Companies,Salesforce
Q127278673,Q2303478,1,LinkedIn Corporation,Synopsys
Q127278673,Q48802335,1,LinkedIn Corporation,Tyler Technologies
Q127278673,Q7314050,1,LinkedIn Corporation,RepliWeb
Q19900,Q7314050,1,Oracle Corporation,RepliWeb
Q19923099,Q7314050,1,Hewlett Packard Enterprise,RepliWeb
Q2283,Q7314050,1,Microsoft,RepliWeb
Q37156,Q7314050,1,IBM,RepliWeb
Q111384730,Q1129792,1,Stem Inc.,The Cooper Companies
Q111384730,Q1741634,1,Stem Inc.,Kimberly-Clark
Q111384730,Q37158,1,Stem Inc.,Starbucks
Q111384730,Q483551,1,Stem Inc.,Walmart
Q1129792,Q1741634,1,The Cooper Companies,Kimberly-Clark
Q1741634,Q37158,1,Kimberly-Clark,Starbucks
Q2303478,Q7847653,1,Synopsys,Trulia
Q2303478,Q8071921,1,Synopsys,Zillow
Q2303478,Q941127,1,Synopsys,Salesforce
Q48802335,Q5287613,1,Tyler Technologies,Docusign
Q48802335,Q7847653,1,Tyler Technologies,Trulia
Q1049080,Q127278673,1,Juniper Networks,LinkedIn Corporation
Q1049080,Q2303478,1,Juniper Networks,Synopsys
Q1049080,Q48802335,1,Juniper Networks,Tyler Technologies
Q1049080,Q5287613,1,Juniper Networks,Docusign
Q1049080,Q7847653,1,Juniper Networks,Trulia
Q1049080,Q8071921,1,Juniper Networks,Zillow
Q1049080,Q941127,1,Juniper Networks,Salesforce
Q1129792,Q127278673,1,The Cooper Companies,LinkedIn Corporation
Q1129792,Q2303478,1,The Cooper Companies,Synopsys
Q1129792,Q48802335,1,The Cooper Companies,Tyler Technologies
Q1129792,Q5287613,1,The Cooper Companies,Docusign
Q2013357,Q219508,1,Occidental Petroleum,Citigroup
Q2013357,Q372657,1,Occidental Petroleum,Credit Suisse
Q124724103,Q6982488,1,Eagle Bulk Shipping Inc.,Navios Maritime Holdings
Q1472929,Q6982488,1,"Nasdaq, Inc.",Navios Maritime Holdings
Q221062,Q6545549,1,DuPont,Lifeway Foods
Q13218598,Q19873469,1,NatWest Group,Bio-Techne
Q1155668,Q27500963,1,NXP Semiconductors,Dell Technologies
Q127278673,Q7847653,1,LinkedIn Corporation,Trulia
Q127278673,Q8071921,1,LinkedIn Corporation,Zillow
Q127278673,Q941127,1,LinkedIn Corporation,Salesforce
Q2283,Q2303478,1,Microsoft,Synopsys
Q2283,Q48802335,1,Microsoft,Tyler Technologies
Q2283,Q7847653,1,Microsoft,Trulia
Q2283,Q8071921,1,Microsoft,Zillow
Q2303478,Q48802335,1,Synopsys,Tyler Technologies
Q2303478,Q5287613,1,Synopsys,Docusign
Q2609162,Q6715200,1,Ticketmaster,MDU Resources
Q48802335,Q8071921,1,Tyler Technologies,Zillow
Q48802335,Q941127,1,Tyler Technologies,Salesforce
Q5287613,Q7847653,1,Docusign,Trulia
Q5287613,Q8071921,1,Docusign,Zillow
Q5287613,Q941127,1,Docusign,Salesforce
Q7847653,Q8071921,1,Trulia,Zillow
Q7847653,Q941127,1,Trulia,Salesforce
Q8071921,Q941127,1,Zillow,Salesforce
Q312,Q5547666,1,Apple Inc.,Georgia Power
Q136654090,Q899010,1,ProPhase Labs,Mylan
Q1465461,Q157062,1,National Grid,Unilever
Q1465461,Q27530,1,National Grid,Mercedes-Benz Group
Q1465461,Q731938,1,National Grid,AstraZeneca
Q127278673,Q5287613,1,LinkedIn Corporation,Docusign
Q66,Q7257522,1,Boeing,Huntington Ingalls Industries
Q312,Q415598,1,Apple Inc.,Akamai Technologies
Q5629432,Q5684524,1,HEICO,Hawaiian Electric Industries
Q465751,Q7130852,1,Chipotle Mexican Grill,Panera Bread
Q6724984,Q9396,1,Macquarie Infrastructure Company,Deutsche Telekom
Q1577587,Q16972754,1,Marathon Oil,Coinbase
Q1577587,Q29739,1,Marathon Oil,International
Q16972754,Q29739,1,Coinbase,International
Q245343,Q6404433,1,Barclays plc,Kid Brands
Q1472929,Q7925565,1,"Nasdaq, Inc.",Vicor Corporation
Q20873932,Q768231,1,Grab,Express Scripts
Q5116536,Q6159625,1,Church & Dwight,Jarden
Q5116536,Q667599,1,Church & Dwight,Newell Brands
Q5116536,Q947718,1,Church & Dwight,Reynolds American
Q6159625,Q947718,1,Jarden,Reynolds American
Q667599,Q947718,1,Newell Brands,Reynolds American
Q56421559,Q5881864,1,Huami Corporation,HF Sinclair
Q1113804,Q219635,1,Comcast,BlackRock
Q1113804,Q5512854,1,Comcast,GAMCO Investors
Q219635,Q5512854,1,BlackRock,GAMCO Investors
Q193326,Q483006,1,Goldman Sachs,LG Display
Q1359568,Q20873932,1,Alibaba Group,Grab
Q37156,Q415598,1,IBM,Akamai Technologies
Q415598,Q467752,1,Akamai Technologies,Verizon Communications
Q29739,Q744149,1,International,Wells Fargo
Q192314,Q806206,1,JPMorgan Chase,Bancolombia
Q1265181,Q3884,1,Dun & Bradstreet,Amazon
Q4928676,Q6459734,1,Blucora,LPL Financial
Q27530,Q731938,1,Mercedes-Benz Group,AstraZeneca
Q27500963,Q312,1,Dell Technologies,Apple Inc.
Q27500963,Q544847,1,Dell Technologies,Qualcomm
Q1502712,Q29739,1,Genworth Financial,International
Q29739,Q747207,1,International,Lattice Semiconductor Corporation
Q2529982,Q334204,1,The New York Times Company,Morgan Stanley
Q2529982,Q38928,1,The New York Times Company,PNC Financial Services
Q30280160,Q632240,1,Elanco,Eli Lilly and Company
Q17125902,Q30282590,1,ZIOPHARM Oncology,"Precigen, Inc"
Q106309492,Q127278673,1,"Agora, Inc.",LinkedIn Corporation
Q8033550,Q813782,1,Woodward,Bed Bath & Beyond Inc.
Q5209286,Q744149,1,Daily Journal Corporation,Wells Fargo
Q223127,Q502509,1,Logitech,Smith & Nephew
Q27988239,Q7233708,1,MAA,Post Properties
Q154950,Q170614,1,Shell,Ryanair
Q154950,Q66048,1,Shell,Deutsche Bank
Q170614,Q66048,1,Ryanair,Deutsche Bank
Q122141,Q123616697,1,Vodafone,Camden National Corporation
Q123616697,Q193326,1,Camden National Corporation,Goldman Sachs
Q1615684,Q795221,1,Hess Corporation,CNOOC Limited
Q319642,Q795221,1,Chevron Corporation,CNOOC Limited
Q122141,Q6724984,1,Vodafone,Macquarie Infrastructure Company
Q1418,Q571779,1,Nokia,Liberty Global
Q1418,Q6724984,1,Nokia,Macquarie Infrastructure Company
Q430745,Q571779,1,Teradata,Liberty Global
Q430745,Q6724984,1,Teradata,Macquarie Infrastructure Company
Q430745,Q9396,1,Teradata,Deutsche Telekom
Q571779,Q6724984,1,Liberty Global,Macquarie Infrastructure Company
Q174198,Q7727656,1,Gartner,The Corporate Executive Board Company
Q156238,Q54173,1,ExxonMobil,General Electric
Q1146061,Q1975799,1,Cushman & Wakefield,Penske Automotive Group
Q1146061,Q967265,1,Cushman & Wakefield,Kohl's
Q1975799,Q967265,1,Penske Automotive Group,Kohl's
Q1224697,Q48791239,1,DigitalGlobe,Maxar Technologies
Q1224697,Q905998,1,DigitalGlobe,Sasol
Q48791239,Q905998,1,Maxar Technologies,Sasol
Q135579976,Q17112054,1,Uniti,Silicon Valley Bank
Q116452644,Q15913890,1,"Netflix, Inc.",iQIYI
Q116452644,Q372657,1,"Netflix, Inc.",Credit Suisse
Q15913890,Q372657,1,iQIYI,Credit Suisse
Q1023876,Q16986417,1,CME Group,Versar
Q1423218,Q85846831,1,Sunoco,OceanFirst Bank
Q106309492,Q7360089,1,"Agora, Inc.","Roku, Inc."
Q1384784,Q194360,1,Express,American Express
Q1384784,Q328840,1,Express,Visa
Q1885491,Q2299611,1,FactSet,Yelp
Q1984481,Q675585,1,NiSource,Moody's Corporation
Q334800,Q632694,1,PepsiCo,Archer Daniels Midland
Q2140315,Q898208,1,Textron,"Honeywell International, Inc."
Q1516410,Q5172422,1,Suncor Energy,Corporate Office Properties Trust
Q48740858,Q5512854,1,Compass Inc.,GAMCO Investors
Q312,Q53268,1,Apple Inc.,Toyota
Q176587,Q8074786,1,Check Point,Zscaler
Q2904022,Q483637,1,Bio-Rad Laboratories,Anadarko Petroleum
Q1423218,Q7638414,1,Sunoco,Sun National Bank
Q1508234,Q37158,1,Safeway,Starbucks
Q1534597,Q5439999,1,Gold Fields,Federal Agricultural Mortgage Corporation
Q478214,Q9584,1,Tesla,Honda
Q3884,Q38928,1,Amazon,PNC Financial Services
Q1472929,Q7638414,1,"Nasdaq, Inc.",Sun National Bank
Q7638414,Q85846831,1,Sun National Bank,OceanFirst Bank
Q22121872,Q333718,1,"Tandem Diabetes Care, Inc.",Johnson & Johnson
Q22121872,Q642189,1,"Tandem Diabetes Care, Inc.",Medtronic
Q108770716,Q193412,1,Samsara,Texas Instruments
Q193412,Q81230,1,Texas Instruments,Siemens
Q188514,Q53268,1,Tata Motors Ltd,Toyota
Q116452644,Q8093,1,"Netflix, Inc.",Nintendo
Q483551,Q5167736,1,Walmart,Cooper-Standard Automotive
Q1715931,Q4829076,1,Tech Data,Avnet
Q162852,Q5674337,1,SurveyMonkey,Harte Hanks
Q162852,Q96095585,1,SurveyMonkey,Pinterest Inc.
Q5674337,Q96095585,1,Harte Hanks,Pinterest Inc.
Q106253770,Q5055187,1,Lumentum Holdings,Cavium
Q1347782,Q544847,1,Marvell Technology,Qualcomm
Q5055187,Q544847,1,Cavium,Qualcomm
Q1885099,Q23090931,1,Time Warner Cable,Outfront Media
Q1113804,Q4744822,1,Comcast,American Reprographics Company
Q4744822,Q483551,1,American Reprographics Company,Walmart
Q1585599,Q217583,1,Harman International Industries,Berkshire Hathaway
Q1585599,Q470317,1,Harman International Industries,Ametek
Q27530,Q95,1,Mercedes-Benz Group,Google
Q16983837,Q619111,1,Quaker Chemical Corporation,Apollo Group
Q24705550,Q619111,1,Brookfield Business Partners,Apollo Group
Q5189378,Q619111,1,Crown Holdings,Apollo Group
Q5189378,Q880942,1,Crown Holdings,Blackstone Group
Q483915,Q5272601,1,Nike,Dick's Sporting Goods
Q483915,Q967265,1,Nike,Kohl's
Q5272601,Q967265,1,Dick's Sporting Goods,Kohl's
Q1585599,Q7239519,1,Harman International Industries,Precision Castparts Corp.
Q217583,Q470317,1,Berkshire Hathaway,Ametek
Q470317,Q7239519,1,Ametek,Precision Castparts Corp.
Q451476,Q624798,1,Scotiabank,Canadian National Railway
Q451476,Q688725,1,Scotiabank,Teck Resources
Q2283,Q3295867,1,Microsoft,The Coca-Cola Company
Q312,Q941127,1,Apple Inc.,Salesforce
Q35476,Q941127,1,AT&T,Salesforce
Q1472929,Q522617,1,"Nasdaq, Inc.",Invesco
Q106253770,Q1347782,1,Lumentum Holdings,Marvell Technology
Q1961658,Q688725,1,NV Energy,Teck Resources
Q689791,Q905049,1,ISS,Shire plc
Q11407,Q312,1,VMware,Apple Inc.
Q188920,Q27530,1,Delta Air Lines,Mercedes-Benz Group
Q1123399,Q2167391,1,"Conagra Brands, Inc.",Gateway
Q1123399,Q24915031,1,"Conagra Brands, Inc.",Envestnet
Q1123399,Q327751,1,"Conagra Brands, Inc.",Kraft Foods Group
Q2167391,Q24915031,1,Gateway,Envestnet
Q2167391,Q327751,1,Gateway,Kraft Foods Group
Q24915031,Q327751,1,Envestnet,Kraft Foods Group
Q368181,Q6410043,1,Vornado Realty Trust,Kimco Realty
Q2283,Q7934906,1,Microsoft,Virtu Financial
Q522617,Q7934906,1,Invesco,Virtu Financial
Q108770716,Q582418,1,Samsara,ITT Corporation
Q108770716,Q96413806,1,Samsara,Veritone Inc.
Q1472929,Q96413806,1,"Nasdaq, Inc.",Veritone Inc.
Q582418,Q96413806,1,ITT Corporation,Veritone Inc.
Q17145596,Q3511885,1,Tesco Corporation,T-Mobile US
Q6723256,Q910866,1,Macerich,Humana
Q17143142,Q372657,1,REX American Resources,Credit Suisse
Q248,Q267313,1,Intel,"McAfee, LLC"
Q248,Q4976010,1,Intel,Brown & Brown
Q267313,Q4976010,1,"McAfee, LLC",Brown & Brown
Q1472929,Q4686419,1,"Nasdaq, Inc.",Advaxis
Q1472929,Q373225,1,"Nasdaq, Inc.",Virgin Galactic
Q17145596,Q7954024,1,Tesco Corporation,WOW!
Q1472929,Q62621,1,"Nasdaq, Inc.",Canon Inc.
Q5926631,Q7268803,1,HubSpot,Qualtrics
Q19900,Q20800404,1,Oracle Corporation,Alphabet Inc.
Q15109896,Q29739,1,Investors Bank,International
Q1809448,Q35476,1,Whole Foods Market,AT&T
Q735261,Q739518,1,Royal Bank of Canada,Aon plc
Q2283,Q522617,1,Microsoft,Invesco
Q1809448,Q629998,1,Whole Foods Market,General Mills
Q206921,Q245343,1,Pfizer,Barclays plc
Q38589917,Q880942,1,DowDuPont,Blackstone Group
Q16980647,Q17114287,1,InterOil,Newpark Resources
Q1194832,Q7516369,1,Toronto-Dominion Bank,SSR Mining
Q7516369,Q835456,1,SSR Mining,Sun Life Financial
Q498746,Q5445393,1,W. R. Grace and Company,Ferro Corporation
Q152433,Q5452733,1,Xerox,First Citizens BancShares
Q152433,Q795454,1,Xerox,Barnes & Noble
Q5452733,Q795454,1,First Citizens BancShares,Barnes & Noble
Q290680,Q619111,1,ADT Inc.,Apollo Group
Q17183768,Q193326,1,Hub Group,Goldman Sachs
Q1373493,Q3511946,1,Lowe's,T. Rowe Price
Q1373493,Q5323987,1,Lowe's,EQT
Q3511946,Q5323987,1,T. Rowe Price,EQT
Q17114308,Q632240,1,Nektar Therapeutics,Eli Lilly and Company
Q15964713,Q917487,1,Cepheid,Brinker International
Q17143142,Q30635731,1,REX American Resources,"Cboe Global Markets, Inc."
Q106238577,Q926806,1,Athene Holding,Carlyle Group
Q123616697,Q1655409,1,Camden National Corporation,Iamgold
Q190464,Q522617,1,HSBC,Invesco
Q290680,Q880942,1,ADT Inc.,Blackstone Group
Q290680,Q926806,1,ADT Inc.,Carlyle Group
Q420822,Q7761625,1,Gap Inc.,The Rouse Company
Q1472929,Q637440,1,"Nasdaq, Inc.",Lazard
Q193326,Q38589917,1,Goldman Sachs,DowDuPont
Q219508,Q38589917,1,Citigroup,DowDuPont
Q219508,Q637440,1,Citigroup,Lazard
Q219635,Q38589917,1,BlackRock,DowDuPont
Q219635,Q637440,1,BlackRock,Lazard
Q356212,Q7742790,1,Fossil,The J.M. Smucker Company
Q334204,Q38589917,1,Morgan Stanley,DowDuPont
Q334204,Q637440,1,Morgan Stanley,Lazard
Q38589917,Q637440,1,DowDuPont,Lazard
Q190464,Q65117079,1,HSBC,LoanDepot
Q219635,Q65117079,1,BlackRock,LoanDepot
Q522617,Q65117079,1,Invesco,LoanDepot
Q4816513,Q675585,1,Atlantic Power Corporation,Moody's Corporation
Q1652574,Q1825763,1,Manulife Financial,Lincoln National Corporation
Q1652574,Q607131,1,Manulife Financial,MetLife
Q1825763,Q607131,1,Lincoln National Corporation,MetLife
Q2283,Q544847,1,Microsoft,Qualcomm
Q248,Q301965,1,Intel,Sprint Corporation
Q5644848,Q7742790,1,Hamilton Beach Brands,The J.M. Smucker Company
Q1129792,Q54173,1,The Cooper Companies,General Electric
Q16975278,Q7098806,1,Green Dot Corporation,Optical Cable Corporation
Q106238577,Q290680,1,Athene Holding,ADT Inc.
Q106238577,Q619111,1,Athene Holding,Apollo Group
Q106238577,Q619121,1,Athene Holding,Apollo Global Management
Q106238577,Q880942,1,Athene Holding,Blackstone Group
Q123616697,Q190464,1,Camden National Corporation,HSBC
Q123616697,Q26678,1,Camden National Corporation,BMW Group
Q190464,Q26678,1,HSBC,BMW Group
Q1472929,Q54263910,1,"Nasdaq, Inc.",Vici Properties
Q356212,Q5644848,1,Fossil,Hamilton Beach Brands
Q4972280,Q629998,1,Broadridge Financial Solutions,General Mills
Q219508,Q426583,1,Citigroup,Sanmina Corporation
Q219508,Q663452,1,Citigroup,TE Connectivity
Q219508,Q7205253,1,Citigroup,Plug Power
Q426583,Q663452,1,Sanmina Corporation,TE Connectivity
Q426583,Q7205253,1,Sanmina Corporation,Plug Power
Q663452,Q7205253,1,TE Connectivity,Plug Power
Q1531473,Q963809,1,Plantronics,Polycom
Q447403,Q97961992,1,Alumina Limited,Brilliance China Automotive Holdings
Q192814,Q8030548,1,Harley-Davidson,Wolverine World Wide
Q459965,Q8030548,1,Caterpillar,Wolverine World Wide
Q1503728,Q214763,1,Rowan Companies,ConocoPhillips
Q1503728,Q65091423,1,Rowan Companies,Diamondback Energy
Q214763,Q65091423,1,ConocoPhillips,Diamondback Energy
Q106309492,Q17326957,1,"Agora, Inc.",Westlake Corporation
Q106309492,Q7557672,1,"Agora, Inc.",Solera Holdings
Q17326957,Q7557672,1,Westlake Corporation,Solera Holdings
Q1220078,Q1915079,1,Diebold Nixdorf,McDermott International
Q1220078,Q5095516,1,Diebold Nixdorf,Chicago Bridge & Iron Company
Q1220078,Q868587,1,Diebold Nixdorf,S&P Global
Q1915079,Q868587,1,McDermott International,S&P Global
Q5095516,Q868587,1,Chicago Bridge & Iron Company,S&P Global
Q156238,Q625713,1,ExxonMobil,BHP
Q3511946,Q502509,1,T. Rowe Price,Smith & Nephew
Q3511946,Q632240,1,T. Rowe Price,Eli Lilly and Company
Q3511946,Q642189,1,T. Rowe Price,Medtronic
Q1472929,Q8034666,1,"Nasdaq, Inc.","Workday, Inc."
Q297879,Q713418,1,ASML,TSMC
Q312,Q621610,1,Apple Inc.,Applied Materials
Q621610,Q713418,1,Applied Materials,TSMC
Q1472929,Q18619982,1,"Nasdaq, Inc.",Century Aluminum
Q1472929,Q72539,1,"Nasdaq, Inc.",U.S. Steel
Q1885491,Q20800404,1,FactSet,Alphabet Inc.
Q502509,Q632240,1,Smith & Nephew,Eli Lilly and Company
Q502509,Q905049,1,Smith & Nephew,Shire plc
Q632240,Q642189,1,Eli Lilly and Company,Medtronic
Q632240,Q905049,1,Eli Lilly and Company,Shire plc
Q642189,Q905049,1,Medtronic,Shire plc
Q155026,Q2304693,1,United Parcel Service,Southern Company
Q155026,Q7712716,1,United Parcel Service,The Advisory Board Company
Q2304693,Q35476,1,Southern Company,AT&T
Q2304693,Q7712716,1,Southern Company,The Advisory Board Company
Q35476,Q7712716,1,AT&T,The Advisory Board Company
Q2103926,Q7010502,1,UnitedHealth Group,New Mountain Capital
Q2103926,Q941127,1,UnitedHealth Group,Salesforce
Q7010502,Q941127,1,New Mountain Capital,Salesforce
Q1200840,Q153417,1,"Energizer Holdings, Inc.",Kroger
Q1200840,Q15678788,1,"Energizer Holdings, Inc.",Fiat Chrysler Automobiles
Q1200840,Q214346,1,"Energizer Holdings, Inc.",Viacom
Q1200840,Q35476,1,"Energizer Holdings, Inc.",AT&T
Q1200840,Q950380,1,"Energizer Holdings, Inc.",CBS Corporation
Q24705550,Q372657,1,Brookfield Business Partners,Credit Suisse
Q24705550,Q5592433,1,Brookfield Business Partners,GrafTech
Q372657,Q5592433,1,Credit Suisse,GrafTech
Q2287759,Q8058700,1,Simon Property Group,Younkers
Q106295041,Q780442,1,Digital Turbine,Uber
Q1472539,Q625713,1,Alpha Tomo Global Resoures Sdn Bhd,BHP
Q3511946,Q905049,1,T. Rowe Price,Shire plc
Q297879,Q621610,1,ASML,Applied Materials
Q15678788,Q214346,1,Fiat Chrysler Automobiles,Viacom
Q15678788,Q35476,1,Fiat Chrysler Automobiles,AT&T
Q15678788,Q771865,1,Fiat Chrysler Automobiles,Spectrum Brands
Q15678788,Q950380,1,Fiat Chrysler Automobiles,CBS Corporation
Q214346,Q771865,1,Viacom,Spectrum Brands
Q35476,Q771865,1,AT&T,Spectrum Brands
Q771865,Q950380,1,Spectrum Brands,CBS Corporation
Q16981897,Q2874395,1,Mercury Insurance Group,Avis Budget Group
Q1384324,Q1472929,1,Expeditors International,"Nasdaq, Inc."
Q1285819,Q5479360,1,TJX Companies,"Macy's, Inc."
Q119991,Q1410137,1,APA Corporation,Houlihan Lokey
Q119991,Q17141146,1,APA Corporation,CareCloud
Q1410137,Q17141146,1,Houlihan Lokey,CareCloud
Q11306218,Q2103926,1,Service Corporation International,UnitedHealth Group
Q11306218,Q7010502,1,Service Corporation International,New Mountain Capital
Q11306218,Q941127,1,Service Corporation International,Salesforce
Q1197548,Q1342041,1,Micron Technology,Lam Research
Q1197548,Q297879,1,Micron Technology,ASML
Q1197548,Q621610,1,Micron Technology,Applied Materials
Q1197548,Q713418,1,Micron Technology,TSMC
Q1342041,Q182477,1,Lam Research,Nvidia
Q1342041,Q297879,1,Lam Research,ASML
Q1342041,Q312,1,Lam Research,Apple Inc.
Q1342041,Q621610,1,Lam Research,Applied Materials
Q1342041,Q713418,1,Lam Research,TSMC
Q182477,Q297879,1,Nvidia,ASML
Q182477,Q621610,1,Nvidia,Applied Materials
Q248,Q434017,1,Intel,Altair Engineering
Q153417,Q214346,1,Kroger,Viacom
Q153417,Q35476,1,Kroger,AT&T
Q153417,Q771865,1,Kroger,Spectrum Brands
Q153417,Q950380,1,Kroger,CBS Corporation
Q173941,Q41187,1,Electronic Arts,Sony Group
Q173941,Q8093,1,Electronic Arts,Nintendo
Q24915031,Q338825,1,Envestnet,Accenture
Q10397787,Q1472929,1,"Aaron's, Inc.","Nasdaq, Inc."
Q1453620,Q1961658,1,Freeport-McMoRan,NV Energy
Q1453620,Q334204,1,Freeport-McMoRan,Morgan Stanley
Q1453620,Q66048,1,Freeport-McMoRan,Deutsche Bank
Q1961658,Q334204,1,NV Energy,Morgan Stanley
Q116452644,Q2103926,1,"Netflix, Inc.",UnitedHealth Group
Q193326,Q2103926,1,Goldman Sachs,UnitedHealth Group
Q1472929,Q6717732,1,"Nasdaq, Inc.",MSC Industrial Direct
Q21189883,Q6717732,1,Willis Towers Watson,MSC Industrial Direct
Q459477,Q607131,1,FedEx,MetLife
Q22243729,Q55931,1,Ferrari,Hyundai Motor Company
Q1152374,Q1824441,1,GE HealthCare,Life Technologies
Q153417,Q15678788,1,Kroger,Fiat Chrysler Automobiles
Q1181953,Q5639346,1,Deckers Outdoor Corporation,Hain Celestial Group
Q1181953,Q7313497,1,Deckers Outdoor Corporation,Rent-A-Center
Q5639346,Q7313497,1,Hain Celestial Group,Rent-A-Center
Q27022329,Q3884,1,Snap Inc.,Amazon
Q22121871,Q324616,1,Scansource,Ingram Micro
Q22121871,Q7662493,1,Scansource,Synnex
Q106309492,Q266423,1,"Agora, Inc.",Bristol-Myers Squibb
Q156238,Q193199,1,ExxonMobil,UBS
Q1067998,Q1885491,1,Cirrus Logic,FactSet
Q1067998,Q20800404,1,Cirrus Logic,Alphabet Inc.
Q1067998,Q2283,1,Cirrus Logic,Microsoft
Q1067998,Q312,1,Cirrus Logic,Apple Inc.
Q1824441,Q643674,1,Life Technologies,Thermo Fisher Scientific
Q10856243,Q58024,1,Newegg,eBay
Q3301958,Q58024,1,Overstock.com,eBay
Q3540193,Q58024,1,Wayfair,eBay
Q1418,Q460446,1,Nokia,Amdocs
Q2283,Q434017,1,Microsoft,Altair Engineering
Q20687182,Q5023914,1,Talen Energy,Calpine
Q66,Q950380,1,Boeing,CBS Corporation
Q26678,Q6647881,1,BMW Group,Lithia Motors
Q53268,Q6647881,1,Toyota,Lithia Motors
Q13218598,Q806215,1,NatWest Group,Santander Group
Q2874395,Q4738904,1,Avis Budget Group,"AmTrust Financial Services, Inc."
Q675585,Q868587,1,Moody's Corporation,S&P Global
Q190464,Q7045708,1,HSBC,Noble Corporation
Q1129792,Q715583,1,The Cooper Companies,Costco
Q1053422,Q214763,1,Cenovus Energy,ConocoPhillips
Q1053422,Q219508,1,Cenovus Energy,Citigroup
Q214763,Q219508,1,ConocoPhillips,Citigroup
Q1265181,Q334204,1,Dun & Bradstreet,Morgan Stanley
Q434017,Q95,1,Altair Engineering,Google
Q119844805,Q4972280,1,Hamilton Lane,Broadridge Financial Solutions
Q334204,Q470517,1,Morgan Stanley,Amgen
Q1472929,Q3305660,1,"Nasdaq, Inc.",Tailored Brands
Q106309492,Q5013012,1,"Agora, Inc.",CMS Energy
Q1128160,Q926806,1,Constellation Brands,Carlyle Group
Q106158,Q675585,1,S&P Global Ratings,Moody's Corporation
Q20486937,Q3067064,1,Superior Energy Services,Sociedad Química y Minera de Chile
Q109565934,Q706094,1,Opiant Pharmaceuticals,Stanley Black & Decker
Q19900,Q63327,1,Oracle Corporation,Airbnb
Q1961658,Q66048,1,NV Energy,Deutsche Bank
Q139545572,Q2981188,1,LuxExperience,Coca-Cola Enterprises
Q139545572,Q5384453,1,LuxExperience,Equifax
Q2981188,Q5384453,1,Coca-Cola Enterprises,Equifax
Q16255113,Q306764,1,Jazz Pharmaceuticals,Abbott Laboratories
Q17145596,Q917487,1,Tesco Corporation,Brinker International
Q486269,Q877536,1,Kodak,Dell EMC
Q372657,Q66,1,Credit Suisse,Boeing
Q18354527,Q663596,1,Trinseo,Gilead Sciences
Q1141267,Q5928181,1,Thomson Reuters,HudBay Minerals
Q5928181,Q880942,1,HudBay Minerals,Blackstone Group
Q1577587,Q5323987,1,Marathon Oil,EQT
Q1577587,Q656165,1,Marathon Oil,Halliburton
Q5323987,Q656165,1,EQT,Halliburton
Q1129792,Q24834296,1,The Cooper Companies,China Telecom
Q1472929,Q4732492,1,"Nasdaq, Inc.",Alliant Energy
Q2744099,Q507154,1,Vertex Pharmaceuticals,Novartis
Q2744099,Q8038871,1,Vertex Pharmaceuticals,WuXi AppTec
Q507154,Q8038871,1,Novartis,WuXi AppTec
Q507154,Q864338,1,Novartis,Biogen
Q8038871,Q864338,1,WuXi AppTec,Biogen
Q4778915,Q6723256,1,Cloudflare,Macerich
Q119844805,Q334204,1,Hamilton Lane,Morgan Stanley
Q1472929,Q7606770,1,"Nasdaq, Inc.",Stein Mart
Q3305660,Q3442791,1,Tailored Brands,Ross Dress for Less
Q3305660,Q7606770,1,Tailored Brands,Stein Mart
Q3442791,Q7606770,1,Ross Dress for Less,Stein Mart
Q4874958,Q5147194,1,Baytex Energy,Colliers International
Q487907,Q7833641,1,Bank of America,TransUnion
Q128738,Q544847,1,Anheuser-Busch InBev,Qualcomm
Q128738,Q81230,1,Anheuser-Busch InBev,Siemens
Q544847,Q81230,1,Qualcomm,Siemens
Q119991,Q917487,1,APA Corporation,Brinker International
Q41187,Q6044894,1,Sony Group,InterDigital
Q193412,Q319642,1,Texas Instruments,Chevron Corporation
Q193412,Q372657,1,Texas Instruments,Credit Suisse
Q193412,Q66,1,Texas Instruments,Boeing
Q248,Q319642,1,Intel,Chevron Corporation
Q319642,Q372657,1,Chevron Corporation,Credit Suisse
Q1472929,Q7893954,1,"Nasdaq, Inc.",Universal Forest Products
Q7893929,Q7893954,1,Universal Corporation,Universal Forest Products
Q2008551,Q66048,1,Oaktree Capital Management,Deutsche Bank
Q105557,Q7537214,1,Embraer,"SkyWest, Inc."
Q105557,Q822614,1,Embraer,Alaska Airlines
Q116452644,Q20630716,1,"Netflix, Inc.",Chemours
Q116452644,Q7889101,1,"Netflix, Inc.",United Rentals
Q20630716,Q478214,1,Chemours,Tesla
Q20630716,Q7889101,1,Chemours,United Rentals
Q478214,Q7889101,1,Tesla,United Rentals
Q1472929,Q5337641,1,"Nasdaq, Inc.",Edgewell Personal Care
Q17012234,Q5337641,1,Enphase Energy,Edgewell Personal Care
Q259011,Q312,1,Motorola,Apple Inc.
Q259011,Q426583,1,Motorola,Sanmina Corporation
Q312,Q426583,1,Apple Inc.,Sanmina Corporation
Q1472929,Q3442791,1,"Nasdaq, Inc.",Ross Dress for Less
Q1034654,Q16958713,1,Capital One,Clarcor
Q1061903,Q2529982,1,Live Nation Entertainment,The New York Times Company
Q1113804,Q1353939,1,Comcast,Etsy
Q1113804,Q63327,1,Comcast,Airbnb
Q1353939,Q467752,1,Etsy,Verizon Communications
Q1353939,Q63327,1,Etsy,Airbnb
Q467752,Q63327,1,Verizon Communications,Airbnb
Q1206980,Q1577587,1,Devon Energy,Marathon Oil
Q1206980,Q16829606,1,Devon Energy,Cimarex Energy
Q1577587,Q16829606,1,Marathon Oil,Cimarex Energy
Q193326,Q489921,1,Goldman Sachs,Mastercard
Q193326,Q7248721,1,Goldman Sachs,Progressive Corporation
Q219508,Q489921,1,Citigroup,Mastercard
Q219508,Q7248721,1,Citigroup,Progressive Corporation
Q489921,Q7248721,1,Mastercard,Progressive Corporation
Q1472929,Q7893929,1,"Nasdaq, Inc.",Universal Corporation
Q1472929,Q2923022,1,"Nasdaq, Inc.",Boyd Gaming
Q152433,Q3598926,1,Xerox,JD.com
Q1431486,Q3884,1,Orange,Amazon
Q1431486,Q81230,1,Orange,Siemens
Q3884,Q81230,1,Amazon,Siemens
Q452340,Q6541837,1,HSN,QVC Group
Q17080768,Q20800404,1,Silicon Graphics International,Alphabet Inc.
Q17080768,Q95,1,Silicon Graphics International,Google
Q1328252,Q24110304,1,Eletrobras,Brookfield Property Partners
Q1328252,Q35476,1,Eletrobras,AT&T
Q1328252,Q926806,1,Eletrobras,Carlyle Group
Q24110304,Q35476,1,Brookfield Property Partners,AT&T
Q1129792,Q17183768,1,The Cooper Companies,Hub Group
Q846743,Q880942,1,Orbotech,Blackstone Group
Q29739,Q596139,1,International,Mattel
Q2831861,Q38076,1,Albertsons,McDonald's
Q24110304,Q926806,1,Brookfield Property Partners,Carlyle Group
Q35476,Q926806,1,AT&T,Carlyle Group
Q130624258,Q6060469,1,Fifth Third Bancorp,Inversiones y Representaciones Sociedad Anónima
Q487907,Q6060469,1,Bank of America,Inversiones y Representaciones Sociedad Anónima
Q24110304,Q7371324,1,Brookfield Property Partners,Rouse Properties
Q24110304,Q908324,1,Brookfield Property Partners,Brookfield Corporation
Q7371324,Q908324,1,Rouse Properties,Brookfield Corporation
Q20165,Q2283,1,Nissan,Microsoft
Q1156045,Q7319192,1,Public Storage,Rex Energy
Q1023013,Q6994181,1,"CBRE, Inc.",Caladrius Biosciences
Q3511885,Q544847,1,T-Mobile US,Qualcomm
Q544847,Q9396,1,Qualcomm,Deutsche Telekom
Q1760641,Q219508,1,Parametric Technology Corporation,Citigroup
Q1760641,Q372657,1,Parametric Technology Corporation,Credit Suisse
Q219508,Q7120959,1,Citigroup,PTC Therapeutics
Q372657,Q7120959,1,Credit Suisse,PTC Therapeutics
Q327751,Q784804,1,Kraft Foods Group,AutoNation
Q327751,Q7880076,1,Kraft Foods Group,Ulta Beauty
Q38076,Q4686044,1,McDonald's,Advance America
Q38076,Q6391583,1,McDonald's,La-Z-Boy
Q38076,Q784804,1,McDonald's,AutoNation
Q38076,Q7880076,1,McDonald's,Ulta Beauty
Q4686044,Q6391583,1,Advance America,La-Z-Boy
Q14772,Q219508,1,Baidu,Citigroup
Q14772,Q2207629,1,Baidu,SPX Corporation
Q14772,Q744149,1,Baidu,Wells Fargo
Q1129792,Q917487,1,The Cooper Companies,Brinker International
Q1519267,Q20165,1,Omnicom Group,Nissan
Q1519267,Q327751,1,Omnicom Group,Kraft Foods Group
Q1519267,Q4686044,1,Omnicom Group,Advance America
Q1519267,Q6391583,1,Omnicom Group,La-Z-Boy
Q1519267,Q784804,1,Omnicom Group,AutoNation
Q1373493,Q35476,1,Lowe's,AT&T
Q1373493,Q66,1,Lowe's,Boeing
Q106158,Q7045708,1,S&P Global Ratings,Noble Corporation
Q1519267,Q4674790,1,Omnicom Group,Acquity Group
Q38076,Q4674790,1,McDonald's,Acquity Group
Q16953039,Q489921,1,Moelis & Company,Mastercard
Q16953039,Q804353,1,Moelis & Company,Baker Hughes
Q489921,Q804353,1,Mastercard,Baker Hughes
Q1519267,Q7880076,1,Omnicom Group,Ulta Beauty
Q20165,Q327751,1,Nissan,Kraft Foods Group
Q20165,Q4686044,1,Nissan,Advance America
Q20165,Q6391583,1,Nissan,La-Z-Boy
Q20165,Q784804,1,Nissan,AutoNation
Q20165,Q7880076,1,Nissan,Ulta Beauty
Q327751,Q38076,1,Kraft Foods Group,McDonald's
Q327751,Q4686044,1,Kraft Foods Group,Advance America
Q214346,Q3598926,1,Viacom,JD.com
Q3598926,Q950380,1,JD.com,CBS Corporation
Q1030544,Q5330003,1,Campbell's,Eastern Bank
Q212405,Q5330003,1,Procter & Gamble,Eastern Bank
Q1128160,Q1472929,1,Constellation Brands,"Nasdaq, Inc."
Q111384730,Q3067119,1,Stem Inc.,Fastenal
Q111384730,Q312,1,Stem Inc.,Apple Inc.
Q111384730,Q37156,1,Stem Inc.,IBM
Q3067119,Q312,1,Fastenal,Apple Inc.
Q3067119,Q37156,1,Fastenal,IBM
Q1472929,Q3518066,1,"Nasdaq, Inc.",Tenet Healthcare
Q1114148,Q1283291,1,Comerica,Valero Energy
Q4686044,Q7880076,1,Advance America,Ulta Beauty
Q6391583,Q784804,1,La-Z-Boy,AutoNation
Q6391583,Q7880076,1,La-Z-Boy,Ulta Beauty
Q784804,Q7880076,1,AutoNation,Ulta Beauty
Q44294,Q899183,1,Ford Motor Company,FMC Corporation
Q17112054,Q17141146,1,Silicon Valley Bank,CareCloud
Q276345,Q5881864,1,Millicom,HF Sinclair
Q16981897,Q791285,1,Mercury Insurance Group,Avon Products Inc.
Q1129792,Q1850587,1,The Cooper Companies,Polaris
Q11463,Q1850587,1,Adobe,Polaris
Q11463,Q312,1,Adobe,Apple Inc.
Q1850587,Q312,1,Polaris,Apple Inc.
Q1850587,Q58024,1,Polaris,eBay
Q1472929,Q2506396,1,"Nasdaq, Inc.",Voxx International
Q2506396,Q81965,1,Voxx International,General Motors
Q5013012,Q54173,1,CMS Energy,General Electric
Q4751571,Q5427196,1,Anaplan,FTI Consulting
Q16250432,Q66,1,Fidelity Southern Corporation,Boeing
Q4686044,Q784804,1,Advance America,AutoNation
Q152433,Q950380,1,Xerox,CBS Corporation
Q1114148,Q214346,1,Comerica,Viacom
Q1114148,Q3598926,1,Comerica,JD.com
Q1114148,Q950380,1,Comerica,CBS Corporation
Q1283291,Q1325987,1,Valero Energy,Tyson Foods
Q1283291,Q152433,1,Valero Energy,Xerox
Q1283291,Q214346,1,Valero Energy,Viacom
Q1283291,Q3598926,1,Valero Energy,JD.com
Q1283291,Q950380,1,Valero Energy,CBS Corporation
Q1325987,Q152433,1,Tyson Foods,Xerox
Q1325987,Q214346,1,Tyson Foods,Viacom
Q1325987,Q3598926,1,Tyson Foods,JD.com
Q1325987,Q950380,1,Tyson Foods,CBS Corporation
Q1023765,Q2529982,1,CIT Group,The New York Times Company
Q319642,Q483637,1,Chevron Corporation,Anadarko Petroleum
Q193326,Q5370757,1,Goldman Sachs,Emergent
Q1472929,Q16996714,1,"Nasdaq, Inc.","Amneal Pharmaceuticals, Inc."
Q1057464,Q324616,1,Hilton Worldwide,Ingram Micro
Q2529982,Q324616,1,The New York Times Company,Ingram Micro
Q1516410,Q7129613,1,Suncor Energy,Pan American Silver
Q544847,Q7067710,1,Qualcomm,NuScale
Q14772,Q58024,1,Baidu,eBay
Q1389504,Q477993,1,"Morningstar, Inc.",iHeartMedia
Q174198,Q7455653,1,Gartner,ServiceNow
Q1472929,Q5041354,1,"Nasdaq, Inc.",Carlisle Companies
Q190464,Q2094989,1,HSBC,Sumitomo Mitsui Financial Group
Q190464,Q464767,1,HSBC,American Greetings
Q2094989,Q464767,1,Sumitomo Mitsui Financial Group,American Greetings
Q2094989,Q645708,1,Sumitomo Mitsui Financial Group,ING Group
Q2094989,Q66048,1,Sumitomo Mitsui Financial Group,Deutsche Bank
Q464767,Q645708,1,American Greetings,ING Group
Q1114148,Q1325987,1,Comerica,Tyson Foods
Q1114148,Q152433,1,Comerica,Xerox
Q2283,Q739518,1,Microsoft,Aon plc
Q38076,Q4037686,1,McDonald's,Dunkin' Brands
Q4037686,Q668737,1,Dunkin' Brands,Yum! Brands
Q3999691,Q898208,1,Tronox,"Honeywell International, Inc."
Q1023876,Q645708,1,CME Group,ING Group
Q193326,Q206921,1,Goldman Sachs,Pfizer
Q206921,Q334204,1,Pfizer,Morgan Stanley
Q212322,Q487907,1,GSK,Bank of America
Q1477661,Q173476,1,PACCAR,Cummins
Q1472929,Q390074,1,"Nasdaq, Inc.",Houghton Mifflin Harcourt
Q17141393,Q487907,1,SJW Group,Bank of America
Q487907,Q60748073,1,Bank of America,"Connecticut Water Service, Inc."
Q1196745,Q1472929,1,Rambus,"Nasdaq, Inc."
Q1023765,Q324616,1,CIT Group,Ingram Micro
Q1023765,Q66048,1,CIT Group,Deutsche Bank
Q1057464,Q2529982,1,Hilton Worldwide,The New York Times Company
Q60742568,Q7833641,1,CalAmp,TransUnion
Q6663075,Q7833641,1,LoJack,TransUnion
Q1053560,Q16920636,1,CenterPoint Energy,United Bank
Q1053560,Q212235,1,CenterPoint Energy,American International Group
Q1053560,Q650259,1,CenterPoint Energy,Fresenius Medical Care
Q1053560,Q910866,1,CenterPoint Energy,Humana
Q1196745,Q248,1,Rambus,Intel
Q1541470,Q48814381,1,GPA,Aphria
Q212322,Q6410043,1,GSK,Kimco Realty
Q212322,Q6541925,1,GSK,Liberty Property Trust
Q6410043,Q6541925,1,Kimco Realty,Liberty Property Trust
Q624375,Q7512923,1,CVS Health,Signet Jewelers Limited
Q7090375,Q7512923,1,Omnicare,Signet Jewelers Limited
Q1046951,Q5384453,1,Target Corporation,Equifax
Q1046951,Q739518,1,Target Corporation,Aon plc
Q2283,Q5384453,1,Microsoft,Equifax
Q650259,Q7917863,1,Fresenius Medical Care,Vectren
Q650259,Q910866,1,Fresenius Medical Care,Humana
Q7917863,Q910866,1,Vectren,Humana
Q1572831,Q193326,1,Yingli,Goldman Sachs
Q18387139,Q5384453,1,Synchrony Financial,Equifax
Q18387139,Q54173,1,Synchrony Financial,General Electric
Q5384453,Q54173,1,Equifax,General Electric
Q1453620,Q483637,1,Freeport-McMoRan,Anadarko Petroleum
Q1137289,Q768773,1,Nuance Communications,MSCI
Q312,Q5384453,1,Apple Inc.,Equifax
Q312,Q739518,1,Apple Inc.,Aon plc
Q5384453,Q739518,1,Equifax,Aon plc
Q1472929,Q60742568,1,"Nasdaq, Inc.",CalAmp
Q1472929,Q6663075,1,"Nasdaq, Inc.",LoJack
Q1472929,Q7833641,1,"Nasdaq, Inc.",TransUnion
Q60742568,Q6663075,1,CalAmp,LoJack
Q1472929,Q477993,1,"Nasdaq, Inc.",iHeartMedia
Q477993,Q744683,1,iHeartMedia,Franklin Templeton Investments
Q245343,Q4931457,1,Barclays plc,Boardwalk Pipeline Partners
Q245343,Q826526,1,Barclays plc,Loews Corporation
Q128738,Q18619470,1,Anheuser-Busch InBev,Restaurant Brands International
Q128738,Q19681433,1,Anheuser-Busch InBev,Kraft Heinz
Q128738,Q327751,1,Anheuser-Busch InBev,Kraft Foods Group
Q18619470,Q19681433,1,Restaurant Brands International,Kraft Heinz
Q18619470,Q327751,1,Restaurant Brands International,Kraft Foods Group
Q1023765,Q1057464,1,CIT Group,Hilton Worldwide
Q16920636,Q650259,1,United Bank,Fresenius Medical Care
Q16920636,Q7917863,1,United Bank,Vectren
Q16920636,Q910866,1,United Bank,Humana
Q212235,Q650259,1,American International Group,Fresenius Medical Care
Q212235,Q7917863,1,American International Group,Vectren
Q212235,Q910866,1,American International Group,Humana
Q483637,Q688687,1,Anadarko Petroleum,Encana
Q3884,Q864407,1,Amazon,The Home Depot
Q483551,Q864407,1,Walmart,The Home Depot
Q3312613,Q5552410,1,Midas,Geron Corporation
Q1129792,Q5170128,1,The Cooper Companies,Core-Mark
Q1129792,Q5170174,1,The Cooper Companies,Core Laboratories
Q5170128,Q5170174,1,Core-Mark,Core Laboratories
Q24204493,Q7455653,1,Veeva Systems,ServiceNow
Q37156,Q7455653,1,IBM,ServiceNow
Q328840,Q41187,1,Visa,Sony Group
Q328840,Q780442,1,Visa,Uber
Q14647,Q19923099,1,Sun Microsystems,Hewlett Packard Enterprise
Q14647,Q267313,1,Sun Microsystems,"McAfee, LLC"
Q14647,Q28782856,1,Sun Microsystems,DXC Technology
Q16920636,Q212235,1,United Bank,American International Group
Q1389504,Q744683,1,"Morningstar, Inc.",Franklin Templeton Investments
Q106301656,Q19923099,1,Dada Nexus Limited,Hewlett Packard Enterprise
Q106301656,Q2283,1,Dada Nexus Limited,Microsoft
Q106301656,Q259011,1,Dada Nexus Limited,Motorola
Q106301656,Q7555837,1,Dada Nexus Limited,SolarWinds
Q19923099,Q7555837,1,Hewlett Packard Enterprise,SolarWinds
Q14647,Q518016,1,Sun Microsystems,Unisys
Q19923099,Q28782856,1,Hewlett Packard Enterprise,DXC Technology
Q19923099,Q518016,1,Hewlett Packard Enterprise,Unisys
Q267313,Q28782856,1,"McAfee, LLC",DXC Technology
Q267313,Q518016,1,"McAfee, LLC",Unisys
Q28782856,Q518016,1,DXC Technology,Unisys
Q1541470,Q312,1,GPA,Apple Inc.
Q312,Q3518066,1,Apple Inc.,Tenet Healthcare
Q334800,Q790650,1,PepsiCo,Avery Dennison
Q39046155,Q483637,1,Antero Resources,Anadarko Petroleum
Q39046155,Q688687,1,Antero Resources,Encana
Q3301958,Q6049324,1,Overstock.com,International Coal Group
Q1129792,Q17020720,1,The Cooper Companies,SoFi
Q1129792,Q193326,1,The Cooper Companies,Goldman Sachs
Q17020720,Q193326,1,SoFi,Goldman Sachs
Q1472929,Q6029685,1,"Nasdaq, Inc.",Infinera
Q18148411,Q3884,1,Esterline,Amazon
Q18148411,Q483551,1,Esterline,Walmart
Q1389504,Q1472929,1,"Morningstar, Inc.","Nasdaq, Inc."
Q161086,Q333718,1,JetBlue Airways,Johnson & Johnson
Q161086,Q596139,1,JetBlue Airways,Mattel
Q161086,Q81965,1,JetBlue Airways,General Motors
Q2529982,Q333718,1,The New York Times Company,Johnson & Johnson
Q2529982,Q596139,1,The New York Times Company,Mattel
Q333718,Q596139,1,Johnson & Johnson,Mattel
Q333718,Q81965,1,Johnson & Johnson,General Motors
Q596139,Q81965,1,Mattel,General Motors
Q259011,Q7555837,1,Motorola,SolarWinds
Q1113804,Q20165,1,Comcast,Nissan
Q20165,Q301965,1,Nissan,Sprint Corporation
Q3312613,Q582418,1,Midas,ITT Corporation
Q26215536,Q9396,1,Axalta Coating Systems,Deutsche Telekom
Q1197548,Q123616697,1,Micron Technology,Camden National Corporation
Q1197548,Q483915,1,Micron Technology,Nike
Q1197548,Q768773,1,Micron Technology,MSCI
Q123616697,Q1472929,1,Camden National Corporation,"Nasdaq, Inc."
Q123616697,Q483915,1,Camden National Corporation,Nike
Q483915,Q768773,1,Nike,MSCI
Q161086,Q2529982,1,JetBlue Airways,The New York Times Company
Q1113804,Q3511885,1,Comcast,T-Mobile US
Q17112054,Q27500963,1,Silicon Valley Bank,Dell Technologies
Q17112054,Q5038056,1,Silicon Valley Bank,Carbonite
Q27500963,Q5038056,1,Dell Technologies,Carbonite
Q26678,Q3067064,1,BMW Group,Sociedad Química y Minera de Chile
Q26678,Q6955139,1,BMW Group,NRG Energy
Q3067064,Q6955139,1,Sociedad Química y Minera de Chile,NRG Energy
Q153417,Q21072695,1,Kroger,Vista Outdoor
Q153417,Q219635,1,Kroger,BlackRock
Q1156045,Q328840,1,Public Storage,Visa
Q22121865,Q5376661,1,Cimpress,Endurance International Group
Q1113804,Q127278673,1,Comcast,LinkedIn Corporation
Q1809448,Q5427196,1,Whole Foods Market,FTI Consulting
Q334204,Q5427196,1,Morgan Stanley,FTI Consulting
Q3884,Q5427196,1,Amazon,FTI Consulting
Q2495283,Q7939183,1,United Online,VocalTec
Q1472929,Q1570773,1,"Nasdaq, Inc.",Kohlberg Kravis Roberts
Q1472929,Q926806,1,"Nasdaq, Inc.",Carlyle Group
Q193326,Q926806,1,Goldman Sachs,Carlyle Group
Q2837996,Q47016300,1,Alliance Data,Autohome
Q11463,Q1347782,1,Adobe,Marvell Technology
Q11463,Q1472929,1,Adobe,"Nasdaq, Inc."
Q11463,Q17551096,1,Adobe,Keysight Technologies
Q1347782,Q17551096,1,Marvell Technology,Keysight Technologies
Q1472929,Q17551096,1,"Nasdaq, Inc.",Keysight Technologies
Q37156,Q5923178,1,IBM,Itron
Q37156,Q662095,1,IBM,Edison International
Q5923178,Q662095,1,Itron,Edison International
Q459965,Q8033550,1,Caterpillar,Woodward
Q1325369,Q329953,1,Elbit Systems Ltd.,Northrop Grumman Corporation
Q4474231,Q5509271,1,Jakks Pacific,Funko
Q501476,Q5509271,1,Hasbro,Funko
Q5509271,Q596139,1,Funko,Mattel
Q15727302,Q334204,1,Arcos Dorados Holdings,Morgan Stanley
Q2961234,Q3511885,1,Charter Communications,T-Mobile US
Q2961234,Q467752,1,Charter Communications,Verizon Communications
Q193326,Q7984882,1,Goldman Sachs,West Corporation
Q219508,Q7984882,1,Citigroup,West Corporation
Q372657,Q7984882,1,Credit Suisse,West Corporation
Q66048,Q7984882,1,Deutsche Bank,West Corporation
Q1666040,Q18151484,1,"Interface, Inc.",Methode Electronics
Q6049324,Q7934906,1,International Coal Group,Virtu Financial
Q1023765,Q106158,1,CIT Group,S&P Global Ratings
Q17145596,Q1962059,1,Tesco Corporation,Nabors Industries
Q2904022,Q524989,1,Bio-Rad Laboratories,NCR Corporation
Q29739,Q524989,1,International,NCR Corporation
Q465751,Q5059102,1,Chipotle Mexican Grill,Centene Corporation
Q5985017,Q6690181,1,Icahn Enterprises,LoveSac
Q11463,Q21077,1,Adobe,Warner Music Group
Q21077,Q58024,1,Warner Music Group,eBay
Q1751032,Q7847309,1,Plum Creek Timber,TrueCar
Q334800,Q5376661,1,PepsiCo,Endurance International Group
Q1472929,Q5575439,1,"Nasdaq, Inc.",Shanda
Q196259,Q344341,1,NetEase,Activision Blizzard
Q196259,Q5575439,1,NetEase,Shanda
Q344341,Q5575439,1,Activision Blizzard,Shanda
Q327751,Q7830012,1,Kraft Foods Group,Town Sports International Holdings
Q14993631,Q165684,1,Science Applications International Corporation,Rogers Communications
Q356212,Q483551,1,Fossil,Walmart
Q22121865,Q334800,1,Cimpress,PepsiCo
Q48814381,Q5484477,1,Aphria,Franco-Nevada
Q1465461,Q459965,1,National Grid,Caterpillar
Q266423,Q459965,1,Bristol-Myers Squibb,Caterpillar
Q3884,Q619111,1,Amazon,Apollo Group
Q3884,Q7512923,1,Amazon,Signet Jewelers Limited
Q619111,Q7512923,1,Apollo Group,Signet Jewelers Limited
Q66048,Q7512923,1,Deutsche Bank,Signet Jewelers Limited
Q1472929,Q7984882,1,"Nasdaq, Inc.",West Corporation
Q428977,Q7392916,1,Pitney Bowes,SS&C Technologies
Q428977,Q880942,1,Pitney Bowes,Blackstone Group
Q5206198,Q66048,1,DST Systems,Deutsche Bank
Q5206198,Q880942,1,DST Systems,Blackstone Group
Q66048,Q7392916,1,Deutsche Bank,SS&C Technologies
Q25796,Q267313,1,AGL Resources,"McAfee, LLC"
Q108770716,Q459965,1,Samsara,Caterpillar
Q23134166,Q37158,1,RealPage,Starbucks
Q29921278,Q5429751,1,Nio Inc.,FairPoint Communications
Q1758392,Q4886950,1,"IDEXX Laboratories, Inc.",Benchmark Electronics
Q15109925,Q157062,1,Tractor Supply Company,Unilever
Q15109925,Q17145596,1,Tractor Supply Company,Tesco Corporation
Q1465461,Q266423,1,National Grid,Bristol-Myers Squibb
Q8033550,Q81230,1,Woodward,Siemens
Q1472929,Q196259,1,"Nasdaq, Inc.",NetEase
Q1472929,Q344341,1,"Nasdaq, Inc.",Activision Blizzard
Q624798,Q697311,1,Canadian National Railway,Magna International
Q1113804,Q23680081,1,Comcast,PJT Partners
Q23680081,Q334204,1,PJT Partners,Morgan Stanley
Q1045758,Q1472929,1,United Technologies Corporation,"Nasdaq, Inc."
Q1045758,Q459965,1,United Technologies Corporation,Caterpillar
Q1045758,Q8033550,1,United Technologies Corporation,Woodward
Q1045758,Q81230,1,United Technologies Corporation,Siemens
Q1511043,Q899395,1,Gerdau,Braskem
Q294721,Q8075252,1,AMC Theatres,Zumiez
Q18619272,Q5416929,1,Greenhill & Co.,Evercore Partners
Q1655409,Q428977,1,Iamgold,Pitney Bowes
Q1655409,Q5206198,1,Iamgold,DST Systems
Q1655409,Q66048,1,Iamgold,Deutsche Bank
Q1655409,Q7392916,1,Iamgold,SS&C Technologies
Q428977,Q5206198,1,Pitney Bowes,DST Systems
Q428977,Q66048,1,Pitney Bowes,Deutsche Bank
Q30268745,Q7171522,1,AC Immune,"Pet, Inc."
Q5762186,Q7615829,1,Hill International,Stewart Information Services Corporation
Q2749364,Q2866017,1,Fortinet,Aruba Networks
Q1424962,Q4744822,1,IHG Hotels & Resorts,American Reprographics Company
Q14647,Q248,1,Sun Microsystems,Intel
Q24705550,Q908324,1,Brookfield Business Partners,Brookfield Corporation
Q245343,Q947718,1,Barclays plc,Reynolds American
Q3197996,Q7934906,1,Knight Capital Group,Virtu Financial
Q3197996,Q841458,1,Knight Capital Group,Intercontinental Exchange
Q7934906,Q841458,1,Virtu Financial,Intercontinental Exchange
Q1206686,Q17512182,1,DDR Corp.,Brixmor Property Group
Q1206686,Q6410043,1,DDR Corp.,Kimco Realty
Q17512182,Q6410043,1,Brixmor Property Group,Kimco Realty
Q48814381,Q624798,1,Aphria,Canadian National Railway
Q48814381,Q697311,1,Aphria,Magna International
Q5484477,Q697311,1,Franco-Nevada,Magna International
Q154950,Q7512923,1,Shell,Signet Jewelers Limited
Q157062,Q7512923,1,Unilever,Signet Jewelers Limited
Q190464,Q7512923,1,HSBC,Signet Jewelers Limited
Q328840,Q768773,1,Visa,MSCI
Q206921,Q905049,1,Pfizer,Shire plc
Q1030544,Q12857502,1,Campbell's,Mondelez International
Q207983,Q9396,1,Monsanto,Deutsche Telekom
Q7392916,Q880942,1,SS&C Technologies,Blackstone Group
Q20800404,Q583268,1,Alphabet Inc.,Vale
Q20800404,Q899395,1,Alphabet Inc.,Braskem
Q312,Q583268,1,Apple Inc.,Vale
Q312,Q899395,1,Apple Inc.,Braskem
Q583268,Q899395,1,Vale,Braskem
Q190464,Q192314,1,HSBC,JPMorgan Chase
Q192314,Q193199,1,JPMorgan Chase,UBS
Q1045758,Q1134069,1,United Technologies Corporation,Otis Worldwide Corporation
Q2749364,Q4863194,1,Fortinet,Barracuda Networks
Q2749364,Q877536,1,Fortinet,Dell EMC
Q2866017,Q4863194,1,Aruba Networks,Barracuda Networks
Q2866017,Q877536,1,Aruba Networks,Dell EMC
Q4863194,Q877536,1,Barracuda Networks,Dell EMC
Q38076,Q6758107,1,McDonald's,Marcus Corporation
Q1511043,Q20800404,1,Gerdau,Alphabet Inc.
Q1511043,Q312,1,Gerdau,Apple Inc.
Q1418,Q486269,1,Nokia,Kodak
Q16829606,Q245343,1,Cimarex Energy,Barclays plc
Q16829606,Q372657,1,Cimarex Energy,Credit Suisse
Q193326,Q806215,1,Goldman Sachs,Santander Group
Q334204,Q806215,1,Morgan Stanley,Santander Group
Q66048,Q806215,1,Deutsche Bank,Santander Group
Q3067064,Q334204,1,Sociedad Química y Minera de Chile,Morgan Stanley
Q780442,Q80978,1,Uber,Hewlett-Packard
Q1850587,Q4817084,1,Polaris,Atmos Energy
Q15507516,Q3493556,1,Triumph Group,Spirit AeroSystems
Q1655409,Q7924358,1,Iamgold,Viasat
Q1655409,Q9396,1,Iamgold,Deutsche Telekom
Q1515039,Q7128508,1,WME Group,Palo Alto Networks
Q108770716,Q296782,1,Samsara,Arm Holdings
Q108770716,Q894558,1,Samsara,Boston Beer Company
Q296782,Q894558,1,Arm Holdings,Boston Beer Company
Q334204,Q5227485,1,Morgan Stanley,Dataram
Q11235714,Q1548363,1,NIS Group,Magic Software Enterprises Ltd.
Q16829606,Q219508,1,Cimarex Energy,Citigroup
Q372657,Q806206,1,Credit Suisse,Bancolombia
Q19923099,Q2749364,1,Hewlett Packard Enterprise,Fortinet
Q19923099,Q2866017,1,Hewlett Packard Enterprise,Aruba Networks
Q19923099,Q4863194,1,Hewlett Packard Enterprise,Barracuda Networks
Q3884,Q780442,1,Amazon,Uber
Q1534597,Q7573905,1,Gold Fields,Spartan Motors
Q1046951,Q2581220,1,Target Corporation,"Williams-Sonoma, Inc."
Q1046951,Q37158,1,Target Corporation,Starbucks
Q2581220,Q319344,1,"Williams-Sonoma, Inc.",Abercrombie & Fitch
Q2581220,Q37158,1,"Williams-Sonoma, Inc.",Starbucks
Q2581220,Q420822,1,"Williams-Sonoma, Inc.",Gap Inc.
Q37158,Q420822,1,Starbucks,Gap Inc.
Q105557,Q1359568,1,Embraer,Alibaba Group
Q1472929,Q3511885,1,"Nasdaq, Inc.",T-Mobile US
Q301965,Q7098552,1,Sprint Corporation,Oppenheimer Holdings
Q334204,Q7098552,1,Morgan Stanley,Oppenheimer Holdings
Q3511885,Q7098552,1,T-Mobile US,Oppenheimer Holdings
Q7098552,Q9396,1,Oppenheimer Holdings,Deutsche Telekom
Q24890758,Q7128508,1,CrowdStrike,Palo Alto Networks
Q106309492,Q1850587,1,"Agora, Inc.",Polaris
Q106309492,Q4817084,1,"Agora, Inc.",Atmos Energy
Q2283,Q7885165,1,Microsoft,Unify Corporation
Q2283,Q963809,1,Microsoft,Polycom
Q7924358,Q9396,1,Viasat,Deutsche Telekom
Q1472929,Q1654103,1,"Nasdaq, Inc.",IMAX Corporation
Q247489,Q7934840,1,Merck & Co.,ViroPharma
Q247489,Q905049,1,Merck & Co.,Shire plc
Q7934840,Q905049,1,ViroPharma,Shire plc
Q20800404,Q643626,1,Alphabet Inc.,Aptiv
Q544847,Q6415714,1,Qualcomm,Kirkland's
Q108770716,Q312,1,Samsara,Apple Inc.
Q1472929,Q1872227,1,"Nasdaq, Inc.",Louisiana-Pacific
Q105602379,Q1957521,1,Five9 Inc.,Mitel
Q105602379,Q2283,1,Five9 Inc.,Microsoft
Q1066858,Q715583,1,Tiffany & Co.,Costco
Q38076,Q53268,1,McDonald's,Toyota
Q38076,Q9584,1,McDonald's,Honda
Q11235714,Q903957,1,NIS Group,Icl Group Ltd
Q19605389,Q903957,1,Kenon Holdings Ltd,Icl Group Ltd
Q2529982,Q96095585,1,The New York Times Company,Pinterest Inc.
Q105602379,Q35476,1,Five9 Inc.,AT&T
Q105602379,Q37156,1,Five9 Inc.,IBM
Q105602379,Q7334682,1,Five9 Inc.,RingCentral
Q105602379,Q7885165,1,Five9 Inc.,Unify Corporation
Q105602379,Q95,1,Five9 Inc.,Google
Q105602379,Q963809,1,Five9 Inc.,Polycom
Q1957521,Q2283,1,Mitel,Microsoft
Q1957521,Q35476,1,Mitel,AT&T
Q1957521,Q37156,1,Mitel,IBM
Q1957521,Q7334682,1,Mitel,RingCentral
Q1957521,Q7885165,1,Mitel,Unify Corporation
Q1957521,Q95,1,Mitel,Google
Q1957521,Q963809,1,Mitel,Polycom
Q1359568,Q207983,1,Alibaba Group,Monsanto
Q1359568,Q66,1,Alibaba Group,Boeing
Q1359568,Q7833641,1,Alibaba Group,TransUnion
Q207983,Q7833641,1,Monsanto,TransUnion
Q66,Q7833641,1,Boeing,TransUnion
Q17460900,Q372657,1,Zoom Video Communications,Credit Suisse
Q35476,Q7885165,1,AT&T,Unify Corporation
Q35476,Q963809,1,AT&T,Polycom
Q37156,Q7885165,1,IBM,Unify Corporation
Q37156,Q963809,1,IBM,Polycom
Q7334682,Q7885165,1,RingCentral,Unify Corporation
Q7334682,Q95,1,RingCentral,Google
Q7334682,Q963809,1,RingCentral,Polycom
Q7885165,Q95,1,Unify Corporation,Google
Q7885165,Q963809,1,Unify Corporation,Polycom
Q95,Q963809,1,Google,Polycom
Q1472929,Q5323987,1,"Nasdaq, Inc.",EQT
Q1374135,Q607131,1,Prudential plc,MetLife
Q1083470,Q108770716,1,Echelon Corporation,Samsara
Q1200840,Q147224,1,"Energizer Holdings, Inc.",HRG Group
Q1197548,Q18169198,1,Micron Technology,Qorvo
Q1197548,Q467752,1,Micron Technology,Verizon Communications
Q18169198,Q193199,1,Qorvo,UBS
Q18169198,Q467752,1,Qorvo,Verizon Communications
Q312,Q9584,1,Apple Inc.,Honda
Q1472929,Q5370757,1,"Nasdaq, Inc.",Emergent
Q18354527,Q312,1,Trinseo,Apple Inc.
Q35476,Q7334682,1,AT&T,RingCentral
Q105557,Q207983,1,Embraer,Monsanto
Q105557,Q7833641,1,Embraer,TransUnion
Q108770716,Q1359568,1,Samsara,Alibaba Group
Q108770716,Q7833641,1,Samsara,TransUnion
Q1155668,Q713418,1,NXP Semiconductors,TSMC
Q1032229,Q319642,1,Canadian Natural Resources,Chevron Corporation
Q105557,Q108770716,1,Embraer,Samsara
Q312,Q5370757,1,Apple Inc.,Emergent
Q5370757,Q768773,1,Emergent,MSCI
Q319642,Q459965,1,Chevron Corporation,Caterpillar
Q104480207,Q2744099,1,CRISPR Therapeutics,Vertex Pharmaceuticals
Q104480207,Q864338,1,CRISPR Therapeutics,Biogen
Q10876705,Q1472929,1,ZTO Express,"Nasdaq, Inc."
Q10876705,Q54173,1,ZTO Express,General Electric
Q2874395,Q334204,1,Avis Budget Group,Morgan Stanley
Q18619467,Q3999691,1,Rayonier Advanced Materials,Tronox
Q18619467,Q772813,1,Rayonier Advanced Materials,Univar Solutions
Q3999691,Q772813,1,Tronox,Univar Solutions
Q1472929,Q768231,1,"Nasdaq, Inc.",Express Scripts
Q53268,Q768231,1,Toyota,Express Scripts
Q5928181,Q7856196,1,HudBay Minerals,Turquoise Hill Resources
Q1472929,Q5046846,1,"Nasdaq, Inc.",cars.com
Q397223,Q48742870,1,Agrium,Nutrien
Q193199,Q2142669,1,UBS,AmBev
Q738770,Q898208,1,Western Digital,"Honeywell International, Inc."
Q1264404,Q677464,1,Duke Energy,Dominion Energy
Q2304693,Q677464,1,Southern Company,Dominion Energy
Q1472929,Q5453107,1,"Nasdaq, Inc.",First Interstate Bank
Q5453107,Q744149,1,First Interstate Bank,Wells Fargo
Q18354527,Q5370757,1,Trinseo,Emergent
Q17460900,Q880942,1,Zoom Video Communications,Blackstone Group
Q1520122,Q214346,1,Getty Images,Viacom
Q1520122,Q950380,1,Getty Images,CBS Corporation
Q16255113,Q5552410,1,Jazz Pharmaceuticals,Geron Corporation
Q334204,Q7915220,1,Morgan Stanley,Worldpay
Q619121,Q7915220,1,Apollo Global Management,Worldpay
Q37156,Q5275716,1,IBM,Digi International
Q1534597,Q7002903,1,Gold Fields,Neustar
Q1534597,Q7571280,1,Gold Fields,Southwest Gas
Q7002903,Q7571280,1,Neustar,Southwest Gas
Q2167391,Q675585,1,Gateway,Moody's Corporation
Q1472929,Q815327,1,"Nasdaq, Inc.",Belden
Q144617,Q193326,1,TIM Group,Goldman Sachs
Q17460900,Q193199,1,Zoom Video Communications,UBS
Q1472929,Q173395,1,"Nasdaq, Inc.",Cisco
Q30282590,Q3884,1,"Precigen, Inc",Amazon
Q3518066,Q3884,1,Tenet Healthcare,Amazon
Q122141,Q625713,1,Vodafone,BHP
Q157062,Q625713,1,Unilever,BHP
Q430745,Q625713,1,Teradata,BHP
Q312,Q470156,1,Apple Inc.,Cencora
Q155026,Q95,1,United Parcel Service,Google
Q153417,Q1591889,1,Kroger,Walgreens
Q5494350,Q624375,1,Fred's,CVS Health
Q1472929,Q212433,1,"Nasdaq, Inc.",Avaya
Q106158,Q459477,1,S&P Global Ratings,FedEx
Q37158,Q459477,1,Starbucks,FedEx
Q2283,Q7098806,1,Microsoft,Optical Cable Corporation
Q108770716,Q5906990,1,Samsara,Hortonworks
Q128896,Q459965,1,AMD,Caterpillar
Q128896,Q478214,1,AMD,Tesla
Q128896,Q66,1,AMD,Boeing
Q128896,Q81965,1,AMD,General Motors
Q3884,Q81965,1,Amazon,General Motors
Q459965,Q478214,1,Caterpillar,Tesla
Q478214,Q66,1,Tesla,Boeing
Q30282590,Q3518066,1,"Precigen, Inc",Tenet Healthcare
Q1472929,Q5275716,1,"Nasdaq, Inc.",Digi International
Q39052499,Q4914611,1,Tonix Pharmaceuticals,BioCryst Pharmaceuticals
Q39052499,Q663596,1,Tonix Pharmaceuticals,Gilead Sciences
Q470517,Q4914611,1,Amgen,BioCryst Pharmaceuticals
Q4914611,Q663596,1,BioCryst Pharmaceuticals,Gilead Sciences
Q1472929,Q15109905,1,"Nasdaq, Inc.",Maxygen
Q106158,Q37158,1,S&P Global Ratings,Starbucks
Q1472929,Q2034659,1,"Nasdaq, Inc.",Extreme Networks
Q1472929,Q5450340,1,"Nasdaq, Inc.",Finisar
Q173395,Q2034659,1,Cisco,Extreme Networks
Q173395,Q219508,1,Cisco,Citigroup
Q173395,Q5450340,1,Cisco,Finisar
Q2034659,Q219508,1,Extreme Networks,Citigroup
Q2034659,Q35476,1,Extreme Networks,AT&T
Q2034659,Q5450340,1,Extreme Networks,Finisar
Q219508,Q5450340,1,Citigroup,Finisar
Q35476,Q5450340,1,AT&T,Finisar
Q7308054,Q864338,1,Regeneron Pharmaceuticals,Biogen
Q731938,Q864338,1,AstraZeneca,Biogen
Q47500199,Q7416970,1,Aurora Cannabis,Sandstorm Gold
Q624798,Q7416970,1,Canadian National Railway,Sandstorm Gold
Q1472929,Q247489,1,"Nasdaq, Inc.",Merck & Co.
Q1472929,Q39052499,1,"Nasdaq, Inc.",Tonix Pharmaceuticals
Q1472929,Q4914611,1,"Nasdaq, Inc.",BioCryst Pharmaceuticals
Q15109905,Q247489,1,Maxygen,Merck & Co.
Q15109905,Q39052499,1,Maxygen,Tonix Pharmaceuticals
Q15109905,Q470517,1,Maxygen,Amgen
Q15109905,Q4914611,1,Maxygen,BioCryst Pharmaceuticals
Q15109905,Q663596,1,Maxygen,Gilead Sciences
Q247489,Q39052499,1,Merck & Co.,Tonix Pharmaceuticals
Q247489,Q470517,1,Merck & Co.,Amgen
Q247489,Q4914611,1,Merck & Co.,BioCryst Pharmaceuticals
Q39052499,Q470517,1,Tonix Pharmaceuticals,Amgen
Q5184408,Q7673435,1,Crescent Point Energy,"Tableau Software, Inc."
Q14647,Q80978,1,Sun Microsystems,Hewlett-Packard
Q19900,Q80978,1,Oracle Corporation,Hewlett-Packard
Q1049080,Q1472929,1,Juniper Networks,"Nasdaq, Inc."
Q1049080,Q173395,1,Juniper Networks,Cisco
Q1049080,Q2034659,1,Juniper Networks,Extreme Networks
Q1049080,Q219508,1,Juniper Networks,Citigroup
Q1049080,Q5450340,1,Juniper Networks,Finisar
Q1325987,Q156238,1,Tyson Foods,ExxonMobil
Q7416970,Q905998,1,Sandstorm Gold,Sasol
Q1129426,Q312,1,Convergys,Apple Inc.
Q1129426,Q35476,1,Convergys,AT&T
Q1129426,Q38076,1,Convergys,McDonald's
Q35476,Q38076,1,AT&T,McDonald's
Q1155668,Q1885491,1,NXP Semiconductors,FactSet
Q16974682,Q864338,1,Alnylam Pharmaceuticals,Biogen
Q22671405,Q5696498,1,B2Gold,Hecla Mining
Q7165001,Q80978,1,Pentair,Hewlett-Packard
Q1465461,Q1472539,1,National Grid,Alpha Tomo Global Resoures Sdn Bhd
Q1465461,Q619121,1,National Grid,Apollo Global Management
Q1472539,Q619121,1,Alpha Tomo Global Resoures Sdn Bhd,Apollo Global Management
Q29739,Q5461913,1,International,Florists' Transworld Delivery
Q153417,Q899010,1,Kroger,Mylan
Q17153461,Q5427196,1,Civeo Corporation,FTI Consulting
Q29739,Q81230,1,International,Siemens
Q10876705,Q2837996,1,ZTO Express,Alliance Data
Q1152374,Q5884072,1,GE HealthCare,Hologic
Q1344587,Q212405,1,Entergy,Procter & Gamble
Q1344587,Q540891,1,Entergy,Nielsen Company
Q212405,Q540891,1,Procter & Gamble,Nielsen Company
Q2283,Q5184408,1,Microsoft,Crescent Point Energy
Q2283,Q7673435,1,Microsoft,"Tableau Software, Inc."
Q152433,Q1562826,1,Xerox,VEON
Q328840,Q645708,1,Visa,ING Group
Q16953039,Q202972,1,Moelis & Company,International Paper
Q16953039,Q6367245,1,Moelis & Company,Kapstone
Q194360,Q333718,1,American Express,Johnson & Johnson
Q2529982,Q3492619,1,The New York Times Company,Sonos
Q3492619,Q3884,1,Sonos,Amazon
Q1472929,Q17063707,1,"Nasdaq, Inc.",Kulicke & Soffa Industries
Q17063707,Q2529982,1,Kulicke & Soffa Industries,The New York Times Company
Q193199,Q212235,1,UBS,American International Group
Q372657,Q841458,1,Credit Suisse,Intercontinental Exchange
Q5429751,Q85769855,1,FairPoint Communications,Invitation Homes
Q7416970,Q835370,1,Sandstorm Gold,Yamana Gold
Q1325987,Q1577587,1,Tyson Foods,Marathon Oil
Q156238,Q1577587,1,ExxonMobil,Marathon Oil
Q1032229,Q16829606,1,Canadian Natural Resources,Cimarex Energy
Q202972,Q744149,1,International Paper,Wells Fargo
Q6367245,Q637440,1,Kapstone,Lazard
Q6367245,Q6803126,1,Kapstone,MeadWestvaco
Q6367245,Q744149,1,Kapstone,Wells Fargo
Q637440,Q6803126,1,Lazard,MeadWestvaco
Q637440,Q744149,1,Lazard,Wells Fargo
Q6803126,Q744149,1,MeadWestvaco,Wells Fargo
Q1520122,Q248,1,Getty Images,Intel
Q1520122,Q37156,1,Getty Images,IBM
Q864407,Q920037,1,The Home Depot,J. C. Penney
Q206921,Q306764,1,Pfizer,Abbott Laboratories
Q1472929,Q4930359,1,"Nasdaq, Inc.",Bluegreen Corporation
Q1472929,Q3072937,1,"Nasdaq, Inc.",First Hawaiian Bank
Q202972,Q489080,1,International Paper,"Automatic Data Processing, Inc. (ADP)"
Q1129792,Q152433,1,The Cooper Companies,Xerox
Q1129792,Q1562826,1,The Cooper Companies,VEON
Q12010467,Q2299611,1,Weibo Corporation,Yelp
Q12010467,Q734338,1,Weibo Corporation,Verisign
Q1472929,Q2299611,1,"Nasdaq, Inc.",Yelp
Q1472929,Q734338,1,"Nasdaq, Inc.",Verisign
Q2299611,Q734338,1,Yelp,Verisign
Q1472929,Q7256219,1,"Nasdaq, Inc.",Psychemedics Corporation
Q1418,Q483915,1,Nokia,Nike
Q1418,Q66,1,Nokia,Boeing
Q193199,Q483915,1,UBS,Nike
Q193199,Q66,1,UBS,Boeing
Q193326,Q20711490,1,Goldman Sachs,LKQ Corporation
Q16953039,Q6803126,1,Moelis & Company,MeadWestvaco
Q16953039,Q744149,1,Moelis & Company,Wells Fargo
Q202972,Q6367245,1,International Paper,Kapstone
Q202972,Q637440,1,International Paper,Lazard
Q202972,Q6803126,1,International Paper,MeadWestvaco
Q596139,Q7663801,1,Mattel,Global Industrial Company
Q7663801,Q95,1,Global Industrial Company,Google
Q245343,Q950380,1,Barclays plc,CBS Corporation
Q1520122,Q66048,1,Getty Images,Deutsche Bank
Q248,Q66048,1,Intel,Deutsche Bank
Q552581,Q66048,1,SAP,Deutsche Bank
Q115056594,Q266423,1,Cohen & Steers,Bristol-Myers Squibb
Q115056594,Q7120927,1,Cohen & Steers,EyePoint Pharmaceuticals
Q206921,Q7120927,1,Pfizer,EyePoint Pharmaceuticals
Q266423,Q7120927,1,Bristol-Myers Squibb,EyePoint Pharmaceuticals
Q5099817,Q950380,1,China Nepstar,CBS Corporation
Q1152374,Q2743863,1,GE HealthCare,Intuitive Surgical
Q2495283,Q334204,1,United Online,Morgan Stanley
Q1141173,Q1425063,1,Marriott International,Hyatt Hotels Corporation
Q1023876,Q5331380,1,CME Group,Eaton Vance
Q16953039,Q637440,1,Moelis & Company,Lazard
Q104158381,Q6955139,1,Vistra,NRG Energy
Q1472929,Q2852632,1,"Nasdaq, Inc.",UGI Corporation
Q1472929,Q6955139,1,"Nasdaq, Inc.",NRG Energy
Q483551,Q7242563,1,Walmart,PriceSmart
Q483551,Q893221,1,Walmart,Booz Allen Hamilton
Q7242563,Q893221,1,PriceSmart,Booz Allen Hamilton
Q20800404,Q56011958,1,Alphabet Inc.,Tencent Music
Q2283,Q56011958,1,Microsoft,Tencent Music
Q1520122,Q552581,1,Getty Images,SAP
Q105099852,Q18148411,1,Seritage Growth Properties,Esterline
Q105099852,Q706094,1,Seritage Growth Properties,Stanley Black & Decker
Q18148411,Q706094,1,Esterline,Stanley Black & Decker
Q153417,Q533415,1,Kroger,Best Buy
Q312,Q533415,1,Apple Inc.,Best Buy
Q1129792,Q596139,1,The Cooper Companies,Mattel
Q1129792,Q7663801,1,The Cooper Companies,Global Industrial Company
Q225440,Q697311,1,Celestica,Magna International
Q154950,Q27893,1,Shell,ArcelorMittal
Q154950,Q81230,1,Shell,Siemens
Q1961658,Q27893,1,NV Energy,ArcelorMittal
Q1961658,Q81230,1,NV Energy,Siemens
Q37156,Q950380,1,IBM,CBS Corporation
Q190464,Q20711490,1,HSBC,LKQ Corporation
Q2904022,Q4653724,1,Bio-Rad Laboratories,ARIAD Pharmaceuticals
Q1325369,Q206921,1,Elbit Systems Ltd.,Pfizer
Q1325369,Q35476,1,Elbit Systems Ltd.,AT&T
Q5323987,Q899183,1,EQT,FMC Corporation
Q19605389,Q203386,1,Kenon Holdings Ltd,Zim Integrated Shipping Services Ltd
Q1472929,Q2031726,1,"Nasdaq, Inc.",Westpac
Q104158381,Q1472929,1,Vistra,"Nasdaq, Inc."
Q104158381,Q2852632,1,Vistra,UGI Corporation
Q104158381,Q5036376,1,Vistra,Capstone Turbine
Q193326,Q214346,1,Goldman Sachs,Viacom
Q193326,Q950380,1,Goldman Sachs,CBS Corporation
Q214346,Q245343,1,Viacom,Barclays plc
Q214346,Q877536,1,Viacom,Dell EMC
Q2852632,Q6955139,1,UGI Corporation,NRG Energy
Q5036376,Q6955139,1,Capstone Turbine,NRG Energy
Q1472929,Q7673435,1,"Nasdaq, Inc.","Tableau Software, Inc."
Q4788901,Q7673435,1,Arena Pharmaceuticals,"Tableau Software, Inc."
Q135683211,Q214346,1,PayPal Holdings,Viacom
Q135683211,Q2529982,1,PayPal Holdings,The New York Times Company
Q204727,Q66048,1,Alexion Pharmaceuticals,Deutsche Bank
Q56011958,Q95,1,Tencent Music,Google
Q877536,Q950380,1,Dell EMC,CBS Corporation
Q1023876,Q190464,1,CME Group,HSBC
Q1032229,Q225440,1,Canadian Natural Resources,Celestica
Q1032229,Q697311,1,Canadian Natural Resources,Magna International
Q53268,Q731912,1,Toyota,Carrier Corporation
Q161086,Q81230,1,JetBlue Airways,Siemens
Q105557,Q161086,1,Embraer,JetBlue Airways
Q2904022,Q30287734,1,Bio-Rad Laboratories,Corbus Pharmaceuticals
Q1129792,Q7562151,1,The Cooper Companies,Sonoco
Q1129792,Q7242653,1,The Cooper Companies,priceline.com
Q1472929,Q16858667,1,"Nasdaq, Inc.",Kratos Defense & Security Solutions
Q1057464,Q55075186,1,Hilton Worldwide,Park Hotels & Resorts
Q1418,Q5439999,1,Nokia,Federal Agricultural Mortgage Corporation
Q119991,Q4874958,1,APA Corporation,Baytex Energy
Q304509,Q54622058,1,MCA Inc.,Texas Capital Bank
Q2852632,Q5036376,1,UGI Corporation,Capstone Turbine
Q30287734,Q4653724,1,Corbus Pharmaceuticals,ARIAD Pharmaceuticals
Q296782,Q689791,1,Arm Holdings,ISS
Q1503753,Q154950,1,Vedanta Resources,Shell
Q154950,Q3958138,1,Shell,Vedanta Limited
Q1104787,Q334204,1,Coty,Morgan Stanley
Q1104787,Q5337641,1,Coty,Edgewell Personal Care
Q1104787,Q5422801,1,Coty,e.l.f. Cosmetics
Q1200840,Q334204,1,"Energizer Holdings, Inc.",Morgan Stanley
Q1200840,Q5337641,1,"Energizer Holdings, Inc.",Edgewell Personal Care
Q1200840,Q5422801,1,"Energizer Holdings, Inc.",e.l.f. Cosmetics
Q334204,Q5337641,1,Morgan Stanley,Edgewell Personal Care
Q135683211,Q2283,1,PayPal Holdings,Microsoft
Q135683211,Q7455653,1,PayPal Holdings,ServiceNow
Q2283,Q7455653,1,Microsoft,ServiceNow
Q1152374,Q1472929,1,GE HealthCare,"Nasdaq, Inc."
Q165684,Q5452773,1,Rogers Communications,First Commonwealth Bank
Q29739,Q5452773,1,International,First Commonwealth Bank
Q5452773,Q7331170,1,First Commonwealth Bank,RCI Hospitality Holdings
Q17114308,Q247489,1,Nektar Therapeutics,Merck & Co.
Q22909236,Q715583,1,Instacart,Costco
Q1197548,Q219508,1,Micron Technology,Citigroup
Q1197548,Q3884,1,Micron Technology,Amazon
Q1197548,Q744149,1,Micron Technology,Wells Fargo
Q1197548,Q7616390,1,Micron Technology,Stifel
Q193199,Q7616390,1,UBS,Stifel
Q219508,Q7616390,1,Citigroup,Stifel
Q3884,Q7616390,1,Amazon,Stifel
Q744149,Q7616390,1,Wells Fargo,Stifel
Q219508,Q4743120,1,Citigroup,American Axle
Q3272257,Q5130656,1,M&T Bank,Clear Channel Outdoor
Q4743275,Q899255,1,American Campus Communities,LyondellBasell
Q5427196,Q7319192,1,FTI Consulting,Rex Energy
Q1113804,Q768773,1,Comcast,MSCI
Q35476,Q768773,1,AT&T,MSCI
Q467752,Q768773,1,Verizon Communications,MSCI
Q1104787,Q1200840,1,Coty,"Energizer Holdings, Inc."
Q334204,Q5422801,1,Morgan Stanley,e.l.f. Cosmetics
Q5337641,Q5422801,1,Edgewell Personal Care,e.l.f. Cosmetics
Q4788901,Q5552410,1,Arena Pharmaceuticals,Geron Corporation
Q108770716,Q4811929,1,Samsara,Asure Software
Q66,Q66048,1,Boeing,Deutsche Bank
Q66,Q9396,1,Boeing,Deutsche Telekom
Q1655409,Q212405,1,Iamgold,Procter & Gamble
Q2283,Q7160600,1,Microsoft,Pegasystems
Q37156,Q7160600,1,IBM,Pegasystems
Q5380687,Q903957,1,Entravision Communications,Icl Group Ltd
Q127278673,Q54173,1,LinkedIn Corporation,General Electric
Q10819817,Q1472929,1,Silicom,"Nasdaq, Inc."
Q113503453,Q20165,1,Summit Therapeutics,Nissan
Q113503453,Q53268,1,Summit Therapeutics,Toyota
Q470517,Q5157220,1,Amgen,Compugen Ltd.
Q5157220,Q663596,1,Compugen Ltd.,Gilead Sciences
Q6522339,Q675585,1,LendingTree,Moody's Corporation
Q55931,Q9584,1,Hyundai Motor Company,Honda
Q1751032,Q675585,1,Plum Creek Timber,Moody's Corporation
Q334204,Q4677870,1,Morgan Stanley,Acuity Brands
Q22674043,Q334204,1,Compass Diversified,Morgan Stanley
Q266423,Q2874395,1,Bristol-Myers Squibb,Avis Budget Group
Q2874395,Q731938,1,Avis Budget Group,AstraZeneca
Q470156,Q503308,1,Cencora,Southwest Airlines
Q470156,Q54173,1,Cencora,General Electric
Q470156,Q66,1,Cencora,Boeing
Q1190598,Q188920,1,Spirit Airlines,Delta Air Lines
Q1190598,Q4033665,1,Spirit Airlines,Alaska Air Group
Q1190598,Q642610,1,Spirit Airlines,Hawaiian Airlines
Q1190598,Q645084,1,Spirit Airlines,Virgin America
Q1190598,Q822614,1,Spirit Airlines,Alaska Airlines
Q188920,Q4033665,1,Delta Air Lines,Alaska Air Group
Q544847,Q7538146,1,Qualcomm,Skyworks Solutions
Q713418,Q7538146,1,TSMC,Skyworks Solutions
Q135683211,Q1472929,1,PayPal Holdings,"Nasdaq, Inc."
Q135683211,Q20800404,1,PayPal Holdings,Alphabet Inc.
Q1472929,Q58024,1,"Nasdaq, Inc.",eBay
Q193326,Q58024,1,Goldman Sachs,eBay
Q20800404,Q58024,1,Alphabet Inc.,eBay
Q1472929,Q5380687,1,"Nasdaq, Inc.",Entravision Communications
Q188920,Q645084,1,Delta Air Lines,Virgin America
Q4033665,Q642610,1,Alaska Air Group,Hawaiian Airlines
Q642610,Q645084,1,Hawaiian Airlines,Virgin America
Q642610,Q822614,1,Hawaiian Airlines,Alaska Airlines
Q1023765,Q13218598,1,CIT Group,NatWest Group
Q1023765,Q219508,1,CIT Group,Citigroup
Q1023765,Q744149,1,CIT Group,Wells Fargo
Q13218598,Q744149,1,NatWest Group,Wells Fargo
Q247489,Q5192265,1,Merck & Co.,Cubist Pharmaceuticals
Q1141267,Q180816,1,Thomson Reuters,Dow Jones Industrial Average
Q180816,Q880942,1,Dow Jones Industrial Average,Blackstone Group
Q152433,Q619111,1,Xerox,Apollo Group
Q1418,Q3482689,1,Nokia,Shutterstock
Q1418,Q654762,1,Nokia,Sotheby's
Q1418,Q7501286,1,Nokia,ShoreTel
Q3482689,Q654762,1,Shutterstock,Sotheby's
Q3482689,Q7501286,1,Shutterstock,ShoreTel
Q654762,Q7501286,1,Sotheby's,ShoreTel
Q1194832,Q21072695,1,Toronto-Dominion Bank,Vista Outdoor
Q1472929,Q5182813,1,"Nasdaq, Inc.",Crawford & Company
Q1472929,Q2207629,1,"Nasdaq, Inc.",SPX Corporation
Q2529982,Q301965,1,The New York Times Company,Sprint Corporation
Q2529982,Q3511885,1,The New York Times Company,T-Mobile US
Q188920,Q642610,1,Delta Air Lines,Hawaiian Airlines
Q52825,Q926806,1,ABB Group,Carlyle Group
Q54173,Q6662684,1,General Electric,General Cable
Q5172422,Q53268,1,Corporate Office Properties Trust,Toyota
Q13683,Q65062134,1,NYSE Euronext Liffe,Bally's Corporation
Q13683,Q705392,1,NYSE Euronext Liffe,Seagate Technology
Q65062134,Q705392,1,Bally's Corporation,Seagate Technology
Q334800,Q372657,1,PepsiCo,Credit Suisse
Q1113804,Q430745,1,Comcast,Teradata
Q1113804,Q619111,1,Comcast,Apollo Group
Q1113804,Q62065645,1,Comcast,Blink
Q1113804,Q6914636,1,Comcast,Mortgage Guaranty Insurance Corporation
Q430745,Q619111,1,Teradata,Apollo Group
Q430745,Q62065645,1,Teradata,Blink
Q619111,Q62065645,1,Apollo Group,Blink
Q619111,Q6914636,1,Apollo Group,Mortgage Guaranty Insurance Corporation
Q62065645,Q6914636,1,Blink,Mortgage Guaranty Insurance Corporation
Q18169198,Q2722179,1,Qorvo,Advantest
Q18169198,Q713418,1,Qorvo,TSMC
Q248,Q2722179,1,Intel,Advantest
Q248,Q7538146,1,Intel,Skyworks Solutions
Q2722179,Q312,1,Advantest,Apple Inc.
Q2722179,Q544847,1,Advantest,Qualcomm
Q2722179,Q713418,1,Advantest,TSMC
Q2722179,Q7538146,1,Advantest,Skyworks Solutions
Q5192265,Q7838954,1,Cubist Pharmaceuticals,Trevena Inc
Q1113804,Q26215536,1,Comcast,Axalta Coating Systems
Q1113804,Q6662684,1,Comcast,General Cable
Q1113804,Q926806,1,Comcast,Carlyle Group
Q26215536,Q52825,1,Axalta Coating Systems,ABB Group
Q26215536,Q54173,1,Axalta Coating Systems,General Electric
Q26215536,Q926806,1,Axalta Coating Systems,Carlyle Group
Q52825,Q6662684,1,ABB Group,General Cable
Q7067716,Q98713358,1,NuVasive,Arcturus Therapeutics
Q193412,Q2283,1,Texas Instruments,Microsoft
Q193412,Q312,1,Texas Instruments,Apple Inc.
Q193412,Q552581,1,Texas Instruments,SAP
Q571779,Q926806,1,Liberty Global,Carlyle Group
Q6662684,Q926806,1,General Cable,Carlyle Group
Q420822,Q503308,1,Gap Inc.,Southwest Airlines
Q420822,Q6541837,1,Gap Inc.,QVC Group
Q483551,Q503308,1,Walmart,Southwest Airlines
Q503308,Q6541837,1,Southwest Airlines,QVC Group
Q334204,Q5376211,1,Morgan Stanley,Endo International plc
Q334204,Q898750,1,Morgan Stanley,Teva Pharmaceutical Industries Ltd.
Q1812555,Q19604577,1,Leggett & Platt,Tempur Sealy International
Q1812555,Q5472859,1,Leggett & Platt,Fortune Brands Home & Security
Q1812555,Q6893780,1,Leggett & Platt,Mohawk Industries
Q247489,Q7838954,1,Merck & Co.,Trevena Inc
Q19604577,Q5472859,1,Tempur Sealy International,Fortune Brands Home & Security
Q19604577,Q6893780,1,Tempur Sealy International,Mohawk Industries
Q5472859,Q6893780,1,Fortune Brands Home & Security,Mohawk Industries
Q2552219,Q5048400,1,"Waste Management, Inc",Casella Waste Systems
Q2552219,Q5178891,1,"Waste Management, Inc",Covanta
Q5048400,Q5178891,1,Casella Waste Systems,Covanta
Q5048400,Q7314415,1,Casella Waste Systems,Republic Services
Q5178891,Q7314415,1,Covanta,Republic Services
Q106253770,Q851641,1,Lumentum Holdings,Equinix
Q1472929,Q851641,1,"Nasdaq, Inc.",Equinix
Q2470307,Q334800,1,Guess,PepsiCo
Q2470307,Q645072,1,Guess,Dean Foods
Q2470307,Q7924444,1,Guess,Viad
Q334800,Q645072,1,PepsiCo,Dean Foods
Q334800,Q7924444,1,PepsiCo,Viad
Q571779,Q6662684,1,Liberty Global,General Cable
Q20800404,Q568532,1,Alphabet Inc.,MGM Resorts International
Q116452644,Q1516562,1,"Netflix, Inc.",Liberty Media
Q301965,Q37156,1,Sprint Corporation,IBM
Q27530,Q6772994,1,Mercedes-Benz Group,Marriott Vacations Worldwide Corporation
Q29739,Q5191790,1,International,Trip.com Group
Q13218598,Q1916402,1,NatWest Group,Pearson plc
Q1655409,Q1916402,1,Iamgold,Pearson plc
Q1472929,Q6035325,1,"Nasdaq, Inc.",InnerWorkings
Q1655409,Q619121,1,Iamgold,Apollo Global Management
Q1472929,Q5013012,1,"Nasdaq, Inc.",CMS Energy
Q1472929,Q5674337,1,"Nasdaq, Inc.",Harte Hanks
Q5013012,Q5674337,1,CMS Energy,Harte Hanks
Q5013012,Q6968762,1,CMS Energy,Natera
Q5674337,Q6968762,1,Harte Hanks,Natera
Q1472929,Q16995776,1,"Nasdaq, Inc.",HomeTrust Bancshares
Q110360228,Q5612176,1,Corporacion America Airports,Grupo Aeroportuario Centro Norte
Q1359568,Q5191790,1,Alibaba Group,Trip.com Group
Q1423218,Q29739,1,Sunoco,International
Q1423218,Q5191790,1,Sunoco,Trip.com Group
Q1472929,Q5191790,1,"Nasdaq, Inc.",Trip.com Group
Q430745,Q6662684,1,Teradata,General Cable
Q1009458,Q4905973,1,Bunge Limited,Big Lots
Q1389504,Q4905973,1,"Morningstar, Inc.",Big Lots
Q16953039,Q1921579,1,Moelis & Company,Meredith Corporation
Q16953039,Q2140077,1,Moelis & Company,Tribune Media
Q16953039,Q2288792,1,Moelis & Company,Sinclair Broadcast Group
Q16953039,Q470156,1,Moelis & Company,Cencora
Q645072,Q7924444,1,Dean Foods,Viad
Q5184408,Q95,1,Crescent Point Energy,Google
Q1570773,Q631047,1,Kohlberg Kravis Roberts,HDFC Bank
Q631047,Q7663801,1,HDFC Bank,Global Industrial Company
Q1128160,Q20800404,1,Constellation Brands,Alphabet Inc.
Q156644,Q4855887,1,Raytheon,BankUnited
Q329953,Q4855887,1,Northrop Grumman Corporation,BankUnited
Q18636524,Q2274089,1,Caesars Entertainment,Wynn Resorts
Q155026,Q334204,1,United Parcel Service,Morgan Stanley
Q334204,Q459477,1,Morgan Stanley,FedEx
Q483915,Q6415714,1,Nike,Kirkland's
Q16959074,Q312,1,United Financial Bancorp,Apple Inc.
Q1325987,Q5172422,1,Tyson Foods,Corporate Office Properties Trust
Q38076,Q5172422,1,McDonald's,Corporate Office Properties Trust
Q1157767,Q29739,1,Daktronics,International
Q319642,Q5376825,1,Chevron Corporation,Energen
Q319642,Q7685824,1,Chevron Corporation,Targa Resources
Q5376825,Q7685824,1,Energen,Targa Resources
Q600624,Q7376642,1,CA Technologies,Ruckus Networks
Q625713,Q795221,1,BHP,CNOOC Limited
Q1359568,Q1423218,1,Alibaba Group,Sunoco
Q1045758,Q430745,1,United Technologies Corporation,Teradata
Q1045758,Q806189,1,United Technologies Corporation,Banco Bilbao Vizcaya Argentaria
Q1045758,Q908324,1,United Technologies Corporation,Brookfield Corporation
Q1570773,Q20711490,1,Kohlberg Kravis Roberts,LKQ Corporation
Q1570773,Q6662684,1,Kohlberg Kravis Roberts,General Cable
Q1570773,Q806189,1,Kohlberg Kravis Roberts,Banco Bilbao Vizcaya Argentaria
Q1570773,Q908324,1,Kohlberg Kravis Roberts,Brookfield Corporation
Q20711490,Q430745,1,LKQ Corporation,Teradata
Q20711490,Q806189,1,LKQ Corporation,Banco Bilbao Vizcaya Argentaria
Q20711490,Q908324,1,LKQ Corporation,Brookfield Corporation
Q16920636,Q312,1,United Bank,Apple Inc.
Q430745,Q806189,1,Teradata,Banco Bilbao Vizcaya Argentaria
Q430745,Q908324,1,Teradata,Brookfield Corporation
Q6662684,Q806189,1,General Cable,Banco Bilbao Vizcaya Argentaria
Q6662684,Q908324,1,General Cable,Brookfield Corporation
Q806189,Q908324,1,Banco Bilbao Vizcaya Argentaria,Brookfield Corporation
Q2283,Q5254843,1,Microsoft,Deltek
Q1507642,Q768773,1,Huaneng Power International,MSCI
Q334204,Q54173,1,Morgan Stanley,General Electric
Q478214,Q784804,1,Tesla,AutoNation
Q7119110,Q7252517,1,PFSweb,Provident Bank of New Jersey
Q1034654,Q487907,1,Capital One,Bank of America
Q1046951,Q7500007,1,Target Corporation,Shoe Carnival
Q483915,Q7500007,1,Nike,Shoe Carnival
Q5479360,Q7500007,1,"Macy's, Inc.",Shoe Carnival
Q7156755,Q7500007,1,Payless ShoeSource,Shoe Carnival
Q2114414,Q35476,1,Prudential Financial,AT&T
Q2114414,Q483915,1,Prudential Financial,Nike
Q2114414,Q6415714,1,Prudential Financial,Kirkland's
Q35476,Q483915,1,AT&T,Nike
Q35476,Q6415714,1,AT&T,Kirkland's
Q1045758,Q1570773,1,United Technologies Corporation,Kohlberg Kravis Roberts
Q1472929,Q484930,1,"Nasdaq, Inc.",Analog Devices
Q484930,Q628051,1,Analog Devices,Autodesk
Q29739,Q4648219,1,International,A. O. Smith
Q29739,Q474383,1,International,Ballard Power Systems
Q334204,Q4648219,1,Morgan Stanley,A. O. Smith
Q15109885,Q2874395,1,I.D. Systems,Avis Budget Group
Q1472929,Q7020906,1,"Nasdaq, Inc.",Nexstar Media Group
Q1389504,Q4732268,1,"Morningstar, Inc.",AllianceBernstein
Q17145596,Q312,1,Tesco Corporation,Apple Inc.
Q7252517,Q731938,1,Provident Bank of New Jersey,AstraZeneca
Q1113804,Q193199,1,Comcast,UBS
Q1113804,Q856411,1,Comcast,British American Tobacco
Q193199,Q899133,1,UBS,Takeda Pharmaceutical Company
Q856411,Q899133,1,British American Tobacco,Takeda Pharmaceutical Company
Q1141173,Q1770710,1,Marriott International,Tripadvisor
Q1141173,Q8085893,1,Marriott International,Expedia Group
Q1129792,Q637440,1,The Cooper Companies,Lazard
Q2837996,Q5227485,1,Alliance Data,Dataram
Q6367245,Q707530,1,Kapstone,Cinemark
Q154950,Q1615684,1,Shell,Hess Corporation
Q156238,Q1615684,1,ExxonMobil,Hess Corporation
Q1511043,Q675585,1,Gerdau,Moody's Corporation
Q202972,Q26678,1,International Paper,BMW Group
Q372657,Q5881864,1,Credit Suisse,HF Sinclair
Q193326,Q5512854,1,Goldman Sachs,GAMCO Investors
Q1141267,Q48742870,1,Thomson Reuters,Nutrien
Q1141267,Q806693,1,Thomson Reuters,BMO Financial Group
Q48742870,Q806693,1,Nutrien,BMO Financial Group
Q16953039,Q193199,1,Moelis & Company,UBS
Q1140680,Q1472929,1,Flex Ltd.,"Nasdaq, Inc."
Q1140680,Q484930,1,Flex Ltd.,Analog Devices
Q1140680,Q628051,1,Flex Ltd.,Autodesk
Q632240,Q731938,1,Eli Lilly and Company,AstraZeneca
Q334204,Q474383,1,Morgan Stanley,Ballard Power Systems
Q4648219,Q474383,1,A. O. Smith,Ballard Power Systems
Q115056594,Q731938,1,Cohen & Steers,AstraZeneca
Q1032229,Q624798,1,Canadian Natural Resources,Canadian National Railway
Q1032229,Q7921589,1,Canadian Natural Resources,Vermilion Energy
Q1516410,Q624798,1,Suncor Energy,Canadian National Railway
Q1516410,Q7921589,1,Suncor Energy,Vermilion Energy
Q624798,Q7921589,1,Canadian National Railway,Vermilion Energy
Q15589464,Q312,1,Dropbox Inc.,Apple Inc.
Q15589464,Q3884,1,Dropbox Inc.,Amazon
Q15589464,Q478214,1,Dropbox Inc.,Tesla
Q1049080,Q1957521,1,Juniper Networks,Mitel
Q1957521,Q464996,1,Mitel,Nortel
Q1390577,Q7987345,1,"Twitter, Inc.","Westell Technologies, Inc."
Q2529982,Q7020906,1,The New York Times Company,Nexstar Media Group
Q30272258,Q77581453,1,Align Technology,ViewRay
Q489921,Q5384453,1,Mastercard,Equifax
Q489921,Q861042,1,Mastercard,Western Union
Q5384453,Q861042,1,Equifax,Western Union
Q1760641,Q20183163,1,Parametric Technology Corporation,Union Pacific Corporation
Q1760641,Q20858163,1,Parametric Technology Corporation,Norfolk Southern Corporation
Q1145004,Q170614,1,Randgold Resources,Ryanair
Q1145004,Q312,1,Randgold Resources,Apple Inc.
Q1145004,Q372657,1,Randgold Resources,Credit Suisse
Q170614,Q312,1,Ryanair,Apple Inc.
Q170614,Q372657,1,Ryanair,Credit Suisse
Q16972754,Q841458,1,Coinbase,Intercontinental Exchange
Q108770716,Q28782856,1,Samsara,DXC Technology
Q1472929,Q7240,1,"Nasdaq, Inc.",Lockheed Martin
Q206921,Q632240,1,Pfizer,Eli Lilly and Company
Q333718,Q731938,1,Johnson & Johnson,AstraZeneca
Q458363,Q5881864,1,Marathon Petroleum,HF Sinclair
Q2140315,Q518016,1,Textron,Unisys
Q2140315,Q7712716,1,Textron,The Advisory Board Company
Q518016,Q7712716,1,Unisys,The Advisory Board Company
Q1196745,Q193326,1,Rambus,Goldman Sachs
Q1196745,Q219508,1,Rambus,Citigroup
Q1196745,Q334204,1,Rambus,Morgan Stanley
Q1196745,Q487907,1,Rambus,Bank of America
Q1423218,Q898750,1,Sunoco,Teva Pharmaceutical Industries Ltd.
Q192314,Q217583,1,JPMorgan Chase,Berkshire Hathaway
Q192314,Q219635,1,JPMorgan Chase,BlackRock
Q192314,Q2283,1,JPMorgan Chase,Microsoft
Q17145596,Q193326,1,Tesco Corporation,Goldman Sachs
Q5099817,Q5139058,1,China Nepstar,Coca-Cola Bottling Co. Consolidated
Q1472929,Q30272258,1,"Nasdaq, Inc.",Align Technology
Q1472929,Q77581453,1,"Nasdaq, Inc.",ViewRay
Q105965677,Q5881864,1,MPLX,HF Sinclair
Q1656230,Q372657,1,Phillips 66,Credit Suisse
Q1656230,Q458363,1,Phillips 66,Marathon Petroleum
Q1656230,Q5881864,1,Phillips 66,HF Sinclair
Q194360,Q8085893,1,American Express,Expedia Group
Q20183163,Q624798,1,Union Pacific Corporation,Canadian National Railway
Q20858163,Q624798,1,Norfolk Southern Corporation,Canadian National Railway
Q1957521,Q7501286,1,Mitel,ShoreTel
Q104480207,Q19868261,1,CRISPR Therapeutics,STX Entertainment
Q104480207,Q212900,1,CRISPR Therapeutics,Lehman Brothers
Q104480207,Q648533,1,CRISPR Therapeutics,Semiconductor Manufacturing International Corporation
Q19868261,Q212900,1,STX Entertainment,Lehman Brothers
Q19868261,Q648533,1,STX Entertainment,Semiconductor Manufacturing International Corporation
Q212900,Q648533,1,Lehman Brothers,Semiconductor Manufacturing International Corporation
Q10397787,Q247489,1,"Aaron's, Inc.",Merck & Co.
Q22243729,Q53268,1,Ferrari,Toyota
Q1852556,Q334800,1,Philip Morris International,PepsiCo
Q135683211,Q334204,1,PayPal Holdings,Morgan Stanley
Q1172038,Q5506152,1,Dassault Systèmes,Frost Bank
Q1319601,Q188920,1,Allegiant Air,Delta Air Lines
Q1319601,Q950380,1,Allegiant Air,CBS Corporation
Q188920,Q950380,1,Delta Air Lines,CBS Corporation
Q4930359,Q54173,1,Bluegreen Corporation,General Electric
Q4930359,Q5612177,1,Bluegreen Corporation,Grupo Aeroportuario del Pacífico
Q54173,Q5612177,1,General Electric,Grupo Aeroportuario del Pacífico
Q1760641,Q624798,1,Parametric Technology Corporation,Canadian National Railway
Q17145596,Q590897,1,Tesco Corporation,Empresas ICA
Q193326,Q590897,1,Goldman Sachs,Empresas ICA
Q3884,Q590897,1,Amazon,Empresas ICA
Q483551,Q590897,1,Walmart,Empresas ICA
Q1472929,Q7113744,1,"Nasdaq, Inc.",Overland Storage
Q105965677,Q1656230,1,MPLX,Phillips 66
Q135325,Q459965,1,Alcoa,Caterpillar
Q135325,Q66,1,Alcoa,Boeing
Q135325,Q7605667,1,Alcoa,Steel Dynamics
Q135325,Q81965,1,Alcoa,General Motors
Q145168,Q1472929,1,Dollar General,"Nasdaq, Inc."
Q145168,Q459965,1,Dollar General,Caterpillar
Q145168,Q66,1,Dollar General,Boeing
Q145168,Q7605667,1,Dollar General,Steel Dynamics
Q297879,Q451476,1,ASML,Scotiabank
Q297879,Q768773,1,ASML,MSCI
Q312,Q451476,1,Apple Inc.,Scotiabank
Q202972,Q2283,1,International Paper,Microsoft
Q202972,Q459965,1,International Paper,Caterpillar
Q1472929,Q8075252,1,"Nasdaq, Inc.",Zumiez
Q1852556,Q212405,1,Philip Morris International,Procter & Gamble
Q1852556,Q312,1,Philip Morris International,Apple Inc.
Q3100337,Q66048,1,Gemplus,Deutsche Bank
Q334204,Q5041354,1,Morgan Stanley,Carlisle Companies
Q15678788,Q784804,1,Fiat Chrysler Automobiles,AutoNation
Q44294,Q66048,1,Ford Motor Company,Deutsche Bank
Q66048,Q784804,1,Deutsche Bank,AutoNation
Q66048,Q81965,1,Deutsche Bank,General Motors
Q784804,Q81965,1,AutoNation,General Motors
Q193326,Q3072937,1,Goldman Sachs,First Hawaiian Bank
Q219508,Q3072937,1,Citigroup,First Hawaiian Bank
Q489080,Q7259716,1,"Automatic Data Processing, Inc. (ADP)",PulteGroup
Q761965,Q894585,1,Baxter International,Boston Scientific
Q15109913,Q248,1,Netlist Inc.,Intel
Q15109913,Q5227485,1,Netlist Inc.,Dataram
Q248,Q5227485,1,Intel,Dataram
Q135325,Q145168,1,Alcoa,Dollar General
Q135325,Q1472929,1,Alcoa,"Nasdaq, Inc."
Q30635731,Q5970002,1,"Cboe Global Markets, Inc.",IDEX Corporation
Q145168,Q81965,1,Dollar General,General Motors
Q459965,Q7605667,1,Caterpillar,Steel Dynamics
Q66,Q7605667,1,Boeing,Steel Dynamics
Q7605667,Q81965,1,Steel Dynamics,General Motors
Q2502355,Q334800,1,USANA Health Sciences,PepsiCo
Q192314,Q6060469,1,JPMorgan Chase,Inversiones y Representaciones Sociedad Anónima
Q192314,Q910866,1,JPMorgan Chase,Humana
Q6060469,Q910866,1,Inversiones y Representaciones Sociedad Anónima,Humana
Q1549511,Q7308000,1,Ormat Technologies,Regency Centers
Q1089060,Q2609162,1,Chubb Corp.,Ticketmaster
Q193326,Q210047,1,Goldman Sachs,Petrobras
Q14772,Q19854317,1,Baidu,Vipshop
Q1472929,Q7669886,1,"Nasdaq, Inc.",TD Ameritrade
Q30635731,Q312,1,"Cboe Global Markets, Inc.",Apple Inc.
Q193199,Q806206,1,UBS,Bancolombia
Q1472929,Q2743863,1,"Nasdaq, Inc.",Intuitive Surgical
Q1472929,Q4994426,1,"Nasdaq, Inc.",Invacare
Q1472929,Q5884072,1,"Nasdaq, Inc.",Hologic
Q2743863,Q4994426,1,Intuitive Surgical,Invacare
Q30635731,Q7669886,1,"Cboe Global Markets, Inc.",TD Ameritrade
Q312,Q7669886,1,Apple Inc.,TD Ameritrade
Q3884,Q7669886,1,Amazon,TD Ameritrade
Q1472929,Q18674747,1,"Nasdaq, Inc.",Booking Holdings
Q18674747,Q20800404,1,Booking Holdings,Alphabet Inc.
Q18674747,Q30635731,1,Booking Holdings,"Cboe Global Markets, Inc."
Q18674747,Q3884,1,Booking Holdings,Amazon
Q18674747,Q5970002,1,Booking Holdings,IDEX Corporation
Q18674747,Q841458,1,Booking Holdings,Intercontinental Exchange
Q20800404,Q30635731,1,Alphabet Inc.,"Cboe Global Markets, Inc."
Q20800404,Q5970002,1,Alphabet Inc.,IDEX Corporation
Q20800404,Q841458,1,Alphabet Inc.,Intercontinental Exchange
Q4994426,Q894585,1,Invacare,Boston Scientific
Q5884072,Q894585,1,Hologic,Boston Scientific
Q17062565,Q53268,1,Hyundai Motor America,Toyota
Q17062565,Q55931,1,Hyundai Motor America,Hyundai Motor Company
Q17062565,Q81965,1,Hyundai Motor America,General Motors
Q26678,Q697311,1,BMW Group,Magna International
Q1197548,Q20800404,1,Micron Technology,Alphabet Inc.
Q1197548,Q248,1,Micron Technology,Intel
Q1197548,Q334204,1,Micron Technology,Morgan Stanley
Q1197548,Q37156,1,Micron Technology,IBM
Q16997126,Q66048,1,Intercept Pharmaceuticals,Deutsche Bank
Q3884,Q5970002,1,Amazon,IDEX Corporation
Q3884,Q841458,1,Amazon,Intercontinental Exchange
Q12521253,Q458363,1,The Howard Hughes Corporation,Marathon Petroleum
Q632240,Q768231,1,Eli Lilly and Company,Express Scripts
Q768231,Q898750,1,Express Scripts,Teva Pharmaceutical Industries Ltd.
Q489080,Q835456,1,"Automatic Data Processing, Inc. (ADP)",Sun Life Financial
Q643674,Q663452,1,Thermo Fisher Scientific,TE Connectivity
Q643674,Q672885,1,Thermo Fisher Scientific,Tyco International
Q643674,Q7259716,1,Thermo Fisher Scientific,PulteGroup
Q643674,Q835456,1,Thermo Fisher Scientific,Sun Life Financial
Q663452,Q672885,1,TE Connectivity,Tyco International
Q663452,Q7259716,1,TE Connectivity,PulteGroup
Q663452,Q835456,1,TE Connectivity,Sun Life Financial
Q672885,Q7259716,1,Tyco International,PulteGroup
Q672885,Q835456,1,Tyco International,Sun Life Financial
Q7259716,Q835456,1,PulteGroup,Sun Life Financial
Q1425063,Q194360,1,Hyatt Hotels Corporation,American Express
Q1425063,Q8085893,1,Hyatt Hotels Corporation,Expedia Group
Q173476,Q259011,1,Cummins,Motorola
Q2743863,Q894585,1,Intuitive Surgical,Boston Scientific
Q4994426,Q5884072,1,Invacare,Hologic
Q372657,Q806693,1,Credit Suisse,BMO Financial Group
Q66048,Q806693,1,Deutsche Bank,BMO Financial Group
Q735261,Q806693,1,Royal Bank of Canada,BMO Financial Group
Q1089060,Q5281775,1,Chubb Corp.,Discover Financial
Q1785549,Q2839509,1,Peabody Energy,Alpha Natural Resources
Q108770716,Q2287759,1,Samsara,Simon Property Group
Q1508234,Q898750,1,Safeway,Teva Pharmaceutical Industries Ltd.
Q1508234,Q899010,1,Safeway,Mylan
Q29739,Q5484477,1,International,Franco-Nevada
Q29739,Q7501150,1,International,Shopify
Q5484477,Q7501150,1,Franco-Nevada,Shopify
Q1407601,Q2303478,1,Grupo Aeroportuario del Sureste,Synopsys
Q1145004,Q1374135,1,Randgold Resources,Prudential plc
Q1145004,Q190464,1,Randgold Resources,HSBC
Q190464,Q768231,1,HSBC,Express Scripts
Q2743863,Q5884072,1,Intuitive Surgical,Hologic
Q12857502,Q19681433,1,Mondelez International,Kraft Heinz
Q12857502,Q20800404,1,Mondelez International,Alphabet Inc.
Q12857502,Q459965,1,Mondelez International,Caterpillar
Q12857502,Q66,1,Mondelez International,Boeing
Q12857502,Q81965,1,Mondelez International,General Motors
Q1472929,Q1645081,1,"Nasdaq, Inc.",Nucor
Q1472929,Q19681433,1,"Nasdaq, Inc.",Kraft Heinz
Q1645081,Q19681433,1,Nucor,Kraft Heinz
Q1645081,Q20800404,1,Nucor,Alphabet Inc.
Q190464,Q744149,1,HSBC,Wells Fargo
Q190464,Q806693,1,HSBC,BMO Financial Group
Q193199,Q735261,1,UBS,Royal Bank of Canada
Q193326,Q806693,1,Goldman Sachs,BMO Financial Group
Q245343,Q806693,1,Barclays plc,BMO Financial Group
Q245343,Q880942,1,Barclays plc,Blackstone Group
Q334204,Q806693,1,Morgan Stanley,BMO Financial Group
Q173476,Q835456,1,Cummins,Sun Life Financial
Q259011,Q489080,1,Motorola,"Automatic Data Processing, Inc. (ADP)"
Q259011,Q643674,1,Motorola,Thermo Fisher Scientific
Q259011,Q663452,1,Motorola,TE Connectivity
Q259011,Q672885,1,Motorola,Tyco International
Q259011,Q7259716,1,Motorola,PulteGroup
Q259011,Q835456,1,Motorola,Sun Life Financial
Q489080,Q643674,1,"Automatic Data Processing, Inc. (ADP)",Thermo Fisher Scientific
Q489080,Q663452,1,"Automatic Data Processing, Inc. (ADP)",TE Connectivity
Q489080,Q672885,1,"Automatic Data Processing, Inc. (ADP)",Tyco International
Q744149,Q806693,1,Wells Fargo,BMO Financial Group
Q744149,Q880942,1,Wells Fargo,Blackstone Group
Q806693,Q880942,1,BMO Financial Group,Blackstone Group
Q780442,Q7893879,1,Uber,Universal American
Q12857502,Q1472929,1,Mondelez International,"Nasdaq, Inc."
Q12857502,Q1645081,1,Mondelez International,Nucor
Q6717732,Q7949044,1,MSC Industrial Direct,WESCO International
Q19681433,Q20800404,1,Kraft Heinz,Alphabet Inc.
Q19681433,Q459965,1,Kraft Heinz,Caterpillar
Q19681433,Q66,1,Kraft Heinz,Boeing
Q19681433,Q81965,1,Kraft Heinz,General Motors
Q20800404,Q459965,1,Alphabet Inc.,Caterpillar
Q128896,Q194360,1,AMD,American Express
Q128896,Q713418,1,AMD,TSMC
Q194360,Q248,1,American Express,Intel
Q194360,Q713418,1,American Express,TSMC
Q735261,Q880942,1,Royal Bank of Canada,Blackstone Group
Q173476,Q489080,1,Cummins,"Automatic Data Processing, Inc. (ADP)"
Q173476,Q643674,1,Cummins,Thermo Fisher Scientific
Q173476,Q663452,1,Cummins,TE Connectivity
Q173476,Q672885,1,Cummins,Tyco International
Q173476,Q7259716,1,Cummins,PulteGroup
Q152433,Q303341,1,Xerox,Wyndham Worldwide
Q152433,Q7605667,1,Xerox,Steel Dynamics
Q193326,Q2025791,1,Goldman Sachs,Open Text
Q193326,Q7605667,1,Goldman Sachs,Steel Dynamics
Q2025791,Q303341,1,Open Text,Wyndham Worldwide
Q2025791,Q66048,1,Open Text,Deutsche Bank
Q2025791,Q7605667,1,Open Text,Steel Dynamics
Q303341,Q7605667,1,Wyndham Worldwide,Steel Dynamics
Q66048,Q7605667,1,Deutsche Bank,Steel Dynamics
Q1472929,Q688556,1,"Nasdaq, Inc.",Dow Jones Utility Average
Q1472929,Q8027166,1,"Nasdaq, Inc.",WEC Energy Group
Q688556,Q8027166,1,Dow Jones Utility Average,WEC Energy Group
Q2837996,Q2909088,1,Alliance Data,Boise Cascade
Q1577587,Q7949044,1,Marathon Oil,WESCO International
Q1627894,Q6717732,1,W. W. Grainger,MSC Industrial Direct
Q1627894,Q7949044,1,W. W. Grainger,WESCO International
Q1472929,Q16994021,1,"Nasdaq, Inc.",Gentherm Incorporated
Q1472929,Q483637,1,"Nasdaq, Inc.",Anadarko Petroleum
Q16996714,Q2916497,1,"Amneal Pharmaceuticals, Inc.",Perrigo Company Plc
Q22078063,Q6770934,1,Snowflake Inc.,Marketo
Q248,Q7404876,1,Intel,Salix Pharmaceuticals
Q248,Q963809,1,Intel,Polycom
Q7404876,Q963809,1,Salix Pharmaceuticals,Polycom
Q190464,Q248,1,HSBC,Intel
Q190464,Q6496310,1,HSBC,Banco Santander
Q219508,Q225440,1,Citigroup,Celestica
Q225440,Q248,1,Celestica,Intel
Q225440,Q487907,1,Celestica,Bank of America
Q225440,Q6496310,1,Celestica,Banco Santander
Q248,Q6496310,1,Intel,Banco Santander
Q152433,Q193326,1,Xerox,Goldman Sachs
Q152433,Q2025791,1,Xerox,Open Text
Q15109905,Q1824441,1,Maxygen,Life Technologies
Q15109905,Q315287,1,Maxygen,Qiagen
Q17080768,Q1824441,1,Silicon Graphics International,Life Technologies
Q17080768,Q315287,1,Silicon Graphics International,Qiagen
Q1824441,Q315287,1,Life Technologies,Qiagen
Q1045758,Q4736257,1,United Technologies Corporation,Alteon WebSystems
Q334800,Q4736257,1,PepsiCo,Alteon WebSystems
Q2287759,Q624375,1,Simon Property Group,CVS Health
Q5384453,Q5451274,1,Equifax,FireEye
Q144617,Q26678,1,TIM Group,BMW Group
Q108770716,Q853958,1,Samsara,NTT DoCoMo
Q1129792,Q853958,1,The Cooper Companies,NTT DoCoMo
Q190464,Q225440,1,HSBC,Celestica
Q334800,Q478214,1,PepsiCo,Tesla
Q123616697,Q48740858,1,Camden National Corporation,Compass Inc.
Q459965,Q66048,1,Caterpillar,Deutsche Bank
Q2843129,Q5439999,1,Ameriprise Financial,Federal Agricultural Mortgage Corporation
Q20800404,Q333718,1,Alphabet Inc.,Johnson & Johnson
Q333718,Q467752,1,Johnson & Johnson,Verizon Communications
Q3511946,Q478214,1,T. Rowe Price,Tesla
Q3598926,Q483551,1,JD.com,Walmart
Q2529982,Q6702957,1,The New York Times Company,Lululemon Athletica
Q7428211,Q816379,1,Savient Pharmaceuticals,Bemis Company
Q4972280,Q5287613,1,Broadridge Financial Solutions,Docusign
Q174198,Q4649932,1,Gartner,AAR Corp
Q1424962,Q2981188,1,IHG Hotels & Resorts,Coca-Cola Enterprises
Q3884,Q489921,1,Amazon,Mastercard
Q15589464,Q2047336,1,Dropbox Inc.,Palantir Technologies
Q1045758,Q334800,1,United Technologies Corporation,PepsiCo
Q7005093,Q93520415,1,NewAlliance Bank,Sea Ltd
Q1141267,Q6715642,1,Thomson Reuters,MFS Investment Management
Q15109905,Q17080768,1,Maxygen,Silicon Graphics International
Q1030544,Q38589917,1,Campbell's,DowDuPont
Q1030544,Q6981538,1,Campbell's,Evogene Ltd
Q38589917,Q6981538,1,DowDuPont,Evogene Ltd
Q15589464,Q5089544,1,Dropbox Inc.,Chegg
Q15589464,Q85770729,1,Dropbox Inc.,Jamf
Q2047336,Q29739,1,Palantir Technologies,International
Q2047336,Q5089544,1,Palantir Technologies,Chegg
Q2047336,Q85770729,1,Palantir Technologies,Jamf
Q29739,Q5089544,1,International,Chegg
Q29739,Q85770729,1,International,Jamf
Q5089544,Q85770729,1,Chegg,Jamf
Q193199,Q212900,1,UBS,Lehman Brothers
Q1472929,Q282997,1,"Nasdaq, Inc.",Fox Factory
Q190464,Q458363,1,HSBC,Marathon Petroleum
Q1023765,Q18643660,1,CIT Group,Fifth Street Asset Management
Q333718,Q6805492,1,Johnson & Johnson,Media General
Q12857502,Q629998,1,Mondelez International,General Mills
Q157062,Q327751,1,Unilever,Kraft Foods Group
Q157062,Q37158,1,Unilever,Starbucks
Q327751,Q37158,1,Kraft Foods Group,Starbucks
Q327751,Q629998,1,Kraft Foods Group,General Mills
Q37158,Q629998,1,Starbucks,General Mills
Q3884,Q7414,1,Amazon,The Walt Disney Company
Q1931458,Q193199,1,Micro Focus International,UBS
Q193199,Q19923099,1,UBS,Hewlett Packard Enterprise
Q1472929,Q5370909,1,"Nasdaq, Inc.",Vertiv
Q6466630,Q6703279,1,LabCorp,Luminex
Q122141,Q193199,1,Vodafone,UBS
Q122141,Q97961992,1,Vodafone,Brilliance China Automotive Holdings
Q66048,Q97961992,1,Deutsche Bank,Brilliance China Automotive Holdings
Q15589464,Q29739,1,Dropbox Inc.,International
Q1030544,Q1472929,1,Campbell's,"Nasdaq, Inc."
Q1472929,Q5340903,1,"Nasdaq, Inc.",Education Management Corporation
Q2283,Q338825,1,Microsoft,Accenture
Q1472929,Q2825507,1,"Nasdaq, Inc.",AECOM
Q17012234,Q2825507,1,Enphase Energy,AECOM
Q1083470,Q478214,1,Echelon Corporation,Tesla
Q1591889,Q3884,1,Walgreens,Amazon
Q1418,Q3511885,1,Nokia,T-Mobile US
Q23090931,Q950380,1,Outfront Media,CBS Corporation
Q1152764,Q5006774,1,Lloyds Banking Group,Bard
Q1152764,Q5189378,1,Lloyds Banking Group,Crown Holdings
Q13218598,Q5006774,1,NatWest Group,Bard
Q13218598,Q5189378,1,NatWest Group,Crown Holdings
Q190464,Q5006774,1,HSBC,Bard
Q190464,Q5189378,1,HSBC,Crown Holdings
Q12857502,Q327751,1,Mondelez International,Kraft Foods Group
Q12857502,Q37158,1,Mondelez International,Starbucks
Q44294,Q552581,1,Ford Motor Company,SAP
Q44294,Q877536,1,Ford Motor Company,Dell EMC
Q552581,Q877536,1,SAP,Dell EMC
Q15678788,Q48740858,1,Fiat Chrysler Automobiles,Compass Inc.
Q1114148,Q806689,1,Comerica,Bank of Ireland
Q1152764,Q806689,1,Lloyds Banking Group,Bank of Ireland
Q13218598,Q806689,1,NatWest Group,Bank of Ireland
Q190464,Q806689,1,HSBC,Bank of Ireland
Q1508526,Q483551,1,"Sturm, Ruger & Co.",Walmart
Q1384784,Q26049,1,Express,Aetna
Q248,Q334800,1,Intel,PepsiCo
Q334204,Q334800,1,Morgan Stanley,PepsiCo
Q11074156,Q5323987,1,ONEOK,EQT
Q11074156,Q931032,1,ONEOK,Kinder Morgan
Q5323987,Q931032,1,EQT,Kinder Morgan
Q744149,Q994153,1,Wells Fargo,Brunswick Corporation
Q1435628,Q20714863,1,FEMSA,Coca-Cola FEMSA
Q661845,Q691592,1,STMicroelectronics,GlobalFoundries
Q661845,Q81230,1,STMicroelectronics,Siemens
Q691592,Q81230,1,GlobalFoundries,Siemens
Q1915079,Q3493556,1,McDermott International,Spirit AeroSystems
Q193326,Q60269744,1,Goldman Sachs,Spotify Technology
Q1507642,Q2923022,1,Huaneng Power International,Boyd Gaming
Q1453620,Q7569806,1,Freeport-McMoRan,Southern Copper Corporation
Q1472929,Q60767471,1,"Nasdaq, Inc.",Norwegian Cruise Line Holdings Ltd.
Q1519267,Q19873469,1,Omnicom Group,Bio-Techne
Q1519267,Q52825,1,Omnicom Group,ABB Group
Q1519267,Q81230,1,Omnicom Group,Siemens
Q1519267,Q856411,1,Omnicom Group,British American Tobacco
Q157062,Q19873469,1,Unilever,Bio-Techne
Q5006774,Q5189378,1,Bard,Crown Holdings
Q4655072,Q4778915,1,AVX Corporation,Cloudflare
Q190464,Q80978,1,HSBC,Hewlett-Packard
Q173395,Q2283,1,Cisco,Microsoft
Q173395,Q259011,1,Cisco,Motorola
Q173395,Q37156,1,Cisco,IBM
Q19873469,Q52825,1,Bio-Techne,ABB Group
Q19873469,Q81230,1,Bio-Techne,Siemens
Q19873469,Q856411,1,Bio-Techne,British American Tobacco
Q52825,Q81230,1,ABB Group,Siemens
Q52825,Q856411,1,ABB Group,British American Tobacco
Q81230,Q856411,1,Siemens,British American Tobacco
Q1570773,Q815327,1,Kohlberg Kravis Roberts,Belden
Q135683211,Q16968189,1,PayPal Holdings,Yatra.com
Q135683211,Q334800,1,PayPal Holdings,PepsiCo
Q135683211,Q7847653,1,PayPal Holdings,Trulia
Q16968189,Q334800,1,Yatra.com,PepsiCo
Q3550736,Q689791,1,USG Corporation,ISS
Q478214,Q81230,1,Tesla,Siemens
Q1054787,Q1885099,1,"NTT, Inc.",Time Warner Cable
Q1054787,Q415598,1,"NTT, Inc.",Akamai Technologies
Q1054787,Q4744822,1,"NTT, Inc.",American Reprographics Company
Q1054787,Q7002903,1,"NTT, Inc.",Neustar
Q1885099,Q415598,1,Time Warner Cable,Akamai Technologies
Q16968189,Q3884,1,Yatra.com,Amazon
Q16968189,Q58024,1,Yatra.com,eBay
Q16968189,Q7847653,1,Yatra.com,Trulia
Q334800,Q58024,1,PepsiCo,eBay
Q334800,Q7847653,1,PepsiCo,Trulia
Q3884,Q7847653,1,Amazon,Trulia
Q58024,Q7847653,1,eBay,Trulia
Q54173,Q642610,1,General Electric,Hawaiian Airlines
Q27893,Q487907,1,ArcelorMittal,Bank of America
Q1049080,Q95,1,Juniper Networks,Google
Q3493556,Q5095516,1,Spirit AeroSystems,Chicago Bridge & Iron Company
Q3493556,Q619121,1,Spirit AeroSystems,Apollo Global Management
Q483551,Q5095516,1,Walmart,Chicago Bridge & Iron Company
Q483551,Q619121,1,Walmart,Apollo Global Management
Q5095516,Q619121,1,Chicago Bridge & Iron Company,Apollo Global Management
Q19900,Q21196367,1,Oracle Corporation,Black Stone Minerals
Q21196367,Q37156,1,Black Stone Minerals,IBM
Q21196367,Q941127,1,Black Stone Minerals,Salesforce
Q37156,Q941127,1,IBM,Salesforce
Q1129792,Q17110635,1,The Cooper Companies,Heidrick & Struggles
Q1045758,Q152433,1,United Technologies Corporation,Xerox
Q1196745,Q372657,1,Rambus,Credit Suisse
Q1196745,Q66048,1,Rambus,Deutsche Bank
Q193199,Q625713,1,UBS,BHP
Q291508,Q478214,1,AES Corporation,Tesla
Q291508,Q81230,1,AES Corporation,Siemens
Q17110635,Q1786345,1,Heidrick & Struggles,Marsh & McLennan Companies
Q334800,Q3975878,1,PepsiCo,Stratasys
Q1885099,Q4744822,1,Time Warner Cable,American Reprographics Company
Q1885099,Q7002903,1,Time Warner Cable,Neustar
Q415598,Q4744822,1,Akamai Technologies,American Reprographics Company
Q415598,Q7002903,1,Akamai Technologies,Neustar
Q4744822,Q7002903,1,American Reprographics Company,Neustar
Q571779,Q731938,1,Liberty Global,AstraZeneca
Q108770716,Q154387,1,Samsara,Iridium Communications
Q154387,Q66,1,Iridium Communications,Boeing
Q1472929,Q4914627,1,"Nasdaq, Inc.",Bioline Rx Ltd.
Q5147194,Q60764327,1,Colliers International,Walker & Dunlop
Q259011,Q35476,1,Motorola,AT&T
Q1915079,Q483551,1,McDermott International,Walmart
Q1915079,Q619121,1,McDermott International,Apollo Global Management
Q3493556,Q483551,1,Spirit AeroSystems,Walmart
Q5384453,Q806693,1,Equifax,BMO Financial Group
Q1961658,Q6315968,1,NV Energy,Just Energy
Q1472929,Q7808625,1,"Nasdaq, Inc.",Slack Technologies
Q27988239,Q7809768,1,MAA,Titan Pharmaceuticals
Q1465461,Q20165,1,National Grid,Nissan
Q431454,Q824467,1,Bruker,PAREXEL
Q663452,Q731912,1,TE Connectivity,Carrier Corporation
Q2037125,Q372657,1,State Street Corporation,Credit Suisse
Q1816028,Q7169774,1,National Bank of Greece,Perry Ellis International
Q1034654,Q1472929,1,Capital One,"Nasdaq, Inc."
Q106309492,Q645708,1,"Agora, Inc.",ING Group
Q266423,Q4743120,1,Bristol-Myers Squibb,American Axle
Q1577587,Q4781544,1,Marathon Oil,Applied Industrial Technologies
Q29739,Q7711656,1,International,TheStreet
Q2274089,Q7893929,1,Wynn Resorts,Universal Corporation
Q3518066,Q60480286,1,Tenet Healthcare,Tilray
Q1045758,Q3493556,1,United Technologies Corporation,Spirit AeroSystems
Q1045758,Q483551,1,United Technologies Corporation,Walmart
Q1045758,Q5095516,1,United Technologies Corporation,Chicago Bridge & Iron Company
Q1045758,Q619121,1,United Technologies Corporation,Apollo Global Management
Q1418,Q152433,1,Nokia,Xerox
Q1418,Q1915079,1,Nokia,McDermott International
Q1418,Q3493556,1,Nokia,Spirit AeroSystems
Q1418,Q483551,1,Nokia,Walmart
Q1418,Q5095516,1,Nokia,Chicago Bridge & Iron Company
Q1418,Q619121,1,Nokia,Apollo Global Management
Q152433,Q1915079,1,Xerox,McDermott International
Q152433,Q3493556,1,Xerox,Spirit AeroSystems
Q152433,Q5095516,1,Xerox,Chicago Bridge & Iron Company
Q3975878,Q486269,1,Stratasys,Kodak
Q3975878,Q5295362,1,Stratasys,Donaldson Company
Q486269,Q5295362,1,Kodak,Donaldson Company
Q38076,Q465751,1,McDonald's,Chipotle Mexican Grill
Q2283,Q7392916,1,Microsoft,SS&C Technologies
Q1045758,Q1418,1,United Technologies Corporation,Nokia
Q1472929,Q994153,1,"Nasdaq, Inc.",Brunswick Corporation
Q1465461,Q3344199,1,National Grid,Eversource Energy
Q1465461,Q5983823,1,National Grid,Avangrid
Q3344199,Q5983823,1,Eversource Energy,Avangrid
Q135683211,Q478214,1,PayPal Holdings,Tesla
Q135683211,Q5439999,1,PayPal Holdings,Federal Agricultural Mortgage Corporation
Q5439999,Q95,1,Federal Agricultural Mortgage Corporation,Google
Q2283,Q596139,1,Microsoft,Mattel
Q2283,Q637440,1,Microsoft,Lazard
Q312,Q596139,1,Apple Inc.,Mattel
Q312,Q637440,1,Apple Inc.,Lazard
Q334800,Q5295362,1,PepsiCo,Donaldson Company
Q1045758,Q1915079,1,United Technologies Corporation,McDermott International
Q214346,Q3492619,1,Viacom,Sonos
Q54173,Q596139,1,General Electric,Mattel
Q596139,Q637440,1,Mattel,Lazard
Q2529982,Q656165,1,The New York Times Company,Halliburton
Q13218598,Q507154,1,NatWest Group,Novartis
Q13218598,Q663596,1,NatWest Group,Gilead Sciences
Q13218598,Q731938,1,NatWest Group,AstraZeneca
Q157062,Q663596,1,Unilever,Gilead Sciences
Q190464,Q507154,1,HSBC,Novartis
Q190464,Q663596,1,HSBC,Gilead Sciences
Q190464,Q731938,1,HSBC,AstraZeneca
Q507154,Q856411,1,Novartis,British American Tobacco
Q1034654,Q994153,1,Capital One,Brunswick Corporation
Q219635,Q2843129,1,BlackRock,Ameriprise Financial
Q19873469,Q780442,1,Bio-Techne,Uber
Q30635731,Q5479360,1,"Cboe Global Markets, Inc.","Macy's, Inc."
Q17112054,Q768773,1,Silicon Valley Bank,MSCI
Q744149,Q768773,1,Wells Fargo,MSCI
Q174198,Q37156,1,Gartner,IBM
Q174198,Q552581,1,Gartner,SAP
Q193326,Q645708,1,Goldman Sachs,ING Group
Q731938,Q856411,1,AstraZeneca,British American Tobacco
Q104845916,Q5586622,1,California Water Service Group,Gorman-Rupp Company
Q1519267,Q3067119,1,Omnicom Group,Fastenal
Q1129792,Q17145596,1,The Cooper Companies,Tesco Corporation
Q5547666,Q60742568,1,Georgia Power,CalAmp
Q5547666,Q7164054,1,Georgia Power,Pennsylvania Real Estate Investment Trust
Q5547666,Q815327,1,Georgia Power,Belden
Q60742568,Q7164054,1,CalAmp,Pennsylvania Real Estate Investment Trust
Q60742568,Q815327,1,CalAmp,Belden
Q7164054,Q815327,1,Pennsylvania Real Estate Investment Trust,Belden
Q188920,Q2529982,1,Delta Air Lines,The New York Times Company
Q2283,Q260833,1,Microsoft,SanDisk
Q2283,Q5255058,1,Microsoft,Demandware
Q260833,Q487907,1,SanDisk,Bank of America
Q245343,Q899133,1,Barclays plc,Takeda Pharmaceutical Company
Q245343,Q905049,1,Barclays plc,Shire plc
Q1472929,Q1770710,1,"Nasdaq, Inc.",Tripadvisor
Q190464,Q81230,1,HSBC,Siemens
Q219508,Q81230,1,Citigroup,Siemens
Q1423218,Q193326,1,Sunoco,Goldman Sachs
Q1423218,Q53268,1,Sunoco,Toyota
Q1423218,Q552581,1,Sunoco,SAP
Q1423218,Q95,1,Sunoco,Google
Q663596,Q856411,1,Gilead Sciences,British American Tobacco
Q223407,Q248,1,Novell,Intel
Q1341590,Q80978,1,Enerplus,Hewlett-Packard
Q17112054,Q744149,1,Silicon Valley Bank,Wells Fargo
Q324603,Q877536,1,Compaq,Dell EMC
Q1459595,Q1850587,1,Revlon,Polaris
Q1459595,Q192814,1,Revlon,Harley-Davidson
Q1459595,Q3319685,1,Revlon,Molson Coors Brewing Company
Q1459595,Q7796068,1,Revlon,Thor Industries
Q1850587,Q192814,1,Polaris,Harley-Davidson
Q1850587,Q3319685,1,Polaris,Molson Coors Brewing Company
Q1850587,Q7796068,1,Polaris,Thor Industries
Q192814,Q3319685,1,Harley-Davidson,Molson Coors Brewing Company
Q53268,Q552581,1,Toyota,SAP
Q53268,Q95,1,Toyota,Google
Q106309492,Q5046846,1,"Agora, Inc.",cars.com
Q1374135,Q50039478,1,Prudential plc,Caris Life Sciences (United States)
Q2843129,Q470156,1,Ameriprise Financial,Cencora
Q780442,Q9584,1,Uber,Honda
Q2037125,Q328840,1,State Street Corporation,Visa
Q23133268,Q2874395,1,Match Group,Avis Budget Group
Q24834296,Q312,1,China Telecom,Apple Inc.
Q81965,Q95,1,General Motors,Google
Q1411295,Q245343,1,Fidelity National Information Services,Barclays plc
Q1411295,Q372657,1,Fidelity National Information Services,Credit Suisse
Q1056637,Q212405,1,The Hershey Company,Procter & Gamble
Q1056637,Q327751,1,The Hershey Company,Kraft Foods Group
Q1056637,Q458363,1,The Hershey Company,Marathon Petroleum
Q212405,Q327751,1,Procter & Gamble,Kraft Foods Group
Q212405,Q458363,1,Procter & Gamble,Marathon Petroleum
Q327751,Q458363,1,Kraft Foods Group,Marathon Petroleum
Q260833,Q5255058,1,SanDisk,Demandware
Q260833,Q877536,1,SanDisk,Dell EMC
Q487907,Q5255058,1,Bank of America,Demandware
Q487907,Q877536,1,Bank of America,Dell EMC
Q5255058,Q877536,1,Demandware,Dell EMC
Q106309492,Q7833641,1,"Agora, Inc.",TransUnion
Q26678,Q3552887,1,BMW Group,OneSpan
Q26678,Q5384453,1,BMW Group,Equifax
Q26678,Q7833641,1,BMW Group,TransUnion
Q27530,Q3552887,1,Mercedes-Benz Group,OneSpan
Q27530,Q5384453,1,Mercedes-Benz Group,Equifax
Q27530,Q7833641,1,Mercedes-Benz Group,TransUnion
Q3552887,Q5384453,1,OneSpan,Equifax
Q3552887,Q7833641,1,OneSpan,TransUnion
Q5384453,Q7833641,1,Equifax,TransUnion
Q212235,Q4046987,1,American International Group,Pioneer Natural Resources
Q503182,Q831445,1,PetroChina Company Limited,Sinopec
Q192814,Q7796068,1,Harley-Davidson,Thor Industries
Q3319685,Q7796068,1,Molson Coors Brewing Company,Thor Industries
Q21874220,Q23133268,1,"Atara Biotherapeutics, Inc.",Match Group
Q21874220,Q2874395,1,"Atara Biotherapeutics, Inc.",Avis Budget Group
Q245343,Q645708,1,Barclays plc,ING Group
Q1114148,Q1418,1,Comerica,Nokia
Q1114148,Q3388421,1,Comerica,Pilgrim's Corp
Q1114148,Q54173,1,Comerica,General Electric
Q1114148,Q81965,1,Comerica,General Motors
Q1418,Q190464,1,Nokia,HSBC
Q1418,Q3388421,1,Nokia,Pilgrim's Corp
Q1418,Q54173,1,Nokia,General Electric
Q1418,Q81965,1,Nokia,General Motors
Q190464,Q54173,1,HSBC,General Electric
Q190464,Q81965,1,HSBC,General Motors
Q3388421,Q54173,1,Pilgrim's Corp,General Electric
Q3388421,Q81965,1,Pilgrim's Corp,General Motors
Q106309492,Q27530,1,"Agora, Inc.",Mercedes-Benz Group
Q106309492,Q3552887,1,"Agora, Inc.",OneSpan
Q106309492,Q5384453,1,"Agora, Inc.",Equifax
Q328840,Q7752327,1,Visa,The Mosaic Company
Q127278673,Q176587,1,LinkedIn Corporation,Check Point
Q795221,Q831445,1,CNOOC Limited,Sinopec
Q312,Q4778915,1,Apple Inc.,Cloudflare
Q1129792,Q20502124,1,The Cooper Companies,Alon Blue Square Israel Ltd
Q1655409,Q7045708,1,Iamgold,Noble Corporation
Q1885491,Q23133268,1,FactSet,Match Group
Q1337797,Q1770710,1,Office Depot,Tripadvisor
Q1337797,Q333718,1,Office Depot,Johnson & Johnson
Q1337797,Q3540193,1,Office Depot,Wayfair
Q1337797,Q8085893,1,Office Depot,Expedia Group
Q1770710,Q333718,1,Tripadvisor,Johnson & Johnson
Q333718,Q3540193,1,Johnson & Johnson,Wayfair
Q333718,Q8085893,1,Johnson & Johnson,Expedia Group
Q3540193,Q8085893,1,Wayfair,Expedia Group
Q106309492,Q26678,1,"Agora, Inc.",BMW Group
Q1472929,Q1852556,1,"Nasdaq, Inc.",Philip Morris International
Q1852556,Q37156,1,Philip Morris International,IBM
Q1852556,Q483915,1,Philip Morris International,Nike
Q194360,Q483915,1,American Express,Nike
Q37156,Q483915,1,IBM,Nike
Q1129792,Q625713,1,The Cooper Companies,BHP
Q1129792,Q7516369,1,The Cooper Companies,SSR Mining
Q625713,Q7516369,1,BHP,SSR Mining
Q1418,Q686785,1,Nokia,Transocean
Q212322,Q856411,1,GSK,British American Tobacco
Q212322,Q917487,1,GSK,Brinker International
Q1472929,Q60764012,1,"Nasdaq, Inc.",Pattern Energy
Q30325409,Q48872,1,Janus Henderson,Eaton Corporation
Q152433,Q2529982,1,Xerox,The New York Times Company
Q152433,Q26678,1,Xerox,BMW Group
Q190464,Q625713,1,HSBC,BHP
Q22121862,Q306764,1,Applied Genetic Technologies Corporation,Abbott Laboratories
Q22121862,Q632240,1,Applied Genetic Technologies Corporation,Eli Lilly and Company
Q306764,Q632240,1,Abbott Laboratories,Eli Lilly and Company
Q1264404,Q2114414,1,Duke Energy,Prudential Financial
Q1264404,Q3884,1,Duke Energy,Amazon
Q2114414,Q3884,1,Prudential Financial,Amazon
Q301965,Q675585,1,Sprint Corporation,Moody's Corporation
Q2923022,Q478214,1,Boyd Gaming,Tesla
Q19604418,Q4818872,1,Helmerich & Payne,Atwood Oceanics
Q325789,Q6533918,1,Jefferies & Company,Jefferies Financial Group
Q27893,Q5206207,1,ArcelorMittal,Designer Brands
Q5206207,Q5439999,1,Designer Brands,Federal Agricultural Mortgage Corporation
Q544847,Q747207,1,Qualcomm,Lattice Semiconductor Corporation
Q2044512,Q4972280,1,PPL,Broadridge Financial Solutions
Q193199,Q459965,1,UBS,Caterpillar
Q7830012,Q894558,1,Town Sports International Holdings,Boston Beer Company
Q1341588,Q629998,1,EnerSys,General Mills
Q14647,Q2283,1,Sun Microsystems,Microsoft
Q14647,Q727883,1,Sun Microsystems,NetApp
Q2659099,Q338825,1,Noble Energy,Accenture
Q2659099,Q4983090,1,Noble Energy,Buckeye Partners
Q338825,Q4983090,1,Accenture,Buckeye Partners
Q16932392,Q174310,1,Roper Technologies,Nordstrom
Q16932392,Q37156,1,Roper Technologies,IBM
Q174310,Q37156,1,Nordstrom,IBM
Q115056594,Q22121862,1,Cohen & Steers,Applied Genetic Technologies Corporation
Q115056594,Q864338,1,Cohen & Steers,Biogen
Q22121862,Q864338,1,Applied Genetic Technologies Corporation,Biogen
Q459965,Q768773,1,Caterpillar,MSCI
Q111384730,Q22121862,1,Stem Inc.,Applied Genetic Technologies Corporation
Q111384730,Q306764,1,Stem Inc.,Abbott Laboratories
Q111384730,Q632240,1,Stem Inc.,Eli Lilly and Company
Q11407,Q98608948,1,VMware,JFrog Ltd
Q11463,Q372657,1,Adobe,Credit Suisse
Q11463,Q3884,1,Adobe,Amazon
Q1046951,Q496302,1,Target Corporation,Deere & Company
Q1046951,Q54173,1,Target Corporation,General Electric
Q496302,Q54173,1,Deere & Company,General Electric
Q666694,Q697311,1,Canadian Imperial Bank of Commerce,Magna International
Q1224697,Q7304530,1,DigitalGlobe,Red Lion Hotels Corporation
Q1224697,Q7949044,1,DigitalGlobe,WESCO International
Q7304530,Q7949044,1,Red Lion Hotels Corporation,WESCO International
Q4922539,Q58024,1,Blackbaud,eBay
Q4922539,Q8069710,1,Blackbaud,Zeta Interactive
Q58024,Q8069710,1,eBay,Zeta Interactive
Q1113804,Q1341588,1,Comcast,EnerSys
Q1113804,Q629998,1,Comcast,General Mills
Q1341588,Q35476,1,EnerSys,AT&T
Q154950,Q522617,1,Shell,Invesco
Q193326,Q1961658,1,Goldman Sachs,NV Energy
Q193326,Q522617,1,Goldman Sachs,Invesco
Q1961658,Q522617,1,NV Energy,Invesco
Q1961658,Q768773,1,NV Energy,MSCI
Q522617,Q768773,1,Invesco,MSCI
Q108770716,Q193326,1,Samsara,Goldman Sachs
Q1472929,Q2008551,1,"Nasdaq, Inc.",Oaktree Capital Management
Q66048,Q910368,1,Deutsche Bank,Clorox
Q312,Q715583,1,Apple Inc.,Costco
Q1129792,Q53268,1,The Cooper Companies,Toyota
Q1129792,Q24110304,1,The Cooper Companies,Brookfield Property Partners
Q372657,Q5656147,1,Credit Suisse,"Hardinge, Inc."
Q11407,Q11463,1,VMware,Adobe
Q11407,Q372657,1,VMware,Credit Suisse
Q11407,Q6813052,1,VMware,Mellanox Technologies
Q1032229,Q47500199,1,Canadian Natural Resources,Aurora Cannabis
Q1032229,Q48742870,1,Canadian Natural Resources,Nutrien
Q47500199,Q48742870,1,Aurora Cannabis,Nutrien
Q29739,Q63327,1,International,Airbnb
Q1407601,Q4886950,1,Grupo Aeroportuario del Sureste,Benchmark Electronics
Q11463,Q98608948,1,Adobe,JFrog Ltd
Q372657,Q6813052,1,Credit Suisse,Mellanox Technologies
Q372657,Q98608948,1,Credit Suisse,JFrog Ltd
Q3884,Q6813052,1,Amazon,Mellanox Technologies
Q3884,Q98608948,1,Amazon,JFrog Ltd
Q6813052,Q95,1,Mellanox Technologies,Google
Q6813052,Q98608948,1,Mellanox Technologies,JFrog Ltd
Q95,Q98608948,1,Google,JFrog Ltd
Q35476,Q629998,1,AT&T,General Mills
Q192814,Q496302,1,Harley-Davidson,Deere & Company
Q496302,Q72539,1,Deere & Company,U.S. Steel
Q1374135,Q219508,1,Prudential plc,Citigroup
Q1472929,Q619111,1,"Nasdaq, Inc.",Apollo Group
Q14772,Q2837996,1,Baidu,Alliance Data
Q15913890,Q619111,1,iQIYI,Apollo Group
Q2837996,Q619111,1,Alliance Data,Apollo Group
Q130624258,Q1471346,1,Fifth Third Bancorp,Whirlpool
Q130624258,Q192814,1,Fifth Third Bancorp,Harley-Davidson
Q130624258,Q675585,1,Fifth Third Bancorp,Moody's Corporation
Q130624258,Q7086908,1,Fifth Third Bancorp,Olin Corporation
Q1471346,Q193326,1,Whirlpool,Goldman Sachs
Q1471346,Q675585,1,Whirlpool,Moody's Corporation
Q11463,Q6813052,1,Adobe,Mellanox Technologies
Q1570773,Q248,1,Kohlberg Kravis Roberts,Intel
Q22674048,Q967265,1,Main Street Capital Corp,Kohl's
Q1137289,Q312,1,Nuance Communications,Apple Inc.
Q312,Q4999220,1,Apple Inc.,Burlington
Q193326,Q689791,1,Goldman Sachs,ISS
Q5761967,Q9584,1,HillRom,Honda
Q1023013,Q11407,1,"CBRE, Inc.",VMware
Q1023013,Q37156,1,"CBRE, Inc.",IBM
Q1471346,Q7086908,1,Whirlpool,Olin Corporation
Q192814,Q193326,1,Harley-Davidson,Goldman Sachs
Q192814,Q675585,1,Harley-Davidson,Moody's Corporation
Q192814,Q7086908,1,Harley-Davidson,Olin Corporation
Q675585,Q7086908,1,Moody's Corporation,Olin Corporation
Q1706317,Q486737,1,Southern California Edison,Korea Electric Power Corporation
Q1519267,Q2283,1,Omnicom Group,Microsoft
Q1471346,Q212405,1,Whirlpool,Procter & Gamble
Q1471346,Q223127,1,Whirlpool,Logitech
Q212405,Q223127,1,Procter & Gamble,Logitech
Q334204,Q733482,1,Morgan Stanley,GoPro
Q21874220,Q7120959,1,"Atara Biotherapeutics, Inc.",PTC Therapeutics
Q583268,Q66,1,Vale,Boeing
Q1418,Q207983,1,Nokia,Monsanto
Q1418,Q552581,1,Nokia,SAP
Q2904022,Q5152510,1,Bio-Rad Laboratories,Commercial Metals Company
Q108770716,Q1570773,1,Samsara,Kohlberg Kravis Roberts
Q1975799,Q26678,1,Penske Automotive Group,BMW Group
Q1374135,Q372657,1,Prudential plc,Credit Suisse
Q1374135,Q487907,1,Prudential plc,Bank of America
Q1374135,Q6522340,1,Prudential plc,Lending Club
Q219508,Q328840,1,Citigroup,Visa
Q219508,Q6522340,1,Citigroup,Lending Club
Q328840,Q372657,1,Visa,Credit Suisse
Q328840,Q6522340,1,Visa,Lending Club
Q372657,Q6522340,1,Credit Suisse,Lending Club
Q487907,Q6522340,1,Bank of America,Lending Club
Q16974682,Q247489,1,Alnylam Pharmaceuticals,Merck & Co.
Q334204,Q5416929,1,Morgan Stanley,Evercore Partners
Q334204,Q7165001,1,Morgan Stanley,Pentair
Q5416929,Q66048,1,Evercore Partners,Deutsche Bank
Q5416929,Q7165001,1,Evercore Partners,Pentair
Q1023013,Q66,1,"CBRE, Inc.",Boeing
Q1023013,Q95,1,"CBRE, Inc.",Google
Q11407,Q66,1,VMware,Boeing
Q1485061,Q934853,1,GE Aerospace,Motorola Mobility
Q37156,Q5184408,1,IBM,Crescent Point Energy
Q37156,Q7974766,1,IBM,Watsco
Q5184408,Q7974766,1,Crescent Point Energy,Watsco
Q12857502,Q2283,1,Mondelez International,Microsoft
Q12857502,Q312,1,Mondelez International,Apple Inc.
Q12857502,Q38076,1,Mondelez International,McDonald's
Q1374135,Q328840,1,Prudential plc,Visa
Q105557,Q583268,1,Embraer,Vale
Q1472929,Q5009135,1,"Nasdaq, Inc.",CBL Properties
Q2529982,Q334800,1,The New York Times Company,PepsiCo
Q2529982,Q5479360,1,The New York Times Company,"Macy's, Inc."
Q334800,Q5479360,1,PepsiCo,"Macy's, Inc."
Q20873932,Q53268,1,Grab,Toyota
Q20873932,Q55931,1,Grab,Hyundai Motor Company
Q103793759,Q192314,1,Cardlytics,JPMorgan Chase
Q1122329,Q219508,1,Computer Sciences Corporation,Citigroup
Q6744211,Q811857,1,Mallinckrodt Pharmaceuticals,Bausch & Lomb
Q1641437,Q219508,1,Ralph Lauren Corporation,Citigroup
Q1641437,Q24705550,1,Ralph Lauren Corporation,Brookfield Business Partners
Q219508,Q24705550,1,Citigroup,Brookfield Business Partners
Q1129792,Q334204,1,The Cooper Companies,Morgan Stanley
Q1129792,Q5416929,1,The Cooper Companies,Evercore Partners
Q1129792,Q66048,1,The Cooper Companies,Deutsche Bank
Q1129792,Q7165001,1,The Cooper Companies,Pentair
Q5203782,Q675585,1,D. R. Horton,Moody's Corporation
Q66048,Q7165001,1,Deutsche Bank,Pentair
Q115056594,Q7002474,1,Cohen & Steers,"Neuronetics, Inc."
Q115056594,Q7838954,1,Cohen & Steers,Trevena Inc
Q7002474,Q7838954,1,"Neuronetics, Inc.",Trevena Inc
Q156238,Q334204,1,ExxonMobil,Morgan Stanley
Q20714323,Q27022329,1,DoorDash,Snap Inc.
Q20714323,Q489921,1,DoorDash,Mastercard
Q20714323,Q95,1,DoorDash,Google
Q27022329,Q489921,1,Snap Inc.,Mastercard
Q192314,Q967868,1,JPMorgan Chase,NextEra Energy
Q219635,Q7086908,1,BlackRock,Olin Corporation
Q1472929,Q4938392,1,"Nasdaq, Inc.",Boingo Wireless
Q1113804,Q917002,1,Comcast,TiVo Corporation
Q212405,Q37156,1,Procter & Gamble,IBM
Q1673079,Q5009947,1,Iron Mountain Incorporated,CDI Corporation
Q11074158,Q2837996,1,Silicon Motion,Alliance Data
Q2837996,Q29469208,1,Alliance Data,Simpson Manufacturing Company
Q1472929,Q4742486,1,"Nasdaq, Inc.",AmeriServ Financial
Q1472929,Q16997126,1,"Nasdaq, Inc.",Intercept Pharmaceuticals
Q1472929,Q5419989,1,"Nasdaq, Inc.",Exelixis
Q1472929,Q54621387,1,"Nasdaq, Inc.",Intellia Therapeutics
Q16997126,Q5419989,1,Intercept Pharmaceuticals,Exelixis
Q16997126,Q54621387,1,Intercept Pharmaceuticals,Intellia Therapeutics
Q5419989,Q54621387,1,Exelixis,Intellia Therapeutics
Q1507642,Q2837996,1,Huaneng Power International,Alliance Data
Q158205,Q2529982,1,Sanofi,The New York Times Company
Q1384784,Q16981175,1,Express,Lennar Corporation
Q1384784,Q5203782,1,Express,D. R. Horton
Q1384784,Q675585,1,Express,Moody's Corporation
Q1384784,Q7259716,1,Express,PulteGroup
Q16981175,Q675585,1,Lennar Corporation,Moody's Corporation
Q3884,Q467752,1,Amazon,Verizon Communications
Q467752,Q5189378,1,Verizon Communications,Crown Holdings
Q1345971,Q15678788,1,USA Today Co.,Fiat Chrysler Automobiles
Q23018189,Q66,1,Albany International,Boeing
Q154950,Q210047,1,Shell,Petrobras
Q210047,Q319642,1,Petrobras,Chevron Corporation
Q2305438,Q470156,1,PT Telkom Indonesia (Persero),Cencora
Q2305438,Q950380,1,PT Telkom Indonesia (Persero),CBS Corporation
Q650259,Q899183,1,Fresenius Medical Care,FMC Corporation
Q13583352,Q219508,1,Aircastle,Citigroup
Q13583352,Q4972280,1,Aircastle,Broadridge Financial Solutions
Q16953039,Q18619272,1,Moelis & Company,Greenhill & Co.
Q219508,Q5189378,1,Citigroup,Crown Holdings
Q1129792,Q1141267,1,The Cooper Companies,Thomson Reuters
Q487907,Q7086908,1,Bank of America,Olin Corporation
Q24204272,Q2843129,1,Burford Capital,Ameriprise Financial
Q7457122,Q81965,1,Sevcon,General Motors
Q81965,Q825943,1,General Motors,BorgWarner
Q60269744,Q95,1,Spotify Technology,Google
Q1141267,Q926806,1,Thomson Reuters,Carlyle Group
Q1032229,Q5184408,1,Canadian Natural Resources,Crescent Point Energy
Q1652574,Q5184408,1,Manulife Financial,Crescent Point Energy
Q1023876,Q212900,1,CME Group,Lehman Brothers
Q1472929,Q212900,1,"Nasdaq, Inc.",Lehman Brothers
Q212900,Q30635731,1,Lehman Brothers,"Cboe Global Markets, Inc."
Q2438391,Q53268,1,Chuck E. Cheese,Toyota
Q1374135,Q1472539,1,Prudential plc,Alpha Tomo Global Resoures Sdn Bhd
Q1472539,Q190464,1,Alpha Tomo Global Resoures Sdn Bhd,HSBC
Q675585,Q7259716,1,Moody's Corporation,PulteGroup
Q2319810,Q306764,1,St. Jude Medical,Abbott Laboratories
Q156644,Q26049,1,Raytheon,Aetna
Q1885491,Q467752,1,FactSet,Verizon Communications
Q1472539,Q3884,1,Alpha Tomo Global Resoures Sdn Bhd,Amazon
Q1472539,Q478214,1,Alpha Tomo Global Resoures Sdn Bhd,Tesla
Q1359568,Q212405,1,Alibaba Group,Procter & Gamble
Q18148411,Q582418,1,Esterline,ITT Corporation
Q1472929,Q16999030,1,"Nasdaq, Inc.",Lakeland Industries
Q192314,Q19900,1,JPMorgan Chase,Oracle Corporation
Q192314,Q478214,1,JPMorgan Chase,Tesla
Q192314,Q95,1,JPMorgan Chase,Google
Q19900,Q312,1,Oracle Corporation,Apple Inc.
Q19900,Q478214,1,Oracle Corporation,Tesla
Q111804995,Q697311,1,Innoviz Technologies,Magna International
Q111804995,Q7457122,1,Innoviz Technologies,Sevcon
Q111804995,Q81965,1,Innoviz Technologies,General Motors
Q111804995,Q825943,1,Innoviz Technologies,BorgWarner
Q697311,Q7457122,1,Magna International,Sevcon
Q697311,Q825943,1,Magna International,BorgWarner
Q319642,Q4046987,1,Chevron Corporation,Pioneer Natural Resources
Q7909276,Q81230,1,Valassis,Siemens
Q12857502,Q20486914,1,Mondelez International,"Greif, Inc."
Q12857502,Q21189883,1,Mondelez International,Willis Towers Watson
Q12857502,Q7240,1,Mondelez International,Lockheed Martin
Q20486914,Q21189883,1,"Greif, Inc.",Willis Towers Watson
Q20486914,Q7240,1,"Greif, Inc.",Lockheed Martin
Q21189883,Q7240,1,Willis Towers Watson,Lockheed Martin
Q66,Q667865,1,Boeing,Johnson Controls plc
Q334204,Q634815,1,Morgan Stanley,Motorola Solutions Incorporated
Q212900,Q478214,1,Lehman Brothers,Tesla
Q212900,Q6703090,1,Lehman Brothers,Lumber Liquidators
Q478214,Q6703090,1,Tesla,Lumber Liquidators
Q1472929,Q19903490,1,"Nasdaq, Inc.",Navient
Q1503753,Q4751571,1,Vedanta Resources,Anaplan
Q3958138,Q4751571,1,Vedanta Limited,Anaplan
Q329953,Q7742790,1,Northrop Grumman Corporation,The J.M. Smucker Company
Q4037686,Q7742790,1,Dunkin' Brands,The J.M. Smucker Company
Q372657,Q60767471,1,Credit Suisse,Norwegian Cruise Line Holdings Ltd.
Q1339966,Q7501150,1,Enbridge,Shopify
Q1413997,Q17068557,1,Quantum Corporation,Mattson Technology
Q5204430,Q582418,1,DBV Technologies,ITT Corporation
Q1046951,Q1129792,1,Target Corporation,The Cooper Companies
Q1046951,Q29739,1,Target Corporation,International
Q1046951,Q35476,1,Target Corporation,AT&T
Q1129792,Q35476,1,The Cooper Companies,AT&T
Q29739,Q35476,1,International,AT&T
Q1091783,Q8070896,1,Ciena,Zhone Technologies
Q27988153,Q7638250,1,UDR,Sun Communities
Q430745,Q4732268,1,Teradata,AllianceBernstein
Q4732268,Q6914636,1,AllianceBernstein,Mortgage Guaranty Insurance Corporation
Q2013357,Q4046987,1,Occidental Petroleum,Pioneer Natural Resources
Q1503753,Q328840,1,Vedanta Resources,Visa
Q157062,Q328840,1,Unilever,Visa
Q127278673,Q5570946,1,LinkedIn Corporation,Globant
Q127278673,Q806189,1,LinkedIn Corporation,Banco Bilbao Vizcaya Argentaria
Q5570946,Q806189,1,Globant,Banco Bilbao Vizcaya Argentaria
Q667599,Q926806,1,Newell Brands,Carlyle Group
Q247489,Q4999220,1,Merck & Co.,Burlington
Q18324720,Q27893,1,Cnova,ArcelorMittal
Q161086,Q3295867,1,JetBlue Airways,The Coca-Cola Company
Q161086,Q329953,1,JetBlue Airways,Northrop Grumman Corporation
Q161086,Q4037686,1,JetBlue Airways,Dunkin' Brands
Q161086,Q7742790,1,JetBlue Airways,The J.M. Smucker Company
Q3295867,Q329953,1,The Coca-Cola Company,Northrop Grumman Corporation
Q3295867,Q4037686,1,The Coca-Cola Company,Dunkin' Brands
Q3295867,Q7742790,1,The Coca-Cola Company,The J.M. Smucker Company
Q329953,Q4037686,1,Northrop Grumman Corporation,Dunkin' Brands
Q219635,Q60269744,1,BlackRock,Spotify Technology
Q219635,Q768773,1,BlackRock,MSCI
Q219635,Q95,1,BlackRock,Google
Q27022329,Q768773,1,Snap Inc.,MSCI
Q60269744,Q768773,1,Spotify Technology,MSCI
Q1662481,Q190464,1,IHS Inc.,HSBC
Q2114414,Q607131,1,Prudential Financial,MetLife
Q188920,Q338825,1,Delta Air Lines,Accenture
Q206921,Q864338,1,Pfizer,Biogen
Q1524197,Q175106,1,Gildan Activewear,Tim Hortons
Q1524197,Q18619470,1,Gildan Activewear,Restaurant Brands International
Q1524197,Q3319685,1,Gildan Activewear,Molson Coors Brewing Company
Q175106,Q3319685,1,Tim Hortons,Molson Coors Brewing Company
Q18619470,Q3319685,1,Restaurant Brands International,Molson Coors Brewing Company
Q22022108,Q6774578,1,"Clearfield, Inc.",Martha Stewart Living Omnimedia
Q1503753,Q157062,1,Vedanta Resources,Unilever
Q2424396,Q790060,1,Brocade Communications Systems,Broadcom
Q2424396,Q80978,1,Brocade Communications Systems,Hewlett-Packard
Q334204,Q790060,1,Morgan Stanley,Broadcom
Q334204,Q80978,1,Morgan Stanley,Hewlett-Packard
Q35476,Q790060,1,AT&T,Broadcom
Q13218598,Q27963938,1,NatWest Group,Long Blockchain Corp.
Q27963938,Q334204,1,Long Blockchain Corp.,Morgan Stanley
Q27963938,Q372657,1,Long Blockchain Corp.,Credit Suisse
Q27963938,Q66048,1,Long Blockchain Corp.,Deutsche Bank
Q1472929,Q16953039,1,"Nasdaq, Inc.",Moelis & Company
Q1472929,Q2424396,1,"Nasdaq, Inc.",Brocade Communications Systems
Q301965,Q768773,1,Sprint Corporation,MSCI
Q35476,Q503308,1,AT&T,Southwest Airlines
Q2037125,Q60269744,1,State Street Corporation,Spotify Technology
Q2037125,Q768773,1,State Street Corporation,MSCI
Q2037125,Q95,1,State Street Corporation,Google
Q1662481,Q219508,1,IHS Inc.,Citigroup
Q1662481,Q880942,1,IHS Inc.,Blackstone Group
Q1129792,Q245343,1,The Cooper Companies,Barclays plc
Q18354527,Q3067064,1,Trinseo,Sociedad Química y Minera de Chile
Q16974741,Q247489,1,AMAG Pharmaceuticals,Merck & Co.
Q16974741,Q4999220,1,AMAG Pharmaceuticals,Burlington
Q478214,Q483915,1,Tesla,Nike
Q16953039,Q35476,1,Moelis & Company,AT&T
Q16953039,Q544847,1,Moelis & Company,Qualcomm
Q16953039,Q66048,1,Moelis & Company,Deutsche Bank
Q16953039,Q790060,1,Moelis & Company,Broadcom
Q16953039,Q80978,1,Moelis & Company,Hewlett-Packard
Q2424396,Q334204,1,Brocade Communications Systems,Morgan Stanley
Q2424396,Q35476,1,Brocade Communications Systems,AT&T
Q2424396,Q544847,1,Brocade Communications Systems,Qualcomm
Q2424396,Q66048,1,Brocade Communications Systems,Deutsche Bank
Q1945295,Q3157622,1,Monster Beverage,Jacobs Engineering Group
Q106253770,Q5450340,1,Lumentum Holdings,Finisar
Q643626,Q81965,1,Aptiv,General Motors
Q544847,Q790060,1,Qualcomm,Broadcom
Q544847,Q80978,1,Qualcomm,Hewlett-Packard
Q66048,Q790060,1,Deutsche Bank,Broadcom
Q66048,Q80978,1,Deutsche Bank,Hewlett-Packard
Q5439999,Q645708,1,Federal Agricultural Mortgage Corporation,ING Group
Q2659099,Q625713,1,Noble Energy,BHP
Q1129792,Q19873469,1,The Cooper Companies,Bio-Techne
Q1129792,Q6060469,1,The Cooper Companies,Inversiones y Representaciones Sociedad Anónima
Q19873469,Q6060469,1,Bio-Techne,Inversiones y Representaciones Sociedad Anónima
Q29739,Q7949044,1,International,WESCO International
Q1423218,Q478214,1,Sunoco,Tesla
Q16953039,Q2424396,1,Moelis & Company,Brocade Communications Systems
Q1662481,Q193326,1,IHS Inc.,Goldman Sachs
Q63327,Q8075320,1,Airbnb,Zuora
Q63327,Q96095585,1,Airbnb,Pinterest Inc.
Q8075320,Q96095585,1,Zuora,Pinterest Inc.
Q1141267,Q1570773,1,Thomson Reuters,Kohlberg Kravis Roberts
Q1141267,Q1662481,1,Thomson Reuters,IHS Inc.
Q1570773,Q1662481,1,Kohlberg Kravis Roberts,IHS Inc.
Q1570773,Q190464,1,Kohlberg Kravis Roberts,HSBC
Q1089060,Q66048,1,Chubb Corp.,Deutsche Bank
Q27988145,Q6675775,1,Post Holdings,LoopNet
Q368181,Q4718099,1,Vornado Realty Trust,Alexander's
Q106309492,Q312,1,"Agora, Inc.",Apple Inc.
Q106309492,Q95,1,"Agora, Inc.",Google
Q1472929,Q689791,1,"Nasdaq, Inc.",ISS
Q7856971,Q899255,1,Tutor Perini,LyondellBasell
Q1472929,Q1945295,1,"Nasdaq, Inc.",Monster Beverage
Q1472929,Q3157622,1,"Nasdaq, Inc.",Jacobs Engineering Group
Q1123366,Q855639,1,Con-way,Dow Chemical Company
Q1411295,Q192314,1,Fidelity National Information Services,JPMorgan Chase
Q6044894,Q6060469,1,InterDigital,Inversiones y Representaciones Sociedad Anónima
Q17109460,Q5170128,1,Mack-Cali Realty Corporation,Core-Mark
Q5570544,Q7010502,1,Global Payments,New Mountain Capital
Q66,Q898208,1,Boeing,"Honeywell International, Inc."
Q2529982,Q607131,1,The New York Times Company,MetLife
Q38076,Q607131,1,McDonald's,MetLife
Q202210,Q33127130,1,GameStop,TrueBlue
Q19873469,Q590897,1,Bio-Techne,Empresas ICA
Q312,Q590897,1,Apple Inc.,Empresas ICA
Q590897,Q661845,1,Empresas ICA,STMicroelectronics
Q16988748,Q27988145,1,CoStar Group,Post Holdings
Q15589464,Q63327,1,Dropbox Inc.,Airbnb
Q15589464,Q8075320,1,Dropbox Inc.,Zuora
Q15589464,Q96095585,1,Dropbox Inc.,Pinterest Inc.
Q108770716,Q13529476,1,Samsara,Sierra Wireless
Q108770716,Q1477661,1,Samsara,PACCAR
Q13529476,Q1477661,1,Sierra Wireless,PACCAR
Q1472929,Q4904902,1,"Nasdaq, Inc.",Big 5 Sporting Goods
Q1023876,Q20165,1,CME Group,Nissan
Q1023876,Q26678,1,CME Group,BMW Group
Q1023876,Q52825,1,CME Group,ABB Group
Q20165,Q52825,1,Nissan,ABB Group
Q1232862,Q17077936,1,Eldorado Gold,Lyft
Q1232862,Q697311,1,Eldorado Gold,Magna International
Q17109460,Q5275969,1,Mack-Cali Realty Corporation,Digital Realty Trust
Q16933746,Q1962059,1,SEACOR Holdings,Nabors Industries
Q1123366,Q1411295,1,Con-way,Fidelity National Information Services
Q1123366,Q192314,1,Con-way,JPMorgan Chase
Q1123366,Q54173,1,Con-way,General Electric
Q1123366,Q66,1,Con-way,Boeing
Q2837996,Q5204430,1,Alliance Data,DBV Technologies
Q334204,Q5204430,1,Morgan Stanley,DBV Technologies
Q16996714,Q3421578,1,"Amneal Pharmaceuticals, Inc.",RealD
Q1024454,Q7616390,1,CSX Corporation,Stifel
Q20858163,Q7616390,1,Norfolk Southern Corporation,Stifel
Q1411295,Q54173,1,Fidelity National Information Services,General Electric
Q1411295,Q66,1,Fidelity National Information Services,Boeing
Q1411295,Q855639,1,Fidelity National Information Services,Dow Chemical Company
Q192314,Q54173,1,JPMorgan Chase,General Electric
Q192314,Q66,1,JPMorgan Chase,Boeing
Q192314,Q855639,1,JPMorgan Chase,Dow Chemical Company
Q54173,Q855639,1,General Electric,Dow Chemical Company
Q66,Q855639,1,Boeing,Dow Chemical Company
Q245343,Q29739,1,Barclays plc,International
Q157062,Q54953653,1,Unilever,B&G Foods
Q212405,Q54953653,1,Procter & Gamble,B&G Foods
Q17080768,Q212235,1,Silicon Graphics International,American International Group
Q182477,Q38076,1,Nvidia,McDonald's
Q182477,Q483915,1,Nvidia,Nike
Q38076,Q3884,1,McDonald's,Amazon
Q38076,Q478214,1,McDonald's,Tesla
Q5041354,Q583268,1,Carlisle Companies,Vale
Q13529476,Q5923178,1,Sierra Wireless,Itron
Q1477661,Q4982028,1,PACCAR,Bsquare corporation
Q1477661,Q5923178,1,PACCAR,Itron
Q1339966,Q4874958,1,Enbridge,Baytex Energy
Q1339966,Q48791239,1,Enbridge,Maxar Technologies
Q4874958,Q48791239,1,Baytex Energy,Maxar Technologies
Q4874958,Q835456,1,Baytex Energy,Sun Life Financial
Q48791239,Q835456,1,Maxar Technologies,Sun Life Financial
Q193326,Q5204430,1,Goldman Sachs,DBV Technologies
Q2837996,Q334204,1,Alliance Data,Morgan Stanley
Q1141267,Q2529982,1,Thomson Reuters,The New York Times Company
Q2529982,Q880942,1,The New York Times Company,Blackstone Group
Q104158381,Q66048,1,Vistra,Deutsche Bank
Q312,Q7893563,1,Apple Inc.,Essendant
Q30325409,Q522617,1,Janus Henderson,Invesco
Q20714323,Q312,1,DoorDash,Apple Inc.
Q22909236,Q312,1,Instacart,Apple Inc.
Q204727,Q30280160,1,Alexion Pharmaceuticals,Elanco
Q204727,Q470517,1,Alexion Pharmaceuticals,Amgen
Q30280160,Q470517,1,Elanco,Amgen
Q265286,Q63327,1,Trivago,Airbnb
Q265286,Q8085893,1,Trivago,Expedia Group
Q26678,Q629998,1,BMW Group,General Mills
Q312,Q629998,1,Apple Inc.,General Mills
Q629998,Q95,1,General Mills,Google
Q13529476,Q4982028,1,Sierra Wireless,Bsquare corporation
Q27530,Q372657,1,Mercedes-Benz Group,Credit Suisse
Q27530,Q66048,1,Mercedes-Benz Group,Deutsche Bank
Q8024771,Q919511,1,Windstream Holdings,EarthLink
Q533415,Q54173,1,Best Buy,General Electric
Q533415,Q7271499,1,Best Buy,Questar Corporation
Q54173,Q7271499,1,General Electric,Questar Corporation
Q18354527,Q2722179,1,Trinseo,Advantest
Q18354527,Q745099,1,Trinseo,Kyocera
Q2722179,Q745099,1,Advantest,Kyocera
Q2722179,Q768773,1,Advantest,MSCI
Q745099,Q768773,1,Kyocera,MSCI
Q5439999,Q7045708,1,Federal Agricultural Mortgage Corporation,Noble Corporation
Q1548363,Q4829076,1,Magic Software Enterprises Ltd.,Avnet
Q4829076,Q6914636,1,Avnet,Mortgage Guaranty Insurance Corporation
Q193199,Q5452773,1,UBS,First Commonwealth Bank
Q190464,Q26989,1,HSBC,Infosys
Q372657,Q5045738,1,Credit Suisse,Carpenter Technology Corporation
Q1472929,Q7280047,1,"Nasdaq, Inc.",Radcom Ltd
Q5154770,Q5690594,1,Community Health Systems,Health Management Associates
Q4744841,Q5147194,1,American River Bank,Colliers International
Q123616697,Q22674048,1,Camden National Corporation,Main Street Capital Corp
Q123616697,Q29739,1,Camden National Corporation,International
Q123616697,Q3884,1,Camden National Corporation,Amazon
Q123616697,Q407237,1,Camden National Corporation,Air France-KLM
Q123616697,Q7663801,1,Camden National Corporation,Global Industrial Company
Q22674048,Q29739,1,Main Street Capital Corp,International
Q22674048,Q3884,1,Main Street Capital Corp,Amazon
Q22674048,Q407237,1,Main Street Capital Corp,Air France-KLM
Q22674048,Q7663801,1,Main Street Capital Corp,Global Industrial Company
Q29739,Q407237,1,International,Air France-KLM
Q219508,Q27530,1,Citigroup,Mercedes-Benz Group
Q27530,Q29921278,1,Mercedes-Benz Group,Nio Inc.
Q1141173,Q483915,1,Marriott International,Nike
Q29739,Q7663801,1,International,Global Industrial Company
Q3884,Q407237,1,Amazon,Air France-KLM
Q407237,Q7663801,1,Air France-KLM,Global Industrial Company
Q127278673,Q182477,1,LinkedIn Corporation,Nvidia
Q1656230,Q22906645,1,Phillips 66,Magellan Midstream Partners
Q1656230,Q7098806,1,Phillips 66,Optical Cable Corporation
Q22906645,Q7098806,1,Magellan Midstream Partners,Optical Cable Corporation
Q1472929,Q18635282,1,"Nasdaq, Inc.",OncoMed
Q18635282,Q842947,1,OncoMed,Celgene
Q3493556,Q66,1,Spirit AeroSystems,Boeing
Q18619470,Q489080,1,Restaurant Brands International,"Automatic Data Processing, Inc. (ADP)"
Q1410766,Q5516980,1,Fibria,Gaia
Q10876705,Q27530,1,ZTO Express,Mercedes-Benz Group
Q10876705,Q29921278,1,ZTO Express,Nio Inc.
Q1359568,Q27530,1,Alibaba Group,Mercedes-Benz Group
Q5045738,Q6782872,1,Carpenter Technology Corporation,Masco
Q1472929,Q905049,1,"Nasdaq, Inc.",Shire plc
Q507154,Q905049,1,Novartis,Shire plc
Q1197548,Q483551,1,Micron Technology,Walmart
Q1472929,Q738770,1,"Nasdaq, Inc.",Western Digital
Q483551,Q738770,1,Walmart,Western Digital
Q16255113,Q624375,1,Jazz Pharmaceuticals,CVS Health
Q35476,Q372657,1,AT&T,Credit Suisse
Q180816,Q66048,1,Dow Jones Industrial Average,Deutsche Bank
Q54173,Q66048,1,General Electric,Deutsche Bank
Q306764,Q642189,1,Abbott Laboratories,Medtronic
Q487907,Q637440,1,Bank of America,Lazard
Q1049080,Q212433,1,Juniper Networks,Avaya
Q212433,Q80978,1,Avaya,Hewlett-Packard
Q156238,Q677464,1,ExxonMobil,Dominion Energy
Q1345971,Q95,1,USA Today Co.,Google
Q1046951,Q81965,1,Target Corporation,General Motors
Q152433,Q420822,1,Xerox,Gap Inc.
Q1472929,Q747489,1,"Nasdaq, Inc.",Cyrix
Q2874395,Q747489,1,Avis Budget Group,Cyrix
Q259011,Q7273147,1,Motorola,Qwest Corporation
Q312,Q780442,1,Apple Inc.,Uber
Q219635,Q619111,1,BlackRock,Apollo Group
Q219635,Q619121,1,BlackRock,Apollo Global Management
Q17141393,Q744149,1,SJW Group,Wells Fargo
Q3344199,Q744149,1,Eversource Energy,Wells Fargo
Q60748073,Q744149,1,"Connecticut Water Service, Inc.",Wells Fargo
Q221062,Q731938,1,DuPont,AstraZeneca
Q731938,Q899183,1,AstraZeneca,FMC Corporation
Q625708,Q899183,1,Aramark,FMC Corporation
Q2114414,Q212235,1,Prudential Financial,American International Group
Q372657,Q6782872,1,Credit Suisse,Masco
Q5479360,Q663596,1,"Macy's, Inc.",Gilead Sciences
Q5479360,Q705392,1,"Macy's, Inc.",Seagate Technology
Q5479360,Q81965,1,"Macy's, Inc.",General Motors
Q632694,Q663596,1,Archer Daniels Midland,Gilead Sciences
Q632694,Q705392,1,Archer Daniels Midland,Seagate Technology
Q180816,Q835456,1,Dow Jones Industrial Average,Sun Life Financial
Q334204,Q459965,1,Morgan Stanley,Caterpillar
Q29739,Q5376211,1,International,Endo International plc
Q5152510,Q642189,1,Commercial Metals Company,Medtronic
Q19873469,Q259011,1,Bio-Techne,Motorola
Q19873469,Q324603,1,Bio-Techne,Compaq
Q259011,Q324603,1,Motorola,Compaq
Q30645592,Q668737,1,Yum China,Yum! Brands
Q1046951,Q152433,1,Target Corporation,Xerox
Q1046951,Q663596,1,Target Corporation,Gilead Sciences
Q1046951,Q705392,1,Target Corporation,Seagate Technology
Q127278673,Q2529982,1,LinkedIn Corporation,The New York Times Company
Q127278673,Q470156,1,LinkedIn Corporation,Cencora
Q157062,Q162852,1,Unilever,SurveyMonkey
Q157062,Q470156,1,Unilever,Cencora
Q162852,Q2529982,1,SurveyMonkey,The New York Times Company
Q162852,Q470156,1,SurveyMonkey,Cencora
Q193199,Q5002877,1,UBS,Butterfield Bank
Q152433,Q632694,1,Xerox,Archer Daniels Midland
Q152433,Q663596,1,Xerox,Gilead Sciences
Q152433,Q705392,1,Xerox,Seagate Technology
Q152433,Q81965,1,Xerox,General Motors
Q420822,Q632694,1,Gap Inc.,Archer Daniels Midland
Q420822,Q663596,1,Gap Inc.,Gilead Sciences
Q420822,Q705392,1,Gap Inc.,Seagate Technology
Q420822,Q81965,1,Gap Inc.,General Motors
Q5479360,Q632694,1,"Macy's, Inc.",Archer Daniels Midland
Q66048,Q7229656,1,Deutsche Bank,"Popular, Inc."
Q663596,Q705392,1,Gilead Sciences,Seagate Technology
Q663596,Q81965,1,Gilead Sciences,General Motors
Q705392,Q81965,1,Seagate Technology,General Motors
Q3884,Q5476713,1,Amazon,21st Century Fox
Q5189378,Q5476713,1,Crown Holdings,21st Century Fox
Q1472929,Q294721,1,"Nasdaq, Inc.",AMC Theatres
Q459965,Q7336661,1,Caterpillar,Ritchie Bros. Auctioneers
Q152433,Q5479360,1,Xerox,"Macy's, Inc."
Q245343,Q5002877,1,Barclays plc,Butterfield Bank
Q5002877,Q666694,1,Butterfield Bank,Canadian Imperial Bank of Commerce
Q1264404,Q967868,1,Duke Energy,NextEra Energy
Q128896,Q206921,1,AMD,Pfizer
Q128896,Q333718,1,AMD,Johnson & Johnson
Q127278673,Q157062,1,LinkedIn Corporation,Unilever
Q106253502,Q54173,1,TopBuild Corp.,General Electric
Q1373493,Q4648219,1,Lowe's,A. O. Smith
Q1049080,Q3884,1,Juniper Networks,Amazon
Q1049080,Q5451274,1,Juniper Networks,FireEye
Q2283,Q5451274,1,Microsoft,FireEye
Q312,Q5451274,1,Apple Inc.,FireEye
Q3884,Q5451274,1,Amazon,FireEye
Q212900,Q650259,1,Lehman Brothers,Fresenius Medical Care
Q1472929,Q5082076,1,"Nasdaq, Inc.",Charles River Laboratories
Q170614,Q190464,1,Ryanair,HSBC
Q632694,Q81965,1,Archer Daniels Midland,General Motors
Q106253502,Q7837478,1,TopBuild Corp.,Tredegar corporation
Q54173,Q7837478,1,General Electric,Tredegar corporation
Q44294,Q7561788,1,Ford Motor Company,Sonic Automotive
Q53268,Q7561788,1,Toyota,Sonic Automotive
Q1542175,Q190464,1,Mitsubishi UFJ Financial Group,HSBC
Q1921579,Q2529982,1,Meredith Corporation,The New York Times Company
Q1921579,Q8033550,1,Meredith Corporation,Woodward
Q21198484,Q8033550,1,Alamo Group,Woodward
Q3077586,Q4972280,1,Bilibili,Broadridge Financial Solutions
Q29739,Q322153,1,International,Meritor
Q212322,Q899133,1,GSK,Takeda Pharmaceutical Company
Q212322,Q905049,1,GSK,Shire plc
Q108770716,Q259011,1,Samsara,Motorola
Q503308,Q744149,1,Southwest Airlines,Wells Fargo
Q66,Q744149,1,Boeing,Wells Fargo
Q158205,Q624375,1,Sanofi,CVS Health
Q470517,Q624375,1,Amgen,CVS Health
Q624375,Q7308054,1,CVS Health,Regeneron Pharmaceuticals
Q214346,Q2283,1,Viacom,Microsoft
Q2283,Q950380,1,Microsoft,CBS Corporation
Q247489,Q632240,1,Merck & Co.,Eli Lilly and Company
Q127278673,Q1283291,1,LinkedIn Corporation,Valero Energy
Q245343,Q780442,1,Barclays plc,Uber
Q334204,Q780442,1,Morgan Stanley,Uber
Q66048,Q780442,1,Deutsche Bank,Uber
Q735261,Q780442,1,Royal Bank of Canada,Uber
Q27022329,Q3511946,1,Snap Inc.,T. Rowe Price
Q26678,Q768773,1,BMW Group,MSCI
Q768773,Q81965,1,MSCI,General Motors
Q1129792,Q144060,1,The Cooper Companies,Cray
Q1129792,Q259011,1,The Cooper Companies,Motorola
Q144060,Q259011,1,Cray,Motorola
Q16829833,Q483637,1,Cobalt International Energy,Anadarko Petroleum
Q1740314,Q6398035,1,KeyBank,Key Energy Services
Q1023155,Q1921579,1,CDW,Meredith Corporation
Q1023155,Q21198484,1,CDW,Alamo Group
Q1023155,Q8033550,1,CDW,Woodward
Q1921579,Q21198484,1,Meredith Corporation,Alamo Group
Q127278673,Q7414,1,LinkedIn Corporation,The Walt Disney Company
Q212900,Q37156,1,Lehman Brothers,IBM
Q212900,Q5013072,1,Lehman Brothers,CNA Financial
Q212900,Q7414,1,Lehman Brothers,The Walt Disney Company
Q219508,Q5013072,1,Citigroup,CNA Financial
Q204727,Q66,1,Alexion Pharmaceuticals,Boeing
Q152433,Q1816028,1,Xerox,National Bank of Greece
Q152433,Q301965,1,Xerox,Sprint Corporation
Q152433,Q66,1,Xerox,Boeing
Q1816028,Q301965,1,National Bank of Greece,Sprint Corporation
Q1816028,Q66,1,National Bank of Greece,Boeing
Q301965,Q66,1,Sprint Corporation,Boeing
Q1472929,Q17125902,1,"Nasdaq, Inc.",ZIOPHARM Oncology
Q17125902,Q85769888,1,ZIOPHARM Oncology,Iovance Biotherapeutics
Q16996938,Q312,1,InfoSonics Corporation,Apple Inc.
Q190464,Q780442,1,HSBC,Uber
Q1132272,Q22243729,1,PVH Corp.,Ferrari
Q16980281,Q29739,1,Haemonetics,International
Q474621,Q54173,1,Amphenol,General Electric
Q1472929,Q16994588,1,"Nasdaq, Inc.",Guaranty Federal Bancshares
Q116452644,Q2961234,1,"Netflix, Inc.",Charter Communications
Q13218598,Q645708,1,NatWest Group,ING Group
Q108770716,Q144060,1,Samsara,Cray
Q483915,Q5426537,1,Nike,FLIR Systems
Q193326,Q624375,1,Goldman Sachs,CVS Health
Q193326,Q853958,1,Goldman Sachs,NTT DoCoMo
Q26049,Q334204,1,Aetna,Morgan Stanley
Q26049,Q853958,1,Aetna,NTT DoCoMo
Q334204,Q624375,1,Morgan Stanley,CVS Health
Q334204,Q853958,1,Morgan Stanley,NTT DoCoMo
Q624375,Q853958,1,CVS Health,NTT DoCoMo
Q127278673,Q212900,1,LinkedIn Corporation,Lehman Brothers
Q219508,Q7414,1,Citigroup,The Walt Disney Company
Q37156,Q5013072,1,IBM,CNA Financial
Q37156,Q7414,1,IBM,The Walt Disney Company
Q5013072,Q7414,1,CNA Financial,The Walt Disney Company
Q1374135,Q1655409,1,Prudential plc,Iamgold
Q1655409,Q491325,1,Iamgold,Shinhan Financial Group
Q206678,Q9396,1,OTE,Deutsche Telekom
Q4045977,Q645072,1,Belmond,Dean Foods
Q4045977,Q7098552,1,Belmond,Oppenheimer Holdings
Q645072,Q7098552,1,Dean Foods,Oppenheimer Holdings
Q1046951,Q686785,1,Target Corporation,Transocean
Q1472929,Q24110304,1,"Nasdaq, Inc.",Brookfield Property Partners
Q1472929,Q8025339,1,"Nasdaq, Inc.",Wingstop
Q1155668,Q152433,1,NXP Semiconductors,Xerox
Q386193,Q688725,1,Coeur Mining,Teck Resources
Q193326,Q26049,1,Goldman Sachs,Aetna
Q1472929,Q1477661,1,"Nasdaq, Inc.",PACCAR
Q1477661,Q7573905,1,PACCAR,Spartan Motors
Q552581,Q967868,1,SAP,NextEra Energy
Q1113804,Q290680,1,Comcast,ADT Inc.
Q1113804,Q979690,1,Comcast,Netgear
Q290680,Q979690,1,ADT Inc.,Netgear
Q110877094,Q5457038,1,United Wholesale Mortgage,Flagstar Bank
Q27893,Q950380,1,ArcelorMittal,CBS Corporation
Q5162777,Q607131,1,Conseco,MetLife
Q27988145,Q899097,1,Post Holdings,BRF
Q245343,Q5090406,1,Barclays plc,Chemical Financial Corporation
Q245343,Q5453330,1,Barclays plc,First Midwest Bancorp
Q372657,Q5090406,1,Credit Suisse,Chemical Financial Corporation
Q372657,Q5453330,1,Credit Suisse,First Midwest Bancorp
Q5090406,Q5453330,1,Chemical Financial Corporation,First Midwest Bancorp
Q37156,Q787324,1,IBM,BEA Systems
Q483915,Q7280252,1,Nike,RadiSys
Q5426537,Q7280252,1,FLIR Systems,RadiSys
Q5426537,Q744149,1,FLIR Systems,Wells Fargo
Q7280252,Q744149,1,RadiSys,Wells Fargo
Q1389504,Q1683034,1,"Morningstar, Inc.",Janus Capital Group
Q207983,Q50039478,1,Monsanto,Caris Life Sciences (United States)
Q502121,Q619111,1,BlackBerry,Apollo Group
Q127278673,Q634815,1,LinkedIn Corporation,Motorola Solutions Incorporated
Q2837996,Q3077586,1,Alliance Data,Bilibili
Q2837996,Q4972280,1,Alliance Data,Broadridge Financial Solutions
Q1113804,Q156238,1,Comcast,ExxonMobil
Q1113804,Q6541837,1,Comcast,QVC Group
Q156238,Q483551,1,ExxonMobil,Walmart
Q156238,Q6541837,1,ExxonMobil,QVC Group
Q18534725,Q65085822,1,The Honest Company,Affirm
Q1113804,Q7360089,1,Comcast,"Roku, Inc."
Q144617,Q212235,1,TIM Group,American International Group
Q144617,Q6840048,1,TIM Group,Microsemi
Q152433,Q212235,1,Xerox,American International Group
Q4983090,Q54173,1,Buckeye Partners,General Electric
Q212900,Q63035278,1,Lehman Brothers,XPeng
Q111839764,Q806693,1,SVB Financial Group,BMO Financial Group
Q17112054,Q806693,1,Silicon Valley Bank,BMO Financial Group
Q4119347,Q54871457,1,A. T. Cross Company,Ribbon Communications
Q1024454,Q1032229,1,CSX Corporation,Canadian Natural Resources
Q1024454,Q1516410,1,CSX Corporation,Suncor Energy
Q1024454,Q1652574,1,CSX Corporation,Manulife Financial
Q1024454,Q5928181,1,CSX Corporation,HudBay Minerals
Q1024454,Q735261,1,CSX Corporation,Royal Bank of Canada
Q1032229,Q5928181,1,Canadian Natural Resources,HudBay Minerals
Q1032229,Q735261,1,Canadian Natural Resources,Royal Bank of Canada
Q1516410,Q5928181,1,Suncor Energy,HudBay Minerals
Q37156,Q7808625,1,IBM,Slack Technologies
Q16974527,Q54173,1,Dover Corporation,General Electric
Q38076,Q5426537,1,McDonald's,FLIR Systems
Q38076,Q7280252,1,McDonald's,RadiSys
Q38076,Q744149,1,McDonald's,Wells Fargo
Q5928181,Q735261,1,HudBay Minerals,Royal Bank of Canada
Q1053422,Q624798,1,Cenovus Energy,Canadian National Railway
Q212405,Q54173,1,Procter & Gamble,General Electric
Q193199,Q5041354,1,UBS,Carlisle Companies
Q193199,Q7796068,1,UBS,Thor Industries
Q5041354,Q66048,1,Carlisle Companies,Deutsche Bank
Q5041354,Q7796068,1,Carlisle Companies,Thor Industries
Q66048,Q7796068,1,Deutsche Bank,Thor Industries
Q1957521,Q430745,1,Mitel,Teradata
Q180816,Q806693,1,Dow Jones Industrial Average,BMO Financial Group
Q144617,Q152433,1,TIM Group,Xerox
Q20800404,Q66048,1,Alphabet Inc.,Deutsche Bank
Q212235,Q6840048,1,American International Group,Microsemi
Q29469208,Q552581,1,Simpson Manufacturing Company,SAP
Q17109683,Q24908086,1,JBG Smith,Washington Prime Group
Q17109683,Q4671583,1,JBG Smith,Acadia Realty Trust
Q24908086,Q4671583,1,Washington Prime Group,Acadia Realty Trust
Q16255113,Q39052499,1,Jazz Pharmaceuticals,Tonix Pharmaceuticals
Q677464,Q7114733,1,Dominion Energy,Owens & Minor
Q677464,Q7837478,1,Dominion Energy,Tredegar corporation
Q7114733,Q7837478,1,Owens & Minor,Tredegar corporation
Q2036530,Q81965,1,Allison Transmission,General Motors
Q116452644,Q2207629,1,"Netflix, Inc.",SPX Corporation
Q1652574,Q5928181,1,Manulife Financial,HudBay Minerals
Q16824426,Q207983,1,Agios Pharmaceuticals,Monsanto
Q16824426,Q507154,1,Agios Pharmaceuticals,Novartis
Q207983,Q507154,1,Monsanto,Novartis
Q2140315,Q35476,1,Textron,AT&T
Q173476,Q7958645,1,Cummins,Wabash National
Q2274089,Q689791,1,Wynn Resorts,ISS
Q162852,Q23133268,1,SurveyMonkey,Match Group
Q162852,Q757307,1,SurveyMonkey,Atlassian
Q23133268,Q757307,1,Match Group,Atlassian
Q7002903,Q899183,1,Neustar,FMC Corporation
Q1046951,Q10856243,1,Target Corporation,Newegg
Q10856243,Q483551,1,Newegg,Walmart
Q1089060,Q5649395,1,Chubb Corp.,Hanover Insurance
Q152433,Q6840048,1,Xerox,Microsemi
Q2448801,Q7800873,1,TransAlta Corporation,Tidewater
Q1032229,Q489080,1,Canadian Natural Resources,"Automatic Data Processing, Inc. (ADP)"
Q182477,Q245343,1,Nvidia,Barclays plc
Q182477,Q66048,1,Nvidia,Deutsche Bank
Q20800404,Q245343,1,Alphabet Inc.,Barclays plc
Q135325,Q447403,1,Alcoa,Alumina Limited
Q1114148,Q1508234,1,Comerica,Safeway
Q1129426,Q5152539,1,Convergys,Commercial Vehicle Group
Q1129792,Q483637,1,The Cooper Companies,Anadarko Petroleum
Q1472929,Q2916497,1,"Nasdaq, Inc.",Perrigo Company Plc
Q2916497,Q5152510,1,Perrigo Company Plc,Commercial Metals Company
Q2066858,Q23131313,1,PerkinElmer,Editas Medicine
Q2066858,Q643674,1,PerkinElmer,Thermo Fisher Scientific
Q2066858,Q864338,1,PerkinElmer,Biogen
Q23131313,Q643674,1,Editas Medicine,Thermo Fisher Scientific
Q23131313,Q864338,1,Editas Medicine,Biogen
Q643674,Q864338,1,Thermo Fisher Scientific,Biogen
Q144617,Q2140315,1,TIM Group,Textron
Q144617,Q35476,1,TIM Group,AT&T
Q144617,Q645525,1,TIM Group,SunPower
Q144617,Q95,1,TIM Group,Google
Q13529435,Q372657,1,New Gold,Credit Suisse
Q682047,Q7888979,1,SuperValu,United Natural Foods
Q2140315,Q95,1,Textron,Google
Q35476,Q645525,1,AT&T,SunPower
Q645525,Q95,1,SunPower,Google
Q5206198,Q868587,1,DST Systems,S&P Global
Q7392916,Q868587,1,SS&C Technologies,S&P Global
Q1046951,Q768231,1,Target Corporation,Express Scripts
Q1046951,Q910866,1,Target Corporation,Humana
Q153417,Q26049,1,Kroger,Aetna
Q153417,Q768231,1,Kroger,Express Scripts
Q153417,Q910866,1,Kroger,Humana
Q206678,Q29739,1,OTE,International
Q1032229,Q6315968,1,Canadian Natural Resources,Just Energy
Q1339966,Q489080,1,Enbridge,"Automatic Data Processing, Inc. (ADP)"
Q489080,Q6315968,1,"Automatic Data Processing, Inc. (ADP)",Just Energy
Q212405,Q333718,1,Procter & Gamble,Johnson & Johnson
Q212405,Q768773,1,Procter & Gamble,MSCI
Q333718,Q768773,1,Johnson & Johnson,MSCI
Q11235714,Q5384681,1,NIS Group,Equity One
Q5384681,Q7308000,1,Equity One,Regency Centers
Q5013012,Q507154,1,CMS Energy,Novartis
Q5013012,Q663596,1,CMS Energy,Gilead Sciences
Q26049,Q715583,1,Aetna,Costco
Q715583,Q768231,1,Costco,Express Scripts
Q715583,Q910866,1,Costco,Humana
Q1785405,Q2059537,1,Newmont Mining Corporation,Arrow Electronics
Q1785405,Q5207184,1,Newmont Mining Corporation,DaVita
Q2059537,Q5207184,1,Arrow Electronics,DaVita
Q6060469,Q7178935,1,Inversiones y Representaciones Sociedad Anónima,Petroleum & Resources Corporation
Q2140315,Q645525,1,Textron,SunPower
Q607131,Q898208,1,MetLife,"Honeywell International, Inc."
Q144617,Q9396,1,TIM Group,Deutsche Telekom
Q5479360,Q966556,1,"Macy's, Inc.",Sears Holdings Corporation
Q920037,Q966556,1,J. C. Penney,Sears Holdings Corporation
Q123616697,Q459965,1,Camden National Corporation,Caterpillar
Q123616697,Q66,1,Camden National Corporation,Boeing
Q4751571,Q835456,1,Anaplan,Sun Life Financial
Q27963938,Q486269,1,Long Blockchain Corp.,Kodak
Q29098065,Q544847,1,SomaLogic,Qualcomm
Q192314,Q2114414,1,JPMorgan Chase,Prudential Financial
Q192314,Q5479360,1,JPMorgan Chase,"Macy's, Inc."
Q2114414,Q5479360,1,Prudential Financial,"Macy's, Inc."
Q2114414,Q744149,1,Prudential Financial,Wells Fargo
Q1335585,Q35476,1,Emerson Electric,AT&T
Q715583,Q7888979,1,Costco,United Natural Foods
Q116452644,Q212405,1,"Netflix, Inc.",Procter & Gamble
Q116452644,Q333718,1,"Netflix, Inc.",Johnson & Johnson
Q4788901,Q4972280,1,Arena Pharmaceuticals,Broadridge Financial Solutions
Q22674048,Q37156,1,Main Street Capital Corp,IBM
Q165684,Q35476,1,Rogers Communications,AT&T
Q5047083,Q5184408,1,Carter's,Crescent Point Energy
Q1129792,Q1383669,1,The Cooper Companies,Exelon
Q1383669,Q577911,1,Exelon,"Pepco Holdings, Inc."
Q1542175,Q8093,1,Mitsubishi UFJ Financial Group,Nintendo
Q2094989,Q8093,1,Sumitomo Mitsui Financial Group,Nintendo
Q1577587,Q38928,1,Marathon Oil,PNC Financial Services
Q1577587,Q48754,1,Marathon Oil,PPG Industries
Q1577587,Q72539,1,Marathon Oil,U.S. Steel
Q38928,Q48754,1,PNC Financial Services,PPG Industries
Q38928,Q72539,1,PNC Financial Services,U.S. Steel
Q48754,Q72539,1,PPG Industries,U.S. Steel
Q144617,Q193199,1,TIM Group,UBS
Q144617,Q334204,1,TIM Group,Morgan Stanley
Q1516410,Q2108251,1,Suncor Energy,Precision Drilling
Q1516410,Q4874958,1,Suncor Energy,Baytex Energy
Q180922,Q2108251,1,CAE Inc.,Precision Drilling
Q180922,Q4874958,1,CAE Inc.,Baytex Energy
Q180922,Q5184408,1,CAE Inc.,Crescent Point Energy
Q2108251,Q4874958,1,Precision Drilling,Baytex Energy
Q193199,Q947718,1,UBS,Reynolds American
Q334204,Q947718,1,Morgan Stanley,Reynolds American
Q5439999,Q9396,1,Federal Agricultural Mortgage Corporation,Deutsche Telekom
Q5439999,Q947718,1,Federal Agricultural Mortgage Corporation,Reynolds American
Q9396,Q947718,1,Deutsche Telekom,Reynolds American
Q1465461,Q174198,1,National Grid,Gartner
Q1465461,Q645525,1,National Grid,SunPower
Q174198,Q645525,1,Gartner,SunPower
Q219508,Q4788901,1,Citigroup,Arena Pharmaceuticals
Q372657,Q4788901,1,Credit Suisse,Arena Pharmaceuticals
Q153417,Q6541837,1,Kroger,QVC Group
Q153417,Q682047,1,Kroger,SuperValu
Q153417,Q7888979,1,Kroger,United Natural Foods
Q2376711,Q6541837,1,Sysco,QVC Group
Q2376711,Q682047,1,Sysco,SuperValu
Q2376711,Q715583,1,Sysco,Costco
Q2376711,Q7888979,1,Sysco,United Natural Foods
Q6541837,Q682047,1,QVC Group,SuperValu
Q6541837,Q715583,1,QVC Group,Costco
Q6541837,Q7888979,1,QVC Group,United Natural Foods
Q193412,Q306764,1,Texas Instruments,Abbott Laboratories
Q1508234,Q5461913,1,Safeway,Florists' Transworld Delivery
Q1424962,Q334204,1,IHG Hotels & Resorts,Morgan Stanley
Q1424962,Q63327,1,IHG Hotels & Resorts,Airbnb
Q334204,Q63327,1,Morgan Stanley,Airbnb
Q1516410,Q180922,1,Suncor Energy,CAE Inc.
Q2373884,Q487907,1,Sykes Enterprises,Bank of America
Q2373884,Q7669940,1,Sykes Enterprises,TECO Energy
Q2974454,Q38928,1,Frontier Communications,PNC Financial Services
Q2974454,Q487907,1,Frontier Communications,Bank of America
Q2974454,Q7669940,1,Frontier Communications,TECO Energy
Q38928,Q7669940,1,PNC Financial Services,TECO Energy
Q2108251,Q5184408,1,Precision Drilling,Crescent Point Energy
Q1337797,Q1472929,1,Office Depot,"Nasdaq, Inc."
Q1337797,Q18385610,1,Office Depot,Stitch Fix
Q1337797,Q5533818,1,Office Depot,Genuine Parts Company
Q18385610,Q5533818,1,Stitch Fix,Genuine Parts Company
Q1141173,Q1902726,1,Marriott International,Marshall & Ilsley
Q1141173,Q2373884,1,Marriott International,Sykes Enterprises
Q1141173,Q2974454,1,Marriott International,Frontier Communications
Q3331496,Q5013012,1,Myriad Genetics,CMS Energy
Q1508234,Q7888979,1,Safeway,United Natural Foods
Q15109891,Q54173,1,Innospec,General Electric
Q104158381,Q5462295,1,Vistra,Flowers Foods
Q6805492,Q917487,1,Media General,Brinker International
Q6805492,Q95,1,Media General,Google
Q917487,Q95,1,Brinker International,Google
Q1472929,Q7501097,1,"Nasdaq, Inc.",ShopRite
Q1141173,Q38928,1,Marriott International,PNC Financial Services
Q1141173,Q487907,1,Marriott International,Bank of America
Q1141173,Q7669940,1,Marriott International,TECO Energy
Q1902726,Q2373884,1,Marshall & Ilsley,Sykes Enterprises
Q1902726,Q2974454,1,Marshall & Ilsley,Frontier Communications
Q1902726,Q38928,1,Marshall & Ilsley,PNC Financial Services
Q1902726,Q487907,1,Marshall & Ilsley,Bank of America
Q1902726,Q7669940,1,Marshall & Ilsley,TECO Energy
Q2373884,Q2974454,1,Sykes Enterprises,Frontier Communications
Q2373884,Q38928,1,Sykes Enterprises,PNC Financial Services
Q1192211,Q3884,1,Strategy,Amazon
Q157062,Q66,1,Unilever,Boeing
Q66,Q731938,1,Boeing,AstraZeneca
Q1472929,Q17086854,1,"Nasdaq, Inc.",Uranium Resources
Q15678788,Q173476,1,Fiat Chrysler Automobiles,Cummins
Q173476,Q81965,1,Cummins,General Motors
Q1508234,Q2376711,1,Safeway,Sysco
Q1508234,Q6541837,1,Safeway,QVC Group
Q2066858,Q319642,1,PerkinElmer,Chevron Corporation
Q108770716,Q174198,1,Samsara,Gartner
Q108770716,Q18150963,1,Samsara,ForgeRock
Q174198,Q18150963,1,Gartner,ForgeRock
Q4751571,Q697311,1,Anaplan,Magna International
Q212405,Q4743275,1,Procter & Gamble,American Campus Communities
Q1339966,Q15109891,1,Enbridge,Innospec
Q1339966,Q54173,1,Enbridge,General Electric
Q212900,Q27963938,1,Lehman Brothers,Long Blockchain Corp.
Q212900,Q6049324,1,Lehman Brothers,International Coal Group
Q1660027,Q1921579,1,The McClatchy Company,Meredith Corporation
Q1660027,Q470156,1,The McClatchy Company,Cencora
Q1660027,Q950380,1,The McClatchy Company,CBS Corporation
Q123616697,Q212405,1,Camden National Corporation,Procter & Gamble
Q123616697,Q917487,1,Camden National Corporation,Brinker International
Q212405,Q917487,1,Procter & Gamble,Brinker International
Q165684,Q2283,1,Rogers Communications,Microsoft
Q165684,Q26678,1,Rogers Communications,BMW Group
Q165684,Q41187,1,Rogers Communications,Sony Group
Q2283,Q26678,1,Microsoft,BMW Group
Q26678,Q41187,1,BMW Group,Sony Group
Q487907,Q7669940,1,Bank of America,TECO Energy
Q193412,Q54173,1,Texas Instruments,General Electric
Q306764,Q54173,1,Abbott Laboratories,General Electric
Q11407,Q950380,1,VMware,CBS Corporation
Q122141,Q214346,1,Vodafone,Viacom
Q297879,Q66048,1,ASML,Deutsche Bank
Q297879,Q661845,1,ASML,STMicroelectronics
Q66048,Q661845,1,Deutsche Bank,STMicroelectronics
Q4778915,Q8003328,1,Cloudflare,Willamette Valley Vineyards
Q1389504,Q312,1,"Morningstar, Inc.",Apple Inc.
Q1364176,Q26989,1,Wipro,Infosys
Q1364176,Q7727445,1,Wipro,The Container Store
Q470517,Q5152510,1,Amgen,Commercial Metals Company
Q11407,Q8074786,1,VMware,Zscaler
Q1023765,Q181507,1,CIT Group,SunTrust Banks
Q1023765,Q192314,1,CIT Group,JPMorgan Chase
Q1023765,Q193326,1,CIT Group,Goldman Sachs
Q1023765,Q2032800,1,CIT Group,Ally Financial
Q1023765,Q334204,1,CIT Group,Morgan Stanley
Q296782,Q3884,1,Arm Holdings,Amazon
Q296782,Q7705659,1,Arm Holdings,Xperi Corporation
Q3884,Q7705659,1,Amazon,Xperi Corporation
Q181507,Q192314,1,SunTrust Banks,JPMorgan Chase
Q181507,Q2032800,1,SunTrust Banks,Ally Financial
Q192314,Q2032800,1,JPMorgan Chase,Ally Financial
Q192314,Q739084,1,JPMorgan Chase,U.S. Bancorp
Q2032800,Q334204,1,Ally Financial,Morgan Stanley
Q2032800,Q739084,1,Ally Financial,U.S. Bancorp
Q1472929,Q1502794,1,"Nasdaq, Inc.",GEO Group
Q1472929,Q3259355,1,"Nasdaq, Inc.",Loral Space & Communications
Q1502794,Q3259355,1,GEO Group,Loral Space & Communications
Q16968655,Q5184408,1,Rocket Fuel Inc.,Crescent Point Energy
Q11407,Q122141,1,VMware,Vodafone
Q11407,Q214346,1,VMware,Viacom
Q11407,Q28222763,1,VMware,VIAVI Solutions
Q4688284,Q502121,1,Aerohive Networks,BlackBerry
Q144617,Q190464,1,TIM Group,HSBC
Q1509038,Q289761,1,Tenneco,Federal-Mogul
Q1509038,Q5985017,1,Tenneco,Icahn Enterprises
Q289761,Q5985017,1,Federal-Mogul,Icahn Enterprises
Q122141,Q27500963,1,Vodafone,Dell Technologies
Q122141,Q28222763,1,Vodafone,VIAVI Solutions
Q122141,Q950380,1,Vodafone,CBS Corporation
Q214346,Q27500963,1,Viacom,Dell Technologies
Q214346,Q28222763,1,Viacom,VIAVI Solutions
Q27500963,Q28222763,1,Dell Technologies,VIAVI Solutions
Q27500963,Q950380,1,Dell Technologies,CBS Corporation
Q28222763,Q950380,1,VIAVI Solutions,CBS Corporation
Q212322,Q4692116,1,GSK,Agenus
Q1472929,Q296782,1,"Nasdaq, Inc.",Arm Holdings
Q1472929,Q7705659,1,"Nasdaq, Inc.",Xperi Corporation
Q267313,Q96371983,1,"McAfee, LLC",Amplify Energy
Q582418,Q906187,1,ITT Corporation,Allergan plc
Q7002174,Q731938,1,Neurocrine Biosciences,AstraZeneca
Q1472929,Q434017,1,"Nasdaq, Inc.",Altair Engineering
Q6723256,Q80978,1,Macerich,Hewlett-Packard
Q11463,Q334204,1,Adobe,Morgan Stanley
Q11463,Q7501150,1,Adobe,Shopify
Q334204,Q7501150,1,Morgan Stanley,Shopify
Q1107088,Q1472929,1,"Coherent, Inc.","Nasdaq, Inc."
Q333718,Q899010,1,Johnson & Johnson,Mylan
Q127278673,Q835456,1,LinkedIn Corporation,Sun Life Financial
Q16157155,Q4651203,1,A10 Networks,Adtran
Q16157155,Q4688284,1,A10 Networks,Aerohive Networks
Q16157155,Q502121,1,A10 Networks,BlackBerry
Q4651203,Q4688284,1,Adtran,Aerohive Networks
Q4651203,Q502121,1,Adtran,BlackBerry
Q221062,Q507154,1,DuPont,Novartis
Q5986662,Q65056153,1,Iconix Brand Group,Pony.ai
Q22243729,Q26678,1,Ferrari,BMW Group
Q1066858,Q372657,1,Tiffany & Co.,Credit Suisse
Q196259,Q2283,1,NetEase,Microsoft
Q182477,Q507154,1,Nvidia,Novartis
Q478214,Q507154,1,Tesla,Novartis
Q37156,Q459477,1,IBM,FedEx
Q37156,Q691592,1,IBM,GlobalFoundries
Q459477,Q691592,1,FedEx,GlobalFoundries
Q192314,Q81965,1,JPMorgan Chase,General Motors
Q219508,Q81965,1,Citigroup,General Motors
Q744149,Q81965,1,Wells Fargo,General Motors
Q27022329,Q478214,1,Snap Inc.,Tesla
Q312,Q689791,1,Apple Inc.,ISS
Q294721,Q41187,1,AMC Theatres,Sony Group
Q19923099,Q334204,1,Hewlett Packard Enterprise,Morgan Stanley
Q26678,Q334204,1,BMW Group,Morgan Stanley
Q334204,Q7742790,1,Morgan Stanley,The J.M. Smucker Company
Q2207629,Q5479360,1,SPX Corporation,"Macy's, Inc."
Q2207629,Q621610,1,SPX Corporation,Applied Materials
Q5479360,Q621610,1,"Macy's, Inc.",Applied Materials
Q1056839,Q202210,1,DirecTV,GameStop
Q1056839,Q312,1,DirecTV,Apple Inc.
Q1056839,Q35476,1,DirecTV,AT&T
Q202210,Q312,1,GameStop,Apple Inc.
Q202210,Q35476,1,GameStop,AT&T
Q1045758,Q26215536,1,United Technologies Corporation,Axalta Coating Systems
Q1045758,Q312,1,United Technologies Corporation,Apple Inc.
Q20711490,Q26215536,1,LKQ Corporation,Axalta Coating Systems
Q20711490,Q312,1,LKQ Corporation,Apple Inc.
Q106309492,Q108770716,1,"Agora, Inc.",Samsara
Q18712620,Q247489,1,Walgreens Boots Alliance,Merck & Co.
Q18712620,Q66048,1,Walgreens Boots Alliance,Deutsche Bank
Q212322,Q624375,1,GSK,CVS Health
Q212322,Q66048,1,GSK,Deutsche Bank
Q247489,Q624375,1,Merck & Co.,CVS Health
Q624375,Q66048,1,CVS Health,Deutsche Bank
Q1129792,Q221062,1,The Cooper Companies,DuPont
Q312,Q6662684,1,Apple Inc.,General Cable
Q238765,Q7313537,1,Alliant Techsystems,Rentech
Q2874395,Q842947,1,Avis Budget Group,Celgene
Q507154,Q842947,1,Novartis,Celgene
Q663596,Q842947,1,Gilead Sciences,Celgene
Q1129792,Q6723256,1,The Cooper Companies,Macerich
Q180816,Q2529982,1,Dow Jones Industrial Average,The New York Times Company
Q17110635,Q920037,1,Heidrick & Struggles,J. C. Penney
Q19923099,Q26678,1,Hewlett Packard Enterprise,BMW Group
Q30298277,Q632694,1,Mirion Technologies,Archer Daniels Midland
Q190464,Q312,1,HSBC,Apple Inc.
Q1472929,Q17006727,1,"Nasdaq, Inc.",Kandi Technologies
Q1141267,Q4686414,1,Thomson Reuters,Advantage Oil & Gas
Q4686414,Q880942,1,Advantage Oil & Gas,Blackstone Group
Q2529982,Q37156,1,The New York Times Company,IBM
Q193326,Q47500199,1,Goldman Sachs,Aurora Cannabis
Q193326,Q624798,1,Goldman Sachs,Canadian National Railway
Q193326,Q835370,1,Goldman Sachs,Yamana Gold
Q15678788,Q219508,1,Fiat Chrysler Automobiles,Citigroup
Q15678788,Q334204,1,Fiat Chrysler Automobiles,Morgan Stanley
Q26215536,Q312,1,Axalta Coating Systems,Apple Inc.
Q212322,Q5417806,1,GSK,Everyday Health
Q1155668,Q193199,1,NXP Semiconductors,UBS
Q193199,Q544847,1,UBS,Qualcomm
Q18712620,Q212322,1,Walgreens Boots Alliance,GSK
Q1472929,Q17114308,1,"Nasdaq, Inc.",Nektar Therapeutics
Q291508,Q3421578,1,AES Corporation,RealD
Q15678788,Q95,1,Fiat Chrysler Automobiles,Google
Q193326,Q478214,1,Goldman Sachs,Tesla
Q219508,Q478214,1,Citigroup,Tesla
Q1264404,Q219508,1,Duke Energy,Citigroup
Q1264404,Q245343,1,Duke Energy,Barclays plc
Q1264404,Q334204,1,Duke Energy,Morgan Stanley
Q1264404,Q372657,1,Duke Energy,Credit Suisse
Q1264404,Q4972280,1,Duke Energy,Broadridge Financial Solutions
Q115056594,Q4727688,1,Cohen & Steers,Alkermes
Q1383669,Q1419248,1,Exelon,FirstEnergy
Q1383669,Q6955139,1,Exelon,NRG Energy
Q1419248,Q6955139,1,FirstEnergy,NRG Energy
Q338825,Q372657,1,Accenture,Credit Suisse
Q21233433,Q23133268,1,Bumble,Match Group
Q1114148,Q334204,1,Comerica,Morgan Stanley
Q1114148,Q487907,1,Comerica,Bank of America
Q1114148,Q744149,1,Comerica,Wells Fargo
Q181507,Q245343,1,SunTrust Banks,Barclays plc
Q5041354,Q55080120,1,Carlisle Companies,UiPath
Q312,Q7899307,1,Apple Inc.,Upstart
Q312,Q853958,1,Apple Inc.,NTT DoCoMo
Q7899307,Q853958,1,Upstart,NTT DoCoMo
Q219635,Q590897,1,BlackRock,Empresas ICA
Q2837996,Q4740289,1,Alliance Data,Amarin Corporation
Q1809448,Q5139058,1,Whole Foods Market,Coca-Cola Bottling Co. Consolidated
Q3884,Q5139058,1,Amazon,Coca-Cola Bottling Co. Consolidated
Q333718,Q816379,1,Johnson & Johnson,Bemis Company
Q1506045,Q757307,1,Las Vegas Sands,Atlassian
Q1541470,Q950380,1,GPA,CBS Corporation
Q37156,Q6715642,1,IBM,MFS Investment Management
Q24705550,Q312,1,Brookfield Business Partners,Apple Inc.
Q145168,Q483551,1,Dollar General,Walmart
Q145168,Q5494350,1,Dollar General,Fred's
Q483551,Q5494350,1,Walmart,Fred's
Q291508,Q39052499,1,AES Corporation,Tonix Pharmaceuticals
Q3421578,Q39052499,1,RealD,Tonix Pharmaceuticals
Q2529982,Q48754,1,The New York Times Company,PPG Industries
Q108770716,Q1172038,1,Samsara,Dassault Systèmes
Q108770716,Q14647,1,Samsara,Sun Microsystems
Q1172038,Q14647,1,Dassault Systèmes,Sun Microsystems
Q2443609,Q37156,1,Zebra Technologies,IBM
Q1114148,Q181507,1,Comerica,SunTrust Banks
Q1114148,Q2037125,1,Comerica,State Street Corporation
Q1114148,Q219508,1,Comerica,Citigroup
Q1114148,Q245343,1,Comerica,Barclays plc
Q1114148,Q3272257,1,Comerica,M&T Bank
Q1418,Q1477156,1,Nokia,Seadrill
Q1418,Q1776022,1,Nokia,Equinor ASA
Q1477156,Q1776022,1,Seadrill,Equinor ASA
Q16983765,Q66048,1,Prologis,Deutsche Bank
Q181507,Q3272257,1,SunTrust Banks,M&T Bank
Q2037125,Q245343,1,State Street Corporation,Barclays plc
Q2037125,Q3272257,1,State Street Corporation,M&T Bank
Q219508,Q3272257,1,Citigroup,M&T Bank
Q245343,Q3272257,1,Barclays plc,M&T Bank
Q3272257,Q334204,1,M&T Bank,Morgan Stanley
Q3272257,Q487907,1,M&T Bank,Bank of America
Q3272257,Q744149,1,M&T Bank,Wells Fargo
Q415598,Q7261135,1,Akamai Technologies,"Pure Storage, Inc."
Q16983837,Q27893,1,Quaker Chemical Corporation,ArcelorMittal
Q16983837,Q312,1,Quaker Chemical Corporation,Apple Inc.
Q24705550,Q27893,1,Brookfield Business Partners,ArcelorMittal
Q2283,Q518016,1,Microsoft,Unisys
Q2283,Q600624,1,Microsoft,CA Technologies
Q37156,Q600624,1,IBM,CA Technologies
Q518016,Q552581,1,Unisys,SAP
Q518016,Q600624,1,Unisys,CA Technologies
Q518016,Q95,1,Unisys,Google
Q552581,Q600624,1,SAP,CA Technologies
Q600624,Q95,1,CA Technologies,Google
Q1353939,Q795454,1,Etsy,Barnes & Noble
Q58024,Q795454,1,eBay,Barnes & Noble
Q106309492,Q3518066,1,"Agora, Inc.",Tenet Healthcare
Q1809448,Q7581369,1,Whole Foods Market,Sprouts Farmers Market
Q22909236,Q7581369,1,Instacart,Sprouts Farmers Market
Q3884,Q7581369,1,Amazon,Sprouts Farmers Market
Q1265181,Q1477156,1,Dun & Bradstreet,Seadrill
Q1265181,Q1776022,1,Dun & Bradstreet,Equinor ASA
Q1023876,Q1145004,1,CME Group,Randgold Resources
Q20165,Q312,1,Nissan,Apple Inc.
Q20165,Q552581,1,Nissan,SAP
Q1141173,Q552363,1,Marriott International,Starwood
Q1141173,Q7271499,1,Marriott International,Questar Corporation
Q1472929,Q552363,1,"Nasdaq, Inc.",Starwood
Q552363,Q7271499,1,Starwood,Questar Corporation
Q1472929,Q5047083,1,"Nasdaq, Inc.",Carter's
Q192314,Q9396,1,JPMorgan Chase,Deutsche Telekom
Q4465402,Q950380,1,Tumi Inc.,CBS Corporation
Q1129792,Q219508,1,The Cooper Companies,Citigroup
Q1199757,Q214346,1,Dish,Viacom
Q1199757,Q467752,1,Dish,Verizon Communications
Q219508,Q518016,1,Citigroup,Unisys
Q219508,Q552581,1,Citigroup,SAP
Q219508,Q600624,1,Citigroup,CA Technologies
Q312,Q5479360,1,Apple Inc.,"Macy's, Inc."
Q372657,Q689791,1,Credit Suisse,ISS
Q1129792,Q1220078,1,The Cooper Companies,Diebold Nixdorf
Q1129792,Q6113060,1,The Cooper Companies,Jack Henry & Associates
Q1220078,Q6113060,1,Diebold Nixdorf,Jack Henry & Associates
Q1353939,Q334204,1,Etsy,Morgan Stanley
Q1413997,Q734779,1,Quantum Corporation,Comscore
Q5451274,Q6544620,1,FireEye,LifeLock
Q5451274,Q95,1,FireEye,Google
Q459965,Q7995089,1,Caterpillar,White Mountains Insurance Group
Q483915,Q6758107,1,Nike,Marcus Corporation
Q1055390,Q1129792,1,Cerner,The Cooper Companies
Q122141,Q5439999,1,Vodafone,Federal Agricultural Mortgage Corporation
Q1260606,Q1459595,1,Estée Lauder,Revlon
Q245343,Q632240,1,Barclays plc,Eli Lilly and Company
Q372657,Q632240,1,Credit Suisse,Eli Lilly and Company
Q21077,Q41187,1,Warner Music Group,Sony Group
Q1353939,Q193326,1,Etsy,Goldman Sachs
Q3884,Q5639346,1,Amazon,Hain Celestial Group
Q1645081,Q645708,1,Nucor,ING Group
Q645708,Q72539,1,ING Group,U.S. Steel
Q544847,Q648533,1,Qualcomm,Semiconductor Manufacturing International Corporation
Q2985356,Q5095516,1,NDTV,Chicago Bridge & Iron Company
Q312,Q842947,1,Apple Inc.,Celgene
Q2004423,Q672885,1,FEI Company,Tyco International
Q2004423,Q906187,1,FEI Company,Allergan plc
Q672885,Q906187,1,Tyco International,Allergan plc
Q212235,Q689791,1,American International Group,ISS
Q156238,Q16979157,1,ExxonMobil,PBF Energy
Q1045758,Q180816,1,United Technologies Corporation,Dow Jones Industrial Average
Q312,Q667599,1,Apple Inc.,Newell Brands
Q1472929,Q5560152,1,"Nasdaq, Inc.",GigaMedia Limited
Q483551,Q5639346,1,Walmart,Hain Celestial Group
Q16933746,Q334204,1,SEACOR Holdings,Morgan Stanley
Q5439999,Q917487,1,Federal Agricultural Mortgage Corporation,Brinker International
Q1155668,Q41187,1,NXP Semiconductors,Sony Group
Q41187,Q544847,1,Sony Group,Qualcomm
Q13715273,Q458363,1,Atotech,Marathon Petroleum
Q13715273,Q628051,1,Atotech,Autodesk
Q13715273,Q7856971,1,Atotech,Tutor Perini
Q458363,Q628051,1,Marathon Petroleum,Autodesk
Q30635731,Q744683,1,"Cboe Global Markets, Inc.",Franklin Templeton Investments
Q744683,Q841458,1,Franklin Templeton Investments,Intercontinental Exchange
Q1703389,Q194360,1,Jones Lang LaSalle,American Express
Q1703389,Q21077,1,Jones Lang LaSalle,Warner Music Group
Q1703389,Q41187,1,Jones Lang LaSalle,Sony Group
Q194360,Q21077,1,American Express,Warner Music Group
Q194360,Q41187,1,American Express,Sony Group
Q458363,Q7856971,1,Marathon Petroleum,Tutor Perini
Q628051,Q7856971,1,Autodesk,Tutor Perini
Q55931,Q95,1,Hyundai Motor Company,Google
Q127278673,Q27022329,1,LinkedIn Corporation,Snap Inc.
Q127278673,Q95,1,LinkedIn Corporation,Google
Q108770716,Q6955096,1,Samsara,Link Motion Inc
Q2283,Q6955096,1,Microsoft,Link Motion Inc
Q37156,Q6955096,1,IBM,Link Motion Inc
Q1655409,Q735261,1,Iamgold,Royal Bank of Canada
Q372657,Q6468754,1,Credit Suisse,Spire Inc.
Q202972,Q5597139,1,International Paper,Graphic Packaging
Q1045758,Q3884,1,United Technologies Corporation,Amazon
Q1045758,Q731912,1,United Technologies Corporation,Carrier Corporation
Q153417,Q5639346,1,Kroger,Hain Celestial Group
Q1809448,Q5639346,1,Whole Foods Market,Hain Celestial Group
Q334204,Q5639346,1,Morgan Stanley,Hain Celestial Group
Q1194832,Q1516849,1,Toronto-Dominion Bank,Shaw Communications
Q1516410,Q1516849,1,Suncor Energy,Shaw Communications
Q1516410,Q880942,1,Suncor Energy,Blackstone Group
Q1516849,Q880942,1,Shaw Communications,Blackstone Group
Q66,Q731912,1,Boeing,Carrier Corporation
Q5184408,Q5439999,1,Crescent Point Energy,Federal Agricultural Mortgage Corporation
Q2013357,Q3493556,1,Occidental Petroleum,Spirit AeroSystems
Q2119898,Q319642,1,Denbury Resources,Chevron Corporation
Q2119898,Q3493556,1,Denbury Resources,Spirit AeroSystems
Q319642,Q3493556,1,Chevron Corporation,Spirit AeroSystems
Q334204,Q3403513,1,Morgan Stanley,Principal Financial Group
Q16980871,Q2283,1,Kadant,Microsoft
Q106309492,Q1615684,1,"Agora, Inc.",Hess Corporation
Q334204,Q899183,1,Morgan Stanley,FMC Corporation
Q1129792,Q19923099,1,The Cooper Companies,Hewlett Packard Enterprise
Q1129792,Q223407,1,The Cooper Companies,Novell
Q1129792,Q741046,1,The Cooper Companies,Progress Software
Q19923099,Q223407,1,Hewlett Packard Enterprise,Novell
Q19923099,Q741046,1,Hewlett Packard Enterprise,Progress Software
Q223407,Q741046,1,Novell,Progress Software
Q193326,Q920037,1,Goldman Sachs,J. C. Penney
Q248,Q5479360,1,Intel,"Macy's, Inc."
Q248,Q920037,1,Intel,J. C. Penney
Q744149,Q920037,1,Wells Fargo,J. C. Penney
Q1472929,Q17326957,1,"Nasdaq, Inc.",Westlake Corporation
Q1053422,Q1359568,1,Cenovus Energy,Alibaba Group
Q1053422,Q180816,1,Cenovus Energy,Dow Jones Industrial Average
Q1359568,Q180816,1,Alibaba Group,Dow Jones Industrial Average
Q16997846,Q2283,1,Mimecast,Microsoft
Q16997846,Q4778915,1,Mimecast,Cloudflare
Q3884,Q731912,1,Amazon,Carrier Corporation
Q1032229,Q880942,1,Canadian Natural Resources,Blackstone Group
Q4972280,Q85801645,1,Broadridge Financial Solutions,Smartsheet Inc.
Q17086475,Q653581,1,Ultralife Corporation,Fluor
Q170614,Q223127,1,Ryanair,Logitech
Q106253770,Q312,1,Lumentum Holdings,Apple Inc.
Q106253770,Q334204,1,Lumentum Holdings,Morgan Stanley
Q106253770,Q66048,1,Lumentum Holdings,Deutsche Bank
Q106253770,Q713418,1,Lumentum Holdings,TSMC
Q334204,Q713418,1,Morgan Stanley,TSMC
Q66048,Q713418,1,Deutsche Bank,TSMC
Q5484477,Q688725,1,Franco-Nevada,Teck Resources
Q1152764,Q219635,1,Lloyds Banking Group,BlackRock
Q13218598,Q219635,1,NatWest Group,BlackRock
Q219635,Q245343,1,BlackRock,Barclays plc
Q1419248,Q7663801,1,FirstEnergy,Global Industrial Company
Q127278673,Q14772,1,LinkedIn Corporation,Baidu
Q1359568,Q301965,1,Alibaba Group,Sprint Corporation
Q1453620,Q248,1,Freeport-McMoRan,Intel
Q1453620,Q459965,1,Freeport-McMoRan,Caterpillar
Q1359568,Q853958,1,Alibaba Group,NTT DoCoMo
Q301965,Q853958,1,Sprint Corporation,NTT DoCoMo
Q334800,Q744149,1,PepsiCo,Wells Fargo
Q5139058,Q744149,1,Coca-Cola Bottling Co. Consolidated,Wells Fargo
Q1472929,Q4983090,1,"Nasdaq, Inc.",Buckeye Partners
Q24896598,Q4983090,1,Gulf Island Fabrication,Buckeye Partners
Q1570773,Q29739,1,Kohlberg Kravis Roberts,International
Q108770716,Q1224697,1,Samsara,DigitalGlobe
Q1129792,Q1224697,1,The Cooper Companies,DigitalGlobe
Q1023765,Q62621,1,CIT Group,Canon Inc.
Q2283,Q4778915,1,Microsoft,Cloudflare
Q477993,Q5194189,1,iHeartMedia,Cumulus Media
Q5130656,Q5194189,1,Clear Channel Outdoor,Cumulus Media
Q1046951,Q1122299,1,Target Corporation,"Computer Task Group, Incorporated"
Q1655409,Q688687,1,Iamgold,Encana
Q1655409,Q688725,1,Iamgold,Teck Resources
Q688687,Q688725,1,Encana,Teck Resources
Q1189695,Q20165,1,Denny's,Nissan
Q1189695,Q28127133,1,Denny's,ElectraMeccanica
Q20165,Q28127133,1,Nissan,ElectraMeccanica
Q1275577,Q54173,1,EOG Resources,General Electric
Q1275577,Q804353,1,EOG Resources,Baker Hughes
Q1615684,Q2659099,1,Hess Corporation,Noble Energy
Q459965,Q62621,1,Caterpillar,Canon Inc.
Q467752,Q62621,1,Verizon Communications,Canon Inc.
Q487907,Q62621,1,Bank of America,Canon Inc.
Q496302,Q62621,1,Deere & Company,Canon Inc.
Q62621,Q81230,1,Canon Inc.,Siemens
Q1453620,Q2207629,1,Freeport-McMoRan,SPX Corporation
Q1453620,Q2283,1,Freeport-McMoRan,Microsoft
Q16980898,Q334204,1,Kansas City Southern,Morgan Stanley
Q54173,Q619121,1,General Electric,Apollo Global Management
Q2207629,Q2283,1,SPX Corporation,Microsoft
Q2207629,Q248,1,SPX Corporation,Intel
Q2207629,Q459965,1,SPX Corporation,Caterpillar
Q1472929,Q5453008,1,"Nasdaq, Inc.",First Financial Bank
Q1472929,Q8178679,1,"Nasdaq, Inc.",MainSource Bank
Q1852556,Q219508,1,Philip Morris International,Citigroup
Q1852556,Q7917805,1,Philip Morris International,Vector Group
Q219508,Q445007,1,Citigroup,Altria
Q219508,Q7917805,1,Citigroup,Vector Group
Q219508,Q856411,1,Citigroup,British American Tobacco
Q445007,Q7917805,1,Altria,Vector Group
Q7917805,Q856411,1,Vector Group,British American Tobacco
Q1032229,Q688687,1,Canadian Natural Resources,Encana
Q1032229,Q688725,1,Canadian Natural Resources,Teck Resources
Q1975799,Q56011958,1,Penske Automotive Group,Tencent Music
Q1975799,Q880942,1,Penske Automotive Group,Blackstone Group
Q1364494,Q25004808,1,Medco Health Solutions,Diplomat Pharmacy
Q1364494,Q29739,1,Medco Health Solutions,International
Q1364494,Q768231,1,Medco Health Solutions,Express Scripts
Q25004808,Q29739,1,Diplomat Pharmacy,International
Q25004808,Q768231,1,Diplomat Pharmacy,Express Scripts
Q29739,Q768231,1,International,Express Scripts
Q1089060,Q127278673,1,Chubb Corp.,LinkedIn Corporation
Q127278673,Q212235,1,LinkedIn Corporation,American International Group
Q212235,Q5013072,1,American International Group,CNA Financial
Q18156798,Q5082076,1,Astra,Charles River Laboratories
Q1156045,Q158205,1,Public Storage,Sanofi
Q1545076,Q757489,1,Microchip Technology,Atmel
Q6840048,Q757489,1,Microsemi,Atmel
Q1114148,Q170614,1,Comerica,Ryanair
Q19900,Q206921,1,Oracle Corporation,Pfizer
Q19900,Q207983,1,Oracle Corporation,Monsanto
Q54173,Q645525,1,General Electric,SunPower
Q54173,Q680841,1,General Electric,Sigma-Aldrich
Q54173,Q946713,1,General Electric,SunEdison
Q619121,Q645525,1,Apollo Global Management,SunPower
Q619121,Q680841,1,Apollo Global Management,Sigma-Aldrich
Q619121,Q946713,1,Apollo Global Management,SunEdison
Q645525,Q680841,1,SunPower,Sigma-Aldrich
Q645525,Q946713,1,SunPower,SunEdison
Q680841,Q946713,1,Sigma-Aldrich,SunEdison
Q1030544,Q130326112,1,Campbell's,Kellogg’s
Q1030544,Q157062,1,Campbell's,Unilever
Q130326112,Q157062,1,Kellogg’s,Unilever
Q130326112,Q212405,1,Kellogg’s,Procter & Gamble
Q6415714,Q880942,1,Kirkland's,Blackstone Group
Q206921,Q54173,1,Pfizer,General Electric
Q206921,Q624375,1,Pfizer,CVS Health
Q56011958,Q880942,1,Tencent Music,Blackstone Group
Q1471346,Q19900,1,Whirlpool,Oracle Corporation
Q1471346,Q206921,1,Whirlpool,Pfizer
Q1471346,Q207983,1,Whirlpool,Monsanto
Q1471346,Q2283,1,Whirlpool,Microsoft
Q1471346,Q248,1,Whirlpool,Intel
Q1471346,Q333718,1,Whirlpool,Johnson & Johnson
Q1471346,Q37156,1,Whirlpool,IBM
Q1471346,Q44294,1,Whirlpool,Ford Motor Company
Q1471346,Q483551,1,Whirlpool,Walmart
Q1471346,Q487907,1,Whirlpool,Bank of America
Q1471346,Q489921,1,Whirlpool,Mastercard
Q1471346,Q624375,1,Whirlpool,CVS Health
Q1471346,Q66,1,Whirlpool,Boeing
Q2283,Q333718,1,Microsoft,Johnson & Johnson
Q2283,Q44294,1,Microsoft,Ford Motor Company
Q2283,Q489921,1,Microsoft,Mastercard
Q19900,Q333718,1,Oracle Corporation,Johnson & Johnson
Q19900,Q44294,1,Oracle Corporation,Ford Motor Company
Q19900,Q483551,1,Oracle Corporation,Walmart
Q19900,Q489921,1,Oracle Corporation,Mastercard
Q19900,Q54173,1,Oracle Corporation,General Electric
Q19900,Q624375,1,Oracle Corporation,CVS Health
Q19900,Q66,1,Oracle Corporation,Boeing
Q206921,Q207983,1,Pfizer,Monsanto
Q206921,Q2283,1,Pfizer,Microsoft
Q206921,Q37156,1,Pfizer,IBM
Q206921,Q44294,1,Pfizer,Ford Motor Company
Q206921,Q483551,1,Pfizer,Walmart
Q206921,Q489921,1,Pfizer,Mastercard
Q319642,Q503182,1,Chevron Corporation,PetroChina Company Limited
Q1542175,Q66,1,Mitsubishi UFJ Financial Group,Boeing
Q16953039,Q498746,1,Moelis & Company,W. R. Grace and Company
Q16953039,Q898750,1,Moelis & Company,Teva Pharmaceutical Industries Ltd.
Q498746,Q898750,1,W. R. Grace and Company,Teva Pharmaceutical Industries Ltd.
Q1916402,Q898208,1,Pearson plc,"Honeywell International, Inc."
Q206921,Q95,1,Pfizer,Google
Q207983,Q248,1,Monsanto,Intel
Q207983,Q333718,1,Monsanto,Johnson & Johnson
Q207983,Q44294,1,Monsanto,Ford Motor Company
Q207983,Q483551,1,Monsanto,Walmart
Q207983,Q487907,1,Monsanto,Bank of America
Q207983,Q489921,1,Monsanto,Mastercard
Q207983,Q54173,1,Monsanto,General Electric
Q207983,Q624375,1,Monsanto,CVS Health
Q207983,Q95,1,Monsanto,Google
Q2283,Q624375,1,Microsoft,CVS Health
Q248,Q489921,1,Intel,Mastercard
Q248,Q624375,1,Intel,CVS Health
Q333718,Q44294,1,Johnson & Johnson,Ford Motor Company
Q333718,Q483551,1,Johnson & Johnson,Walmart
Q333718,Q487907,1,Johnson & Johnson,Bank of America
Q333718,Q489921,1,Johnson & Johnson,Mastercard
Q333718,Q624375,1,Johnson & Johnson,CVS Health
Q333718,Q66,1,Johnson & Johnson,Boeing
Q37156,Q44294,1,IBM,Ford Motor Company
Q37156,Q489921,1,IBM,Mastercard
Q37156,Q624375,1,IBM,CVS Health
Q206921,Q66,1,Pfizer,Boeing
Q1615684,Q503182,1,Hess Corporation,PetroChina Company Limited
Q2659099,Q319642,1,Noble Energy,Chevron Corporation
Q2659099,Q503182,1,Noble Energy,PetroChina Company Limited
Q1129792,Q7414,1,The Cooper Companies,The Walt Disney Company
Q1502794,Q173941,1,GEO Group,Electronic Arts
Q1502794,Q2283,1,GEO Group,Microsoft
Q1502794,Q312,1,GEO Group,Apple Inc.
Q44294,Q483551,1,Ford Motor Company,Walmart
Q44294,Q487907,1,Ford Motor Company,Bank of America
Q44294,Q489921,1,Ford Motor Company,Mastercard
Q44294,Q624375,1,Ford Motor Company,CVS Health
Q44294,Q66,1,Ford Motor Company,Boeing
Q483551,Q54173,1,Walmart,General Electric
Q483551,Q66,1,Walmart,Boeing
Q487907,Q489921,1,Bank of America,Mastercard
Q487907,Q624375,1,Bank of America,CVS Health
Q487907,Q95,1,Bank of America,Google
Q489921,Q54173,1,Mastercard,General Electric
Q489921,Q624375,1,Mastercard,CVS Health
Q122141,Q1374135,1,Vodafone,Prudential plc
Q122141,Q17145596,1,Vodafone,Tesco Corporation
Q122141,Q190464,1,Vodafone,HSBC
Q122141,Q478214,1,Vodafone,Tesla
Q489921,Q66,1,Mastercard,Boeing
Q54173,Q624375,1,General Electric,CVS Health
Q624375,Q66,1,CVS Health,Boeing
Q624375,Q95,1,CVS Health,Google
Q1472929,Q16984687,1,"Nasdaq, Inc.",SM Energy
Q1472929,Q19867294,1,"Nasdaq, Inc.",WPX Energy
Q1472929,Q7571413,1,"Nasdaq, Inc.",Southwestern Energy
Q16984687,Q19867294,1,SM Energy,WPX Energy
Q16984687,Q7571413,1,SM Energy,Southwestern Energy
Q19867294,Q7571413,1,WPX Energy,Southwestern Energy
Q1129792,Q1502794,1,The Cooper Companies,GEO Group
Q1129792,Q173941,1,The Cooper Companies,Electronic Arts
Q1666040,Q6550657,1,"Interface, Inc.",Lincoln Electric
Q1666040,Q935059,1,"Interface, Inc.",Toro
Q6550657,Q935059,1,Lincoln Electric,Toro
Q1053422,Q688725,1,Cenovus Energy,Teck Resources
Q334204,Q806189,1,Morgan Stanley,Banco Bilbao Vizcaya Argentaria
Q487907,Q806189,1,Bank of America,Banco Bilbao Vizcaya Argentaria
Q1502794,Q7414,1,GEO Group,The Walt Disney Company
Q173941,Q2283,1,Electronic Arts,Microsoft
Q173941,Q312,1,Electronic Arts,Apple Inc.
Q173941,Q7414,1,Electronic Arts,The Walt Disney Company
Q2283,Q7414,1,Microsoft,The Walt Disney Company
Q312,Q7414,1,Apple Inc.,The Walt Disney Company
Q17145596,Q675585,1,Tesco Corporation,Moody's Corporation
Q130326112,Q1961658,1,Kellogg’s,NV Energy
Q130326112,Q503308,1,Kellogg’s,Southwest Airlines
Q1961658,Q503308,1,NV Energy,Southwest Airlines
Q1206980,Q154950,1,Devon Energy,Shell
Q1206980,Q483637,1,Devon Energy,Anadarko Petroleum
Q1206980,Q625713,1,Devon Energy,BHP
Q1206980,Q880942,1,Devon Energy,Blackstone Group
Q483637,Q625713,1,Anadarko Petroleum,BHP
Q483637,Q880942,1,Anadarko Petroleum,Blackstone Group
Q1374135,Q17145596,1,Prudential plc,Tesco Corporation
Q17145596,Q190464,1,Tesco Corporation,HSBC
Q17145596,Q478214,1,Tesco Corporation,Tesla
Q1472929,Q1631922,1,"Nasdaq, Inc.",Snap-on
Q1472929,Q1666040,1,"Nasdaq, Inc.","Interface, Inc."
Q1472929,Q6550657,1,"Nasdaq, Inc.",Lincoln Electric
Q1472929,Q935059,1,"Nasdaq, Inc.",Toro
Q1631922,Q1666040,1,Snap-on,"Interface, Inc."
Q1631922,Q6550657,1,Snap-on,Lincoln Electric
Q1631922,Q935059,1,Snap-on,Toro
Q1656230,Q5311573,1,Phillips 66,Ducommun
Q16979157,Q5311573,1,PBF Energy,Ducommun
Q319642,Q5311573,1,Chevron Corporation,Ducommun
Q1423218,Q1570773,1,Sunoco,Kohlberg Kravis Roberts
Q1423218,Q372657,1,Sunoco,Credit Suisse
Q4799191,Q697311,1,Arthur J. Gallagher & Co.,Magna International
Q20502124,Q207983,1,Alon Blue Square Israel Ltd,Monsanto
Q17108791,Q2304693,1,Mississippi Power,Southern Company
Q2140077,Q6805492,1,Tribune Media,Media General
Q2288792,Q6805492,1,Sinclair Broadcast Group,Media General
Q470156,Q6805492,1,Cencora,Media General
Q1472929,Q152433,1,"Nasdaq, Inc.",Xerox
Q2837996,Q484143,1,Alliance Data,Gravity Corporation
Q144617,Q20059505,1,TIM Group,Telefônica Brasil
Q20059505,Q312,1,Telefônica Brasil,Apple Inc.
Q1472929,Q96482278,1,"Nasdaq, Inc.",Kitov Pharma
Q105580834,Q29739,1,Adams Funds,International
Q20165,Q219508,1,Nissan,Citigroup
Q20165,Q835456,1,Nissan,Sun Life Financial
Q4686194,Q54173,1,Advanced Energy,General Electric
Q1206980,Q1615684,1,Devon Energy,Hess Corporation
Q1206980,Q2659099,1,Devon Energy,Noble Energy
Q1206980,Q319642,1,Devon Energy,Chevron Corporation
Q1206980,Q503182,1,Devon Energy,PetroChina Company Limited
Q193199,Q917487,1,UBS,Brinker International
Q334204,Q619111,1,Morgan Stanley,Apollo Group
Q3648676,Q372657,1,"Ceva, Inc.",Credit Suisse
Q3648676,Q619111,1,"Ceva, Inc.",Apollo Group
Q3648676,Q66048,1,"Ceva, Inc.",Deutsche Bank
Q372657,Q619111,1,Credit Suisse,Apollo Group
Q1673079,Q372657,1,Iron Mountain Incorporated,Credit Suisse
Q1283291,Q5311573,1,Valero Energy,Ducommun
Q127278673,Q460446,1,LinkedIn Corporation,Amdocs
Q188920,Q849404,1,Delta Air Lines,Copa Airlines
Q407237,Q849404,1,Air France-KLM,Copa Airlines
Q1028449,Q7243481,1,Cameco,Primerica
Q1283291,Q1579222,1,Valero Energy,Ultrapar
Q1283291,Q16531742,1,Valero Energy,Valvoline
Q1283291,Q8035757,1,Valero Energy,World Fuel Services
Q1579222,Q16531742,1,Ultrapar,Valvoline
Q1579222,Q8035757,1,Ultrapar,World Fuel Services
Q16531742,Q8035757,1,Valvoline,World Fuel Services
Q182477,Q2901365,1,Nvidia,Mobileye
Q182477,Q9584,1,Nvidia,Honda
Q20165,Q248,1,Nissan,Intel
Q20165,Q2901365,1,Nissan,Mobileye
Q334204,Q3648676,1,Morgan Stanley,"Ceva, Inc."
Q4667884,Q898208,1,AbioMed,"Honeywell International, Inc."
Q122141,Q1472929,1,Vodafone,"Nasdaq, Inc."
Q19604577,Q6791878,1,Tempur Sealy International,Mattress Firm
Q248,Q9584,1,Intel,Honda
Q26678,Q2901365,1,BMW Group,Mobileye
Q2901365,Q9584,1,Mobileye,Honda
Q158205,Q22674048,1,Sanofi,Main Street Capital Corp
Q1156045,Q15678788,1,Public Storage,Fiat Chrysler Automobiles
Q1156045,Q66048,1,Public Storage,Deutsche Bank
Q301965,Q6955544,1,Sprint Corporation,nTelos
Q206921,Q334800,1,Pfizer,PepsiCo
Q1472929,Q460446,1,"Nasdaq, Inc.",Amdocs
Q26913624,Q7663801,1,Blue Apron,Global Industrial Company
Q66048,Q917487,1,Deutsche Bank,Brinker International
Q5476713,Q880942,1,21st Century Fox,Blackstone Group
Q1353939,Q35476,1,Etsy,AT&T
Q1916402,Q4667884,1,Pearson plc,AbioMed
Q212405,Q947718,1,Procter & Gamble,Reynolds American
Q334800,Q947718,1,PepsiCo,Reynolds American
Q675585,Q795221,1,Moody's Corporation,CNOOC Limited
Q312,Q55948312,1,Apple Inc.,Tenable Network Security
Q312,Q7268802,1,Apple Inc.,Qualys
Q312,Q8074786,1,Apple Inc.,Zscaler
Q334204,Q55948312,1,Morgan Stanley,Tenable Network Security
Q207983,Q24705550,1,Monsanto,Brookfield Business Partners
Q24705550,Q37156,1,Brookfield Business Partners,IBM
Q1045758,Q654762,1,United Technologies Corporation,Sotheby's
Q1045758,Q855639,1,United Technologies Corporation,Dow Chemical Company
Q461210,Q654762,1,Rockwell Collins,Sotheby's
Q338825,Q37156,1,Accenture,IBM
Q15109906,Q5380687,1,Mazor Robotics,Entravision Communications
Q122141,Q81230,1,Vodafone,Siemens
Q122141,Q127278673,1,Vodafone,LinkedIn Corporation
Q1961658,Q20800404,1,NV Energy,Alphabet Inc.
Q1961658,Q3884,1,NV Energy,Amazon
Q1961658,Q95,1,NV Energy,Google
Q108770716,Q127040202,1,Samsara,Tempus AI
Q108770716,Q5158765,1,Samsara,Concord
Q108770716,Q6795931,1,Samsara,Maximus Inc.
Q127040202,Q5158765,1,Tempus AI,Concord
Q461210,Q855639,1,Rockwell Collins,Dow Chemical Company
Q654762,Q855639,1,Sotheby's,Dow Chemical Company
Q17114199,Q221062,1,NeoGen,DuPont
Q17114199,Q65080540,1,NeoGen,Renewable Energy Group
Q17114199,Q7308000,1,NeoGen,Regency Centers
Q221062,Q7308000,1,DuPont,Regency Centers
Q117461845,Q1472929,1,TowneBank,"Nasdaq, Inc."
Q12857502,Q212405,1,Mondelez International,Procter & Gamble
Q12857502,Q947718,1,Mondelez International,Reynolds American
Q202972,Q950380,1,International Paper,CBS Corporation
Q3067064,Q950380,1,Sociedad Química y Minera de Chile,CBS Corporation
Q154950,Q327646,1,Shell,Enron
Q1045842,Q20714323,1,The Cheesecake Factory,DoorDash
Q1045842,Q26913624,1,The Cheesecake Factory,Blue Apron
Q1045842,Q7663801,1,The Cheesecake Factory,Global Industrial Company
Q20714323,Q26913624,1,DoorDash,Blue Apron
Q20714323,Q7663801,1,DoorDash,Global Industrial Company
Q26049,Q5331380,1,Aetna,Eaton Vance
Q55948312,Q7268802,1,Tenable Network Security,Qualys
Q55948312,Q8074786,1,Tenable Network Security,Zscaler
Q7268802,Q8074786,1,Qualys,Zscaler
Q1046951,Q1961658,1,Target Corporation,NV Energy
Q153417,Q1961658,1,Kroger,NV Energy
Q153417,Q20800404,1,Kroger,Alphabet Inc.
Q153417,Q95,1,Kroger,Google
Q127040202,Q6795931,1,Tempus AI,Maximus Inc.
Q5158765,Q6795931,1,Concord,Maximus Inc.
Q173476,Q470517,1,Cummins,Amgen
Q7239519,Q7833612,1,Precision Castparts Corp.,TransDigm Group Inc.
Q312,Q8085893,1,Apple Inc.,Expedia Group
Q58024,Q8085893,1,eBay,Expedia Group
Q8085893,Q95,1,Expedia Group,Google
Q108770716,Q1921579,1,Samsara,Meredith Corporation
Q108770716,Q5184408,1,Samsara,Crescent Point Energy
Q1129792,Q1921579,1,The Cooper Companies,Meredith Corporation
Q1129792,Q5184408,1,The Cooper Companies,Crescent Point Energy
Q1921579,Q5184408,1,Meredith Corporation,Crescent Point Energy
Q1418,Q182477,1,Nokia,Nvidia
Q334204,Q7268802,1,Morgan Stanley,Qualys
Q29739,Q6791878,1,International,Mattress Firm
Q202972,Q3067064,1,International Paper,Sociedad Química y Minera de Chile
Q17072200,Q4972280,1,Novavax,Broadridge Financial Solutions
Q14772,Q1961658,1,Baidu,NV Energy
Q14772,Q52825,1,Baidu,ABB Group
Q14772,Q5439999,1,Baidu,Federal Agricultural Mortgage Corporation
Q1961658,Q52825,1,NV Energy,ABB Group
Q1961658,Q5439999,1,NV Energy,Federal Agricultural Mortgage Corporation
Q1961658,Q81965,1,NV Energy,General Motors
Q52825,Q5439999,1,ABB Group,Federal Agricultural Mortgage Corporation
Q5439999,Q81965,1,Federal Agricultural Mortgage Corporation,General Motors
Q182477,Q19923099,1,Nvidia,Hewlett Packard Enterprise
Q182477,Q4033073,1,Nvidia,Arris Group
Q182477,Q727883,1,Nvidia,NetApp
Q1957521,Q7917863,1,Mitel,Vectren
Q1472929,Q5433448,1,"Nasdaq, Inc.",Famous Dave's
Q37158,Q7130852,1,Starbucks,Panera Bread
Q37158,Q839466,1,Starbucks,Domino's Pizza
Q26049,Q81965,1,Aetna,General Motors
Q5331380,Q81965,1,Eaton Vance,General Motors
Q1113804,Q48740858,1,Comcast,Compass Inc.
Q1113804,Q905049,1,Comcast,Shire plc
Q157062,Q48740858,1,Unilever,Compass Inc.
Q157062,Q619121,1,Unilever,Apollo Global Management
Q48740858,Q619121,1,Compass Inc.,Apollo Global Management
Q48740858,Q905049,1,Compass Inc.,Shire plc
Q619121,Q905049,1,Apollo Global Management,Shire plc
Q19604577,Q29739,1,Tempur Sealy International,International
Q1053422,Q502121,1,Cenovus Energy,BlackBerry
Q38076,Q839466,1,McDonald's,Domino's Pizza
Q7130852,Q839466,1,Panera Bread,Domino's Pizza
Q245343,Q7067710,1,Barclays plc,NuScale
Q1416215,Q312,1,GoDaddy,Apple Inc.
Q17072200,Q219508,1,Novavax,Citigroup
Q12857502,Q3295867,1,Mondelez International,The Coca-Cola Company
Q17182243,Q190464,1,Oil States International,HSBC
Q181507,Q524989,1,SunTrust Banks,NCR Corporation
Q192314,Q30256843,1,JPMorgan Chase,bluebird bio
Q192314,Q629998,1,JPMorgan Chase,General Mills
Q193326,Q30256843,1,Goldman Sachs,bluebird bio
Q30256843,Q629998,1,bluebird bio,General Mills
Q18354527,Q2837996,1,Trinseo,Alliance Data
Q1703389,Q29739,1,Jones Lang LaSalle,International
Q127278673,Q143435,1,LinkedIn Corporation,Unum
Q1472929,Q5501354,1,"Nasdaq, Inc.",FreightCar America
Q1472929,Q7713699,1,"Nasdaq, Inc.",The Andersons
Q5501354,Q7713699,1,FreightCar America,The Andersons
Q17114199,Q81230,1,NeoGen,Siemens
Q2144525,Q5388314,1,Scripps Networks Interactive,Erie Insurance Group
Q38076,Q7130852,1,McDonald's,Panera Bread
Q3884,Q65085822,1,Amazon,Affirm
Q1141173,Q864407,1,Marriott International,The Home Depot
Q467752,Q66,1,Verizon Communications,Boeing
Q1113804,Q212235,1,Comcast,American International Group
Q1113804,Q333718,1,Comcast,Johnson & Johnson
Q212235,Q333718,1,American International Group,Johnson & Johnson
Q212235,Q52825,1,American International Group,ABB Group
Q212235,Q571779,1,American International Group,Liberty Global
Q212235,Q9396,1,American International Group,Deutsche Telekom
Q333718,Q52825,1,Johnson & Johnson,ABB Group
Q333718,Q571779,1,Johnson & Johnson,Liberty Global
Q333718,Q9396,1,Johnson & Johnson,Deutsche Telekom
Q52825,Q9396,1,ABB Group,Deutsche Telekom
Q54173,Q9396,1,General Electric,Deutsche Telekom
Q1410766,Q7848008,1,Fibria,Trupanion
Q12857502,Q138548226,1,Mondelez International,Figma Inc
Q303341,Q430745,1,Wyndham Worldwide,Teradata
Q303341,Q682759,1,Wyndham Worldwide,Linde Group
Q12857502,Q6109309,1,Mondelez International,J & J Snack Foods
Q1407601,Q3493556,1,Grupo Aeroportuario del Sureste,Spirit AeroSystems
Q1053422,Q47500199,1,Cenovus Energy,Aurora Cannabis
Q113503877,Q1472929,1,Arcus Biosciences,"Nasdaq, Inc."
Q11235714,Q5353752,1,NIS Group,Elbit Imaging Ltd.
Q2837996,Q7692121,1,Alliance Data,TechFaith
Q333718,Q5419989,1,Johnson & Johnson,Exelixis
Q333718,Q761965,1,Johnson & Johnson,Baxter International
Q5419989,Q761965,1,Exelixis,Baxter International
Q212433,Q37156,1,Avaya,IBM
Q212433,Q705392,1,Avaya,Seagate Technology
Q37156,Q705392,1,IBM,Seagate Technology
Q1542175,Q245343,1,Mitsubishi UFJ Financial Group,Barclays plc
Q5476713,Q950380,1,21st Century Fox,CBS Corporation
Q5152510,Q95,1,Commercial Metals Company,Google
Q16974741,Q16993447,1,AMAG Pharmaceuticals,Avadel Pharmaceuticals
Q1645081,Q44294,1,Nucor,Ford Motor Company
Q44294,Q72539,1,Ford Motor Company,U.S. Steel
Q174310,Q1809448,1,Nordstrom,Whole Foods Market
Q174310,Q26049,1,Nordstrom,Aetna
Q174310,Q3884,1,Nordstrom,Amazon
Q1809448,Q26049,1,Whole Foods Market,Aetna
Q1809448,Q483915,1,Whole Foods Market,Nike
Q26049,Q483915,1,Aetna,Nike
Q2843129,Q7903503,1,Ameriprise Financial,Utz Brands
Q157062,Q682759,1,Unilever,Linde Group
Q1570773,Q682759,1,Kohlberg Kravis Roberts,Linde Group
Q16983837,Q430745,1,Quaker Chemical Corporation,Teradata
Q16983837,Q682759,1,Quaker Chemical Corporation,Linde Group
Q207983,Q430745,1,Monsanto,Teradata
Q135683211,Q6544620,1,PayPal Holdings,LifeLock
Q37156,Q58024,1,IBM,eBay
Q37156,Q6544620,1,IBM,LifeLock
Q58024,Q6544620,1,eBay,LifeLock
Q312,Q3511885,1,Apple Inc.,T-Mobile US
Q1472929,Q8071921,1,"Nasdaq, Inc.",Zillow
Q37156,Q430745,1,IBM,Teradata
Q37156,Q682759,1,IBM,Linde Group
Q430745,Q682759,1,Teradata,Linde Group
Q430745,Q880942,1,Teradata,Blackstone Group
Q682759,Q880942,1,Linde Group,Blackstone Group
Q135683211,Q63327,1,PayPal Holdings,Airbnb
Q188920,Q219635,1,Delta Air Lines,BlackRock
Q188920,Q5272601,1,Delta Air Lines,Dick's Sporting Goods
Q219635,Q5272601,1,BlackRock,Dick's Sporting Goods
Q20800404,Q5152510,1,Alphabet Inc.,Commercial Metals Company
Q13218598,Q214763,1,NatWest Group,ConocoPhillips
Q13218598,Q6496310,1,NatWest Group,Banco Santander
Q170614,Q214763,1,Ryanair,ConocoPhillips
Q170614,Q245343,1,Ryanair,Barclays plc
Q170614,Q6496310,1,Ryanair,Banco Santander
Q214763,Q245343,1,ConocoPhillips,Barclays plc
Q214763,Q6496310,1,ConocoPhillips,Banco Santander
Q245343,Q6496310,1,Barclays plc,Banco Santander
Q29739,Q5531627,1,International,Generac Holdings Inc.
Q1364176,Q5674337,1,Wipro,Harte Hanks
Q1472929,Q5647025,1,"Nasdaq, Inc.",Hancock Whitney
Q1046951,Q768773,1,Target Corporation,MSCI
Q1353939,Q135683211,1,Etsy,PayPal Holdings
Q1353939,Q37156,1,Etsy,IBM
Q1353939,Q6544620,1,Etsy,LifeLock
Q135683211,Q37156,1,PayPal Holdings,IBM
Q219508,Q950380,1,Citigroup,CBS Corporation
Q1053422,Q188514,1,Cenovus Energy,Tata Motors Ltd
Q2283,Q589288,1,Microsoft,The Bank of New York Mellon
Q1785405,Q7712716,1,Newmont Mining Corporation,The Advisory Board Company
Q29526078,Q35476,1,Bloom Energy,AT&T
Q29526078,Q851641,1,Bloom Energy,Equinix
Q29526078,Q864407,1,Bloom Energy,The Home Depot
Q334204,Q851641,1,Morgan Stanley,Equinix
Q334204,Q864407,1,Morgan Stanley,The Home Depot
Q35476,Q851641,1,AT&T,Equinix
Q72539,Q81965,1,U.S. Steel,General Motors
Q1053422,Q5453243,1,Cenovus Energy,First Majestic Silver
Q188514,Q502121,1,Tata Motors Ltd,BlackBerry
Q188514,Q5453243,1,Tata Motors Ltd,First Majestic Silver
Q502121,Q5453243,1,BlackBerry,First Majestic Silver
Q13218598,Q170614,1,NatWest Group,Ryanair
Q35476,Q864407,1,AT&T,The Home Depot
Q851641,Q864407,1,Equinix,The Home Depot
Q135281,Q5468821,1,Alexander & Baldwin,Forest City Realty Trust
Q135281,Q8072593,1,Alexander & Baldwin,ZipRealty
Q5468821,Q8072593,1,Forest City Realty Trust,ZipRealty
Q1508234,Q624375,1,Safeway,CVS Health
Q1508234,Q7090375,1,Safeway,Omnicare
Q624375,Q682047,1,CVS Health,SuperValu
Q682047,Q7090375,1,SuperValu,Omnicare
Q7090375,Q715583,1,Omnicare,Costco
Q1472929,Q2119898,1,"Nasdaq, Inc.",Denbury Resources
Q1472929,Q4744566,1,"Nasdaq, Inc.",American National Insurance Company
Q1046951,Q135683211,1,Target Corporation,PayPal Holdings
Q259011,Q58024,1,Motorola,eBay
Q1390577,Q3211367,1,"Twitter, Inc.",Fresh Del Monte Produce
Q214346,Q219508,1,Viacom,Citigroup
Q328840,Q589288,1,Visa,The Bank of New York Mellon
Q1472929,Q6818651,1,"Nasdaq, Inc.",Mercury Systems
Q1472929,Q899183,1,"Nasdaq, Inc.",FMC Corporation
Q1369955,Q1472929,1,W. R. Berkley,"Nasdaq, Inc."
Q1369955,Q5629085,1,W. R. Berkley,Tokio Marine HCC
Q1472929,Q5629085,1,"Nasdaq, Inc.",Tokio Marine HCC
Q5479360,Q6049324,1,"Macy's, Inc.",International Coal Group
Q135683211,Q420822,1,PayPal Holdings,Gap Inc.
Q135683211,Q483915,1,PayPal Holdings,Nike
Q174310,Q420822,1,Nordstrom,Gap Inc.
Q420822,Q483915,1,Gap Inc.,Nike
Q135683211,Q483551,1,PayPal Holdings,Walmart
Q1339966,Q3067064,1,Enbridge,Sociedad Química y Minera de Chile
Q1339966,Q48742870,1,Enbridge,Nutrien
Q180816,Q3067064,1,Dow Jones Industrial Average,Sociedad Química y Minera de Chile
Q180816,Q48742870,1,Dow Jones Industrial Average,Nutrien
Q1472929,Q624798,1,"Nasdaq, Inc.",Canadian National Railway
Q180816,Q6315968,1,Dow Jones Industrial Average,Just Energy
Q3067064,Q6315968,1,Sociedad Química y Minera de Chile,Just Energy
Q48742870,Q6315968,1,Nutrien,Just Energy
Q116452644,Q18155123,1,"Netflix, Inc.",Robinhood
Q18155123,Q20800404,1,Robinhood,Alphabet Inc.
Q18155123,Q95,1,Robinhood,Google
Q1122329,Q23680018,1,Computer Sciences Corporation,Wintrust Financial
Q18619272,Q21189883,1,Greenhill & Co.,Willis Towers Watson
Q144617,Q14772,1,TIM Group,Baidu
Q144617,Q212900,1,TIM Group,Lehman Brothers
Q14772,Q212900,1,Baidu,Lehman Brothers
Q14772,Q66048,1,Baidu,Deutsche Bank
Q156644,Q248,1,Raytheon,Intel
Q156644,Q3884,1,Raytheon,Amazon
Q135683211,Q174310,1,PayPal Holdings,Nordstrom
Q193199,Q1944412,1,UBS,MoneyGram
Q193199,Q2529982,1,UBS,The New York Times Company
Q106309492,Q2283,1,"Agora, Inc.",Microsoft
Q106309492,Q328840,1,"Agora, Inc.",Visa
Q106309492,Q589288,1,"Agora, Inc.",The Bank of New York Mellon
Q2283,Q328840,1,Microsoft,Visa
Q715583,Q7880076,1,Costco,Ulta Beauty
Q1066028,Q7669886,1,Charles Schwab Corporation,TD Ameritrade
Q2266483,Q835370,1,AVG Technologies,Yamana Gold
Q3511885,Q66048,1,T-Mobile US,Deutsche Bank
Q1472929,Q17183462,1,"Nasdaq, Inc.","Glacier Bancorp, Inc"
Q1470525,Q206921,1,Hospira,Pfizer
Q1195490,Q312,1,RadioShack,Apple Inc.
Q1195490,Q675585,1,RadioShack,Moody's Corporation
Q3884,Q675585,1,Amazon,Moody's Corporation
Q1024454,Q7622587,1,CSX Corporation,Strayer University
Q1472929,Q7622587,1,"Nasdaq, Inc.",Strayer University
Q624798,Q7622587,1,Canadian National Railway,Strayer University
Q2283,Q9396,1,Microsoft,Deutsche Telekom
Q7554565,Q994153,1,Sogou,Brunswick Corporation
Q552363,Q63327,1,Starwood,Airbnb
Q459965,Q864338,1,Caterpillar,Biogen
Q122141,Q1431486,1,Vodafone,Orange
Q1431486,Q193326,1,Orange,Goldman Sachs
Q193326,Q9396,1,Goldman Sachs,Deutsche Telekom
Q135683211,Q7915220,1,PayPal Holdings,Worldpay
Q58024,Q7915220,1,eBay,Worldpay
Q193326,Q2008551,1,Goldman Sachs,Oaktree Capital Management
Q193326,Q2831861,1,Goldman Sachs,Albertsons
Q2008551,Q2831861,1,Oaktree Capital Management,Albertsons
Q1030544,Q19681433,1,Campbell's,Kraft Heinz
Q17050423,Q8071921,1,CarGurus,Zillow
Q4932386,Q5206207,1,Bob Evans Restaurants,Designer Brands
Q1472929,Q2007484,1,"Nasdaq, Inc.",Oklahoma Gas & Electric
Q489921,Q5479360,1,Mastercard,"Macy's, Inc."
Q489921,Q920037,1,Mastercard,J. C. Penney
Q26913624,Q27022329,1,Blue Apron,Snap Inc.
Q219635,Q5172422,1,BlackRock,Corporate Office Properties Trust
Q6994181,Q795221,1,Caladrius Biosciences,CNOOC Limited
Q1472929,Q3403513,1,"Nasdaq, Inc.",Principal Financial Group
Q156238,Q5972866,1,ExxonMobil,ION Geophysical
Q193326,Q202972,1,Goldman Sachs,International Paper
Q202972,Q66048,1,International Paper,Deutsche Bank
Q16983765,Q95,1,Prologis,Google
Q14772,Q44294,1,Baidu,Ford Motor Company
Q44294,Q502121,1,Ford Motor Company,BlackBerry
Q5439999,Q7675621,1,Federal Agricultural Mortgage Corporation,Tahoe Resources
Q5439999,Q7796068,1,Federal Agricultural Mortgage Corporation,Thor Industries
Q2299611,Q312,1,Yelp,Apple Inc.
Q259011,Q5586622,1,Motorola,Gorman-Rupp Company
Q259011,Q7880250,1,Motorola,Ultimate Software
Q37156,Q7880250,1,IBM,Ultimate Software
Q552581,Q5586622,1,SAP,Gorman-Rupp Company
Q552581,Q7880250,1,SAP,Ultimate Software
Q5586622,Q7880250,1,Gorman-Rupp Company,Ultimate Software
Q2274089,Q483915,1,Wynn Resorts,Nike
Q219508,Q6386533,1,Citigroup,Kelso & Company
Q3511946,Q7669886,1,T. Rowe Price,TD Ameritrade
Q334204,Q6159625,1,Morgan Stanley,Jarden
Q334204,Q667599,1,Morgan Stanley,Newell Brands
Q194360,Q7847309,1,American Express,TrueCar
Q108770716,Q1155668,1,Samsara,NXP Semiconductors
Q108770716,Q1238739,1,Samsara,Domtar
Q1146061,Q487907,1,Cushman & Wakefield,Bank of America
Q1049080,Q393762,1,Juniper Networks,Agilent Technologies
Q108770716,Q5227174,1,Samsara,Data I/O
Q1155668,Q1238739,1,NXP Semiconductors,Domtar
Q1155668,Q5227174,1,NXP Semiconductors,Data I/O
Q1238739,Q5227174,1,Domtar,Data I/O
Q108770716,Q17103838,1,Samsara,Markit
Q17103838,Q37156,1,Markit,IBM
Q66,Q684825,1,Boeing,ALCON MANAGEMENT SA
Q108770716,Q2066858,1,Samsara,PerkinElmer
Q108770716,Q29739,1,Samsara,International
Q2066858,Q29739,1,PerkinElmer,International
Q1534597,Q541076,1,Gold Fields,AngloGold Ashanti
Q663452,Q95,1,TE Connectivity,Google
Q905049,Q906187,1,Shire plc,Allergan plc
Q1472929,Q78203110,1,"Nasdaq, Inc.",Phunware
Q135683211,Q194360,1,PayPal Holdings,American Express
Q17499083,Q2837996,1,58.com,Alliance Data
Q135683211,Q248,1,PayPal Holdings,Intel
Q135683211,Q744149,1,PayPal Holdings,Wells Fargo
Q1852556,Q2529982,1,Philip Morris International,The New York Times Company
Q2299611,Q6049324,1,Yelp,International Coal Group
Q2299611,Q974846,1,Yelp,IAC
Q312,Q974846,1,Apple Inc.,IAC
Q6049324,Q974846,1,International Coal Group,IAC
Q1138888,Q478214,1,First Solar,Tesla
Q25326524,Q458363,1,Mesoblast,Marathon Petroleum
Q1141173,Q1519267,1,Marriott International,Omnicom Group
Q1141173,Q338825,1,Marriott International,Accenture
Q1519267,Q338825,1,Omnicom Group,Accenture
Q16953039,Q95,1,Moelis & Company,Google
Q1129792,Q6058618,1,The Cooper Companies,Intrepid Potash
Q207983,Q806189,1,Monsanto,Banco Bilbao Vizcaya Argentaria
Q19900,Q35476,1,Oracle Corporation,AT&T
Q19900,Q7673435,1,Oracle Corporation,"Tableau Software, Inc."
Q35476,Q7673435,1,AT&T,"Tableau Software, Inc."
Q156644,Q5331380,1,Raytheon,Eaton Vance
Q156644,Q54173,1,Raytheon,General Electric
Q5331380,Q54173,1,Eaton Vance,General Electric
Q1156045,Q53268,1,Public Storage,Toyota
Q1410766,Q35476,1,Fibria,AT&T
Q26678,Q643626,1,BMW Group,Aptiv
Q1194832,Q19605389,1,Toronto-Dominion Bank,Kenon Holdings Ltd
Q19605389,Q880942,1,Kenon Holdings Ltd,Blackstone Group
Q2837996,Q918208,1,Alliance Data,Ternium
Q33129672,Q7243481,1,Grand Canyon Education,Primerica
Q1472929,Q694872,1,"Nasdaq, Inc.",Torm PLC
Q1194832,Q7978891,1,Toronto-Dominion Bank,Webster Bank
Q487907,Q7978891,1,Bank of America,Webster Bank
Q1410766,Q3884,1,Fibria,Amazon
Q1885491,Q35476,1,FactSet,AT&T
Q27988239,Q4972280,1,MAA,Broadridge Financial Solutions
Q66048,Q947718,1,Deutsche Bank,Reynolds American
Q1053299,Q2037125,1,CRH,State Street Corporation
Q1472929,Q487907,1,"Nasdaq, Inc.",Bank of America
Q459965,Q54173,1,Caterpillar,General Electric
Q1453620,Q156238,1,Freeport-McMoRan,ExxonMobil
Q4751571,Q806693,1,Anaplan,BMO Financial Group
Q283457,Q37158,1,E. W. Scripps Company,Starbucks
Q1117943,Q15678788,1,TRW Automotive,Fiat Chrysler Automobiles
Q1117943,Q55931,1,TRW Automotive,Hyundai Motor Company
Q18354527,Q37156,1,Trinseo,IBM
Q4974387,Q5057419,1,Brookdale Senior Living,Celadon Group
Q393762,Q80978,1,Agilent Technologies,Hewlett-Packard
Q26913624,Q60269744,1,Blue Apron,Spotify Technology
Q334800,Q533415,1,PepsiCo,Best Buy
Q106238577,Q212235,1,Athene Holding,American International Group
Q5046846,Q6654568,1,cars.com,Liveperson Inc.
Q5046846,Q95,1,cars.com,Google
Q6654568,Q95,1,Liveperson Inc.,Google
Q188920,Q190464,1,Delta Air Lines,HSBC
Q188514,Q631047,1,Tata Motors Ltd,HDFC Bank
Q5035257,Q7622587,1,Capella Education Company,Strayer University
Q22243729,Q37156,1,Ferrari,IBM
Q2417728,Q498746,1,Kraton Polymers,W. R. Grace and Company
Q4751571,Q7894082,1,Anaplan,Universal Technical Institute
Q333718,Q629998,1,Johnson & Johnson,General Mills
Q35476,Q6795931,1,AT&T,Maximus Inc.
Q245343,Q248,1,Barclays plc,Intel
Q1114148,Q2529982,1,Comerica,The New York Times Company
Q1114148,Q5013012,1,Comerica,CMS Energy
Q1472929,Q5690400,1,"Nasdaq, Inc.",Encompass Health
Q16953751,Q5690400,1,CyrusOne,Encompass Health
Q1220078,Q219508,1,Diebold Nixdorf,Citigroup
Q1220078,Q806693,1,Diebold Nixdorf,BMO Financial Group
Q1152764,Q37156,1,Lloyds Banking Group,IBM
Q2529982,Q5013012,1,The New York Times Company,CMS Energy
Q1472929,Q16986288,1,"Nasdaq, Inc.",Vail Resorts
Q1472929,Q327751,1,"Nasdaq, Inc.",Kraft Foods Group
Q1472929,Q533415,1,"Nasdaq, Inc.",Best Buy
Q16986288,Q18385610,1,Vail Resorts,Stitch Fix
Q16986288,Q327751,1,Vail Resorts,Kraft Foods Group
Q16986288,Q533415,1,Vail Resorts,Best Buy
Q18385610,Q327751,1,Stitch Fix,Kraft Foods Group
Q18385610,Q334800,1,Stitch Fix,PepsiCo
Q18385610,Q533415,1,Stitch Fix,Best Buy
Q327751,Q533415,1,Kraft Foods Group,Best Buy
Q1053299,Q66048,1,CRH,Deutsche Bank
Q1145004,Q2037125,1,Randgold Resources,State Street Corporation
Q1145004,Q66048,1,Randgold Resources,Deutsche Bank
Q2037125,Q66048,1,State Street Corporation,Deutsche Bank
Q53268,Q8027166,1,Toyota,WEC Energy Group
Q1410766,Q1885491,1,Fibria,FactSet
Q116452644,Q2144525,1,"Netflix, Inc.",Scripps Networks Interactive
Q1472929,Q894558,1,"Nasdaq, Inc.",Boston Beer Company
Q1715931,Q2283,1,Tech Data,Microsoft
Q118905009,Q306764,1,CONMED Corporation,Abbott Laboratories
Q118905009,Q502509,1,CONMED Corporation,Smith & Nephew
Q306764,Q502509,1,Abbott Laboratories,Smith & Nephew
Q2529982,Q58024,1,The New York Times Company,eBay
Q372657,Q768773,1,Credit Suisse,MSCI
Q1703389,Q60764327,1,Jones Lang LaSalle,Walker & Dunlop
Q1472929,Q16953751,1,"Nasdaq, Inc.",CyrusOne
Q266423,Q7606770,1,Bristol-Myers Squibb,Stein Mart
Q768231,Q768773,1,Express Scripts,MSCI
Q868587,Q903957,1,S&P Global,Icl Group Ltd
Q1144473,Q632240,1,CureVac,Eli Lilly and Company
Q552581,Q632240,1,SAP,Eli Lilly and Company
Q19604459,Q483551,1,Murphy USA,Walmart
Q4828988,Q5130952,1,Avista,Clearwater Paper
Q1472929,Q2144525,1,"Nasdaq, Inc.",Scripps Networks Interactive
Q1472929,Q621592,1,"Nasdaq, Inc.","Discovery, Inc."
Q219508,Q677464,1,Citigroup,Dominion Energy
Q2529982,Q6522340,1,The New York Times Company,Lending Club
Q1122329,Q193199,1,Computer Sciences Corporation,UBS
Q1122329,Q334204,1,Computer Sciences Corporation,Morgan Stanley
Q1122329,Q6049324,1,Computer Sciences Corporation,International Coal Group
Q193199,Q6049324,1,UBS,International Coal Group
Q1152764,Q334204,1,Lloyds Banking Group,Morgan Stanley
Q334800,Q7581369,1,PepsiCo,Sprouts Farmers Market
Q334800,Q7606770,1,PepsiCo,Stein Mart
Q334800,Q920037,1,PepsiCo,J. C. Penney
Q334204,Q6049324,1,Morgan Stanley,International Coal Group
Q212900,Q45600,1,Lehman Brothers,Bitstream Inc.
Q1141173,Q3099664,1,Marriott International,Gaylord Hotels
Q1141173,Q7385192,1,Marriott International,Ryman Hospitality Properties
Q3099664,Q7385192,1,Gaylord Hotels,Ryman Hospitality Properties
Q16981175,Q4878288,1,Lennar Corporation,Beazer Homes USA
Q1328252,Q4546965,1,Eletrobras,MongoDB Inc.
Q266423,Q312,1,Bristol-Myers Squibb,Apple Inc.
Q266423,Q319344,1,Bristol-Myers Squibb,Abercrombie & Fitch
Q266423,Q334800,1,Bristol-Myers Squibb,PepsiCo
Q266423,Q486269,1,Bristol-Myers Squibb,Kodak
Q266423,Q625708,1,Bristol-Myers Squibb,Aramark
Q266423,Q7581369,1,Bristol-Myers Squibb,Sprouts Farmers Market
Q29921278,Q81965,1,Nio Inc.,General Motors
Q312,Q697311,1,Apple Inc.,Magna International
Q1152764,Q17145596,1,Lloyds Banking Group,Tesco Corporation
Q266423,Q920037,1,Bristol-Myers Squibb,J. C. Penney
Q312,Q319344,1,Apple Inc.,Abercrombie & Fitch
Q312,Q486269,1,Apple Inc.,Kodak
Q312,Q625708,1,Apple Inc.,Aramark
Q312,Q7581369,1,Apple Inc.,Sprouts Farmers Market
Q312,Q7606770,1,Apple Inc.,Stein Mart
Q319344,Q334800,1,Abercrombie & Fitch,PepsiCo
Q319344,Q486269,1,Abercrombie & Fitch,Kodak
Q319344,Q625708,1,Abercrombie & Fitch,Aramark
Q319344,Q7581369,1,Abercrombie & Fitch,Sprouts Farmers Market
Q319344,Q7606770,1,Abercrombie & Fitch,Stein Mart
Q319344,Q920037,1,Abercrombie & Fitch,J. C. Penney
Q334800,Q625708,1,PepsiCo,Aramark
Q727883,Q851641,1,NetApp,Equinix
Q4803735,Q53268,1,Asbury Automotive Group,Toyota
Q1053299,Q1145004,1,CRH,Randgold Resources
Q18349283,Q334800,1,Hertz Car Sales,PepsiCo
Q486269,Q7581369,1,Kodak,Sprouts Farmers Market
Q486269,Q7606770,1,Kodak,Stein Mart
Q486269,Q920037,1,Kodak,J. C. Penney
Q625708,Q7581369,1,Aramark,Sprouts Farmers Market
Q625708,Q7606770,1,Aramark,Stein Mart
Q625708,Q920037,1,Aramark,J. C. Penney
Q7581369,Q7606770,1,Sprouts Farmers Market,Stein Mart
Q7581369,Q920037,1,Sprouts Farmers Market,J. C. Penney
Q7606770,Q920037,1,Stein Mart,J. C. Penney
Q180816,Q188920,1,Dow Jones Industrial Average,Delta Air Lines
Q29921278,Q312,1,Nio Inc.,Apple Inc.
Q29921278,Q697311,1,Nio Inc.,Magna International
Q327751,Q95205133,1,Kraft Foods Group,Hertz Global Holdings
Q334800,Q95205133,1,PepsiCo,Hertz Global Holdings
Q26989,Q631047,1,Infosys,HDFC Bank
Q470156,Q478214,1,Cencora,Tesla
Q2283,Q894558,1,Microsoft,Boston Beer Company
Q1472929,Q6723256,1,"Nasdaq, Inc.",Macerich
Q6389509,Q7240,1,Kennametal,Lockheed Martin
Q18636688,Q27150140,1,Atlantic Coast Financial,Ameris Bancorp
Q5586622,Q6049324,1,Gorman-Rupp Company,International Coal Group
Q1254149,Q16824882,1,Dr Pepper Snapple Group,Alliance One International
Q1107035,Q2283,1,Cognizant,Microsoft
Q1129792,Q717093,1,The Cooper Companies,Itochu
Q486269,Q625708,1,Kodak,Aramark
Q1123399,Q1472929,1,"Conagra Brands, Inc.","Nasdaq, Inc."
Q1591889,Q7311538,1,Walgreens,Remark Media
Q1145004,Q193326,1,Randgold Resources,Goldman Sachs
Q3295867,Q5554922,1,The Coca-Cola Company,"Gevo, Inc"
Q1023765,Q24204582,1,CIT Group,OnDeck Capital
Q1472929,Q868587,1,"Nasdaq, Inc.",S&P Global
Q65080540,Q868587,1,Renewable Energy Group,S&P Global
Q122141,Q778126,1,Vodafone,Intelsat
Q5130656,Q778126,1,Clear Channel Outdoor,Intelsat
Q5130656,Q880942,1,Clear Channel Outdoor,Blackstone Group
Q778126,Q880942,1,Intelsat,Blackstone Group
Q1032229,Q835370,1,Canadian Natural Resources,Yamana Gold
Q1053422,Q835370,1,Cenovus Energy,Yamana Gold
Q1516849,Q835370,1,Shaw Communications,Yamana Gold
Q1516410,Q666694,1,Suncor Energy,Canadian Imperial Bank of Commerce
Q1519267,Q1885491,1,Omnicom Group,FactSet
Q1519267,Q312,1,Omnicom Group,Apple Inc.
Q1519267,Q334204,1,Omnicom Group,Morgan Stanley
Q7072730,Q791285,1,OMNOVA Solutions,Avon Products Inc.
Q484930,Q898208,1,Analog Devices,"Honeywell International, Inc."
Q12857502,Q95,1,Mondelez International,Google
Q135325,Q6348410,1,Alcoa,Kaiser Aluminum
Q1885491,Q334204,1,FactSet,Morgan Stanley
Q1885491,Q37156,1,FactSet,IBM
Q1885491,Q38076,1,FactSet,McDonald's
Q1885491,Q95,1,FactSet,Google
Q37156,Q38076,1,IBM,McDonald's
Q372657,Q81230,1,Credit Suisse,Siemens
Q130326112,Q910368,1,Kellogg’s,Clorox
Q629998,Q910368,1,General Mills,Clorox
Q81965,Q910368,1,General Motors,Clorox
Q19572527,Q29739,1,First Merchants Bank,International
Q19572527,Q5453261,1,First Merchants Bank,First Merchants Corporation
Q29739,Q5453261,1,International,First Merchants Corporation
Q1472929,Q6485221,1,"Nasdaq, Inc.",Landstar System
Q1472929,Q5533602,1,"Nasdaq, Inc.",Gentex
Q1472929,Q7989598,1,"Nasdaq, Inc.",Westport Innovations
Q1472929,Q825943,1,"Nasdaq, Inc.",BorgWarner
Q20711490,Q5533602,1,LKQ Corporation,Gentex
Q106309492,Q107657476,1,"Agora, Inc.",Proteon
Q106309492,Q27988239,1,"Agora, Inc.",MAA
Q107657476,Q27988239,1,Proteon,MAA
Q130326112,Q334800,1,Kellogg’s,PepsiCo
Q130326112,Q7548877,1,Kellogg’s,Snyder's-Lance
Q334800,Q7548877,1,PepsiCo,Snyder's-Lance
Q127278673,Q483915,1,LinkedIn Corporation,Nike
Q170614,Q8085893,1,Ryanair,Expedia Group
Q1472929,Q16974631,1,"Nasdaq, Inc.",Ellie Mae
Q16974631,Q628051,1,Ellie Mae,Autodesk
Q16974631,Q8074786,1,Ellie Mae,Zscaler
Q628051,Q8074786,1,Autodesk,Zscaler
Q219508,Q7368695,1,Citigroup,Rosetta Stone
Q66048,Q7368695,1,Deutsche Bank,Rosetta Stone
Q1543874,Q327751,1,The Hertz Corporation,Kraft Foods Group
Q1543874,Q334800,1,The Hertz Corporation,PepsiCo
Q18349283,Q327751,1,Hertz Car Sales,Kraft Foods Group
Q161086,Q642610,1,JetBlue Airways,Hawaiian Airlines
Q1194832,Q334204,1,Toronto-Dominion Bank,Morgan Stanley
Q1472929,Q2059537,1,"Nasdaq, Inc.",Arrow Electronics
Q2059537,Q2283,1,Arrow Electronics,Microsoft
Q2059537,Q37156,1,Arrow Electronics,IBM
Q596139,Q7954024,1,Mattel,WOW!
Q152433,Q188920,1,Xerox,Delta Air Lines
Q152433,Q319642,1,Xerox,Chevron Corporation
Q188920,Q319642,1,Delta Air Lines,Chevron Corporation
Q1335585,Q498746,1,Emerson Electric,W. R. Grace and Company
Q1472929,Q20711490,1,"Nasdaq, Inc.",LKQ Corporation
Q20711490,Q7989598,1,LKQ Corporation,Westport Innovations
Q20711490,Q825943,1,LKQ Corporation,BorgWarner
Q5533602,Q7989598,1,Gentex,Westport Innovations
Q5533602,Q825943,1,Gentex,BorgWarner
Q7989598,Q825943,1,Westport Innovations,BorgWarner
Q1472929,Q267313,1,"Nasdaq, Inc.","McAfee, LLC"
Q4874958,Q735261,1,Baytex Energy,Royal Bank of Canada
Q1129792,Q19900,1,The Cooper Companies,Oracle Corporation
Q1129792,Q7555837,1,The Cooper Companies,SolarWinds
Q1129792,Q877536,1,The Cooper Companies,Dell EMC
Q19900,Q7555837,1,Oracle Corporation,SolarWinds
Q19900,Q877536,1,Oracle Corporation,Dell EMC
Q7555837,Q877536,1,SolarWinds,Dell EMC
Q29739,Q6545004,1,International,Life Time
Q6545004,Q815327,1,Life Time,Belden
Q1325369,Q170614,1,Elbit Systems Ltd.,Ryanair
Q1325369,Q1915079,1,Elbit Systems Ltd.,McDermott International
Q1325369,Q478214,1,Elbit Systems Ltd.,Tesla
Q1325369,Q502940,1,Elbit Systems Ltd.,General Dynamics
Q1325369,Q682759,1,Elbit Systems Ltd.,Linde Group
Q1325369,Q7415751,1,Elbit Systems Ltd.,SandRidge Energy
Q170614,Q1915079,1,Ryanair,McDermott International
Q170614,Q478214,1,Ryanair,Tesla
Q170614,Q502940,1,Ryanair,General Dynamics
Q170614,Q682759,1,Ryanair,Linde Group
Q170614,Q7415751,1,Ryanair,SandRidge Energy
Q1915079,Q478214,1,McDermott International,Tesla
Q1915079,Q502940,1,McDermott International,General Dynamics
Q1915079,Q682759,1,McDermott International,Linde Group
Q1915079,Q7415751,1,McDermott International,SandRidge Energy
Q478214,Q502940,1,Tesla,General Dynamics
Q478214,Q682759,1,Tesla,Linde Group
Q17145596,Q66048,1,Tesco Corporation,Deutsche Bank
Q44294,Q905049,1,Ford Motor Company,Shire plc
Q478214,Q7415751,1,Tesla,SandRidge Energy
Q502940,Q682759,1,General Dynamics,Linde Group
Q502940,Q7415751,1,General Dynamics,SandRidge Energy
Q682759,Q7415751,1,Linde Group,SandRidge Energy
Q1423218,Q38589917,1,Sunoco,DowDuPont
Q38589917,Q804353,1,DowDuPont,Baker Hughes
Q1472929,Q28782856,1,"Nasdaq, Inc.",DXC Technology
Q157062,Q4999220,1,Unilever,Burlington
Q212405,Q4999220,1,Procter & Gamble,Burlington
Q1472929,Q24834296,1,"Nasdaq, Inc.",China Telecom
Q166621,Q3518066,1,Mizuho Financial Group,Tenet Healthcare
Q156238,Q22243729,1,ExxonMobil,Ferrari
Q156238,Q9584,1,ExxonMobil,Honda
Q27893,Q66048,1,ArcelorMittal,Deutsche Bank
Q35476,Q668737,1,AT&T,Yum! Brands
Q5130656,Q668737,1,Clear Channel Outdoor,Yum! Brands
Q1472929,Q795454,1,"Nasdaq, Inc.",Barnes & Noble
Q1034654,Q334204,1,Capital One,Morgan Stanley
Q1034654,Q372657,1,Capital One,Credit Suisse
Q1030544,Q16959092,1,Campbell's,United Security Bancshares
Q1472929,Q3459777,1,"Nasdaq, Inc.",Semtech Corporation
Q1472929,Q7538146,1,"Nasdaq, Inc.",Skyworks Solutions
Q3459777,Q7538146,1,Semtech Corporation,Skyworks Solutions
Q3459777,Q7829730,1,Semtech Corporation,Tower Semiconductor Ltd.
Q7538146,Q7829730,1,Skyworks Solutions,Tower Semiconductor Ltd.
Q1389504,Q30635731,1,"Morningstar, Inc.","Cboe Global Markets, Inc."
Q1389504,Q372657,1,"Morningstar, Inc.",Credit Suisse
Q1472929,Q30284075,1,"Nasdaq, Inc.",Adamis Pharmaceuticals Corporation
Q17145596,Q334204,1,Tesco Corporation,Morgan Stanley
Q17145596,Q487907,1,Tesco Corporation,Bank of America
Q1061903,Q291171,1,Live Nation Entertainment,Aegon
Q217583,Q898750,1,Berkshire Hathaway,Teva Pharmaceutical Industries Ltd.
Q1524197,Q372657,1,Gildan Activewear,Credit Suisse
Q1969091,Q372657,1,Oshkosh Corporation,Credit Suisse
Q372657,Q5047083,1,Credit Suisse,Carter's
Q122141,Q18674747,1,Vodafone,Booking Holdings
Q122141,Q247489,1,Vodafone,Merck & Co.
Q122141,Q668737,1,Vodafone,Yum! Brands
Q18674747,Q247489,1,Booking Holdings,Merck & Co.
Q18674747,Q35476,1,Booking Holdings,AT&T
Q18674747,Q5130656,1,Booking Holdings,Clear Channel Outdoor
Q18674747,Q668737,1,Booking Holdings,Yum! Brands
Q247489,Q35476,1,Merck & Co.,AT&T
Q247489,Q5130656,1,Merck & Co.,Clear Channel Outdoor
Q247489,Q668737,1,Merck & Co.,Yum! Brands
Q35476,Q5130656,1,AT&T,Clear Channel Outdoor
Q5324991,Q795454,1,EagleBank,Barnes & Noble
Q324616,Q3884,1,Ingram Micro,Amazon
Q324616,Q483551,1,Ingram Micro,Walmart
Q324616,Q5215970,1,Ingram Micro,Dangdang
Q483551,Q5215970,1,Walmart,Dangdang
Q1129792,Q214346,1,The Cooper Companies,Viacom
Q214346,Q483551,1,Viacom,Walmart
Q1472929,Q2414097,1,"Nasdaq, Inc.",The Scotts Miracle-Gro Company
Q2414097,Q47500199,1,The Scotts Miracle-Gro Company,Aurora Cannabis
Q2414097,Q75256038,1,The Scotts Miracle-Gro Company,Cronos Group Inc
Q4677870,Q474621,1,Acuity Brands,Amphenol
Q4677870,Q5357940,1,Acuity Brands,Electro Scientific Industries
Q7067712,Q931032,1,NuStar Energy,Kinder Morgan
Q182477,Q768773,1,Nvidia,MSCI
Q478214,Q768773,1,Tesla,MSCI
Q1023876,Q18354527,1,CME Group,Trinseo
Q1390577,Q483915,1,"Twitter, Inc.",Nike
Q474621,Q5357940,1,Amphenol,Electro Scientific Industries
Q1472929,Q731938,1,"Nasdaq, Inc.",AstraZeneca
Q174198,Q2283,1,Gartner,Microsoft
Q1129792,Q5370757,1,The Cooper Companies,Emergent
Q180816,Q212405,1,Dow Jones Industrial Average,Procter & Gamble
Q180816,Q910368,1,Dow Jones Industrial Average,Clorox
Q312,Q93520415,1,Apple Inc.,Sea Ltd
Q17072200,Q731938,1,Novavax,AstraZeneca
Q248,Q643626,1,Intel,Aptiv
Q248,Q787044,1,Intel,Autoliv
Q248,Q967265,1,Intel,Kohl's
Q643626,Q787044,1,Aptiv,Autoliv
Q643626,Q967265,1,Aptiv,Kohl's
Q3884,Q629998,1,Amazon,General Mills
Q1472929,Q33129672,1,"Nasdaq, Inc.",Grand Canyon Education
Q14772,Q20165,1,Baidu,Nissan
Q14772,Q20800404,1,Baidu,Alphabet Inc.
Q14772,Q26678,1,Baidu,BMW Group
Q20165,Q20800404,1,Nissan,Alphabet Inc.
Q445007,Q947718,1,Altria,Reynolds American
Q1113804,Q1390577,1,Comcast,"Twitter, Inc."
Q1113804,Q193326,1,Comcast,Goldman Sachs
Q1113804,Q27530,1,Comcast,Mercedes-Benz Group
Q1113804,Q483915,1,Comcast,Nike
Q1113804,Q880942,1,Comcast,Blackstone Group
Q1390577,Q157062,1,"Twitter, Inc.",Unilever
Q1390577,Q192314,1,"Twitter, Inc.",JPMorgan Chase
Q1390577,Q193326,1,"Twitter, Inc.",Goldman Sachs
Q1390577,Q207983,1,"Twitter, Inc.",Monsanto
Q1390577,Q27530,1,"Twitter, Inc.",Mercedes-Benz Group
Q1390577,Q334204,1,"Twitter, Inc.",Morgan Stanley
Q1390577,Q880942,1,"Twitter, Inc.",Blackstone Group
Q157062,Q192314,1,Unilever,JPMorgan Chase
Q157062,Q483915,1,Unilever,Nike
Q192314,Q207983,1,JPMorgan Chase,Monsanto
Q192314,Q27530,1,JPMorgan Chase,Mercedes-Benz Group
Q192314,Q483915,1,JPMorgan Chase,Nike
Q192314,Q880942,1,JPMorgan Chase,Blackstone Group
Q193326,Q483915,1,Goldman Sachs,Nike
Q207983,Q27530,1,Monsanto,Mercedes-Benz Group
Q207983,Q334204,1,Monsanto,Morgan Stanley
Q207983,Q483915,1,Monsanto,Nike
Q27530,Q880942,1,Mercedes-Benz Group,Blackstone Group
Q334204,Q483915,1,Morgan Stanley,Nike
Q483915,Q880942,1,Nike,Blackstone Group
Q1129792,Q1515039,1,The Cooper Companies,WME Group
Q119991,Q16974697,1,APA Corporation,Exterran Holdings
Q1502712,Q619121,1,Genworth Financial,Apollo Global Management
Q1023765,Q22671405,1,CIT Group,B2Gold
Q1034654,Q190464,1,Capital One,HSBC
Q22121862,Q898750,1,Applied Genetic Technologies Corporation,Teva Pharmaceutical Industries Ltd.
Q8074786,Q80978,1,Zscaler,Hewlett-Packard
Q5337641,Q81230,1,Edgewell Personal Care,Siemens
Q16997523,Q17131128,1,J2 Global,Rockwell Medical Inc.
Q16997523,Q5417806,1,J2 Global,Everyday Health
Q193199,Q668737,1,UBS,Yum! Brands
Q5184408,Q80978,1,Crescent Point Energy,Hewlett-Packard
Q552581,Q80978,1,SAP,Hewlett-Packard
Q451476,Q5095516,1,Scotiabank,Chicago Bridge & Iron Company
Q194360,Q20800404,1,American Express,Alphabet Inc.
Q194360,Q37158,1,American Express,Starbucks
Q194360,Q3884,1,American Express,Amazon
Q37156,Q37158,1,IBM,Starbucks
Q5272335,Q931032,1,dice.com,Kinder Morgan
Q22671405,Q333718,1,B2Gold,Johnson & Johnson
Q1129792,Q5384453,1,The Cooper Companies,Equifax
Q1472929,Q5157220,1,"Nasdaq, Inc.",Compugen Ltd.
Q29469208,Q338825,1,Simpson Manufacturing Company,Accenture
Q29469208,Q485593,1,Simpson Manufacturing Company,Red Hat
Q338825,Q485593,1,Accenture,Red Hat
Q2923022,Q795221,1,Boyd Gaming,CNOOC Limited
Q174310,Q20800404,1,Nordstrom,Alphabet Inc.
Q16985644,Q48741327,1,Titanium Metals,Micron Products
Q16985644,Q5170128,1,Titanium Metals,Core-Mark
Q48741327,Q5170128,1,Micron Products,Core-Mark
Q3884,Q85801645,1,Amazon,Smartsheet Inc.
Q768773,Q85801645,1,MSCI,Smartsheet Inc.
Q1502712,Q2008551,1,Genworth Financial,Oaktree Capital Management
Q1502712,Q26678,1,Genworth Financial,BMW Group
Q17131128,Q5417806,1,Rockwell Medical Inc.,Everyday Health
Q245343,Q464767,1,Barclays plc,American Greetings
Q1418,Q41187,1,Nokia,Sony Group
Q1132272,Q1389504,1,PVH Corp.,"Morningstar, Inc."
Q1132272,Q332477,1,PVH Corp.,Victoria’s Secret
Q1389504,Q332477,1,"Morningstar, Inc.",Victoria’s Secret
Q16999030,Q193326,1,Lakeland Industries,Goldman Sachs
Q16999030,Q334204,1,Lakeland Industries,Morgan Stanley
Q16999030,Q487907,1,Lakeland Industries,Bank of America
Q13529408,Q1562826,1,Brookfield Infrastructure Partners,VEON
Q13529408,Q283852,1,Brookfield Infrastructure Partners,Turkcell
Q13529408,Q9396,1,Brookfield Infrastructure Partners,Deutsche Telekom
Q1562826,Q283852,1,VEON,Turkcell
Q1562826,Q9396,1,VEON,Deutsche Telekom
Q283852,Q9396,1,Turkcell,Deutsche Telekom
Q37158,Q3884,1,Starbucks,Amazon
Q1472929,Q4733161,1,"Nasdaq, Inc.",Allot Ltd
Q12857502,Q247489,1,Mondelez International,Merck & Co.
Q12857502,Q459477,1,Mondelez International,FedEx
Q12857502,Q7128508,1,Mondelez International,Palo Alto Networks
Q247489,Q459477,1,Merck & Co.,FedEx
Q247489,Q7128508,1,Merck & Co.,Palo Alto Networks
Q459477,Q7128508,1,FedEx,Palo Alto Networks
Q105375474,Q136959566,1,Sphere 3D,High Voltage Engineering Corporation
Q136959566,Q1472929,1,High Voltage Engineering Corporation,"Nasdaq, Inc."
Q1516849,Q165684,1,Shaw Communications,Rogers Communications
Q206921,Q507154,1,Pfizer,Novartis
Q206921,Q6015591,1,Pfizer,Incyte
Q507154,Q6015591,1,Novartis,Incyte
Q507154,Q7308054,1,Novartis,Regeneron Pharmaceuticals
Q6015591,Q7308054,1,Incyte,Regeneron Pharmaceuticals
Q1416215,Q19757566,1,GoDaddy,Pluralsight
Q193326,Q333718,1,Goldman Sachs,Johnson & Johnson
Q478214,Q52825,1,Tesla,ABB Group
Q5041354,Q97961992,1,Carlisle Companies,Brilliance China Automotive Holdings
Q16997309,Q30268745,1,Ironwood Pharmaceuticals,AC Immune
Q16997309,Q470517,1,Ironwood Pharmaceuticals,Amgen
Q16997309,Q864338,1,Ironwood Pharmaceuticals,Biogen
Q30268745,Q470517,1,AC Immune,Amgen
Q30268745,Q864338,1,AC Immune,Biogen
Q372657,Q459965,1,Credit Suisse,Caterpillar
Q2283,Q470156,1,Microsoft,Cencora
Q14662364,Q663596,1,AbbVie,Gilead Sciences
Q14662364,Q898208,1,AbbVie,"Honeywell International, Inc."
Q1472929,Q898208,1,"Nasdaq, Inc.","Honeywell International, Inc."
Q248,Q663596,1,Intel,Gilead Sciences
Q248,Q898208,1,Intel,"Honeywell International, Inc."
Q663596,Q898208,1,Gilead Sciences,"Honeywell International, Inc."
Q1034654,Q38928,1,Capital One,PNC Financial Services
Q1034654,Q447855,1,Capital One,Aluminum Corporation of China
Q174198,Q38928,1,Gartner,PNC Financial Services
Q1023013,Q1146061,1,"CBRE, Inc.",Cushman & Wakefield
Q1023013,Q245343,1,"CBRE, Inc.",Barclays plc
Q1023013,Q744149,1,"CBRE, Inc.",Wells Fargo
Q1146061,Q245343,1,Cushman & Wakefield,Barclays plc
Q1146061,Q744149,1,Cushman & Wakefield,Wells Fargo
Q174310,Q502940,1,Nordstrom,General Dynamics
Q4751571,Q7076047,1,Anaplan,Ocean Power Technologies
Q1740314,Q4928676,1,KeyBank,Blucora
Q38076,Q5278020,1,McDonald's,Dine Brands Global
Q38076,Q621532,1,McDonald's,Applebee's
Q1515039,Q653581,1,WME Group,Fluor
Q1023765,Q219635,1,CIT Group,BlackRock
Q1570773,Q333718,1,Kohlberg Kravis Roberts,Johnson & Johnson
Q259011,Q80978,1,Motorola,Hewlett-Packard
Q2912154,Q301965,1,VeriFone,Sprint Corporation
Q2912154,Q691592,1,VeriFone,GlobalFoundries
Q2912154,Q80978,1,VeriFone,Hewlett-Packard
Q301965,Q691592,1,Sprint Corporation,GlobalFoundries
Q301965,Q80978,1,Sprint Corporation,Hewlett-Packard
Q483551,Q52825,1,Walmart,ABB Group
Q483551,Q81965,1,Walmart,General Motors
Q1034654,Q5881864,1,Capital One,HF Sinclair
Q122141,Q6896175,1,Vodafone,Molina Healthcare
Q193326,Q6896175,1,Goldman Sachs,Molina Healthcare
Q2007484,Q487907,1,Oklahoma Gas & Electric,Bank of America
Q2007484,Q7098806,1,Oklahoma Gas & Electric,Optical Cable Corporation
Q2007484,Q744149,1,Oklahoma Gas & Electric,Wells Fargo
Q487907,Q7098806,1,Bank of America,Optical Cable Corporation
Q1034654,Q174198,1,Capital One,Gartner
Q1472929,Q30284052,1,"Nasdaq, Inc.",Athersys
Q19604609,Q21874220,1,Vericel,"Atara Biotherapeutics, Inc."
Q19604609,Q30284052,1,Vericel,Athersys
Q19604609,Q7417809,1,Vericel,Sangamo Therapeutics
Q21874220,Q30284052,1,"Atara Biotherapeutics, Inc.",Athersys
Q21874220,Q7417809,1,"Atara Biotherapeutics, Inc.",Sangamo Therapeutics
Q174198,Q447855,1,Gartner,Aluminum Corporation of China
Q174198,Q744149,1,Gartner,Wells Fargo
Q38928,Q447855,1,PNC Financial Services,Aluminum Corporation of China
Q447855,Q744149,1,Aluminum Corporation of China,Wells Fargo
Q106309492,Q447855,1,"Agora, Inc.",Aluminum Corporation of China
Q106309492,Q4951483,1,"Agora, Inc.",Box
Q447855,Q4951483,1,Aluminum Corporation of China,Box
Q259011,Q2912154,1,Motorola,VeriFone
Q259011,Q301965,1,Motorola,Sprint Corporation
Q259011,Q691592,1,Motorola,GlobalFoundries
Q459965,Q544847,1,Caterpillar,Qualcomm
Q544847,Q66,1,Qualcomm,Boeing
Q2916497,Q470517,1,Perrigo Company Plc,Amgen
Q193199,Q731938,1,UBS,AstraZeneca
Q1325987,Q48822,1,Tyson Foods,Valspar
Q1325987,Q5184408,1,Tyson Foods,Crescent Point Energy
Q48822,Q5184408,1,Valspar,Crescent Point Energy
Q18619470,Q219508,1,Restaurant Brands International,Citigroup
Q691592,Q80978,1,GlobalFoundries,Hewlett-Packard
Q17051868,Q58024,1,Poshmark,eBay
Q193326,Q306764,1,Goldman Sachs,Abbott Laboratories
Q306764,Q6840048,1,Abbott Laboratories,Microsemi
Q21463167,Q5532813,1,HashiCorp,Genesis HealthCare
Q5532813,Q926806,1,Genesis HealthCare,Carlyle Group
Q1472929,Q19604609,1,"Nasdaq, Inc.",Vericel
Q1472929,Q21874220,1,"Nasdaq, Inc.","Atara Biotherapeutics, Inc."
Q37156,Q8044926,1,IBM,Xoom Corporation
Q2874395,Q333718,1,Avis Budget Group,Johnson & Johnson
Q2874395,Q5152510,1,Avis Budget Group,Commercial Metals Company
Q2874395,Q864338,1,Avis Budget Group,Biogen
Q333718,Q5152510,1,Johnson & Johnson,Commercial Metals Company
Q5152510,Q864338,1,Commercial Metals Company,Biogen
Q1046951,Q332477,1,Target Corporation,Victoria’s Secret
Q332477,Q5479360,1,Victoria’s Secret,"Macy's, Inc."
Q30284052,Q7417809,1,Athersys,Sangamo Therapeutics
Q5439999,Q764321,1,Federal Agricultural Mortgage Corporation,Obsidian Energy
Q106253770,Q1197548,1,Lumentum Holdings,Micron Technology
Q106253770,Q459965,1,Lumentum Holdings,Caterpillar
Q106253770,Q66,1,Lumentum Holdings,Boeing
Q1197548,Q459965,1,Micron Technology,Caterpillar
Q1197548,Q544847,1,Micron Technology,Qualcomm
Q1197548,Q66,1,Micron Technology,Boeing
Q212900,Q3884,1,Lehman Brothers,Amazon
Q212900,Q5416929,1,Lehman Brothers,Evercore Partners
Q245343,Q3295867,1,Barclays plc,The Coca-Cola Company
Q245343,Q5416929,1,Barclays plc,Evercore Partners
Q3295867,Q3884,1,The Coca-Cola Company,Amazon
Q3295867,Q5416929,1,The Coca-Cola Company,Evercore Partners
Q3884,Q5416929,1,Amazon,Evercore Partners
Q16983368,Q190464,1,Park Electrochemical Corp,HSBC
Q16986288,Q20165,1,Vail Resorts,Nissan
Q18619470,Q372657,1,Restaurant Brands International,Credit Suisse
Q14647,Q19873469,1,Sun Microsystems,Bio-Techne
Q14647,Q941392,1,Sun Microsystems,Informatica
Q19873469,Q19900,1,Bio-Techne,Oracle Corporation
Q19873469,Q941392,1,Bio-Techne,Informatica
Q19900,Q941392,1,Oracle Corporation,Informatica
Q259011,Q8044926,1,Motorola,Xoom Corporation
Q174310,Q621610,1,Nordstrom,Applied Materials
Q20800404,Q621610,1,Alphabet Inc.,Applied Materials
Q1591889,Q312,1,Walgreens,Apple Inc.
Q1591889,Q6544620,1,Walgreens,LifeLock
Q312,Q6544620,1,Apple Inc.,LifeLock
Q1419248,Q478214,1,FirstEnergy,Tesla
Q212235,Q835456,1,American International Group,Sun Life Financial
Q1129792,Q3301958,1,The Cooper Companies,Overstock.com
Q158205,Q7162745,1,Sanofi,Pengrowth Energy
Q1374135,Q2114414,1,Prudential plc,Prudential Financial
Q128738,Q245343,1,Anheuser-Busch InBev,Barclays plc
Q128738,Q3295867,1,Anheuser-Busch InBev,The Coca-Cola Company
Q128738,Q3884,1,Anheuser-Busch InBev,Amazon
Q128738,Q5416929,1,Anheuser-Busch InBev,Evercore Partners
Q212900,Q245343,1,Lehman Brothers,Barclays plc
Q212900,Q3295867,1,Lehman Brothers,The Coca-Cola Company
Q1424962,Q880942,1,IHG Hotels & Resorts,Blackstone Group
Q35476,Q37158,1,AT&T,Starbucks
Q35476,Q7045708,1,AT&T,Noble Corporation
Q16986288,Q27530,1,Vail Resorts,Mercedes-Benz Group
Q20165,Q334800,1,Nissan,PepsiCo
Q27530,Q334800,1,Mercedes-Benz Group,PepsiCo
Q193199,Q81965,1,UBS,General Motors
Q478214,Q806693,1,Tesla,BMO Financial Group
Q806693,Q81965,1,BMO Financial Group,General Motors
Q158205,Q507154,1,Sanofi,Novartis
Q507154,Q7417809,1,Novartis,Sangamo Therapeutics
Q6955989,Q7231939,1,NW Natural,Portland General Electric
Q2283,Q390074,1,Microsoft,Houghton Mifflin Harcourt
Q13636126,Q1374135,1,Hilton Grand Vacations,Prudential plc
Q13636126,Q1424962,1,Hilton Grand Vacations,IHG Hotels & Resorts
Q128738,Q212900,1,Anheuser-Busch InBev,Lehman Brothers
Q193326,Q19900,1,Goldman Sachs,Oracle Corporation
Q19900,Q38076,1,Oracle Corporation,McDonald's
Q1472929,Q1520122,1,"Nasdaq, Inc.",Getty Images
Q13636126,Q35476,1,Hilton Grand Vacations,AT&T
Q13636126,Q37158,1,Hilton Grand Vacations,Starbucks
Q13636126,Q7045708,1,Hilton Grand Vacations,Noble Corporation
Q1374135,Q1424962,1,Prudential plc,IHG Hotels & Resorts
Q1374135,Q35476,1,Prudential plc,AT&T
Q1374135,Q37158,1,Prudential plc,Starbucks
Q1374135,Q66048,1,Prudential plc,Deutsche Bank
Q1374135,Q7045708,1,Prudential plc,Noble Corporation
Q1374135,Q880942,1,Prudential plc,Blackstone Group
Q1424962,Q35476,1,IHG Hotels & Resorts,AT&T
Q1424962,Q37158,1,IHG Hotels & Resorts,Starbucks
Q1424962,Q66048,1,IHG Hotels & Resorts,Deutsche Bank
Q1424962,Q7045708,1,IHG Hotels & Resorts,Noble Corporation
Q1472929,Q174198,1,"Nasdaq, Inc.",Gartner
Q174198,Q4047452,1,Gartner,"Proofpoint, Inc."
Q1472929,Q174310,1,"Nasdaq, Inc.",Nordstrom
Q1472929,Q621610,1,"Nasdaq, Inc.",Applied Materials
Q154950,Q221062,1,Shell,DuPont
Q37158,Q66048,1,Starbucks,Deutsche Bank
Q37158,Q7045708,1,Starbucks,Noble Corporation
Q37158,Q880942,1,Starbucks,Blackstone Group
Q7045708,Q880942,1,Noble Corporation,Blackstone Group
Q2287759,Q6410043,1,Simon Property Group,Kimco Realty
Q334800,Q95,1,PepsiCo,Google
Q14772,Q938668,1,Baidu,Sina Corporation
Q212322,Q5152510,1,GSK,Commercial Metals Company
Q2283,Q4854759,1,Microsoft,Bandwidth.com
Q4854759,Q95,1,Bandwidth.com,Google
Q1653258,Q6982488,1,ICICI Bank,Navios Maritime Holdings
Q1472929,Q16972754,1,"Nasdaq, Inc.",Coinbase
Q1520122,Q16972754,1,Getty Images,Coinbase
Q333718,Q3433273,1,Johnson & Johnson,Rite Aid
Q502509,Q5130656,1,Smith & Nephew,Clear Channel Outdoor
Q502509,Q894585,1,Smith & Nephew,Boston Scientific
Q5130656,Q894585,1,Clear Channel Outdoor,Boston Scientific
Q1390577,Q156376,1,"Twitter, Inc.",Vimeo
Q1390577,Q1666040,1,"Twitter, Inc.","Interface, Inc."
Q156376,Q1666040,1,Vimeo,"Interface, Inc."
Q451476,Q5156101,1,Scotiabank,Compass Minerals
Q643674,Q6724984,1,Thermo Fisher Scientific,Macquarie Infrastructure Company
Q11407,Q80978,1,VMware,Hewlett-Packard
Q35476,Q880942,1,AT&T,Blackstone Group
Q20800404,Q7638158,1,Alphabet Inc.,Sunrun
Q7638158,Q95,1,Sunrun,Google
Q1472929,Q2266483,1,"Nasdaq, Inc.",AVG Technologies
Q4653724,Q507154,1,ARIAD Pharmaceuticals,Novartis
Q18324720,Q188920,1,Cnova,Delta Air Lines
Q17088705,Q5380687,1,Spanish Broadcasting System,Entravision Communications
Q183184,Q5380687,1,Sabesp,Entravision Communications
Q451476,Q458363,1,Scotiabank,Marathon Petroleum
Q899255,Q899395,1,LyondellBasell,Braskem
Q1645081,Q27893,1,Nucor,ArcelorMittal
Q1472929,Q48976818,1,"Nasdaq, Inc.",NeoGenomics
Q106309492,Q372657,1,"Agora, Inc.",Credit Suisse
Q451476,Q806693,1,Scotiabank,BMO Financial Group
Q666694,Q806693,1,Canadian Imperial Bank of Commerce,BMO Financial Group
Q212235,Q372657,1,American International Group,Credit Suisse
Q312,Q744149,1,Apple Inc.,Wells Fargo
Q1472929,Q7450899,1,"Nasdaq, Inc.",Senomyx
Q334800,Q689475,1,PepsiCo,Laureate Education
Q5312314,Q7935247,1,Duff & Phelps,Virtus Investment Partners
Q1028449,Q1516410,1,Cameco,Suncor Energy
Q1028449,Q180816,1,Cameco,Dow Jones Industrial Average
Q1641437,Q66,1,Ralph Lauren Corporation,Boeing
Q1641437,Q757135,1,Ralph Lauren Corporation,Atlas Air
Q1129792,Q117061817,1,The Cooper Companies,Boston Private Financial Holdings
Q1818970,Q4745263,1,Telkom,American Tower Corporation
Q1046951,Q19604459,1,Target Corporation,Murphy USA
Q156644,Q194360,1,Raytheon,American Express
Q156644,Q483551,1,Raytheon,Walmart
Q1141267,Q81965,1,Thomson Reuters,General Motors
Q81965,Q880942,1,General Motors,Blackstone Group
Q1129792,Q17108752,1,The Cooper Companies,Taylor Corporation
Q1129792,Q7573905,1,The Cooper Companies,Spartan Motors
Q1472929,Q17108752,1,"Nasdaq, Inc.",Taylor Corporation
Q17108752,Q7573905,1,Taylor Corporation,Spartan Motors
Q1114148,Q1384784,1,Comerica,Express
Q16733729,Q306764,1,Kosmos Energy,Abbott Laboratories
Q16733729,Q4740289,1,Kosmos Energy,Amarin Corporation
Q266423,Q4740289,1,Bristol-Myers Squibb,Amarin Corporation
Q306764,Q4740289,1,Abbott Laboratories,Amarin Corporation
Q6715642,Q880942,1,MFS Investment Management,Blackstone Group
Q334204,Q571779,1,Morgan Stanley,Liberty Global
Q5494350,Q85876205,1,Fred's,51job.com
Q1023765,Q1472929,1,CIT Group,"Nasdaq, Inc."
Q1023765,Q16988355,1,CIT Group,Cloud Peak Energy
Q1023765,Q17112054,1,CIT Group,Silicon Valley Bank
Q1023765,Q27988239,1,CIT Group,MAA
Q16988355,Q17112054,1,Cloud Peak Energy,Silicon Valley Bank
Q16988355,Q27988239,1,Cloud Peak Energy,MAA
Q17112054,Q27988239,1,Silicon Valley Bank,MAA
Q1662481,Q17103838,1,IHS Inc.,Markit
Q1129792,Q85769888,1,The Cooper Companies,Iovance Biotherapeutics
Q372657,Q430745,1,Credit Suisse,Teradata
Q372657,Q52825,1,Credit Suisse,ABB Group
Q1508234,Q813782,1,Safeway,Bed Bath & Beyond Inc.
Q153417,Q813782,1,Kroger,Bed Bath & Beyond Inc.
Q24110304,Q3884,1,Brookfield Property Partners,Amazon
Q2283,Q3598926,1,Microsoft,JD.com
Q3598926,Q780442,1,JD.com,Uber
Q155026,Q29739,1,United Parcel Service,International
Q116452644,Q158205,1,"Netflix, Inc.",Sanofi
Q116452644,Q212235,1,"Netflix, Inc.",American International Group
Q158205,Q212235,1,Sanofi,American International Group
Q158205,Q54173,1,Sanofi,General Electric
Q1472929,Q38076,1,"Nasdaq, Inc.",McDonald's
Q18324720,Q407237,1,Cnova,Air France-KLM
Q1472929,Q16733729,1,"Nasdaq, Inc.",Kosmos Energy
Q16733729,Q266423,1,Kosmos Energy,Bristol-Myers Squibb
Q483551,Q813782,1,Walmart,Bed Bath & Beyond Inc.
Q1472929,Q204727,1,"Nasdaq, Inc.",Alexion Pharmaceuticals
Q18619470,Q8025339,1,Restaurant Brands International,Wingstop
Q180816,Q20858163,1,Dow Jones Industrial Average,Norfolk Southern Corporation
Q18619467,Q3067064,1,Rayonier Advanced Materials,Sociedad Química y Minera de Chile
Q18619467,Q547450,1,Rayonier Advanced Materials,Celanese Corporation
Q3067064,Q547450,1,Sociedad Química y Minera de Chile,Celanese Corporation
Q334204,Q5970002,1,Morgan Stanley,IDEX Corporation
Q1129792,Q121033088,1,The Cooper Companies,Standard Lithium Ltd
Q1129792,Q2357515,1,The Cooper Companies,Stryker Corporation
Q1129792,Q632240,1,The Cooper Companies,Eli Lilly and Company
Q1129792,Q894585,1,The Cooper Companies,Boston Scientific
Q2357515,Q632240,1,Stryker Corporation,Eli Lilly and Company
Q2357515,Q894585,1,Stryker Corporation,Boston Scientific
Q632240,Q894585,1,Eli Lilly and Company,Boston Scientific
Q544847,Q768773,1,Qualcomm,MSCI
Q1127536,Q2304693,1,Consolidated Edison,Southern Company
Q1472929,Q6348410,1,"Nasdaq, Inc.",Kaiser Aluminum
Q1194832,Q180816,1,Toronto-Dominion Bank,Dow Jones Industrial Average
Q180816,Q666694,1,Dow Jones Industrial Average,Canadian Imperial Bank of Commerce
Q180816,Q735261,1,Dow Jones Industrial Average,Royal Bank of Canada
Q267313,Q65066950,1,"McAfee, LLC",CNX Resources
Q1046951,Q16981175,1,Target Corporation,Lennar Corporation
Q1046951,Q5203782,1,Target Corporation,D. R. Horton
Q1046951,Q813782,1,Target Corporation,Bed Bath & Beyond Inc.
Q1373493,Q5203782,1,Lowe's,D. R. Horton
Q1373493,Q813782,1,Lowe's,Bed Bath & Beyond Inc.
Q16981175,Q3884,1,Lennar Corporation,Amazon
Q16981175,Q483551,1,Lennar Corporation,Walmart
Q16981175,Q813782,1,Lennar Corporation,Bed Bath & Beyond Inc.
Q3884,Q5203782,1,Amazon,D. R. Horton
Q483551,Q5203782,1,Walmart,D. R. Horton
Q1155668,Q95,1,NXP Semiconductors,Google
Q212405,Q35476,1,Procter & Gamble,AT&T
Q5203782,Q813782,1,D. R. Horton,Bed Bath & Beyond Inc.
Q1542175,Q193326,1,Mitsubishi UFJ Financial Group,Goldman Sachs
Q1542175,Q334204,1,Mitsubishi UFJ Financial Group,Morgan Stanley
Q1542175,Q38928,1,Mitsubishi UFJ Financial Group,PNC Financial Services
Q1542175,Q66048,1,Mitsubishi UFJ Financial Group,Deutsche Bank
Q1542175,Q7086908,1,Mitsubishi UFJ Financial Group,Olin Corporation
Q1542175,Q744149,1,Mitsubishi UFJ Financial Group,Wells Fargo
Q193326,Q38928,1,Goldman Sachs,PNC Financial Services
Q334204,Q7086908,1,Morgan Stanley,Olin Corporation
Q38928,Q66048,1,PNC Financial Services,Deutsche Bank
Q38928,Q7086908,1,PNC Financial Services,Olin Corporation
Q66048,Q7086908,1,Deutsche Bank,Olin Corporation
Q7086908,Q744149,1,Olin Corporation,Wells Fargo
Q1127536,Q1264404,1,Consolidated Edison,Duke Energy
Q1046951,Q22909236,1,Target Corporation,Instacart
Q1046951,Q668737,1,Target Corporation,Yum! Brands
Q20714323,Q668737,1,DoorDash,Yum! Brands
Q1127536,Q4705296,1,Consolidated Edison,Alabama Power
Q1127536,Q5167736,1,Consolidated Edison,Cooper-Standard Automotive
Q1127536,Q5617509,1,Consolidated Edison,Gulf Power Company
Q1264404,Q4705296,1,Duke Energy,Alabama Power
Q1264404,Q5167736,1,Duke Energy,Cooper-Standard Automotive
Q1264404,Q5617509,1,Duke Energy,Gulf Power Company
Q2304693,Q5167736,1,Southern Company,Cooper-Standard Automotive
Q4705296,Q5167736,1,Alabama Power,Cooper-Standard Automotive
Q4705296,Q5617509,1,Alabama Power,Gulf Power Company
Q5167736,Q5617509,1,Cooper-Standard Automotive,Gulf Power Company
Q1155668,Q212405,1,NXP Semiconductors,Procter & Gamble
Q1155668,Q717093,1,NXP Semiconductors,Itochu
Q1155668,Q905049,1,NXP Semiconductors,Shire plc
Q3884,Q571779,1,Amazon,Liberty Global
Q108770716,Q18169198,1,Samsara,Qorvo
Q1046951,Q27530,1,Target Corporation,Mercedes-Benz Group
Q1073306,Q193199,1,China Life Insurance Company,UBS
Q18354527,Q18754966,1,Trinseo,Tradeweb Llc
Q212405,Q905049,1,Procter & Gamble,Shire plc
Q35476,Q717093,1,AT&T,Itochu
Q35476,Q905049,1,AT&T,Shire plc
Q717093,Q905049,1,Itochu,Shire plc
Q717093,Q95,1,Itochu,Google
Q905049,Q95,1,Shire plc,Google
Q1129792,Q24204493,1,The Cooper Companies,Veeva Systems
Q5439999,Q552581,1,Federal Agricultural Mortgage Corporation,SAP
Q173941,Q5099817,1,Electronic Arts,China Nepstar
Q344341,Q5099817,1,Activision Blizzard,China Nepstar
Q1046951,Q20714323,1,Target Corporation,DoorDash
Q22909236,Q668737,1,Instacart,Yum! Brands
Q28175069,Q30283420,1,Genomic Health,Adaptive Biotechnologies
Q127278673,Q6675775,1,LinkedIn Corporation,LoopNet
Q5013072,Q6675775,1,CNA Financial,LoopNet
Q214763,Q951259,1,ConocoPhillips,Murphy Oil
Q154950,Q334204,1,Shell,Morgan Stanley
Q2899735,Q91490380,1,QAD Inc,Accelerate Diagnostics
Q37156,Q7673435,1,IBM,"Tableau Software, Inc."
Q212900,Q219635,1,Lehman Brothers,BlackRock
Q1141267,Q1520122,1,Thomson Reuters,Getty Images
Q48988040,Q5207184,1,DaVita Medical Group,DaVita
Q1519267,Q609466,1,Omnicom Group,Colgate-Palmolive
Q609466,Q95,1,Colgate-Palmolive,Google
Q152433,Q552581,1,Xerox,SAP
Q212405,Q717093,1,Procter & Gamble,Itochu
Q372657,Q571779,1,Credit Suisse,Liberty Global
Q5651043,Q642189,1,Hansen Medical,Medtronic
Q2283,Q2899735,1,Microsoft,QAD Inc
Q1129792,Q5451274,1,The Cooper Companies,FireEye
Q37156,Q5451274,1,IBM,FireEye
Q1129792,Q2904022,1,The Cooper Companies,Bio-Rad Laboratories
Q1023876,Q1503753,1,CME Group,Vedanta Resources
Q1472929,Q15964806,1,"Nasdaq, Inc.",ImmunoGen Inc.
Q15964806,Q266423,1,ImmunoGen Inc.,Bristol-Myers Squibb
Q15964806,Q470517,1,ImmunoGen Inc.,Amgen
Q1113804,Q2283,1,Comcast,Microsoft
Q16953039,Q219508,1,Moelis & Company,Citigroup
Q16953039,Q372657,1,Moelis & Company,Credit Suisse
Q16953039,Q4972280,1,Moelis & Company,Broadridge Financial Solutions
Q1472929,Q5204878,1,"Nasdaq, Inc.",DEX One
Q2843129,Q4809155,1,Ameriprise Financial,Associated Banc-Corp
Q17145596,Q689791,1,Tesco Corporation,ISS
Q108770716,Q24834296,1,Samsara,China Telecom
Q108770716,Q35476,1,Samsara,AT&T
Q1645081,Q80635,1,Nucor,Airgas
Q1129792,Q23133268,1,The Cooper Companies,Match Group
Q2837996,Q864338,1,Alliance Data,Biogen
Q4751571,Q5194189,1,Anaplan,Cumulus Media
Q108770716,Q552581,1,Samsara,SAP
Q18619272,Q637440,1,Greenhill & Co.,Lazard
Q20714950,Q458363,1,Primoris Services Corporation,Marathon Petroleum
Q20714950,Q54173,1,Primoris Services Corporation,General Electric
Q20714950,Q905998,1,Primoris Services Corporation,Sasol
Q458363,Q54173,1,Marathon Petroleum,General Electric
Q458363,Q905998,1,Marathon Petroleum,Sasol
Q54173,Q905998,1,General Electric,Sasol
Q1152374,Q5651043,1,GE HealthCare,Hansen Medical
Q1152374,Q642189,1,GE HealthCare,Medtronic
Q156238,Q22025568,1,ExxonMobil,Stone Energy Corporation
Q154950,Q24834296,1,Shell,China Telecom
Q154950,Q5099546,1,Shell,ChinaCache
Q2899735,Q552581,1,QAD Inc,SAP
Q1129792,Q1715931,1,The Cooper Companies,Tech Data
Q1715931,Q37156,1,Tech Data,IBM
Q212405,Q629998,1,Procter & Gamble,General Mills
Q38676,Q5439999,1,Agnico Eagle Mines,Federal Agricultural Mortgage Corporation
Q115056594,Q7417809,1,Cohen & Steers,Sangamo Therapeutics
Q105965677,Q487907,1,MPLX,Bank of America
Q105965677,Q7161915,1,MPLX,Pembina Pipeline
Q105965677,Q931032,1,MPLX,Kinder Morgan
Q487907,Q7161915,1,Bank of America,Pembina Pipeline
Q487907,Q931032,1,Bank of America,Kinder Morgan
Q7161915,Q931032,1,Pembina Pipeline,Kinder Morgan
Q20800404,Q6723256,1,Alphabet Inc.,Macerich
Q1023876,Q193199,1,CME Group,UBS
Q193199,Q841458,1,UBS,Intercontinental Exchange
Q1741634,Q334800,1,Kimberly-Clark,PepsiCo
Q1741634,Q5184408,1,Kimberly-Clark,Crescent Point Energy
Q248,Q24834296,1,Intel,China Telecom
Q24834296,Q35476,1,China Telecom,AT&T
Q106158,Q3067119,1,S&P Global Ratings,Fastenal
Q3067119,Q868587,1,Fastenal,S&P Global
Q1113804,Q3459777,1,Comcast,Semtech Corporation
Q1655409,Q193199,1,Iamgold,UBS
Q170614,Q193199,1,Ryanair,UBS
Q15109865,Q306764,1,Dexcom,Abbott Laboratories
Q15109865,Q5013012,1,Dexcom,CMS Energy
Q306764,Q5013012,1,Abbott Laboratories,CMS Energy
Q2831861,Q7981065,1,Albertsons,WellCare
Q154950,Q22025568,1,Shell,Stone Energy Corporation
Q122141,Q372657,1,Vodafone,Credit Suisse
Q193326,Q301965,1,Goldman Sachs,Sprint Corporation
Q193326,Q571779,1,Goldman Sachs,Liberty Global
Q301965,Q372657,1,Sprint Corporation,Credit Suisse
Q301965,Q571779,1,Sprint Corporation,Liberty Global
Q17145596,Q5452773,1,Tesco Corporation,First Commonwealth Bank
Q1471346,Q1645081,1,Whirlpool,Nucor
Q1471346,Q72539,1,Whirlpool,U.S. Steel
Q116452644,Q154950,1,"Netflix, Inc.",Shell
Q116452644,Q157062,1,"Netflix, Inc.",Unilever
Q116452644,Q430745,1,"Netflix, Inc.",Teradata
Q154950,Q3884,1,Shell,Amazon
Q3884,Q430745,1,Amazon,Teradata
Q11159866,Q7057831,1,Gilat Satellite Networks Ltd.,Northeast Bank
Q1520122,Q194360,1,Getty Images,American Express
Q1520122,Q328840,1,Getty Images,Visa
Q334800,Q5184408,1,PepsiCo,Crescent Point Energy
Q1472929,Q459477,1,"Nasdaq, Inc.",FedEx
Q105965677,Q66048,1,MPLX,Deutsche Bank
Q458363,Q66048,1,Marathon Petroleum,Deutsche Bank
Q1418,Q66048,1,Nokia,Deutsche Bank
Q1418,Q806689,1,Nokia,Bank of Ireland
Q66048,Q806689,1,Deutsche Bank,Bank of Ireland
Q5206198,Q650259,1,DST Systems,Fresenius Medical Care
Q312,Q329953,1,Apple Inc.,Northrop Grumman Corporation
Q312,Q502940,1,Apple Inc.,General Dynamics
Q312,Q899010,1,Apple Inc.,Mylan
Q329953,Q898750,1,Northrop Grumman Corporation,Teva Pharmaceutical Industries Ltd.
Q329953,Q899010,1,Northrop Grumman Corporation,Mylan
Q502940,Q898750,1,General Dynamics,Teva Pharmaceutical Industries Ltd.
Q502940,Q899010,1,General Dynamics,Mylan
Q122141,Q334204,1,Vodafone,Morgan Stanley
Q66,Q898750,1,Boeing,Teva Pharmaceutical Industries Ltd.
Q66,Q899010,1,Boeing,Mylan
Q1425063,Q654762,1,Hyatt Hotels Corporation,Sotheby's
Q1425063,Q7505672,1,Hyatt Hotels Corporation,Shutterfly
Q654762,Q7505672,1,Sotheby's,Shutterfly
Q478214,Q926806,1,Tesla,Carlyle Group
Q333718,Q5530848,1,Johnson & Johnson,GenOn Energy
Q1194832,Q97961992,1,Toronto-Dominion Bank,Brilliance China Automotive Holdings
Q666694,Q97961992,1,Canadian Imperial Bank of Commerce,Brilliance China Automotive Holdings
Q735261,Q97961992,1,Royal Bank of Canada,Brilliance China Automotive Holdings
Q1046951,Q368181,1,Target Corporation,Vornado Realty Trust
Q368181,Q3884,1,Vornado Realty Trust,Amazon
Q368181,Q483551,1,Vornado Realty Trust,Walmart
Q368181,Q501476,1,Vornado Realty Trust,Hasbro
Q368181,Q596139,1,Vornado Realty Trust,Mattel
Q306764,Q327751,1,Abbott Laboratories,Kraft Foods Group
Q266423,Q5643474,1,Bristol-Myers Squibb,Halozyme Therapeutics
Q266423,Q7095196,1,Bristol-Myers Squibb,Onyx Pharmaceuticals
Q266423,Q7271456,1,Bristol-Myers Squibb,Quest Diagnostics
Q470156,Q667865,1,Cencora,Johnson Controls plc
Q1472929,Q17068984,1,"Nasdaq, Inc.",eGain
Q193199,Q644289,1,UBS,Altice USA
Q27346316,Q7098552,1,Fortress Biotech,Oppenheimer Holdings
Q1577587,Q2825507,1,Marathon Oil,AECOM
Q119991,Q26989,1,APA Corporation,Infosys
Q26989,Q6060469,1,Infosys,Inversiones y Representaciones Sociedad Anónima
Q1741634,Q5047083,1,Kimberly-Clark,Carter's
Q333718,Q5047083,1,Johnson & Johnson,Carter's
Q1472929,Q899133,1,"Nasdaq, Inc.",Takeda Pharmaceutical Company
Q2288792,Q950380,1,Sinclair Broadcast Group,CBS Corporation
Q2837996,Q66,1,Alliance Data,Boeing
Q2837996,Q691637,1,Alliance Data,Gol Linhas Aéreas
Q19873469,Q92639564,1,Bio-Techne,Arconic
Q20800404,Q247489,1,Alphabet Inc.,Merck & Co.
Q20800404,Q92639564,1,Alphabet Inc.,Arconic
Q1573416,Q1885099,1,Madison Square Garden Sports,Time Warner Cable
Q122141,Q1265181,1,Vodafone,Dun & Bradstreet
Q122141,Q6914636,1,Vodafone,Mortgage Guaranty Insurance Corporation
Q1265181,Q154950,1,Dun & Bradstreet,Shell
Q1265181,Q2283,1,Dun & Bradstreet,Microsoft
Q1265181,Q430745,1,Dun & Bradstreet,Teradata
Q1265181,Q6914636,1,Dun & Bradstreet,Mortgage Guaranty Insurance Corporation
Q1418,Q6914636,1,Nokia,Mortgage Guaranty Insurance Corporation
Q154950,Q2283,1,Shell,Microsoft
Q154950,Q6914636,1,Shell,Mortgage Guaranty Insurance Corporation
Q157062,Q6914636,1,Unilever,Mortgage Guaranty Insurance Corporation
Q2283,Q430745,1,Microsoft,Teradata
Q2283,Q6914636,1,Microsoft,Mortgage Guaranty Insurance Corporation
Q193199,Q552363,1,UBS,Starwood
Q15589464,Q58024,1,Dropbox Inc.,eBay
Q17143144,Q5035425,1,PacWest Bancorp,CapitalSource
Q154950,Q18324720,1,Shell,Cnova
Q470517,Q5643474,1,Amgen,Halozyme Therapeutics
Q470517,Q7095196,1,Amgen,Onyx Pharmaceuticals
Q470517,Q7271456,1,Amgen,Quest Diagnostics
Q5643474,Q7095196,1,Halozyme Therapeutics,Onyx Pharmaceuticals
Q5643474,Q7271456,1,Halozyme Therapeutics,Quest Diagnostics
Q7095196,Q7271456,1,Onyx Pharmaceuticals,Quest Diagnostics
Q2283,Q319642,1,Microsoft,Chevron Corporation
Q4999220,Q5376661,1,Burlington,Endurance International Group
Q5323987,Q675585,1,EQT,Moody's Corporation
Q193326,Q247489,1,Goldman Sachs,Merck & Co.
Q193326,Q92639564,1,Goldman Sachs,Arconic
Q19873469,Q247489,1,Bio-Techne,Merck & Co.
Q1114148,Q1472929,1,Comerica,"Nasdaq, Inc."
Q301965,Q744149,1,Sprint Corporation,Wells Fargo
Q17149417,Q6545004,1,U.S. Concrete,Life Time
Q20714863,Q5139058,1,Coca-Cola FEMSA,Coca-Cola Bottling Co. Consolidated
Q2283,Q247489,1,Microsoft,Merck & Co.
Q2283,Q92639564,1,Microsoft,Arconic
Q247489,Q248,1,Merck & Co.,Intel
Q247489,Q92639564,1,Merck & Co.,Arconic
Q248,Q92639564,1,Intel,Arconic
Q1152764,Q193199,1,Lloyds Banking Group,UBS
Q1023876,Q192314,1,CME Group,JPMorgan Chase
Q1023876,Q675585,1,CME Group,Moody's Corporation
Q192314,Q675585,1,JPMorgan Chase,Moody's Corporation
Q12857502,Q63335,1,Mondelez International,Foot Locker
Q334800,Q63335,1,PepsiCo,Foot Locker
Q5028383,Q5172422,1,Camping World,Corporate Office Properties Trust
Q19923099,Q608776,1,Hewlett Packard Enterprise,Cadence Design Systems
Q2283,Q2974454,1,Microsoft,Frontier Communications
Q2283,Q608776,1,Microsoft,Cadence Design Systems
Q2974454,Q35476,1,Frontier Communications,AT&T
Q2974454,Q5287613,1,Frontier Communications,Docusign
Q154950,Q645708,1,Shell,ING Group
Q18324720,Q645708,1,Cnova,ING Group
Q1009458,Q127278673,1,Bunge Limited,LinkedIn Corporation
Q127278673,Q632694,1,LinkedIn Corporation,Archer Daniels Midland
Q1146061,Q5147194,1,Cushman & Wakefield,Colliers International
Q18354527,Q193326,1,Trinseo,Goldman Sachs
Q18354527,Q219508,1,Trinseo,Citigroup
Q18354527,Q95,1,Trinseo,Google
Q1472929,Q16975402,1,"Nasdaq, Inc.",Euroseas
Q16975402,Q29739,1,Euroseas,International
Q1114148,Q115978123,1,Comerica,"One Stop Systems, Inc."
Q15109907,Q2874395,1,Medivation,Avis Budget Group
Q15109907,Q7120959,1,Medivation,PTC Therapeutics
Q247489,Q2874395,1,Merck & Co.,Avis Budget Group
Q247489,Q7120959,1,Merck & Co.,PTC Therapeutics
Q2874395,Q7120959,1,Avis Budget Group,PTC Therapeutics
Q20714863,Q7129613,1,Coca-Cola FEMSA,Pan American Silver
Q5139058,Q7129613,1,Coca-Cola Bottling Co. Consolidated,Pan American Silver
Q1129792,Q63327,1,The Cooper Companies,Airbnb
Q194360,Q63327,1,American Express,Airbnb
Q1046951,Q21196367,1,Target Corporation,Black Stone Minerals
Q219508,Q7881772,1,Citigroup,Columbia Bank
Q334204,Q7881772,1,Morgan Stanley,Columbia Bank
Q24915031,Q6715642,1,Envestnet,MFS Investment Management
Q19923099,Q2974454,1,Hewlett Packard Enterprise,Frontier Communications
Q19923099,Q35476,1,Hewlett Packard Enterprise,AT&T
Q19923099,Q5287613,1,Hewlett Packard Enterprise,Docusign
Q1577907,Q2283,1,Lionbridge,Microsoft
Q1034654,Q19995004,1,Capital One,WeWork
Q1034654,Q941127,1,Capital One,Salesforce
Q19995004,Q941127,1,WeWork,Salesforce
Q1419248,Q37156,1,FirstEnergy,IBM
Q1053299,Q193199,1,CRH,UBS
Q35476,Q5287613,1,AT&T,Docusign
Q35476,Q608776,1,AT&T,Cadence Design Systems
Q5287613,Q608776,1,Docusign,Cadence Design Systems
Q248,Q294721,1,Intel,AMC Theatres
Q193326,Q2843129,1,Goldman Sachs,Ameriprise Financial
Q15915960,Q24834296,1,Xunlei Limited,China Telecom
Q6060808,Q7669886,1,Investment Technology Group,TD Ameritrade
Q6060808,Q7934906,1,Investment Technology Group,Virtu Financial
Q7669886,Q7934906,1,TD Ameritrade,Virtu Financial
Q15109907,Q247489,1,Medivation,Merck & Co.
Q207983,Q259011,1,Monsanto,Motorola
Q157062,Q3100337,1,Unilever,Gemplus
Q152433,Q193412,1,Xerox,Texas Instruments
Q152433,Q37156,1,Xerox,IBM
Q152433,Q95,1,Xerox,Google
Q193412,Q35476,1,Texas Instruments,AT&T
Q193412,Q37156,1,Texas Instruments,IBM
Q503308,Q642610,1,Southwest Airlines,Hawaiian Airlines
Q1472929,Q7597506,1,"Nasdaq, Inc.",stamps.com
Q108770716,Q60742568,1,Samsara,CalAmp
Q2304693,Q967868,1,Southern Company,NextEra Energy
Q5617509,Q967868,1,Gulf Power Company,NextEra Energy
Q3884,Q926806,1,Amazon,Carlyle Group
Q20800404,Q328840,1,Alphabet Inc.,Visa
Q20800404,Q7360089,1,Alphabet Inc.,"Roku, Inc."
Q2974454,Q608776,1,Frontier Communications,Cadence Design Systems
Q15678788,Q8093,1,Fiat Chrysler Automobiles,Nintendo
Q2283,Q5453450,1,Microsoft,First Niagara Bank
Q312,Q5453450,1,Apple Inc.,First Niagara Bank
Q312,Q328840,1,Apple Inc.,Visa
Q328840,Q3884,1,Visa,Amazon
Q328840,Q7360089,1,Visa,"Roku, Inc."
Q328840,Q95,1,Visa,Google
Q7360089,Q95,1,"Roku, Inc.",Google
Q1045842,Q1885491,1,The Cheesecake Factory,FactSet
Q1045842,Q3884,1,The Cheesecake Factory,Amazon
Q1045842,Q668737,1,The Cheesecake Factory,Yum! Brands
Q1885491,Q668737,1,FactSet,Yum! Brands
Q3884,Q668737,1,Amazon,Yum! Brands
Q1113804,Q910866,1,Comcast,Humana
Q116452644,Q910866,1,"Netflix, Inc.",Humana
Q4733274,Q570473,1,Allscripts,McKesson Corporation
Q219508,Q6049324,1,Citigroup,International Coal Group
Q1915079,Q689791,1,McDermott International,ISS
Q5095516,Q689791,1,Chicago Bridge & Iron Company,ISS
Q3100337,Q334204,1,Gemplus,Morgan Stanley
Q3100337,Q372657,1,Gemplus,Credit Suisse
Q5203782,Q7128508,1,D. R. Horton,Palo Alto Networks
Q106158,Q15917582,1,S&P Global Ratings,Quidel
Q106158,Q43303430,1,S&P Global Ratings,Twist Bioscience
Q15917582,Q43303430,1,Quidel,Twist Bioscience
Q5152510,Q899010,1,Commercial Metals Company,Mylan
Q3518066,Q844805,1,Tenet Healthcare,Dillard's
Q5972276,Q744149,1,Voya Financial,Wells Fargo
Q15678788,Q2283,1,Fiat Chrysler Automobiles,Microsoft
Q15678788,Q312,1,Fiat Chrysler Automobiles,Apple Inc.
Q15678788,Q483915,1,Fiat Chrysler Automobiles,Nike
Q15678788,Q5453450,1,Fiat Chrysler Automobiles,First Niagara Bank
Q856411,Q905049,1,British American Tobacco,Shire plc
Q3884,Q91498427,1,Amazon,U.S. Auto Parts
Q1129792,Q1265181,1,The Cooper Companies,Dun & Bradstreet
Q1516849,Q24525746,1,Shaw Communications,BCE Inc.
Q2031485,Q6702957,1,Under Armour,Lululemon Athletica
Q2031485,Q920037,1,Under Armour,J. C. Penney
Q6702957,Q920037,1,Lululemon Athletica,J. C. Penney
Q483915,Q5453450,1,Nike,First Niagara Bank
Q483915,Q8093,1,Nike,Nintendo
Q5453450,Q8093,1,First Niagara Bank,Nintendo
Q1785405,Q739084,1,Newmont Mining Corporation,U.S. Bancorp
Q1225892,Q301965,1,Sonim Technologies,Sprint Corporation
Q483915,Q7132349,1,Nike,Papa Murphy's
Q203552,Q642189,1,Zimmer Biomet Holdings,Medtronic
Q203552,Q6744211,1,Zimmer Biomet Holdings,Mallinckrodt Pharmaceuticals
Q642189,Q6744211,1,Medtronic,Mallinckrodt Pharmaceuticals
Q4929570,Q7512923,1,Blue Nile Inc.,Signet Jewelers Limited
Q1359568,Q56826699,1,Alibaba Group,MariaDB Corporation Ab
Q214346,Q312,1,Viacom,Apple Inc.
Q95,Q950380,1,Google,CBS Corporation
Q193326,Q6758107,1,Goldman Sachs,Marcus Corporation
Q1067998,Q1472929,1,Cirrus Logic,"Nasdaq, Inc."
Q1067998,Q1544413,1,Cirrus Logic,National Instruments
Q1472929,Q1544413,1,"Nasdaq, Inc.",National Instruments
Q1146061,Q1472929,1,Cushman & Wakefield,"Nasdaq, Inc."
Q1264404,Q4828988,1,Duke Energy,Avista
Q1264404,Q546880,1,Duke Energy,Kinross Gold
Q1264404,Q577911,1,Duke Energy,"Pepco Holdings, Inc."
Q312,Q8093,1,Apple Inc.,Nintendo
Q1053299,Q856411,1,CRH,British American Tobacco
Q1053299,Q905049,1,CRH,Shire plc
Q193199,Q905049,1,UBS,Shire plc
Q1089060,Q66,1,Chubb Corp.,Boeing
Q328840,Q66,1,Visa,Boeing
Q607131,Q66,1,MetLife,Boeing
Q6544620,Q66,1,LifeLock,Boeing
Q4828988,Q577911,1,Avista,"Pepco Holdings, Inc."
Q546880,Q577911,1,Kinross Gold,"Pepco Holdings, Inc."
Q1155668,Q245772,1,NXP Semiconductors,Zynga
Q1155668,Q571779,1,NXP Semiconductors,Liberty Global
Q1155668,Q66048,1,NXP Semiconductors,Deutsche Bank
Q245772,Q571779,1,Zynga,Liberty Global
Q245772,Q66048,1,Zynga,Deutsche Bank
Q245772,Q880942,1,Zynga,Blackstone Group
Q571779,Q880942,1,Liberty Global,Blackstone Group
Q2837996,Q43452224,1,Alliance Data,RYB Education
Q7431894,Q8042415,1,Schneider National,"XPO, Inc."
Q768773,Q795221,1,MSCI,CNOOC Limited
Q29739,Q7165802,1,International,People's United Financial
Q1009458,Q212235,1,Bunge Limited,American International Group
Q1359568,Q7455653,1,Alibaba Group,ServiceNow
Q56826699,Q7455653,1,MariaDB Corporation Ab,ServiceNow
Q5311573,Q66,1,Ducommun,Boeing
Q2283,Q4922539,1,Microsoft,Blackbaud
Q1129792,Q18385610,1,The Cooper Companies,Stitch Fix
Q1032229,Q1232862,1,Canadian Natural Resources,Eldorado Gold
Q1232862,Q1516410,1,Eldorado Gold,Suncor Energy
Q1232862,Q1655409,1,Eldorado Gold,Iamgold
Q1516410,Q1655409,1,Suncor Energy,Iamgold
Q14662364,Q6459734,1,AbbVie,LPL Financial
Q248,Q6459734,1,Intel,LPL Financial
Q16953039,Q5452773,1,Moelis & Company,First Commonwealth Bank
Q16953039,Q7415751,1,Moelis & Company,SandRidge Energy
Q4828988,Q546880,1,Avista,Kinross Gold
Q29739,Q846743,1,International,Orbotech
Q5429751,Q7272057,1,FairPoint Communications,QuinStreet
Q5429751,Q846743,1,FairPoint Communications,Orbotech
Q5452773,Q7415751,1,First Commonwealth Bank,SandRidge Energy
Q654762,Q7191691,1,Sotheby's,Pier 1 Imports
Q654762,Q7405065,1,Sotheby's,Sally Beauty Holdings
Q7191691,Q7405065,1,Pier 1 Imports,Sally Beauty Holdings
Q1032229,Q1341590,1,Canadian Natural Resources,Enerplus
Q1341590,Q1516410,1,Enerplus,Suncor Energy
Q1359568,Q7893563,1,Alibaba Group,Essendant
Q190464,Q22243729,1,HSBC,Ferrari
Q190464,Q29739,1,HSBC,International
Q22243729,Q29739,1,Ferrari,International
Q22243729,Q451476,1,Ferrari,Scotiabank
Q22243729,Q768773,1,Ferrari,MSCI
Q29739,Q768773,1,International,MSCI
Q30635731,Q768773,1,"Cboe Global Markets, Inc.",MSCI
Q54173,Q768773,1,General Electric,MSCI
Q66,Q7276947,1,Boeing,RLI Corp.
Q1009458,Q544847,1,Bunge Limited,Qualcomm
Q1009458,Q7313497,1,Bunge Limited,Rent-A-Center
Q1009458,Q842947,1,Bunge Limited,Celgene
Q212235,Q544847,1,American International Group,Qualcomm
Q212235,Q7313497,1,American International Group,Rent-A-Center
Q212235,Q842947,1,American International Group,Celgene
Q544847,Q7313497,1,Qualcomm,Rent-A-Center
Q544847,Q842947,1,Qualcomm,Celgene
Q7313497,Q842947,1,Rent-A-Center,Celgene
Q193326,Q290680,1,Goldman Sachs,ADT Inc.
Q290680,Q334204,1,ADT Inc.,Morgan Stanley
Q29739,Q5429751,1,International,FairPoint Communications
Q29739,Q7272057,1,International,QuinStreet
Q1391599,Q328840,1,Mercer,Visa
Q1391599,Q35476,1,Mercer,AT&T
Q212900,Q589288,1,Lehman Brothers,The Bank of New York Mellon
Q487907,Q589288,1,Bank of America,The Bank of New York Mellon
Q7272057,Q846743,1,QuinStreet,Orbotech
Q11463,Q22078063,1,Adobe,Snowflake Inc.
Q11463,Q877536,1,Adobe,Dell EMC
Q22078063,Q877536,1,Snowflake Inc.,Dell EMC
Q1472929,Q16255113,1,"Nasdaq, Inc.",Jazz Pharmaceuticals
Q1472929,Q864338,1,"Nasdaq, Inc.",Biogen
Q16255113,Q470517,1,Jazz Pharmaceuticals,Amgen
Q16255113,Q663596,1,Jazz Pharmaceuticals,Gilead Sciences
Q16255113,Q864338,1,Jazz Pharmaceuticals,Biogen
Q663596,Q864338,1,Gilead Sciences,Biogen
Q106309492,Q1318848,1,"Agora, Inc.",Intuit
Q30635731,Q54173,1,"Cboe Global Markets, Inc.",General Electric
Q590897,Q653581,1,Empresas ICA,Fluor
Q1470619,Q16958713,1,Parker Hannifin,Clarcor
Q121816947,Q1472929,1,Victory Capital,"Nasdaq, Inc."
Q121816947,Q56421559,1,Victory Capital,Huami Corporation
Q1472929,Q56421559,1,"Nasdaq, Inc.",Huami Corporation
Q2882085,Q312,1,Banco de Chile,Apple Inc.
Q2453426,Q334204,1,Trina Solar,Morgan Stanley
Q301965,Q478214,1,Sprint Corporation,Tesla
Q1114148,Q642189,1,Comerica,Medtronic
Q15272375,Q17113791,1,RetailMeNot,Middlesex Water Company
Q1129792,Q688687,1,The Cooper Companies,Encana
Q1961658,Q688687,1,NV Energy,Encana
Q1416215,Q22674048,1,GoDaddy,Main Street Capital Corp
Q5703474,Q778126,1,Helen of Troy Limited,Intelsat
Q1023876,Q1391599,1,CME Group,Mercer
Q1023876,Q328840,1,CME Group,Visa
Q259011,Q5055619,1,Motorola,Cbeyond
Q16972754,Q20800404,1,Coinbase,Alphabet Inc.
Q899010,Q906187,1,Mylan,Allergan plc
Q116452644,Q66,1,"Netflix, Inc.",Boeing
Q1269170,Q194360,1,Dynegy,American Express
Q1269170,Q2287759,1,Dynegy,Simon Property Group
Q194360,Q2287759,1,American Express,Simon Property Group
Q1916402,Q193199,1,Pearson plc,UBS
Q1916402,Q2283,1,Pearson plc,Microsoft
Q1916402,Q880942,1,Pearson plc,Blackstone Group
Q193199,Q2283,1,UBS,Microsoft
Q1423218,Q174310,1,Sunoco,Nordstrom
Q1423218,Q715583,1,Sunoco,Costco
Q174310,Q715583,1,Nordstrom,Costco
Q14772,Q212235,1,Baidu,American International Group
Q1129792,Q1961658,1,The Cooper Companies,NV Energy
Q1384784,Q155026,1,Express,United Parcel Service
Q1384784,Q459477,1,Express,FedEx
Q1384784,Q478214,1,Express,Tesla
Q1384784,Q483551,1,Express,Walmart
Q155026,Q478214,1,United Parcel Service,Tesla
Q155026,Q483551,1,United Parcel Service,Walmart
Q459477,Q478214,1,FedEx,Tesla
Q1472929,Q4650338,1,"Nasdaq, Inc.",ABM Industries
Q1152374,Q2357515,1,GE HealthCare,Stryker Corporation
Q1152374,Q312,1,GE HealthCare,Apple Inc.
Q1152374,Q332477,1,GE HealthCare,Victoria’s Secret
Q1152374,Q470517,1,GE HealthCare,Amgen
Q2357515,Q312,1,Stryker Corporation,Apple Inc.
Q2357515,Q332477,1,Stryker Corporation,Victoria’s Secret
Q2357515,Q470517,1,Stryker Corporation,Amgen
Q312,Q332477,1,Apple Inc.,Victoria’s Secret
Q1325369,Q7669439,1,Elbit Systems Ltd.,Tat Technologies Ltd
Q312,Q470517,1,Apple Inc.,Amgen
Q332477,Q470517,1,Victoria’s Secret,Amgen
Q1113804,Q866972,1,Comcast,Vonage
Q18151094,Q5309468,1,Kirby Corporation,DryShips Inc
Q11306218,Q6060469,1,Service Corporation International,Inversiones y Representaciones Sociedad Anónima
Q11407,Q19923099,1,VMware,Hewlett Packard Enterprise
Q19900,Q467752,1,Oracle Corporation,Verizon Communications
Q19900,Q544847,1,Oracle Corporation,Qualcomm
Q1325987,Q675585,1,Tyson Foods,Moody's Corporation
Q1915049,Q675585,1,McCormick & Company,Moody's Corporation
Q66,Q675585,1,Boeing,Moody's Corporation
Q291171,Q3301958,1,Aegon,Overstock.com
Q291171,Q619121,1,Aegon,Apollo Global Management
Q3301958,Q619121,1,Overstock.com,Apollo Global Management
Q291171,Q304509,1,Aegon,MCA Inc.
Q2144525,Q682759,1,Scripps Networks Interactive,Linde Group
Q2874395,Q682759,1,Avis Budget Group,Linde Group
Q291171,Q625713,1,Aegon,BHP
Q304509,Q625713,1,MCA Inc.,BHP
Q1128160,Q3518066,1,Constellation Brands,Tenet Healthcare
Q1129792,Q135683211,1,The Cooper Companies,PayPal Holdings
Q1129792,Q7712716,1,The Cooper Companies,The Advisory Board Company
Q135683211,Q7712716,1,PayPal Holdings,The Advisory Board Company
Q58024,Q7712716,1,eBay,The Advisory Board Company
Q1507642,Q503182,1,Huaneng Power International,PetroChina Company Limited
Q1472929,Q6545004,1,"Nasdaq, Inc.",Life Time
Q193326,Q663596,1,Goldman Sachs,Gilead Sciences
Q5130494,Q5380128,1,Clean Harbors,Entegris
Q5130494,Q54173,1,Clean Harbors,General Electric
Q5380128,Q54173,1,Entegris,General Electric
Q1325369,Q1577587,1,Elbit Systems Ltd.,Marathon Oil
Q319642,Q609466,1,Chevron Corporation,Colgate-Palmolive
Q319642,Q642189,1,Chevron Corporation,Medtronic
Q609466,Q642189,1,Colgate-Palmolive,Medtronic
Q1472929,Q1577587,1,"Nasdaq, Inc.",Marathon Oil
Q1577587,Q7669439,1,Marathon Oil,Tat Technologies Ltd
Q66,Q780442,1,Boeing,Uber
Q158205,Q880942,1,Sanofi,Blackstone Group
Q301965,Q458363,1,Sprint Corporation,Marathon Petroleum
Q17183768,Q3884,1,Hub Group,Amazon
Q17183768,Q483551,1,Hub Group,Walmart
Q17183768,Q95,1,Hub Group,Google
Q1057464,Q13636126,1,Hilton Worldwide,Hilton Grand Vacations
Q2171646,Q312,1,Jabil,Apple Inc.
Q2171646,Q733482,1,Jabil,GoPro
Q312,Q733482,1,Apple Inc.,GoPro
Q2144525,Q2874395,1,Scripps Networks Interactive,Avis Budget Group
Q85801645,Q95,1,Smartsheet Inc.,Google
Q30281437,Q816379,1,Celldex Therapeutics,Bemis Company
Q29739,Q906187,1,International,Allergan plc
Q1472929,Q2901365,1,"Nasdaq, Inc.",Mobileye
Q1472929,Q96095585,1,"Nasdaq, Inc.",Pinterest Inc.
Q11463,Q2283,1,Adobe,Microsoft
Q1141173,Q119991,1,Marriott International,APA Corporation
Q1141173,Q193326,1,Marriott International,Goldman Sachs
Q1141173,Q319642,1,Marriott International,Chevron Corporation
Q1141173,Q609466,1,Marriott International,Colgate-Palmolive
Q119991,Q193326,1,APA Corporation,Goldman Sachs
Q119991,Q319642,1,APA Corporation,Chevron Corporation
Q119991,Q609466,1,APA Corporation,Colgate-Palmolive
Q119991,Q642189,1,APA Corporation,Medtronic
Q193326,Q609466,1,Goldman Sachs,Colgate-Palmolive
Q193326,Q642189,1,Goldman Sachs,Medtronic
Q1113804,Q483946,1,Comcast,POSCO
Q3884,Q507154,1,Amazon,Novartis
Q1152764,Q744149,1,Lloyds Banking Group,Wells Fargo
Q276345,Q5439999,1,Millicom,Federal Agricultural Mortgage Corporation
Q1113804,Q1190598,1,Comcast,Spirit Airlines
Q1113804,Q194360,1,Comcast,American Express
Q1190598,Q194360,1,Spirit Airlines,American Express
Q1472929,Q5059102,1,"Nasdaq, Inc.",Centene Corporation
Q5059102,Q5429751,1,Centene Corporation,FairPoint Communications
Q219508,Q920037,1,Citigroup,J. C. Penney
Q1156045,Q27530,1,Public Storage,Mercedes-Benz Group
Q128896,Q507154,1,AMD,Novartis
Q18754966,Q193199,1,Tradeweb Llc,UBS
Q18754966,Q55622230,1,Tradeweb Llc,MarketAxess
Q116452644,Q3511946,1,"Netflix, Inc.",T. Rowe Price
Q5287613,Q95,1,Docusign,Google
Q5926631,Q7455653,1,HubSpot,ServiceNow
Q5926631,Q941127,1,HubSpot,Salesforce
Q7455653,Q941127,1,ServiceNow,Salesforce
Q193199,Q55622230,1,UBS,MarketAxess
Q324616,Q675585,1,Ingram Micro,Moody's Corporation
Q3216600,Q38076,1,Lamb Weston,McDonald's
Q1418,Q4743120,1,Nokia,American Axle
Q1472929,Q624649,1,"Nasdaq, Inc.",KLA Corporation
Q1472929,Q48742870,1,"Nasdaq, Inc.",Nutrien
Q1152374,Q486269,1,GE HealthCare,Kodak
Q1104787,Q791285,1,Coty,Avon Products Inc.
Q1046951,Q5184408,1,Target Corporation,Crescent Point Energy
Q1341590,Q1413997,1,Enerplus,Quantum Corporation
Q1325987,Q193326,1,Tyson Foods,Goldman Sachs
Q1113804,Q1516562,1,Comcast,Liberty Media
Q1113804,Q368181,1,Comcast,Vornado Realty Trust
Q467752,Q607131,1,Verizon Communications,MetLife
Q5058678,Q607131,1,Cementos Pacasmayo,MetLife
Q193326,Q5323987,1,Goldman Sachs,EQT
Q1113804,Q6840048,1,Comcast,Microsemi
Q1516562,Q368181,1,Liberty Media,Vornado Realty Trust
Q1516562,Q483946,1,Liberty Media,POSCO
Q1516562,Q544847,1,Liberty Media,Qualcomm
Q1516562,Q6840048,1,Liberty Media,Microsemi
Q368181,Q483946,1,Vornado Realty Trust,POSCO
Q368181,Q544847,1,Vornado Realty Trust,Qualcomm
Q368181,Q6840048,1,Vornado Realty Trust,Microsemi
Q483946,Q544847,1,POSCO,Qualcomm
Q483946,Q6840048,1,POSCO,Microsemi
Q544847,Q6840048,1,Qualcomm,Microsemi
Q1472929,Q17068000,1,"Nasdaq, Inc.",Mackinac Financial Corporation
Q207983,Q2414097,1,Monsanto,The Scotts Miracle-Gro Company
Q16836218,Q3552193,1,AXIS Capital,Urban Outfitters
Q16836218,Q3884,1,AXIS Capital,Amazon
Q16836218,Q58024,1,AXIS Capital,eBay
Q16836218,Q95,1,AXIS Capital,Google
Q18156798,Q4671580,1,Astra,Acadia Pharmaceuticals
Q18156798,Q6550684,1,Astra,Lincoln Group of Schools
Q4671580,Q6550684,1,Acadia Pharmaceuticals,Lincoln Group of Schools
Q4671580,Q731938,1,Acadia Pharmaceuticals,AstraZeneca
Q6550684,Q731938,1,Lincoln Group of Schools,AstraZeneca
Q11235714,Q1282031,1,NIS Group,Ecolab
Q11235714,Q25104482,1,NIS Group,Banco Latinoamericano de Comercio Exterior
Q1282031,Q25104482,1,Ecolab,Banco Latinoamericano de Comercio Exterior
Q2529982,Q768773,1,The New York Times Company,MSCI
Q158205,Q7727656,1,Sanofi,The Corporate Executive Board Company
Q1113804,Q607131,1,Comcast,MetLife
Q20800404,Q607131,1,Alphabet Inc.,MetLife
Q1046951,Q194360,1,Target Corporation,American Express
Q1046951,Q2529982,1,Target Corporation,The New York Times Company
Q1046951,Q328840,1,Target Corporation,Visa
Q1046951,Q489921,1,Target Corporation,Mastercard
Q5323987,Q66048,1,EQT,Deutsche Bank
Q156238,Q2007484,1,ExxonMobil,Oklahoma Gas & Electric
Q1472929,Q30591272,1,"Nasdaq, Inc.","Halozyme, Inc."
Q1472929,Q5643474,1,"Nasdaq, Inc.",Halozyme Therapeutics
Q30591272,Q5643474,1,"Halozyme, Inc.",Halozyme Therapeutics
Q81230,Q998470,1,Siemens,RELX
Q127074,Q498746,1,Albemarle Corporation,W. R. Grace and Company
Q206921,Q4914611,1,Pfizer,BioCryst Pharmaceuticals
Q206921,Q5376211,1,Pfizer,Endo International plc
Q4914611,Q5376211,1,BioCryst Pharmaceuticals,Endo International plc
Q2466838,Q312,1,SMART Technologies,Apple Inc.
Q16836218,Q291171,1,AXIS Capital,Aegon
Q1373493,Q483915,1,Lowe's,Nike
Q1373493,Q920037,1,Lowe's,J. C. Penney
Q465751,Q483915,1,Chipotle Mexican Grill,Nike
Q465751,Q920037,1,Chipotle Mexican Grill,J. C. Penney
Q483915,Q920037,1,Nike,J. C. Penney
Q291171,Q3552193,1,Aegon,Urban Outfitters
Q291171,Q3884,1,Aegon,Amazon
Q291171,Q58024,1,Aegon,eBay
Q291171,Q95,1,Aegon,Google
Q3552193,Q3884,1,Urban Outfitters,Amazon
Q3552193,Q58024,1,Urban Outfitters,eBay
Q3552193,Q95,1,Urban Outfitters,Google
Q7002903,Q7516369,1,Neustar,SSR Mining
Q28402389,Q487907,1,Simmons Bank,Bank of America
Q17145596,Q5178891,1,Tesco Corporation,Covanta
Q5570647,Q880942,1,Global Sources,Blackstone Group
Q11463,Q85801645,1,Adobe,Smartsheet Inc.
Q15589464,Q5287613,1,Dropbox Inc.,Docusign
Q15589464,Q85801645,1,Dropbox Inc.,Smartsheet Inc.
Q27500963,Q5287613,1,Dell Technologies,Docusign
Q27500963,Q85801645,1,Dell Technologies,Smartsheet Inc.
Q27500963,Q95,1,Dell Technologies,Google
Q328840,Q483551,1,Visa,Walmart
Q1283291,Q245343,1,Valero Energy,Barclays plc
Q1283291,Q458363,1,Valero Energy,Marathon Petroleum
Q245343,Q458363,1,Barclays plc,Marathon Petroleum
Q19900,Q328840,1,Oracle Corporation,Visa
Q328840,Q787324,1,Visa,BEA Systems
Q108770716,Q4733161,1,Samsara,Allot Ltd
Q1155668,Q297879,1,NXP Semiconductors,ASML
Q1129792,Q27065,1,The Cooper Companies,Gogo Inflight Internet
Q1373493,Q465751,1,Lowe's,Chipotle Mexican Grill
Q156644,Q2140315,1,Raytheon,Textron
Q2140315,Q329953,1,Textron,Northrop Grumman Corporation
Q2140315,Q502940,1,Textron,General Dynamics
Q2140315,Q66,1,Textron,Boeing
Q2140315,Q7240,1,Textron,Lockheed Martin
Q1155668,Q1342041,1,NXP Semiconductors,Lam Research
Q1155668,Q193326,1,NXP Semiconductors,Goldman Sachs
Q1155668,Q260833,1,NXP Semiconductors,SanDisk
Q1155668,Q498746,1,NXP Semiconductors,W. R. Grace and Company
Q1155668,Q6840048,1,NXP Semiconductors,Microsemi
Q1155668,Q738770,1,NXP Semiconductors,Western Digital
Q1155668,Q7538146,1,NXP Semiconductors,Skyworks Solutions
Q1342041,Q260833,1,Lam Research,SanDisk
Q1342041,Q498746,1,Lam Research,W. R. Grace and Company
Q2529982,Q489921,1,The New York Times Company,Mastercard
Q11463,Q27500963,1,Adobe,Dell Technologies
Q11463,Q15589464,1,Adobe,Dropbox Inc.
Q1342041,Q738770,1,Lam Research,Western Digital
Q1342041,Q7538146,1,Lam Research,Skyworks Solutions
Q193326,Q260833,1,Goldman Sachs,SanDisk
Q193326,Q738770,1,Goldman Sachs,Western Digital
Q193326,Q7538146,1,Goldman Sachs,Skyworks Solutions
Q260833,Q498746,1,SanDisk,W. R. Grace and Company
Q260833,Q6840048,1,SanDisk,Microsemi
Q260833,Q738770,1,SanDisk,Western Digital
Q260833,Q7538146,1,SanDisk,Skyworks Solutions
Q498746,Q6840048,1,W. R. Grace and Company,Microsemi
Q498746,Q738770,1,W. R. Grace and Company,Western Digital
Q498746,Q7538146,1,W. R. Grace and Company,Skyworks Solutions
Q6840048,Q738770,1,Microsemi,Western Digital
Q6840048,Q7538146,1,Microsemi,Skyworks Solutions
Q738770,Q7538146,1,Western Digital,Skyworks Solutions
Q1472929,Q7696488,1,"Nasdaq, Inc.",Telephone and Data Systems
Q301965,Q7696488,1,Sprint Corporation,Telephone and Data Systems
Q3511946,Q970695,1,T. Rowe Price,Northern Trust
Q106309492,Q2299611,1,"Agora, Inc.",Yelp
Q2287759,Q483551,1,Simon Property Group,Walmart
Q5377000,Q863675,1,Energy Transfer,Freescale Semiconductor
Q1283291,Q4972280,1,Valero Energy,Broadridge Financial Solutions
Q1503753,Q245343,1,Vedanta Resources,Barclays plc
Q1520122,Q54173,1,Getty Images,General Electric
Q2990393,Q4667884,1,CCU,AbioMed
Q37156,Q80978,1,IBM,Hewlett-Packard
Q7334682,Q80978,1,RingCentral,Hewlett-Packard
Q15678788,Q451476,1,Fiat Chrysler Automobiles,Scotiabank
Q451476,Q81965,1,Scotiabank,General Motors
Q2843129,Q868587,1,Ameriprise Financial,S&P Global
Q1342041,Q6840048,1,Lam Research,Microsemi
Q14772,Q841458,1,Baidu,Intercontinental Exchange
Q619111,Q95,1,Apollo Group,Google
Q108770716,Q1318848,1,Samsara,Intuit
Q108770716,Q5152057,1,Samsara,CommScope
Q1318848,Q207983,1,Intuit,Monsanto
Q1318848,Q2283,1,Intuit,Microsoft
Q1318848,Q5152057,1,Intuit,CommScope
Q1318848,Q81230,1,Intuit,Siemens
Q207983,Q5152057,1,Monsanto,CommScope
Q2283,Q5152057,1,Microsoft,CommScope
Q5152057,Q81230,1,CommScope,Siemens
Q1472929,Q967868,1,"Nasdaq, Inc.",NextEra Energy
Q2529982,Q53268,1,The New York Times Company,Toyota
Q2529982,Q9584,1,The New York Times Company,Honda
Q219635,Q970695,1,BlackRock,Northern Trust
Q3884,Q5227485,1,Amazon,Dataram
Q1138888,Q491325,1,First Solar,Shinhan Financial Group
Q1371852,Q5170685,1,MBIA,Corinthian Colleges
Q1472929,Q734061,1,"Nasdaq, Inc.","DTS, Inc."
Q6044894,Q734061,1,InterDigital,"DTS, Inc."
Q30283314,Q470517,1,Cytokinetics,Amgen
Q1472929,Q2899735,1,"Nasdaq, Inc.",QAD Inc
Q2287759,Q24908086,1,Simon Property Group,Washington Prime Group
Q2287759,Q7164054,1,Simon Property Group,Pennsylvania Real Estate Investment Trust
Q24908086,Q7164054,1,Washington Prime Group,Pennsylvania Real Estate Investment Trust
Q108770716,Q941127,1,Samsara,Salesforce
Q116452644,Q56276186,1,"Netflix, Inc.",Peloton
Q312,Q56276186,1,Apple Inc.,Peloton
Q116452644,Q182477,1,"Netflix, Inc.",Nvidia
Q116452644,Q841458,1,"Netflix, Inc.",Intercontinental Exchange
Q1359568,Q182477,1,Alibaba Group,Nvidia
Q1359568,Q478214,1,Alibaba Group,Tesla
Q48814381,Q75256038,1,Aphria,Cronos Group Inc
Q1235669,Q312,1,Dollar Thrifty Automotive Group,Apple Inc.
Q182477,Q841458,1,Nvidia,Intercontinental Exchange
Q312,Q841458,1,Apple Inc.,Intercontinental Exchange
Q478214,Q841458,1,Tesla,Intercontinental Exchange
Q841458,Q95,1,Intercontinental Exchange,Google
Q1159256,Q1922290,1,Danaher Corporation,Mesa Air Group
Q27893,Q483946,1,ArcelorMittal,POSCO
Q19900,Q37158,1,Oracle Corporation,Starbucks
Q19900,Q483915,1,Oracle Corporation,Nike
Q19900,Q81965,1,Oracle Corporation,General Motors
Q37158,Q81965,1,Starbucks,General Motors
Q483915,Q81965,1,Nike,General Motors
Q194360,Q813782,1,American Express,Bed Bath & Beyond Inc.
Q464996,Q931032,1,Nortel,Kinder Morgan
Q1138888,Q1374135,1,First Solar,Prudential plc
Q5227485,Q739084,1,Dataram,U.S. Bancorp
Q5227485,Q95,1,Dataram,Google
Q739084,Q95,1,U.S. Bancorp,Google
Q334800,Q5173965,1,PepsiCo,Xively
Q334800,Q916196,1,PepsiCo,Citrix Systems
Q5173965,Q916196,1,Xively,Citrix Systems
Q677464,Q6955139,1,Dominion Energy,NRG Energy
Q1703389,Q880942,1,Jones Lang LaSalle,Blackstone Group
Q154950,Q491325,1,Shell,Shinhan Financial Group
Q2659099,Q903957,1,Noble Energy,Icl Group Ltd
Q1472929,Q3303765,1,"Nasdaq, Inc.",Mead Johnson
Q1472929,Q48814381,1,"Nasdaq, Inc.",Aphria
Q3303765,Q47500199,1,Mead Johnson,Aurora Cannabis
Q3303765,Q48814381,1,Mead Johnson,Aphria
Q3303765,Q75256038,1,Mead Johnson,Cronos Group Inc
Q47500199,Q48814381,1,Aurora Cannabis,Aphria
Q1519267,Q44294,1,Omnicom Group,Ford Motor Company
Q1265181,Q193199,1,Dun & Bradstreet,UBS
Q1265181,Q2449642,1,Dun & Bradstreet,Transportadora de Gas del Sur
Q1418,Q2449642,1,Nokia,Transportadora de Gas del Sur
Q193199,Q2449642,1,UBS,Transportadora de Gas del Sur
Q16959629,Q916196,1,Nutanix,Citrix Systems
Q1145004,Q1655409,1,Randgold Resources,Iamgold
Q1145004,Q541076,1,Randgold Resources,AngloGold Ashanti
Q1655409,Q541076,1,Iamgold,AngloGold Ashanti
Q11235714,Q1961658,1,NIS Group,NV Energy
Q11235714,Q96481629,1,NIS Group,Ellomay Capital Ltd
Q1961658,Q96481629,1,NV Energy,Ellomay Capital Ltd
Q5370757,Q675585,1,Emergent,Moody's Corporation
Q1023765,Q66,1,CIT Group,Boeing
Q1374135,Q154950,1,Prudential plc,Shell
Q3884,Q739084,1,Amazon,U.S. Bancorp
Q1023765,Q757135,1,CIT Group,Atlas Air
Q20183163,Q487907,1,Union Pacific Corporation,Bank of America
Q20183163,Q66,1,Union Pacific Corporation,Boeing
Q20183163,Q757135,1,Union Pacific Corporation,Atlas Air
Q487907,Q757135,1,Bank of America,Atlas Air
Q25230554,Q2837996,1,21Vianet,Alliance Data
Q1046951,Q2842931,1,Target Corporation,American Eagle Outfitters
Q1046951,Q5096393,1,Target Corporation,Chico's FAS
Q1046951,Q60772582,1,Target Corporation,The Michaels Companies
Q2842931,Q319344,1,American Eagle Outfitters,Abercrombie & Fitch
Q2842931,Q420822,1,American Eagle Outfitters,Gap Inc.
Q2842931,Q483551,1,American Eagle Outfitters,Walmart
Q2842931,Q5096393,1,American Eagle Outfitters,Chico's FAS
Q2842931,Q5479360,1,American Eagle Outfitters,"Macy's, Inc."
Q2842931,Q60772582,1,American Eagle Outfitters,The Michaels Companies
Q2842931,Q715583,1,American Eagle Outfitters,Costco
Q319344,Q483551,1,Abercrombie & Fitch,Walmart
Q319344,Q5096393,1,Abercrombie & Fitch,Chico's FAS
Q319344,Q5479360,1,Abercrombie & Fitch,"Macy's, Inc."
Q319344,Q60772582,1,Abercrombie & Fitch,The Michaels Companies
Q319344,Q715583,1,Abercrombie & Fitch,Costco
Q420822,Q5096393,1,Gap Inc.,Chico's FAS
Q420822,Q60772582,1,Gap Inc.,The Michaels Companies
Q420822,Q715583,1,Gap Inc.,Costco
Q483551,Q5096393,1,Walmart,Chico's FAS
Q483551,Q60772582,1,Walmart,The Michaels Companies
Q5096393,Q5479360,1,Chico's FAS,"Macy's, Inc."
Q5096393,Q60772582,1,Chico's FAS,The Michaels Companies
Q5096393,Q715583,1,Chico's FAS,Costco
Q5479360,Q60772582,1,"Macy's, Inc.",The Michaels Companies
Q60772582,Q715583,1,The Michaels Companies,Costco
Q2837996,Q5427196,1,Alliance Data,FTI Consulting
Q1046951,Q1520122,1,Target Corporation,Getty Images
Q28222763,Q5154604,1,VIAVI Solutions,CommunityOne Bank
Q2934771,Q894585,1,Cameron International,Boston Scientific
Q4732268,Q675585,1,AllianceBernstein,Moody's Corporation
Q372657,Q7083862,1,Credit Suisse,Old Dominion Freight Line
Q1424293,Q219508,1,Itaú Unibanco,Citigroup
Q1961658,Q4046987,1,NV Energy,Pioneer Natural Resources
Q1961658,Q483637,1,NV Energy,Anadarko Petroleum
Q4046987,Q483637,1,Pioneer Natural Resources,Anadarko Petroleum
Q11159866,Q7924358,1,Gilat Satellite Networks Ltd.,Viasat
Q1472929,Q7924358,1,"Nasdaq, Inc.",Viasat
Q212405,Q668737,1,Procter & Gamble,Yum! Brands
Q334204,Q5123314,1,Morgan Stanley,City National Bank
Q372657,Q5123314,1,Credit Suisse,City National Bank
Q5123314,Q744149,1,City National Bank,Wells Fargo
Q312,Q7336661,1,Apple Inc.,Ritchie Bros. Auctioneers
Q2283,Q5479360,1,Microsoft,"Macy's, Inc."
Q3884,Q7336661,1,Amazon,Ritchie Bros. Auctioneers
Q1410137,Q1570773,1,Houlihan Lokey,Kohlberg Kravis Roberts
Q111384774,Q121816947,1,Cactus Inc.,Victory Capital
Q1511043,Q487907,1,Gerdau,Bank of America
Q487907,Q583268,1,Bank of America,Vale
Q1023876,Q1325987,1,CME Group,Tyson Foods
Q1023876,Q1477575,1,CME Group,Smithfield Foods
Q1318848,Q5162777,1,Intuit,Conseco
Q1009458,Q7893563,1,Bunge Limited,Essendant
Q632694,Q7893563,1,Archer Daniels Midland,Essendant
Q1129792,Q464996,1,The Cooper Companies,Nortel
Q1129792,Q484930,1,The Cooper Companies,Analog Devices
Q464996,Q484930,1,Nortel,Analog Devices
Q29739,Q3598926,1,International,JD.com
Q863127,Q9584,1,International Rectifier,Honda
Q29739,Q4688714,1,International,Aethlon Medical
Q1046951,Q22674048,1,Target Corporation,Main Street Capital Corp
Q1520122,Q22674048,1,Getty Images,Main Street Capital Corp
Q1520122,Q3301958,1,Getty Images,Overstock.com
Q1520122,Q3540193,1,Getty Images,Wayfair
Q1520122,Q483551,1,Getty Images,Walmart
Q1520122,Q5479360,1,Getty Images,"Macy's, Inc."
Q1520122,Q920037,1,Getty Images,J. C. Penney
Q22674048,Q2283,1,Main Street Capital Corp,Microsoft
Q22674048,Q3301958,1,Main Street Capital Corp,Overstock.com
Q22674048,Q3540193,1,Main Street Capital Corp,Wayfair
Q22674048,Q483551,1,Main Street Capital Corp,Walmart
Q22674048,Q5479360,1,Main Street Capital Corp,"Macy's, Inc."
Q22674048,Q920037,1,Main Street Capital Corp,J. C. Penney
Q2283,Q3301958,1,Microsoft,Overstock.com
Q2283,Q3540193,1,Microsoft,Wayfair
Q1465461,Q501476,1,National Grid,Hasbro
Q1465461,Q66,1,National Grid,Boeing
Q501476,Q66,1,Hasbro,Boeing
Q11463,Q5926631,1,Adobe,HubSpot
Q3301958,Q5479360,1,Overstock.com,"Macy's, Inc."
Q3301958,Q920037,1,Overstock.com,J. C. Penney
Q3540193,Q5479360,1,Wayfair,"Macy's, Inc."
Q3540193,Q920037,1,Wayfair,J. C. Penney
Q20800404,Q27530,1,Alphabet Inc.,Mercedes-Benz Group
Q5439999,Q787044,1,Federal Agricultural Mortgage Corporation,Autoliv
Q1046951,Q17145596,1,Target Corporation,Tesco Corporation
Q153417,Q17145596,1,Kroger,Tesco Corporation
Q17145596,Q1809448,1,Tesco Corporation,Whole Foods Market
Q17145596,Q715583,1,Tesco Corporation,Costco
Q1809448,Q715583,1,Whole Foods Market,Costco
Q5158765,Q5533818,1,Concord,Genuine Parts Company
Q19923099,Q328840,1,Hewlett Packard Enterprise,Visa
Q53268,Q7969661,1,Toyota,Warnaco Group
Q41187,Q95,1,Sony Group,Google
Q1577587,Q5450340,1,Marathon Oil,Finisar
Q1577587,Q7912506,1,Marathon Oil,Valmont Industries
Q108770716,Q502940,1,Samsara,General Dynamics
Q16983765,Q2283,1,Prologis,Microsoft
Q135325,Q5152510,1,Alcoa,Commercial Metals Company
Q18619982,Q5152510,1,Century Aluminum,Commercial Metals Company
Q5152510,Q72539,1,Commercial Metals Company,U.S. Steel
Q1977666,Q824278,1,Paysafe Group,Six Flags
Q219508,Q941127,1,Citigroup,Salesforce
Q245343,Q941127,1,Barclays plc,Salesforce
Q4972280,Q941127,1,Broadridge Financial Solutions,Salesforce
Q66048,Q941127,1,Deutsche Bank,Salesforce
Q2357515,Q502940,1,Stryker Corporation,General Dynamics
Q1570773,Q4745263,1,Kohlberg Kravis Roberts,American Tower Corporation
Q157062,Q689791,1,Unilever,ISS
Q1472929,Q3009498,1,"Nasdaq, Inc.",MSA Safety
Q3009498,Q85769888,1,MSA Safety,Iovance Biotherapeutics
Q2529982,Q54173,1,The New York Times Company,General Electric
Q11463,Q63327,1,Adobe,Airbnb
Q5287613,Q5926631,1,Docusign,HubSpot
Q5287613,Q63327,1,Docusign,Airbnb
Q5926631,Q63327,1,HubSpot,Airbnb
Q38589917,Q7086908,1,DowDuPont,Olin Corporation
Q127278673,Q22909236,1,LinkedIn Corporation,Instacart
Q122141,Q5095516,1,Vodafone,Chicago Bridge & Iron Company
Q157062,Q5095516,1,Unilever,Chicago Bridge & Iron Company
Q1676726,Q5095516,1,J. Walter Thompson,Chicago Bridge & Iron Company
Q37158,Q950380,1,Starbucks,CBS Corporation
Q17145596,Q328840,1,Tesco Corporation,Visa
Q15272375,Q95,1,RetailMeNot,Google
Q5972276,Q806693,1,Voya Financial,BMO Financial Group
Q1028449,Q7501150,1,Cameco,Shopify
Q217583,Q2923022,1,Berkshire Hathaway,Boyd Gaming
Q1785405,Q6058618,1,Newmont Mining Corporation,Intrepid Potash
Q5450340,Q7912506,1,Finisar,Valmont Industries
Q6717732,Q7912506,1,MSC Industrial Direct,Valmont Industries
Q1472929,Q1529234,1,"Nasdaq, Inc.",Rockwell Automation
Q1472929,Q642189,1,"Nasdaq, Inc.",Medtronic
Q1529234,Q479167,1,Rockwell Automation,Steelcase
Q1529234,Q642189,1,Rockwell Automation,Medtronic
Q1529234,Q894585,1,Rockwell Automation,Boston Scientific
Q479167,Q642189,1,Steelcase,Medtronic
Q479167,Q894585,1,Steelcase,Boston Scientific
Q106158,Q1459595,1,S&P Global Ratings,Revlon
Q1459595,Q868587,1,Revlon,S&P Global
Q155026,Q328840,1,United Parcel Service,Visa
Q155026,Q544847,1,United Parcel Service,Qualcomm
Q155026,Q81965,1,United Parcel Service,General Motors
Q20183163,Q328840,1,Union Pacific Corporation,Visa
Q20183163,Q35476,1,Union Pacific Corporation,AT&T
Q20183163,Q544847,1,Union Pacific Corporation,Qualcomm
Q312,Q502121,1,Apple Inc.,BlackBerry
Q157062,Q5189378,1,Unilever,Crown Holdings
Q1570773,Q5189378,1,Kohlberg Kravis Roberts,Crown Holdings
Q303341,Q5189378,1,Wyndham Worldwide,Crown Holdings
Q1472929,Q1526456,1,"Nasdaq, Inc.",Kimball International
Q2943995,Q507154,1,Cellectis,Novartis
Q1410766,Q202972,1,Fibria,International Paper
Q1410766,Q372657,1,Fibria,Credit Suisse
Q202972,Q372657,1,International Paper,Credit Suisse
Q1653258,Q631047,1,ICICI Bank,HDFC Bank
Q334204,Q668737,1,Morgan Stanley,Yum! Brands
Q334204,Q7616390,1,Morgan Stanley,Stifel
Q37158,Q668737,1,Starbucks,Yum! Brands
Q37158,Q7616390,1,Starbucks,Stifel
Q668737,Q7616390,1,Yum! Brands,Stifel
Q1049080,Q544847,1,Juniper Networks,Qualcomm
Q1418,Q544847,1,Nokia,Qualcomm
Q15727302,Q319642,1,Arcos Dorados Holdings,Chevron Corporation
Q15727302,Q3370152,1,Arcos Dorados Holdings,"Patterson-UTI Energy, Inc"
Q319642,Q3370152,1,Chevron Corporation,"Patterson-UTI Energy, Inc"
Q24204571,Q66048,1,Signature Bank,Deutsche Bank
Q111384721,Q206921,1,Meridian Corporation,Pfizer
Q111384721,Q899010,1,Meridian Corporation,Mylan
Q1472929,Q20183163,1,"Nasdaq, Inc.",Union Pacific Corporation
Q1472929,Q328840,1,"Nasdaq, Inc.",Visa
Q155026,Q20183163,1,United Parcel Service,Union Pacific Corporation
Q3511885,Q38076,1,T-Mobile US,McDonald's
Q3511885,Q842947,1,T-Mobile US,Celgene
Q3511885,Q92639564,1,T-Mobile US,Arconic
Q38076,Q92639564,1,McDonald's,Arconic
Q842947,Q92639564,1,Celgene,Arconic
Q3884,Q643674,1,Amazon,Thermo Fisher Scientific
Q26678,Q502344,1,BMW Group,Lear Corporation
Q502344,Q81965,1,Lear Corporation,General Motors
Q312,Q739084,1,Apple Inc.,U.S. Bancorp
Q328840,Q81965,1,Visa,General Motors
Q544847,Q81965,1,Qualcomm,General Motors
Q7569806,Q831445,1,Southern Copper Corporation,Sinopec
Q18619470,Q334204,1,Restaurant Brands International,Morgan Stanley
Q18619470,Q37158,1,Restaurant Brands International,Starbucks
Q18619470,Q668737,1,Restaurant Brands International,Yum! Brands
Q18619470,Q7616390,1,Restaurant Brands International,Stifel
Q312,Q644289,1,Apple Inc.,Altice USA
Q3884,Q644289,1,Amazon,Altice USA
Q14772,Q926806,1,Baidu,Carlyle Group
Q301965,Q38076,1,Sprint Corporation,McDonald's
Q301965,Q842947,1,Sprint Corporation,Celgene
Q301965,Q92639564,1,Sprint Corporation,Arconic
Q2099437,Q56527497,1,Plexus Corporation,"Neenah, Inc."
Q108770716,Q2749364,1,Samsara,Fortinet
Q108770716,Q291508,1,Samsara,AES Corporation
Q108770716,Q905998,1,Samsara,Sasol
Q248,Q2749364,1,Intel,Fortinet
Q248,Q291508,1,Intel,AES Corporation
Q248,Q905998,1,Intel,Sasol
Q2749364,Q291508,1,Fortinet,AES Corporation
Q328840,Q544847,1,Visa,Qualcomm
Q334204,Q92639564,1,Morgan Stanley,Arconic
Q2749364,Q905998,1,Fortinet,Sasol
Q291508,Q905998,1,AES Corporation,Sasol
Q13218598,Q7191691,1,NatWest Group,Pier 1 Imports
Q245343,Q7191691,1,Barclays plc,Pier 1 Imports
Q372657,Q7191691,1,Credit Suisse,Pier 1 Imports
Q66048,Q7191691,1,Deutsche Bank,Pier 1 Imports
Q1024454,Q193326,1,CSX Corporation,Goldman Sachs
Q1024454,Q319642,1,CSX Corporation,Chevron Corporation
Q1024454,Q334204,1,CSX Corporation,Morgan Stanley
Q319642,Q37156,1,Chevron Corporation,IBM
Q1122329,Q312,1,Computer Sciences Corporation,Apple Inc.
Q16972754,Q48976818,1,Coinbase,NeoGenomics
Q16972754,Q5324516,1,Coinbase,eToro
Q48976818,Q5324516,1,NeoGenomics,eToro
Q1662481,Q2909088,1,IHS Inc.,Boise Cascade
Q1885099,Q2961234,1,Time Warner Cable,Charter Communications
Q248,Q6049324,1,Intel,International Coal Group
Q17082992,Q5674337,1,SPS Commerce,Harte Hanks
Q17082992,Q7858039,1,SPS Commerce,Twilio
Q5674337,Q7858039,1,Harte Hanks,Twilio
Q1472929,Q7248285,1,"Nasdaq, Inc.",Profire Energy
Q2837996,Q938668,1,Alliance Data,Sina Corporation
Q1570773,Q219635,1,Kohlberg Kravis Roberts,BlackRock
Q116452644,Q219508,1,"Netflix, Inc.",Citigroup
Q1129792,Q518016,1,The Cooper Companies,Unisys
Q1129792,Q7695737,1,The Cooper Companies,TTEC
Q518016,Q7695737,1,Unisys,TTEC
Q2529982,Q2985356,1,The New York Times Company,NDTV
Q2985356,Q3884,1,NDTV,Amazon
Q1785405,Q193199,1,Newmont Mining Corporation,UBS
Q1785405,Q194360,1,Newmont Mining Corporation,American Express
Q1785405,Q37156,1,Newmont Mining Corporation,IBM
Q193199,Q37156,1,UBS,IBM
Q1655409,Q97961992,1,Iamgold,Brilliance China Automotive Holdings
Q245343,Q97961992,1,Barclays plc,Brilliance China Automotive Holdings
Q14993631,Q27530,1,Science Applications International Corporation,Mercedes-Benz Group
Q1957521,Q30298339,1,Mitel,POET Technologies
Q5384453,Q95,1,Equifax,Google
Q1541470,Q3884,1,GPA,Amazon
Q1472929,Q1812489,1,"Nasdaq, Inc.",Odyssey Marine Exploration
Q1141267,Q122141,1,Thomson Reuters,Vodafone
Q1141267,Q152433,1,Thomson Reuters,Xerox
Q1141267,Q483551,1,Thomson Reuters,Walmart
Q1141267,Q544847,1,Thomson Reuters,Qualcomm
Q122141,Q152433,1,Vodafone,Xerox
Q122141,Q483551,1,Vodafone,Walmart
Q122141,Q544847,1,Vodafone,Qualcomm
Q152433,Q544847,1,Xerox,Qualcomm
Q54173,Q663452,1,General Electric,TE Connectivity
Q152433,Q880942,1,Xerox,Blackstone Group
Q483551,Q544847,1,Walmart,Qualcomm
Q483551,Q880942,1,Walmart,Blackstone Group
Q544847,Q880942,1,Qualcomm,Blackstone Group
Q1129792,Q735261,1,The Cooper Companies,Royal Bank of Canada
Q1129792,Q7856196,1,The Cooper Companies,Turquoise Hill Resources
Q735261,Q7856196,1,Royal Bank of Canada,Turquoise Hill Resources
Q106158,Q21639712,1,S&P Global Ratings,Sibanye-Stillwater
Q58041994,Q7598287,1,TRI Pointe Group,Standard Pacific Homes
Q1359568,Q501476,1,Alibaba Group,Hasbro
Q1359568,Q596139,1,Alibaba Group,Mattel
Q1009458,Q207983,1,Bunge Limited,Monsanto
Q1009458,Q221062,1,Bunge Limited,DuPont
Q1009458,Q38589917,1,Bunge Limited,DowDuPont
Q1009458,Q397223,1,Bunge Limited,Agrium
Q1472929,Q1585599,1,"Nasdaq, Inc.",Harman International Industries
Q1009458,Q855639,1,Bunge Limited,Dow Chemical Company
Q1009458,Q902908,1,Bunge Limited,Potash Corporation of Saskatchewan
Q207983,Q397223,1,Monsanto,Agrium
Q207983,Q855639,1,Monsanto,Dow Chemical Company
Q207983,Q902908,1,Monsanto,Potash Corporation of Saskatchewan
Q221062,Q397223,1,DuPont,Agrium
Q221062,Q902908,1,DuPont,Potash Corporation of Saskatchewan
Q38589917,Q397223,1,DowDuPont,Agrium
Q38589917,Q902908,1,DowDuPont,Potash Corporation of Saskatchewan
Q397223,Q632694,1,Agrium,Archer Daniels Midland
Q397223,Q855639,1,Agrium,Dow Chemical Company
Q397223,Q902908,1,Agrium,Potash Corporation of Saskatchewan
Q632694,Q855639,1,Archer Daniels Midland,Dow Chemical Company
Q632694,Q902908,1,Archer Daniels Midland,Potash Corporation of Saskatchewan
Q855639,Q902908,1,Dow Chemical Company,Potash Corporation of Saskatchewan
Q3208192,Q6049324,1,Stepan Company,International Coal Group
Q1057464,Q1152764,1,Hilton Worldwide,Lloyds Banking Group
Q1057464,Q1155668,1,Hilton Worldwide,NXP Semiconductors
Q1057464,Q135683211,1,Hilton Worldwide,PayPal Holdings
Q1057464,Q1655409,1,Hilton Worldwide,Iamgold
Q1152764,Q1155668,1,Lloyds Banking Group,NXP Semiconductors
Q1152764,Q135683211,1,Lloyds Banking Group,PayPal Holdings
Q1152764,Q1655409,1,Lloyds Banking Group,Iamgold
Q1152764,Q880942,1,Lloyds Banking Group,Blackstone Group
Q1155668,Q135683211,1,NXP Semiconductors,PayPal Holdings
Q1155668,Q1655409,1,NXP Semiconductors,Iamgold
Q135683211,Q1655409,1,PayPal Holdings,Iamgold
Q135683211,Q880942,1,PayPal Holdings,Blackstone Group
Q1418,Q1472929,1,Nokia,"Nasdaq, Inc."
Q1418,Q1585599,1,Nokia,Harman International Industries
Q1418,Q6044894,1,Nokia,InterDigital
Q1740314,Q739518,1,KeyBank,Aon plc
Q1585599,Q6044894,1,Harman International Industries,InterDigital
Q106158,Q1196745,1,S&P Global Ratings,Rambus
Q53268,Q533415,1,Toyota,Best Buy
Q1129792,Q5141641,1,The Cooper Companies,Coinstar
Q37158,Q5141641,1,Starbucks,Coinstar
Q193412,Q459965,1,Texas Instruments,Caterpillar
Q193412,Q80978,1,Texas Instruments,Hewlett-Packard
Q459965,Q80978,1,Caterpillar,Hewlett-Packard
Q1758392,Q538203,1,"IDEXX Laboratories, Inc.",Patterson Companies
Q1758392,Q8073337,1,"IDEXX Laboratories, Inc.",Zoetis
Q538203,Q8073337,1,Patterson Companies,Zoetis
Q18151094,Q7685824,1,Kirby Corporation,Targa Resources
Q1817417,Q3208192,1,National Oilwell Varco,Stepan Company
Q1817417,Q6049324,1,National Oilwell Varco,International Coal Group
Q1817417,Q7673435,1,National Oilwell Varco,"Tableau Software, Inc."
Q1141267,Q899010,1,Thomson Reuters,Mylan
Q3208192,Q7673435,1,Stepan Company,"Tableau Software, Inc."
Q6049324,Q7673435,1,International Coal Group,"Tableau Software, Inc."
Q1141173,Q483551,1,Marriott International,Walmart
Q19995004,Q552363,1,WeWork,Starwood
Q2140315,Q54173,1,Textron,General Electric
Q5041354,Q899010,1,Carlisle Companies,Mylan
Q1472929,Q6545346,1,"Nasdaq, Inc.",Lifeboat Distribution
Q1472929,Q7555837,1,"Nasdaq, Inc.",SolarWinds
Q2283,Q6545346,1,Microsoft,Lifeboat Distribution
Q248,Q6545346,1,Intel,Lifeboat Distribution
Q248,Q7555837,1,Intel,SolarWinds
Q248,Q80978,1,Intel,Hewlett-Packard
Q6545346,Q7555837,1,Lifeboat Distribution,SolarWinds
Q6545346,Q80978,1,Lifeboat Distribution,Hewlett-Packard
Q7555837,Q80978,1,SolarWinds,Hewlett-Packard
Q1192211,Q44294,1,Strategy,Ford Motor Company
Q219508,Q5370757,1,Citigroup,Emergent
Q1662481,Q219635,1,IHS Inc.,BlackRock
Q1662481,Q30635731,1,IHS Inc.,"Cboe Global Markets, Inc."
Q219635,Q30635731,1,BlackRock,"Cboe Global Markets, Inc."
Q1129792,Q212235,1,The Cooper Companies,American International Group
Q130624258,Q24204582,1,Fifth Third Bancorp,OnDeck Capital
Q181507,Q24204582,1,SunTrust Banks,OnDeck Capital
Q193326,Q24204582,1,Goldman Sachs,OnDeck Capital
Q193326,Q917131,1,Goldman Sachs,Regions Financial Corporation
Q24204582,Q334204,1,OnDeck Capital,Morgan Stanley
Q24204582,Q917131,1,OnDeck Capital,Regions Financial Corporation
Q5037190,Q905049,1,CarMax,Shire plc
Q20873932,Q95,1,Grab,Google
Q1472929,Q1501630,1,"Nasdaq, Inc.",Interpublic Group of Companies
Q1141267,Q725634,1,Thomson Reuters,Ashland Inc.
Q11407,Q5969568,1,VMware,ICG Group
Q725634,Q899010,1,Ashland Inc.,Mylan
Q18148411,Q66,1,Esterline,Boeing
Q66,Q7833612,1,Boeing,TransDigm Group Inc.
Q5656147,Q7119110,1,"Hardinge, Inc.",PFSweb
Q294721,Q312,1,AMC Theatres,Apple Inc.
Q20800404,Q3277465,1,Alphabet Inc.,Sirius XM
Q3277465,Q3884,1,Sirius XM,Amazon
Q3277465,Q95,1,Sirius XM,Google
Q1472929,Q690604,1,"Nasdaq, Inc.",Axon Enterprise
Q4972280,Q690604,1,Broadridge Financial Solutions,Axon Enterprise
Q1472929,Q7187948,1,"Nasdaq, Inc.",Photronics Inc
Q2283,Q7643493,1,Microsoft,Superior Bancorp
Q1508526,Q3511946,1,"Sturm, Ruger & Co.",T. Rowe Price
Q3511946,Q463090,1,T. Rowe Price,Smith & Wesson
Q1472929,Q7711656,1,"Nasdaq, Inc.",TheStreet
Q152433,Q459965,1,Xerox,Caterpillar
Q2376711,Q467752,1,Sysco,Verizon Communications
Q2376711,Q5287613,1,Sysco,Docusign
Q2376711,Q589288,1,Sysco,The Bank of New York Mellon
Q2376711,Q80978,1,Sysco,Hewlett-Packard
Q467752,Q5287613,1,Verizon Communications,Docusign
Q467752,Q589288,1,Verizon Communications,The Bank of New York Mellon
Q467752,Q80978,1,Verizon Communications,Hewlett-Packard
Q5287613,Q589288,1,Docusign,The Bank of New York Mellon
Q5287613,Q80978,1,Docusign,Hewlett-Packard
Q589288,Q80978,1,The Bank of New York Mellon,Hewlett-Packard
Q37156,Q905086,1,IBM,Henry Schein
Q1508526,Q21072695,1,"Sturm, Ruger & Co.",Vista Outdoor
Q1471346,Q81230,1,Whirlpool,Siemens
Q478214,Q48742870,1,Tesla,Nutrien
Q11407,Q174198,1,VMware,Gartner
Q4778915,Q7280957,1,Cloudflare,Urban One
Q1419248,Q7307899,1,FirstEnergy,Regal Rexnord
Q625713,Q768773,1,BHP,MSCI
Q3884,Q5969568,1,Amazon,ICG Group
Q334204,Q5370757,1,Morgan Stanley,Emergent
Q334204,Q645708,1,Morgan Stanley,ING Group
Q5370757,Q645708,1,Emergent,ING Group
Q17112054,Q29739,1,Silicon Valley Bank,International
Q55614037,Q6723256,1,Hudson Pacific Properties,Macerich
Q30635731,Q334204,1,"Cboe Global Markets, Inc.",Morgan Stanley
Q127278673,Q152433,1,LinkedIn Corporation,Xerox
Q127278673,Q248,1,LinkedIn Corporation,Intel
Q127278673,Q333718,1,LinkedIn Corporation,Johnson & Johnson
Q127278673,Q35476,1,LinkedIn Corporation,AT&T
Q127278673,Q459965,1,LinkedIn Corporation,Caterpillar
Q152433,Q333718,1,Xerox,Johnson & Johnson
Q1532489,Q2874395,1,Pall Corporation,Avis Budget Group
Q1532489,Q507154,1,Pall Corporation,Novartis
Q1024454,Q188920,1,CSX Corporation,Delta Air Lines
Q1760641,Q188920,1,Parametric Technology Corporation,Delta Air Lines
Q219508,Q459965,1,Citigroup,Caterpillar
Q333718,Q459965,1,Johnson & Johnson,Caterpillar
Q35476,Q459965,1,AT&T,Caterpillar
Q30324333,Q7455653,1,TechnipFMC,ServiceNow
Q2494842,Q2579502,1,ESAB,Colfax Corporation
Q666694,Q7921363,1,Canadian Imperial Bank of Commerce,Verint Systems
Q1916402,Q3884,1,Pearson plc,Amazon
Q124668353,Q26049,1,Surgery Partners,Aetna
Q193199,Q214346,1,UBS,Viacom
Q174198,Q5969568,1,Gartner,ICG Group
Q1542175,Q768773,1,Mitsubishi UFJ Financial Group,MSCI
Q166621,Q768773,1,Mizuho Financial Group,MSCI
Q3067064,Q544847,1,Sociedad Química y Minera de Chile,Qualcomm
Q35476,Q407237,1,AT&T,Air France-KLM
Q407237,Q544847,1,Air France-KLM,Qualcomm
Q193199,Q950380,1,UBS,CBS Corporation
Q1472929,Q27963938,1,"Nasdaq, Inc.",Long Blockchain Corp.
Q1472929,Q6049324,1,"Nasdaq, Inc.",International Coal Group
Q2749364,Q5451274,1,Fortinet,FireEye
Q152433,Q192314,1,Xerox,JPMorgan Chase
Q152433,Q372657,1,Xerox,Credit Suisse
Q37156,Q507154,1,IBM,Novartis
Q188920,Q301965,1,Delta Air Lines,Sprint Corporation
Q1472929,Q19865761,1,"Nasdaq, Inc.","Ventas, Inc."
Q1472929,Q5374115,1,"Nasdaq, Inc.",Empire Resorts
Q19865761,Q5374115,1,"Ventas, Inc.",Empire Resorts
Q219508,Q333718,1,Citigroup,Johnson & Johnson
Q1129792,Q41187,1,The Cooper Companies,Sony Group
Q533415,Q7156755,1,Best Buy,Payless ShoeSource
Q5479360,Q5532704,1,"Macy's, Inc.",Genesco
Q5532704,Q7156755,1,Genesco,Payless ShoeSource
Q1129792,Q266423,1,The Cooper Companies,Bristol-Myers Squibb
Q1129792,Q731938,1,The Cooper Companies,AstraZeneca
Q188920,Q206921,1,Delta Air Lines,Pfizer
Q188920,Q248,1,Delta Air Lines,Intel
Q188920,Q3067064,1,Delta Air Lines,Sociedad Química y Minera de Chile
Q188920,Q35476,1,Delta Air Lines,AT&T
Q188920,Q544847,1,Delta Air Lines,Qualcomm
Q206921,Q3067064,1,Pfizer,Sociedad Química y Minera de Chile
Q206921,Q407237,1,Pfizer,Air France-KLM
Q206921,Q544847,1,Pfizer,Qualcomm
Q248,Q3067064,1,Intel,Sociedad Química y Minera de Chile
Q248,Q407237,1,Intel,Air France-KLM
Q3067064,Q407237,1,Sociedad Química y Minera de Chile,Air France-KLM
Q1472929,Q458363,1,"Nasdaq, Inc.",Marathon Petroleum
Q15831130,Q5275978,1,Infoblox,Digital River
Q20708193,Q4856439,1,Live Oak Bank,Bankrate
Q1472929,Q7308000,1,"Nasdaq, Inc.",Regency Centers
Q26989,Q2837996,1,Infosys,Alliance Data
Q212235,Q502132,1,American International Group,Leidos
Q1046951,Q533415,1,Target Corporation,Best Buy
Q1046951,Q5532704,1,Target Corporation,Genesco
Q483551,Q483915,1,Walmart,Nike
Q483551,Q533415,1,Walmart,Best Buy
Q483551,Q5532704,1,Walmart,Genesco
Q483551,Q7156755,1,Walmart,Payless ShoeSource
Q483915,Q533415,1,Nike,Best Buy
Q483915,Q5532704,1,Nike,Genesco
Q533415,Q5479360,1,Best Buy,"Macy's, Inc."
Q533415,Q5532704,1,Best Buy,Genesco
Q5099817,Q733482,1,China Nepstar,GoPro
Q1113804,Q18636367,1,Comcast,Extreme Reach
Q3884,Q96095585,1,Amazon,Pinterest Inc.
Q109680037,Q5452773,1,Franchise Group,First Commonwealth Bank
Q5013012,Q6723256,1,CMS Energy,Macerich
Q1046951,Q7638158,1,Target Corporation,Sunrun
Q41187,Q53268,1,Sony Group,Toyota
Q1472929,Q7201095,1,"Nasdaq, Inc.",Planet Fitness
Q483551,Q570473,1,Walmart,McKesson Corporation
Q20486917,Q612714,1,Welltower,Sunrise Senior Living
Q27893,Q5452773,1,ArcelorMittal,First Commonwealth Bank
Q5439999,Q5452773,1,Federal Agricultural Mortgage Corporation,First Commonwealth Bank
Q193326,Q26678,1,Goldman Sachs,BMW Group
Q15109916,Q47500199,1,Otelco,Aurora Cannabis
Q66,Q8085893,1,Boeing,Expedia Group
Q1472929,Q16988318,1,"Nasdaq, Inc.",Clean Diesel Technologies
Q127690442,Q8178679,1,First Financial Bancorp,MainSource Bank
Q1630431,Q3518066,1,HCA Corporation,Tenet Healthcare
Q1194832,Q624798,1,Toronto-Dominion Bank,Canadian National Railway
Q247489,Q899010,1,Merck & Co.,Mylan
Q193199,Q552581,1,UBS,SAP
Q19873469,Q552581,1,Bio-Techne,SAP
Q2529982,Q7414,1,The New York Times Company,The Walt Disney Company
Q2162158,Q502344,1,BOK Financial Corporation,Lear Corporation
Q1419248,Q930919,1,FirstEnergy,Public Service Enterprise Group
Q35476,Q53268,1,AT&T,Toyota
Q35476,Q7695732,1,AT&T,Telenav
Q53268,Q7695732,1,Toyota,Telenav
Q157062,Q5139058,1,Unilever,Coca-Cola Bottling Co. Consolidated
Q1516410,Q24525746,1,Suncor Energy,BCE Inc.
Q1046951,Q733482,1,Target Corporation,GoPro
Q483551,Q733482,1,Walmart,GoPro
Q1049080,Q5424656,1,Juniper Networks,FBR Capital Markets
Q108770716,Q5424656,1,Samsara,FBR Capital Markets
Q219635,Q2207629,1,BlackRock,SPX Corporation
Q1325987,Q7713699,1,Tyson Foods,The Andersons
Q293796,Q63327,1,Aimco,Airbnb
Q5184408,Q6049324,1,Crescent Point Energy,International Coal Group
Q108770716,Q122141,1,Samsara,Vodafone
Q122141,Q19900,1,Vodafone,Oracle Corporation
Q122141,Q19923099,1,Vodafone,Hewlett Packard Enterprise
Q122141,Q37156,1,Vodafone,IBM
Q1391599,Q1472929,1,Mercer,"Nasdaq, Inc."
Q152433,Q5985017,1,Xerox,Icahn Enterprises
Q1472929,Q7319192,1,"Nasdaq, Inc.",Rex Energy
Q934853,Q95,1,Motorola Mobility,Google
Q1915079,Q5023914,1,McDermott International,Calpine
Q5023914,Q5095516,1,Calpine,Chicago Bridge & Iron Company
Q1472929,Q41187,1,"Nasdaq, Inc.",Sony Group
Q1472929,Q8093,1,"Nasdaq, Inc.",Nintendo
Q3511946,Q41187,1,T. Rowe Price,Sony Group
Q3511946,Q8093,1,T. Rowe Price,Nintendo
Q1044059,Q451476,1,Carnival Corporation & plc,Scotiabank
Q1472929,Q7196294,1,"Nasdaq, Inc.",Pinnacle Financial Partners
Q193326,Q7663801,1,Goldman Sachs,Global Industrial Company
Q1129117,Q947718,1,Tupperware,Reynolds American
Q16985829,Q947718,1,Tupperware Brands,Reynolds American
Q1129792,Q6782872,1,The Cooper Companies,Masco
Q6782872,Q95,1,Masco,Google
Q1472929,Q16956471,1,"Nasdaq, Inc.",Cenveo
Q170614,Q688687,1,Ryanair,Encana
Q1472929,Q5629392,1,"Nasdaq, Inc.",Home Depot Supply
Q1066858,Q4929570,1,Tiffany & Co.,Blue Nile Inc.
Q1049080,Q108770716,1,Juniper Networks,Samsara
Q1023765,Q518016,1,CIT Group,Unisys
Q1023765,Q632694,1,CIT Group,Archer Daniels Midland
Q1023765,Q7889101,1,CIT Group,United Rentals
Q219635,Q744149,1,BlackRock,Wells Fargo
Q1056637,Q130326112,1,The Hershey Company,Kellogg’s
Q1056637,Q3295867,1,The Hershey Company,The Coca-Cola Company
Q193326,Q22909236,1,Goldman Sachs,Instacart
Q108770716,Q7512309,1,Samsara,Sigma Designs
Q1472929,Q7512309,1,"Nasdaq, Inc.",Sigma Designs
Q3403513,Q7955609,1,Principal Financial Group,WSFS Bank
Q109680037,Q7304530,1,Franchise Group,Red Lion Hotels Corporation
Q259011,Q95,1,Motorola,Google
Q19681433,Q629998,1,Kraft Heinz,General Mills
Q478214,Q5421507,1,Tesla,Exponent
Q1194832,Q688725,1,Toronto-Dominion Bank,Teck Resources
Q1472929,Q3511946,1,"Nasdaq, Inc.",T. Rowe Price
Q1046951,Q835370,1,Target Corporation,Yamana Gold
Q130318284,Q1624295,1,Q130318284,Knoll
Q130318284,Q1715931,1,Q130318284,Tech Data
Q53268,Q5421507,1,Toyota,Exponent
Q15109925,Q483551,1,Tractor Supply Company,Walmart
Q2529982,Q4856439,1,The New York Times Company,Bankrate
Q1023765,Q1046951,1,CIT Group,Target Corporation
Q1023765,Q130318284,1,CIT Group,Q130318284
Q1023765,Q1624295,1,CIT Group,Knoll
Q1023765,Q1715931,1,CIT Group,Tech Data
Q1023765,Q1785405,1,CIT Group,Newmont Mining Corporation
Q1023765,Q19903490,1,CIT Group,Navient
Q1023765,Q29469208,1,CIT Group,Simpson Manufacturing Company
Q1023765,Q33127130,1,CIT Group,TrueBlue
Q1023765,Q467238,1,CIT Group,American Water Works
Q1023765,Q4732492,1,CIT Group,Alliant Energy
Q1624295,Q19903490,1,Knoll,Navient
Q1624295,Q20183163,1,Knoll,Union Pacific Corporation
Q1624295,Q29469208,1,Knoll,Simpson Manufacturing Company
Q1023765,Q835370,1,CIT Group,Yamana Gold
Q1046951,Q130318284,1,Target Corporation,Q130318284
Q1046951,Q1624295,1,Target Corporation,Knoll
Q1046951,Q1715931,1,Target Corporation,Tech Data
Q1046951,Q1785405,1,Target Corporation,Newmont Mining Corporation
Q1046951,Q19903490,1,Target Corporation,Navient
Q1046951,Q20183163,1,Target Corporation,Union Pacific Corporation
Q1046951,Q29469208,1,Target Corporation,Simpson Manufacturing Company
Q1046951,Q33127130,1,Target Corporation,TrueBlue
Q1046951,Q467238,1,Target Corporation,American Water Works
Q1046951,Q4732492,1,Target Corporation,Alliant Energy
Q1046951,Q518016,1,Target Corporation,Unisys
Q1046951,Q7889101,1,Target Corporation,United Rentals
Q1715931,Q4732492,1,Tech Data,Alliant Energy
Q1715931,Q518016,1,Tech Data,Unisys
Q1715931,Q632694,1,Tech Data,Archer Daniels Midland
Q130318284,Q1785405,1,Q130318284,Newmont Mining Corporation
Q130318284,Q19903490,1,Q130318284,Navient
Q130318284,Q20183163,1,Q130318284,Union Pacific Corporation
Q130318284,Q29469208,1,Q130318284,Simpson Manufacturing Company
Q130318284,Q33127130,1,Q130318284,TrueBlue
Q130318284,Q467238,1,Q130318284,American Water Works
Q130318284,Q4732492,1,Q130318284,Alliant Energy
Q130318284,Q518016,1,Q130318284,Unisys
Q130318284,Q632694,1,Q130318284,Archer Daniels Midland
Q130318284,Q7889101,1,Q130318284,United Rentals
Q130318284,Q835370,1,Q130318284,Yamana Gold
Q1624295,Q1715931,1,Knoll,Tech Data
Q1624295,Q1785405,1,Knoll,Newmont Mining Corporation
Q19903490,Q29469208,1,Navient,Simpson Manufacturing Company
Q19903490,Q33127130,1,Navient,TrueBlue
Q19903490,Q467238,1,Navient,American Water Works
Q1624295,Q33127130,1,Knoll,TrueBlue
Q1624295,Q467238,1,Knoll,American Water Works
Q1624295,Q4732492,1,Knoll,Alliant Energy
Q1624295,Q518016,1,Knoll,Unisys
Q1624295,Q632694,1,Knoll,Archer Daniels Midland
Q1624295,Q7889101,1,Knoll,United Rentals
Q1624295,Q835370,1,Knoll,Yamana Gold
Q1715931,Q1785405,1,Tech Data,Newmont Mining Corporation
Q1715931,Q19903490,1,Tech Data,Navient
Q1715931,Q20183163,1,Tech Data,Union Pacific Corporation
Q1715931,Q29469208,1,Tech Data,Simpson Manufacturing Company
Q1715931,Q33127130,1,Tech Data,TrueBlue
Q1715931,Q467238,1,Tech Data,American Water Works
Q29469208,Q33127130,1,Simpson Manufacturing Company,TrueBlue
Q29469208,Q467238,1,Simpson Manufacturing Company,American Water Works
Q29469208,Q4732492,1,Simpson Manufacturing Company,Alliant Energy
Q1715931,Q7889101,1,Tech Data,United Rentals
Q1715931,Q835370,1,Tech Data,Yamana Gold
Q1785405,Q19903490,1,Newmont Mining Corporation,Navient
Q1785405,Q20183163,1,Newmont Mining Corporation,Union Pacific Corporation
Q1785405,Q29469208,1,Newmont Mining Corporation,Simpson Manufacturing Company
Q1785405,Q33127130,1,Newmont Mining Corporation,TrueBlue
Q1785405,Q467238,1,Newmont Mining Corporation,American Water Works
Q1785405,Q4732492,1,Newmont Mining Corporation,Alliant Energy
Q1785405,Q518016,1,Newmont Mining Corporation,Unisys
Q1785405,Q632694,1,Newmont Mining Corporation,Archer Daniels Midland
Q1785405,Q7889101,1,Newmont Mining Corporation,United Rentals
Q1785405,Q835370,1,Newmont Mining Corporation,Yamana Gold
Q19903490,Q20183163,1,Navient,Union Pacific Corporation
Q467238,Q7889101,1,American Water Works,United Rentals
Q467238,Q835370,1,American Water Works,Yamana Gold
Q4732492,Q518016,1,Alliant Energy,Unisys
Q19903490,Q4732492,1,Navient,Alliant Energy
Q19903490,Q518016,1,Navient,Unisys
Q19903490,Q632694,1,Navient,Archer Daniels Midland
Q19903490,Q7889101,1,Navient,United Rentals
Q19903490,Q835370,1,Navient,Yamana Gold
Q20183163,Q29469208,1,Union Pacific Corporation,Simpson Manufacturing Company
Q20183163,Q33127130,1,Union Pacific Corporation,TrueBlue
Q20183163,Q467238,1,Union Pacific Corporation,American Water Works
Q20183163,Q4732492,1,Union Pacific Corporation,Alliant Energy
Q20183163,Q518016,1,Union Pacific Corporation,Unisys
Q20183163,Q632694,1,Union Pacific Corporation,Archer Daniels Midland
Q20183163,Q7889101,1,Union Pacific Corporation,United Rentals
Q20183163,Q835370,1,Union Pacific Corporation,Yamana Gold
Q188920,Q620875,1,Delta Air Lines,Goodyear Tire and Rubber Company
Q334204,Q620875,1,Morgan Stanley,Goodyear Tire and Rubber Company
Q2283,Q4972280,1,Microsoft,Broadridge Financial Solutions
Q29469208,Q518016,1,Simpson Manufacturing Company,Unisys
Q29469208,Q632694,1,Simpson Manufacturing Company,Archer Daniels Midland
Q29469208,Q7889101,1,Simpson Manufacturing Company,United Rentals
Q29469208,Q835370,1,Simpson Manufacturing Company,Yamana Gold
Q33127130,Q467238,1,TrueBlue,American Water Works
Q33127130,Q4732492,1,TrueBlue,Alliant Energy
Q33127130,Q518016,1,TrueBlue,Unisys
Q33127130,Q632694,1,TrueBlue,Archer Daniels Midland
Q33127130,Q7889101,1,TrueBlue,United Rentals
Q33127130,Q835370,1,TrueBlue,Yamana Gold
Q467238,Q4732492,1,American Water Works,Alliant Energy
Q467238,Q518016,1,American Water Works,Unisys
Q467238,Q632694,1,American Water Works,Archer Daniels Midland
Q2006989,Q20873932,1,YPF,Grab
Q2006989,Q333718,1,YPF,Johnson & Johnson
Q2006989,Q583268,1,YPF,Vale
Q4732492,Q632694,1,Alliant Energy,Archer Daniels Midland
Q4732492,Q7889101,1,Alliant Energy,United Rentals
Q4732492,Q835370,1,Alliant Energy,Yamana Gold
Q518016,Q632694,1,Unisys,Archer Daniels Midland
Q518016,Q7889101,1,Unisys,United Rentals
Q518016,Q835370,1,Unisys,Yamana Gold
Q632694,Q7889101,1,Archer Daniels Midland,United Rentals
Q632694,Q835370,1,Archer Daniels Midland,Yamana Gold
Q7889101,Q835370,1,United Rentals,Yamana Gold
Q1825763,Q188920,1,Lincoln National Corporation,Delta Air Lines
Q1825763,Q334204,1,Lincoln National Corporation,Morgan Stanley
Q1825763,Q620875,1,Lincoln National Corporation,Goodyear Tire and Rubber Company
Q188920,Q334204,1,Delta Air Lines,Morgan Stanley
Q106158,Q324616,1,S&P Global Ratings,Ingram Micro
Q1049080,Q193326,1,Juniper Networks,Goldman Sachs
Q1049080,Q372657,1,Juniper Networks,Credit Suisse
Q4972280,Q95,1,Broadridge Financial Solutions,Google
Q116452644,Q26049,1,"Netflix, Inc.",Aetna
Q116452644,Q624375,1,"Netflix, Inc.",CVS Health
Q108770716,Q155026,1,Samsara,United Parcel Service
Q731938,Q905049,1,AstraZeneca,Shire plc
Q1472929,Q18169198,1,"Nasdaq, Inc.",Qorvo
Q105557,Q1389504,1,Embraer,"Morningstar, Inc."
Q1389504,Q66,1,"Morningstar, Inc.",Boeing
Q502940,Q518016,1,General Dynamics,Unisys
Q17086972,Q37156,1,Huron Consulting Group,IBM
Q1470619,Q3884,1,Parker Hannifin,Amazon
Q1470619,Q48872,1,Parker Hannifin,Eaton Corporation
Q3884,Q48872,1,Amazon,Eaton Corporation
Q2659099,Q7045708,1,Noble Energy,Noble Corporation
Q333718,Q4854759,1,Johnson & Johnson,Bandwidth.com
Q1359568,Q248,1,Alibaba Group,Intel
Q2006989,Q842947,1,YPF,Celgene
Q2006989,Q98525405,1,YPF,Vista Oil & Gas
Q20873932,Q333718,1,Grab,Johnson & Johnson
Q20873932,Q583268,1,Grab,Vale
Q20873932,Q842947,1,Grab,Celgene
Q20873932,Q98525405,1,Grab,Vista Oil & Gas
Q333718,Q583268,1,Johnson & Johnson,Vale
Q333718,Q842947,1,Johnson & Johnson,Celgene
Q333718,Q98525405,1,Johnson & Johnson,Vista Oil & Gas
Q583268,Q842947,1,Vale,Celgene
Q583268,Q98525405,1,Vale,Vista Oil & Gas
Q842947,Q98525405,1,Celgene,Vista Oil & Gas
Q1472929,Q23781052,1,"Nasdaq, Inc.",Dentsply Sirona
Q66048,Q7934906,1,Deutsche Bank,Virtu Financial
Q16997126,Q663596,1,Intercept Pharmaceuticals,Gilead Sciences
Q1944412,Q3403513,1,MoneyGram,Principal Financial Group
Q193326,Q464996,1,Goldman Sachs,Nortel
Q2283,Q464996,1,Microsoft,Nortel
Q372657,Q464996,1,Credit Suisse,Nortel
Q1472929,Q632240,1,"Nasdaq, Inc.",Eli Lilly and Company
Q17143144,Q5123314,1,PacWest Bancorp,City National Bank
Q1359568,Q15589464,1,Alibaba Group,Dropbox Inc.
Q1023876,Q3067064,1,CME Group,Sociedad Química y Minera de Chile
Q1023876,Q333718,1,CME Group,Johnson & Johnson
Q3067064,Q333718,1,Sociedad Química y Minera de Chile,Johnson & Johnson
Q483637,Q5533818,1,Anadarko Petroleum,Genuine Parts Company
Q16829606,Q451476,1,Cimarex Energy,Scotiabank
Q2594130,Q5152510,1,Worthington Industries,Commercial Metals Company
Q105557,Q2837996,1,Embraer,Alliance Data
Q2274089,Q7742790,1,Wynn Resorts,The J.M. Smucker Company
Q1472929,Q4749580,1,"Nasdaq, Inc.",Amyris
Q192314,Q607131,1,JPMorgan Chase,MetLife
Q6049324,Q95,1,International Coal Group,Google
Q1359568,Q791285,1,Alibaba Group,Avon Products Inc.
Q248,Q791285,1,Intel,Avon Products Inc.
Q470156,Q53268,1,Cencora,Toyota
Q334204,Q7727445,1,Morgan Stanley,The Container Store
Q1411295,Q522617,1,Fidelity National Information Services,Invesco
Q1411295,Q7309325,1,Fidelity National Information Services,Regis Corporation
Q522617,Q7309325,1,Invesco,Regis Corporation
Q4972280,Q54173,1,Broadridge Financial Solutions,General Electric
Q4972280,Q81230,1,Broadridge Financial Solutions,Siemens
Q372657,Q931032,1,Credit Suisse,Kinder Morgan
Q4687934,Q54173,1,AerCap,General Electric
Q37158,Q744149,1,Starbucks,Wells Fargo
Q122141,Q44294,1,Vodafone,Ford Motor Company
Q44294,Q571779,1,Ford Motor Company,Liberty Global
Q1472929,Q1921579,1,"Nasdaq, Inc.",Meredith Corporation
Q3884,Q967265,1,Amazon,Kohl's
Q29739,Q3403513,1,International,Principal Financial Group
Q24908086,Q4906978,1,Washington Prime Group,Biglari Holdings Inc.
Q24908086,Q868587,1,Washington Prime Group,S&P Global
Q4906978,Q868587,1,Biglari Holdings Inc.,S&P Global
Q1472929,Q675585,1,"Nasdaq, Inc.",Moody's Corporation
Q2283,Q675585,1,Microsoft,Moody's Corporation
Q2283,Q910866,1,Microsoft,Humana
Q248,Q675585,1,Intel,Moody's Corporation
Q248,Q910866,1,Intel,Humana
Q312,Q910866,1,Apple Inc.,Humana
Q483551,Q675585,1,Walmart,Moody's Corporation
Q675585,Q910866,1,Moody's Corporation,Humana
Q333718,Q334204,1,Johnson & Johnson,Morgan Stanley
Q333718,Q3884,1,Johnson & Johnson,Amazon
Q105099852,Q193199,1,Seritage Growth Properties,UBS
Q334800,Q44294,1,PepsiCo,Ford Motor Company
Q123616697,Q219508,1,Camden National Corporation,Citigroup
Q123616697,Q63327,1,Camden National Corporation,Airbnb
Q219508,Q63327,1,Citigroup,Airbnb
Q152433,Q194360,1,Xerox,American Express
Q152433,Q80978,1,Xerox,Hewlett-Packard
Q194360,Q35476,1,American Express,AT&T
Q194360,Q80978,1,American Express,Hewlett-Packard
Q1123366,Q29739,1,Con-way,International
Q1655409,Q29739,1,Iamgold,International
Q1073306,Q193326,1,China Life Insurance Company,Goldman Sachs
Q1114148,Q1129792,1,Comerica,The Cooper Companies
Q1113804,Q44294,1,Comcast,Ford Motor Company
Q518016,Q744149,1,Unisys,Wells Fargo
Q13218598,Q19923099,1,NatWest Group,Hewlett Packard Enterprise
Q13218598,Q206921,1,NatWest Group,Pfizer
Q13218598,Q675585,1,NatWest Group,Moody's Corporation
Q1418,Q248,1,Nokia,Intel
Q2124539,Q4653724,1,RR Donnelley,ARIAD Pharmaceuticals
Q25796,Q5427196,1,AGL Resources,FTI Consulting
Q25796,Q96371983,1,AGL Resources,Amplify Energy
Q5427196,Q96371983,1,FTI Consulting,Amplify Energy
Q219508,Q5122694,1,Citigroup,Citizens Financial Group
Q219508,Q715583,1,Citigroup,Costco
Q5122694,Q715583,1,Citizens Financial Group,Costco
Q1423218,Q14647,1,Sunoco,Sun Microsystems
Q212405,Q609466,1,Procter & Gamble,Colgate-Palmolive
Q609466,Q744149,1,Colgate-Palmolive,Wells Fargo
Q1472929,Q17147182,1,"Nasdaq, Inc.",Zynex
Q334204,Q941127,1,Morgan Stanley,Salesforce
Q8074786,Q81230,1,Zscaler,Siemens
Q8074786,Q941127,1,Zscaler,Salesforce
Q81230,Q941127,1,Siemens,Salesforce
Q14662364,Q266423,1,AbbVie,Bristol-Myers Squibb
Q38076,Q44294,1,McDonald's,Ford Motor Company
Q1046951,Q1342041,1,Target Corporation,Lam Research
Q1046951,Q1472929,1,Target Corporation,"Nasdaq, Inc."
Q1046951,Q193326,1,Target Corporation,Goldman Sachs
Q1342041,Q1472929,1,Lam Research,"Nasdaq, Inc."
Q17551096,Q2297063,1,Keysight Technologies,Trimble
Q644289,Q950380,1,Altice USA,CBS Corporation
Q950380,Q977627,1,CBS Corporation,Starz Inc.
Q619111,Q637440,1,Apollo Group,Lazard
Q1104787,Q744149,1,Coty,Wells Fargo
Q502132,Q7240,1,Leidos,Lockheed Martin
Q1472929,Q210047,1,"Nasdaq, Inc.",Petrobras
Q1472929,Q7070498,1,"Nasdaq, Inc.",Nutrisystem
Q210047,Q7070498,1,Petrobras,Nutrisystem
Q1374135,Q739518,1,Prudential plc,Aon plc
Q190464,Q739518,1,HSBC,Aon plc
Q29739,Q5375543,1,International,Encore Capital Group
Q1472929,Q7695737,1,"Nasdaq, Inc.",TTEC
Q11407,Q15589464,1,VMware,Dropbox Inc.
Q15589464,Q877536,1,Dropbox Inc.,Dell EMC
Q1472929,Q5357940,1,"Nasdaq, Inc.",Electro Scientific Industries
Q1472929,Q16993862,1,"Nasdaq, Inc.",FuelCell Energy
Q48872,Q5377000,1,Eaton Corporation,Energy Transfer
Q1472929,Q941127,1,"Nasdaq, Inc.",Salesforce
Q15589464,Q334204,1,Dropbox Inc.,Morgan Stanley
Q15589464,Q81230,1,Dropbox Inc.,Siemens
Q15589464,Q941127,1,Dropbox Inc.,Salesforce
Q14662364,Q333718,1,AbbVie,Johnson & Johnson
Q14662364,Q632240,1,AbbVie,Eli Lilly and Company
Q1915049,Q22674043,1,McCormick & Company,Compass Diversified
Q19893981,Q48872,1,Milacron,Eaton Corporation
Q19893981,Q582418,1,Milacron,ITT Corporation
Q48872,Q582418,1,Eaton Corporation,ITT Corporation
Q1075788,Q5278020,1,Choice Hotels,Dine Brands Global
Q1075788,Q621532,1,Choice Hotels,Applebee's
Q2901365,Q312,1,Mobileye,Apple Inc.
Q2031726,Q7336661,1,Westpac,Ritchie Bros. Auctioneers
Q2837996,Q784022,1,Alliance Data,Renren
Q1024454,Q26678,1,CSX Corporation,BMW Group
Q1024454,Q7627777,1,CSX Corporation,Student Transportation Inc.
Q1024454,Q81965,1,CSX Corporation,General Motors
Q20183163,Q26678,1,Union Pacific Corporation,BMW Group
Q1418,Q26678,1,Nokia,BMW Group
Q20183163,Q7627777,1,Union Pacific Corporation,Student Transportation Inc.
Q20858163,Q26678,1,Norfolk Southern Corporation,BMW Group
Q20858163,Q7627777,1,Norfolk Southern Corporation,Student Transportation Inc.
Q20858163,Q81965,1,Norfolk Southern Corporation,General Motors
Q26678,Q7627777,1,BMW Group,Student Transportation Inc.
Q7627777,Q81965,1,Student Transportation Inc.,General Motors
Q372657,Q7098806,1,Credit Suisse,Optical Cable Corporation
Q5019738,Q868587,1,Calgon Carbon,S&P Global
Q3312613,Q675585,1,Midas,Moody's Corporation
Q731938,Q7449804,1,AstraZeneca,Sempra
Q116452644,Q645708,1,"Netflix, Inc.",ING Group
Q21196367,Q5177980,1,Black Stone Minerals,Coupa
Q128896,Q156644,1,AMD,Raytheon
Q128896,Q877536,1,AMD,Dell EMC
Q156644,Q877536,1,Raytheon,Dell EMC
Q2207629,Q804353,1,SPX Corporation,Baker Hughes
Q1472929,Q18619272,1,"Nasdaq, Inc.",Greenhill & Co.
Q1472929,Q20714950,1,"Nasdaq, Inc.",Primoris Services Corporation
Q1472929,Q8003525,1,"Nasdaq, Inc.",Willbros Group
Q18619272,Q20714950,1,Greenhill & Co.,Primoris Services Corporation
Q18619272,Q8003525,1,Greenhill & Co.,Willbros Group
Q135683211,Q1359568,1,PayPal Holdings,Alibaba Group
Q1472929,Q7360089,1,"Nasdaq, Inc.","Roku, Inc."
Q193326,Q7934906,1,Goldman Sachs,Virtu Financial
Q219508,Q7934906,1,Citigroup,Virtu Financial
Q1541470,Q193326,1,GPA,Goldman Sachs
Q1541470,Q483551,1,GPA,Walmart
Q2874395,Q95205133,1,Avis Budget Group,Hertz Global Holdings
Q1570773,Q4789079,1,Kohlberg Kravis Roberts,Ares Management
Q4789079,Q619121,1,Ares Management,Apollo Global Management
Q4789079,Q880942,1,Ares Management,Blackstone Group
Q4789079,Q926806,1,Ares Management,Carlyle Group
Q17131128,Q5013012,1,Rockwell Medical Inc.,CMS Energy
Q24525746,Q334204,1,BCE Inc.,Morgan Stanley
Q17145596,Q212322,1,Tesco Corporation,GSK
Q212322,Q245343,1,GSK,Barclays plc
Q3319685,Q7989598,1,Molson Coors Brewing Company,Westport Innovations
Q2283,Q4929570,1,Microsoft,Blue Nile Inc.
Q4778915,Q56280964,1,Cloudflare,Floor & Decor
Q217583,Q744149,1,Berkshire Hathaway,Wells Fargo
Q182477,Q544847,1,Nvidia,Qualcomm
Q1944412,Q66048,1,MoneyGram,Deutsche Bank
Q1129792,Q135325,1,The Cooper Companies,Alcoa
Q478214,Q487907,1,Tesla,Bank of America
Q17080510,Q2091479,1,Mattersight Corporation,Nice Ltd
Q688687,Q880942,1,Encana,Blackstone Group
Q552581,Q7712716,1,SAP,The Advisory Board Company
Q16980281,Q4914611,1,Haemonetics,BioCryst Pharmaceuticals
Q60269744,Q950380,1,Spotify Technology,CBS Corporation
Q165684,Q334204,1,Rogers Communications,Morgan Stanley
Q1152374,Q16959310,1,GE HealthCare,CST Brands
Q16959310,Q643674,1,CST Brands,Thermo Fisher Scientific
Q2114414,Q735261,1,Prudential Financial,Royal Bank of Canada
Q1511043,Q27893,1,Gerdau,ArcelorMittal
Q193326,Q66,1,Goldman Sachs,Boeing
Q219508,Q66,1,Citigroup,Boeing
Q1472929,Q16997523,1,"Nasdaq, Inc.",J2 Global
Q1472929,Q5255025,1,"Nasdaq, Inc.",Leaf Group
Q16997523,Q5255025,1,J2 Global,Leaf Group
Q22909604,Q26049,1,"Valhi, Inc.",Aetna
Q22909604,Q632240,1,"Valhi, Inc.",Eli Lilly and Company
Q26049,Q632240,1,Aetna,Eli Lilly and Company
Q1653258,Q26989,1,ICICI Bank,Infosys
Q1653258,Q3958138,1,ICICI Bank,Vedanta Limited
